market id,market symbol,market name,trade quantity,trade price,date/time [utc]
658010,LIV-EX100.NOV08,Value of Liv-Ex 100 Fine Wine Index for Nov 08 (published 02 Dec 08),4,210.0,Nov/15/2008 21:26:57
658010,LIV-EX100.NOV08,Value of Liv-Ex 100 Fine Wine Index for Nov 08 (published 02 Dec 08),1,200.0,Nov/16/2008 18:52:58
658010,LIV-EX100.NOV08,Value of Liv-Ex 100 Fine Wine Index for Nov 08 (published 02 Dec 08),4,200.0,Nov/19/2008 15:28:32
658010,LIV-EX100.NOV08,Value of Liv-Ex 100 Fine Wine Index for Nov 08 (published 02 Dec 08),2,198.0,Nov/21/2008 16:10:37
658010,LIV-EX100.NOV08,Value of Liv-Ex 100 Fine Wine Index for Nov 08 (published 02 Dec 08),10,195.0,Nov/21/2008 16:10:37
