market id,market symbol,market name,trade quantity,trade price,date/time [utc]
658011,LIV-EX100.DEC08,Value of Liv-Ex 100 Fine Wine Index for Dec 08 (published 06 Jan 09),5,198.0,Nov/16/2008 18:52:09
658011,LIV-EX100.DEC08,Value of Liv-Ex 100 Fine Wine Index for Dec 08 (published 06 Jan 09),3,199.0,Nov/18/2008 12:44:39
658011,LIV-EX100.DEC08,Value of Liv-Ex 100 Fine Wine Index for Dec 08 (published 06 Jan 09),1,193.0,Nov/18/2008 15:24:38
658011,LIV-EX100.DEC08,Value of Liv-Ex 100 Fine Wine Index for Dec 08 (published 06 Jan 09),2,193.0,Nov/20/2008 22:37:58
658011,LIV-EX100.DEC08,Value of Liv-Ex 100 Fine Wine Index for Dec 08 (published 06 Jan 09),3,208.0,Dec/11/2008 00:09:40
