market id,market symbol,market name,trade quantity,trade price,date/time [utc]
658012,LIV-EX100.JAN09,Value of Liv-Ex 100 Fine Wine Index for Jan 09 (published 03 Feb 09),1,214.0,Nov/14/2008 19:39:45
658012,LIV-EX100.JAN09,Value of Liv-Ex 100 Fine Wine Index for Jan 09 (published 03 Feb 09),4,203.0,Nov/15/2008 02:13:38
658012,LIV-EX100.JAN09,Value of Liv-Ex 100 Fine Wine Index for Jan 09 (published 03 Feb 09),5,203.0,Nov/16/2008 02:45:37
658012,LIV-EX100.JAN09,Value of Liv-Ex 100 Fine Wine Index for Jan 09 (published 03 Feb 09),1,200.0,Nov/17/2008 16:24:11
658012,LIV-EX100.JAN09,Value of Liv-Ex 100 Fine Wine Index for Jan 09 (published 03 Feb 09),2,200.0,Nov/17/2008 16:25:19
658012,LIV-EX100.JAN09,Value of Liv-Ex 100 Fine Wine Index for Jan 09 (published 03 Feb 09),1,194.0,Dec/10/2008 23:51:08
