market id,market symbol,market name,trade quantity,trade price,date/time [utc]
696374,AIRTANKERS.OTHER,US Air Force to award contract for new aerial refuelling tankers to any other company or companies,2,10.0,Mar/20/2010 20:01:33
696374,AIRTANKERS.OTHER,US Air Force to award contract for new aerial refuelling tankers to any other company or companies,1,10.0,Mar/20/2010 20:05:29
696374,AIRTANKERS.OTHER,US Air Force to award contract for new aerial refuelling tankers to any other company or companies,3,0.1,Jun/04/2010 19:27:42
696374,AIRTANKERS.OTHER,US Air Force to award contract for new aerial refuelling tankers to any other company or companies,3,1.9,Aug/05/2010 22:13:33
