market id,market symbol,market name,trade quantity,trade price,date/time [utc]
286922,FIDE.05.MOROZEVICH,GM Alexander Morozevich  to Win,5,5.0,Sep/21/2005 21:15:48
286922,FIDE.05.MOROZEVICH,GM Alexander Morozevich  to Win,50,5.0,Sep/25/2005 11:30:45
286922,FIDE.05.MOROZEVICH,GM Alexander Morozevich  to Win,27,4.7,Sep/26/2005 18:12:08
286922,FIDE.05.MOROZEVICH,GM Alexander Morozevich  to Win,1,4.7,Sep/26/2005 19:12:57
286922,FIDE.05.MOROZEVICH,GM Alexander Morozevich  to Win,10,3.6,Sep/28/2005 13:04:26
286922,FIDE.05.MOROZEVICH,GM Alexander Morozevich  to Win,30,3.5,Oct/02/2005 03:02:24
286922,FIDE.05.MOROZEVICH,GM Alexander Morozevich  to Win,10,2.0,Oct/02/2005 11:36:09
286922,FIDE.05.MOROZEVICH,GM Alexander Morozevich  to Win,1,0.2,Oct/13/2005 07:08:56
