market id,market symbol,market name,trade quantity,trade price,date/time [utc]
286919,FIDE.05.SVIDLER,GM Peter Svidler  to Win,5,6.0,Sep/21/2005 21:16:45
286919,FIDE.05.SVIDLER,GM Peter Svidler  to Win,50,6.0,Sep/22/2005 04:13:09
286919,FIDE.05.SVIDLER,GM Peter Svidler  to Win,45,6.0,Sep/23/2005 02:50:57
286919,FIDE.05.SVIDLER,GM Peter Svidler  to Win,1,5.0,Sep/27/2005 18:02:53
286919,FIDE.05.SVIDLER,GM Peter Svidler  to Win,19,4.0,Sep/29/2005 11:32:16
286919,FIDE.05.SVIDLER,GM Peter Svidler  to Win,17,17.0,Oct/02/2005 21:50:34
286919,FIDE.05.SVIDLER,GM Peter Svidler  to Win,12,17.0,Oct/03/2005 05:19:14
286919,FIDE.05.SVIDLER,GM Peter Svidler  to Win,4,9.0,Oct/04/2005 21:04:00
286919,FIDE.05.SVIDLER,GM Peter Svidler  to Win,50,6.0,Oct/05/2005 04:47:35
