market id,market symbol,market name,trade quantity,trade price,date/time [utc]
720040,GTA.JUN2010.>0.50,Global Temperature Anomaly for Jun 2010 to be greater than 0.50 Degrees C,5,55.0,Apr/23/2010 17:23:01
720040,GTA.JUN2010.>0.50,Global Temperature Anomaly for Jun 2010 to be greater than 0.50 Degrees C,5,60.0,May/15/2010 13:06:13
720040,GTA.JUN2010.>0.50,Global Temperature Anomaly for Jun 2010 to be greater than 0.50 Degrees C,6,57.0,May/21/2010 03:19:10
720040,GTA.JUN2010.>0.50,Global Temperature Anomaly for Jun 2010 to be greater than 0.50 Degrees C,2,57.0,May/21/2010 07:40:33
720040,GTA.JUN2010.>0.50,Global Temperature Anomaly for Jun 2010 to be greater than 0.50 Degrees C,18,99.3,Jul/09/2010 19:11:09
