market id,market symbol,market name,business day,session open,session high,session low,closing price,open interest,session trade volume,lifetime high,lifetime low
630839,HIRST.DREAM.+?3.25M,The Dream to fetch more than ?3.25M at auction Sep 15-16 2008,2008-08-07,0.0,0.0,0.0,0.0,0,0,0.0,0.0
630839,HIRST.DREAM.+?3.25M,The Dream to fetch more than ?3.25M at auction Sep 15-16 2008,2008-08-08,0.0,0.0,0.0,0.0,0,0,0.0,0.0
630839,HIRST.DREAM.+?3.25M,The Dream to fetch more than ?3.25M at auction Sep 15-16 2008,2008-08-09,0.0,0.0,0.0,0.0,0,0,0.0,0.0
630839,HIRST.DREAM.+?3.25M,The Dream to fetch more than ?3.25M at auction Sep 15-16 2008,2008-08-10,0.0,0.0,0.0,0.0,0,0,0.0,0.0
630839,HIRST.DREAM.+?3.25M,The Dream to fetch more than ?3.25M at auction Sep 15-16 2008,2008-08-11,0.0,0.0,0.0,0.0,0,0,0.0,0.0
630839,HIRST.DREAM.+?3.25M,The Dream to fetch more than ?3.25M at auction Sep 15-16 2008,2008-08-12,0.0,0.0,0.0,0.0,0,0,0.0,0.0
630839,HIRST.DREAM.+?3.25M,The Dream to fetch more than ?3.25M at auction Sep 15-16 2008,2008-08-13,0.0,0.0,0.0,0.0,0,0,0.0,0.0
630839,HIRST.DREAM.+?3.25M,The Dream to fetch more than ?3.25M at auction Sep 15-16 2008,2008-08-14,0.0,0.0,0.0,0.0,0,0,0.0,0.0
630839,HIRST.DREAM.+?3.25M,The Dream to fetch more than ?3.25M at auction Sep 15-16 2008,2008-08-15,0.0,0.0,0.0,0.0,0,0,0.0,0.0
630839,HIRST.DREAM.+?3.25M,The Dream to fetch more than ?3.25M at auction Sep 15-16 2008,2008-08-16,0.0,0.0,0.0,0.0,0,0,0.0,0.0
630839,HIRST.DREAM.+?3.25M,The Dream to fetch more than ?3.25M at auction Sep 15-16 2008,2008-08-17,0.0,0.0,0.0,0.0,0,0,0.0,0.0
630839,HIRST.DREAM.+?3.25M,The Dream to fetch more than ?3.25M at auction Sep 15-16 2008,2008-08-18,0.0,0.0,0.0,0.0,0,0,0.0,0.0
630839,HIRST.DREAM.+?3.25M,The Dream to fetch more than ?3.25M at auction Sep 15-16 2008,2008-08-19,0.0,0.0,0.0,0.0,0,0,0.0,0.0
630839,HIRST.DREAM.+?3.25M,The Dream to fetch more than ?3.25M at auction Sep 15-16 2008,2008-08-20,0.0,0.0,0.0,0.0,0,0,0.0,0.0
630839,HIRST.DREAM.+?3.25M,The Dream to fetch more than ?3.25M at auction Sep 15-16 2008,2008-08-21,0.0,0.0,0.0,0.0,0,0,0.0,0.0
630839,HIRST.DREAM.+?3.25M,The Dream to fetch more than ?3.25M at auction Sep 15-16 2008,2008-08-22,0.0,0.0,0.0,0.0,0,0,0.0,0.0
630839,HIRST.DREAM.+?3.25M,The Dream to fetch more than ?3.25M at auction Sep 15-16 2008,2008-08-23,0.0,0.0,0.0,0.0,0,0,0.0,0.0
630839,HIRST.DREAM.+?3.25M,The Dream to fetch more than ?3.25M at auction Sep 15-16 2008,2008-08-24,0.0,0.0,0.0,0.0,0,0,0.0,0.0
630839,HIRST.DREAM.+?3.25M,The Dream to fetch more than ?3.25M at auction Sep 15-16 2008,2008-08-25,0.0,0.0,0.0,0.0,0,0,0.0,0.0
630839,HIRST.DREAM.+?3.25M,The Dream to fetch more than ?3.25M at auction Sep 15-16 2008,2008-08-26,0.0,0.0,0.0,0.0,0,0,0.0,0.0
630839,HIRST.DREAM.+?3.25M,The Dream to fetch more than ?3.25M at auction Sep 15-16 2008,2008-08-27,0.0,0.0,0.0,0.0,0,0,0.0,0.0
630839,HIRST.DREAM.+?3.25M,The Dream to fetch more than ?3.25M at auction Sep 15-16 2008,2008-08-28,0.0,0.0,0.0,0.0,0,0,0.0,0.0
630839,HIRST.DREAM.+?3.25M,The Dream to fetch more than ?3.25M at auction Sep 15-16 2008,2008-08-29,0.0,0.0,0.0,0.0,0,0,0.0,0.0
630839,HIRST.DREAM.+?3.25M,The Dream to fetch more than ?3.25M at auction Sep 15-16 2008,2008-08-30,0.0,0.0,0.0,0.0,0,0,0.0,0.0
630839,HIRST.DREAM.+?3.25M,The Dream to fetch more than ?3.25M at auction Sep 15-16 2008,2008-08-31,0.0,0.0,0.0,0.0,0,0,0.0,0.0
630839,HIRST.DREAM.+?3.25M,The Dream to fetch more than ?3.25M at auction Sep 15-16 2008,2008-09-01,0.0,0.0,0.0,0.0,0,0,0.0,0.0
630839,HIRST.DREAM.+?3.25M,The Dream to fetch more than ?3.25M at auction Sep 15-16 2008,2008-09-02,0.0,0.0,0.0,0.0,0,0,0.0,0.0
630839,HIRST.DREAM.+?3.25M,The Dream to fetch more than ?3.25M at auction Sep 15-16 2008,2008-09-03,0.0,0.0,0.0,0.0,0,0,0.0,0.0
630839,HIRST.DREAM.+?3.25M,The Dream to fetch more than ?3.25M at auction Sep 15-16 2008,2008-09-04,0.0,0.0,0.0,0.0,0,0,0.0,0.0
630839,HIRST.DREAM.+?3.25M,The Dream to fetch more than ?3.25M at auction Sep 15-16 2008,2008-09-05,0.0,0.0,0.0,0.0,0,0,0.0,0.0
630839,HIRST.DREAM.+?3.25M,The Dream to fetch more than ?3.25M at auction Sep 15-16 2008,2008-09-06,0.0,0.0,0.0,0.0,0,0,0.0,0.0
630839,HIRST.DREAM.+?3.25M,The Dream to fetch more than ?3.25M at auction Sep 15-16 2008,2008-09-07,0.0,0.0,0.0,0.0,0,0,0.0,0.0
630839,HIRST.DREAM.+?3.25M,The Dream to fetch more than ?3.25M at auction Sep 15-16 2008,2008-09-08,0.0,0.0,0.0,0.0,0,0,0.0,0.0
630839,HIRST.DREAM.+?3.25M,The Dream to fetch more than ?3.25M at auction Sep 15-16 2008,2008-09-09,0.0,0.0,0.0,0.0,0,0,0.0,0.0
630839,HIRST.DREAM.+?3.25M,The Dream to fetch more than ?3.25M at auction Sep 15-16 2008,2008-09-10,0.0,0.0,0.0,0.0,0,0,0.0,0.0
630839,HIRST.DREAM.+?3.25M,The Dream to fetch more than ?3.25M at auction Sep 15-16 2008,2008-09-11,0.0,0.0,0.0,0.0,0,0,0.0,0.0
630839,HIRST.DREAM.+?3.25M,The Dream to fetch more than ?3.25M at auction Sep 15-16 2008,2008-09-12,0.0,0.0,0.0,0.0,0,0,0.0,0.0
630839,HIRST.DREAM.+?3.25M,The Dream to fetch more than ?3.25M at auction Sep 15-16 2008,2008-09-13,0.0,0.0,0.0,0.0,0,0,0.0,0.0
630839,HIRST.DREAM.+?3.25M,The Dream to fetch more than ?3.25M at auction Sep 15-16 2008,2008-09-14,0.0,0.0,0.0,0.0,0,0,0.0,0.0
630839,HIRST.DREAM.+?3.25M,The Dream to fetch more than ?3.25M at auction Sep 15-16 2008,2008-09-15,0.0,0.0,0.0,0.0,0,0,0.0,0.0
630839,HIRST.DREAM.+?3.25M,The Dream to fetch more than ?3.25M at auction Sep 15-16 2008,2008-09-16,0.0,0.0,0.0,0.0,0,0,0.0,0.0
