market id,market symbol,market name,business day,session open,session high,session low,closing price,open interest,session trade volume,lifetime high,lifetime low
743677,GTA.NOV2011.>0.65,Global Temperature Anomaly for Nov 2011 to be greater than 0.65 Degrees C,2010-11-18,0.0,0.0,0.0,0.0,0,0,0.0,0.0
743677,GTA.NOV2011.>0.65,Global Temperature Anomaly for Nov 2011 to be greater than 0.65 Degrees C,2010-11-19,0.0,0.0,0.0,0.0,0,0,0.0,0.0
743677,GTA.NOV2011.>0.65,Global Temperature Anomaly for Nov 2011 to be greater than 0.65 Degrees C,2010-11-20,0.0,0.0,0.0,0.0,0,0,0.0,0.0
743677,GTA.NOV2011.>0.65,Global Temperature Anomaly for Nov 2011 to be greater than 0.65 Degrees C,2010-11-21,0.0,0.0,0.0,0.0,0,0,0.0,0.0
743677,GTA.NOV2011.>0.65,Global Temperature Anomaly for Nov 2011 to be greater than 0.65 Degrees C,2010-11-22,0.0,0.0,0.0,0.0,0,0,0.0,0.0
743677,GTA.NOV2011.>0.65,Global Temperature Anomaly for Nov 2011 to be greater than 0.65 Degrees C,2010-11-23,,,,,0,0,,
743677,GTA.NOV2011.>0.65,Global Temperature Anomaly for Nov 2011 to be greater than 0.65 Degrees C,2010-11-24,,,,,0,0,,
743677,GTA.NOV2011.>0.65,Global Temperature Anomaly for Nov 2011 to be greater than 0.65 Degrees C,2010-11-25,,,,,0,0,,
743677,GTA.NOV2011.>0.65,Global Temperature Anomaly for Nov 2011 to be greater than 0.65 Degrees C,2010-11-26,,,,,0,0,,
743677,GTA.NOV2011.>0.65,Global Temperature Anomaly for Nov 2011 to be greater than 0.65 Degrees C,2010-11-27,,,,,0,0,,
743677,GTA.NOV2011.>0.65,Global Temperature Anomaly for Nov 2011 to be greater than 0.65 Degrees C,2010-11-28,,,,,0,0,,
743677,GTA.NOV2011.>0.65,Global Temperature Anomaly for Nov 2011 to be greater than 0.65 Degrees C,2010-11-29,,,,,0,0,,
743677,GTA.NOV2011.>0.65,Global Temperature Anomaly for Nov 2011 to be greater than 0.65 Degrees C,2010-11-30,,,,,0,0,,
743677,GTA.NOV2011.>0.65,Global Temperature Anomaly for Nov 2011 to be greater than 0.65 Degrees C,2010-12-01,,,,,0,0,,
743677,GTA.NOV2011.>0.65,Global Temperature Anomaly for Nov 2011 to be greater than 0.65 Degrees C,2010-12-02,,,,,0,0,,
743677,GTA.NOV2011.>0.65,Global Temperature Anomaly for Nov 2011 to be greater than 0.65 Degrees C,2010-12-03,,,,,0,0,,
743677,GTA.NOV2011.>0.65,Global Temperature Anomaly for Nov 2011 to be greater than 0.65 Degrees C,2010-12-04,,,,,0,0,,
743677,GTA.NOV2011.>0.65,Global Temperature Anomaly for Nov 2011 to be greater than 0.65 Degrees C,2010-12-05,,,,,0,0,,
743677,GTA.NOV2011.>0.65,Global Temperature Anomaly for Nov 2011 to be greater than 0.65 Degrees C,2010-12-06,,,,,0,0,,
743677,GTA.NOV2011.>0.65,Global Temperature Anomaly for Nov 2011 to be greater than 0.65 Degrees C,2010-12-07,,,,,0,0,,
743677,GTA.NOV2011.>0.65,Global Temperature Anomaly for Nov 2011 to be greater than 0.65 Degrees C,2010-12-08,,,,,0,0,,
743677,GTA.NOV2011.>0.65,Global Temperature Anomaly for Nov 2011 to be greater than 0.65 Degrees C,2010-12-09,,,,,0,0,,
743677,GTA.NOV2011.>0.65,Global Temperature Anomaly for Nov 2011 to be greater than 0.65 Degrees C,2010-12-10,,,,,0,0,,
743677,GTA.NOV2011.>0.65,Global Temperature Anomaly for Nov 2011 to be greater than 0.65 Degrees C,2010-12-11,,,,,0,0,,
743677,GTA.NOV2011.>0.65,Global Temperature Anomaly for Nov 2011 to be greater than 0.65 Degrees C,2010-12-12,,,,,0,0,,
743677,GTA.NOV2011.>0.65,Global Temperature Anomaly for Nov 2011 to be greater than 0.65 Degrees C,2010-12-13,,,,,0,0,,
743677,GTA.NOV2011.>0.65,Global Temperature Anomaly for Nov 2011 to be greater than 0.65 Degrees C,2010-12-14,,,,,0,0,,
743677,GTA.NOV2011.>0.65,Global Temperature Anomaly for Nov 2011 to be greater than 0.65 Degrees C,2010-12-15,,,,,0,0,,
743677,GTA.NOV2011.>0.65,Global Temperature Anomaly for Nov 2011 to be greater than 0.65 Degrees C,2010-12-16,,,,,0,0,,
743677,GTA.NOV2011.>0.65,Global Temperature Anomaly for Nov 2011 to be greater than 0.65 Degrees C,2010-12-17,,,,,0,0,,
743677,GTA.NOV2011.>0.65,Global Temperature Anomaly for Nov 2011 to be greater than 0.65 Degrees C,2010-12-18,,,,,0,0,,
743677,GTA.NOV2011.>0.65,Global Temperature Anomaly for Nov 2011 to be greater than 0.65 Degrees C,2010-12-19,,,,,0,0,,
743677,GTA.NOV2011.>0.65,Global Temperature Anomaly for Nov 2011 to be greater than 0.65 Degrees C,2010-12-20,,,,,0,0,,
743677,GTA.NOV2011.>0.65,Global Temperature Anomaly for Nov 2011 to be greater than 0.65 Degrees C,2010-12-21,,,,,0,0,,
743677,GTA.NOV2011.>0.65,Global Temperature Anomaly for Nov 2011 to be greater than 0.65 Degrees C,2010-12-22,,,,,0,0,,
743677,GTA.NOV2011.>0.65,Global Temperature Anomaly for Nov 2011 to be greater than 0.65 Degrees C,2010-12-23,45.0,45.0,45.0,45.0,1,1,45.0,45.0
743677,GTA.NOV2011.>0.65,Global Temperature Anomaly for Nov 2011 to be greater than 0.65 Degrees C,2010-12-24,,,,45.0,1,0,45.0,45.0
743677,GTA.NOV2011.>0.65,Global Temperature Anomaly for Nov 2011 to be greater than 0.65 Degrees C,2010-12-25,,,,45.0,1,0,45.0,45.0
743677,GTA.NOV2011.>0.65,Global Temperature Anomaly for Nov 2011 to be greater than 0.65 Degrees C,2010-12-26,,,,45.0,1,0,45.0,45.0
743677,GTA.NOV2011.>0.65,Global Temperature Anomaly for Nov 2011 to be greater than 0.65 Degrees C,2010-12-27,0.0,0.0,0.0,45.0,1,0,45.0,45.0
743677,GTA.NOV2011.>0.65,Global Temperature Anomaly for Nov 2011 to be greater than 0.65 Degrees C,2010-12-28,0.0,0.0,0.0,45.0,1,0,45.0,45.0
743677,GTA.NOV2011.>0.65,Global Temperature Anomaly for Nov 2011 to be greater than 0.65 Degrees C,2010-12-29,0.0,0.0,0.0,45.0,1,0,45.0,45.0
743677,GTA.NOV2011.>0.65,Global Temperature Anomaly for Nov 2011 to be greater than 0.65 Degrees C,2010-12-30,0.0,0.0,0.0,45.0,1,0,45.0,45.0
743677,GTA.NOV2011.>0.65,Global Temperature Anomaly for Nov 2011 to be greater than 0.65 Degrees C,2010-12-31,0.0,0.0,0.0,45.0,1,0,45.0,45.0
743677,GTA.NOV2011.>0.65,Global Temperature Anomaly for Nov 2011 to be greater than 0.65 Degrees C,2011-01-01,0.0,0.0,0.0,45.0,1,0,45.0,45.0
743677,GTA.NOV2011.>0.65,Global Temperature Anomaly for Nov 2011 to be greater than 0.65 Degrees C,2011-01-02,0.0,0.0,0.0,45.0,1,0,45.0,45.0
743677,GTA.NOV2011.>0.65,Global Temperature Anomaly for Nov 2011 to be greater than 0.65 Degrees C,2011-01-03,0.0,0.0,0.0,45.0,1,0,45.0,45.0
743677,GTA.NOV2011.>0.65,Global Temperature Anomaly for Nov 2011 to be greater than 0.65 Degrees C,2011-01-04,50.0,50.0,50.0,50.0,2,1,50.0,45.0
743677,GTA.NOV2011.>0.65,Global Temperature Anomaly for Nov 2011 to be greater than 0.65 Degrees C,2011-01-05,0.0,0.0,0.0,50.0,2,0,50.0,45.0
743677,GTA.NOV2011.>0.65,Global Temperature Anomaly for Nov 2011 to be greater than 0.65 Degrees C,2011-01-06,45.0,45.0,45.0,45.0,13,11,50.0,45.0
743677,GTA.NOV2011.>0.65,Global Temperature Anomaly for Nov 2011 to be greater than 0.65 Degrees C,2011-01-07,0.0,0.0,0.0,45.0,13,0,50.0,45.0
743677,GTA.NOV2011.>0.65,Global Temperature Anomaly for Nov 2011 to be greater than 0.65 Degrees C,2011-01-08,0.0,0.0,0.0,45.0,13,0,50.0,45.0
743677,GTA.NOV2011.>0.65,Global Temperature Anomaly for Nov 2011 to be greater than 0.65 Degrees C,2011-01-09,0.0,0.0,0.0,45.0,13,0,50.0,45.0
743677,GTA.NOV2011.>0.65,Global Temperature Anomaly for Nov 2011 to be greater than 0.65 Degrees C,2011-01-10,0.0,0.0,0.0,45.0,13,0,50.0,45.0
743677,GTA.NOV2011.>0.65,Global Temperature Anomaly for Nov 2011 to be greater than 0.65 Degrees C,2011-01-11,0.0,0.0,0.0,45.0,13,0,50.0,45.0
743677,GTA.NOV2011.>0.65,Global Temperature Anomaly for Nov 2011 to be greater than 0.65 Degrees C,2011-01-12,0.0,0.0,0.0,45.0,13,0,50.0,45.0
743677,GTA.NOV2011.>0.65,Global Temperature Anomaly for Nov 2011 to be greater than 0.65 Degrees C,2011-01-13,0.0,0.0,0.0,45.0,13,0,50.0,45.0
743677,GTA.NOV2011.>0.65,Global Temperature Anomaly for Nov 2011 to be greater than 0.65 Degrees C,2011-01-14,0.0,0.0,0.0,45.0,13,0,50.0,45.0
743677,GTA.NOV2011.>0.65,Global Temperature Anomaly for Nov 2011 to be greater than 0.65 Degrees C,2011-01-15,0.0,0.0,0.0,45.0,13,0,50.0,45.0
743677,GTA.NOV2011.>0.65,Global Temperature Anomaly for Nov 2011 to be greater than 0.65 Degrees C,2011-01-16,0.0,0.0,0.0,45.0,13,0,50.0,45.0
743677,GTA.NOV2011.>0.65,Global Temperature Anomaly for Nov 2011 to be greater than 0.65 Degrees C,2011-01-17,0.0,0.0,0.0,45.0,13,0,50.0,45.0
743677,GTA.NOV2011.>0.65,Global Temperature Anomaly for Nov 2011 to be greater than 0.65 Degrees C,2011-01-18,0.0,0.0,0.0,45.0,13,0,50.0,45.0
743677,GTA.NOV2011.>0.65,Global Temperature Anomaly for Nov 2011 to be greater than 0.65 Degrees C,2011-01-19,0.0,0.0,0.0,45.0,13,0,50.0,45.0
743677,GTA.NOV2011.>0.65,Global Temperature Anomaly for Nov 2011 to be greater than 0.65 Degrees C,2011-01-20,0.0,0.0,0.0,45.0,13,0,50.0,45.0
743677,GTA.NOV2011.>0.65,Global Temperature Anomaly for Nov 2011 to be greater than 0.65 Degrees C,2011-01-21,0.0,0.0,0.0,45.0,13,0,50.0,45.0
743677,GTA.NOV2011.>0.65,Global Temperature Anomaly for Nov 2011 to be greater than 0.65 Degrees C,2011-01-22,0.0,0.0,0.0,45.0,13,0,50.0,45.0
743677,GTA.NOV2011.>0.65,Global Temperature Anomaly for Nov 2011 to be greater than 0.65 Degrees C,2011-01-23,0.0,0.0,0.0,45.0,13,0,50.0,45.0
743677,GTA.NOV2011.>0.65,Global Temperature Anomaly for Nov 2011 to be greater than 0.65 Degrees C,2011-01-24,0.0,0.0,0.0,45.0,13,0,50.0,45.0
743677,GTA.NOV2011.>0.65,Global Temperature Anomaly for Nov 2011 to be greater than 0.65 Degrees C,2011-01-25,0.0,0.0,0.0,45.0,13,0,50.0,45.0
743677,GTA.NOV2011.>0.65,Global Temperature Anomaly for Nov 2011 to be greater than 0.65 Degrees C,2011-01-26,0.0,0.0,0.0,45.0,13,0,50.0,45.0
743677,GTA.NOV2011.>0.65,Global Temperature Anomaly for Nov 2011 to be greater than 0.65 Degrees C,2011-01-27,0.0,0.0,0.0,45.0,13,0,50.0,45.0
743677,GTA.NOV2011.>0.65,Global Temperature Anomaly for Nov 2011 to be greater than 0.65 Degrees C,2011-01-28,0.0,0.0,0.0,45.0,13,0,50.0,45.0
743677,GTA.NOV2011.>0.65,Global Temperature Anomaly for Nov 2011 to be greater than 0.65 Degrees C,2011-01-29,0.0,0.0,0.0,45.0,13,0,50.0,45.0
743677,GTA.NOV2011.>0.65,Global Temperature Anomaly for Nov 2011 to be greater than 0.65 Degrees C,2011-01-30,40.1,40.1,40.1,40.1,13,1,50.0,40.1
743677,GTA.NOV2011.>0.65,Global Temperature Anomaly for Nov 2011 to be greater than 0.65 Degrees C,2011-01-31,0.0,0.0,0.0,40.1,13,0,50.0,40.1
743677,GTA.NOV2011.>0.65,Global Temperature Anomaly for Nov 2011 to be greater than 0.65 Degrees C,2011-02-01,0.0,0.0,0.0,40.1,13,0,50.0,40.1
743677,GTA.NOV2011.>0.65,Global Temperature Anomaly for Nov 2011 to be greater than 0.65 Degrees C,2011-02-02,0.0,0.0,0.0,40.1,13,0,50.0,40.1
743677,GTA.NOV2011.>0.65,Global Temperature Anomaly for Nov 2011 to be greater than 0.65 Degrees C,2011-02-03,0.0,0.0,0.0,40.1,13,0,50.0,40.1
743677,GTA.NOV2011.>0.65,Global Temperature Anomaly for Nov 2011 to be greater than 0.65 Degrees C,2011-02-04,0.0,0.0,0.0,40.1,13,0,50.0,40.1
743677,GTA.NOV2011.>0.65,Global Temperature Anomaly for Nov 2011 to be greater than 0.65 Degrees C,2011-02-05,0.0,0.0,0.0,40.1,13,0,50.0,40.1
743677,GTA.NOV2011.>0.65,Global Temperature Anomaly for Nov 2011 to be greater than 0.65 Degrees C,2011-02-06,0.0,0.0,0.0,40.1,13,0,50.0,40.1
743677,GTA.NOV2011.>0.65,Global Temperature Anomaly for Nov 2011 to be greater than 0.65 Degrees C,2011-02-07,0.0,0.0,0.0,40.1,13,0,50.0,40.1
743677,GTA.NOV2011.>0.65,Global Temperature Anomaly for Nov 2011 to be greater than 0.65 Degrees C,2011-02-08,0.0,0.0,0.0,40.1,13,0,50.0,40.1
743677,GTA.NOV2011.>0.65,Global Temperature Anomaly for Nov 2011 to be greater than 0.65 Degrees C,2011-02-09,0.0,0.0,0.0,40.1,13,0,50.0,40.1
743677,GTA.NOV2011.>0.65,Global Temperature Anomaly for Nov 2011 to be greater than 0.65 Degrees C,2011-02-10,0.0,0.0,0.0,40.1,13,0,50.0,40.1
743677,GTA.NOV2011.>0.65,Global Temperature Anomaly for Nov 2011 to be greater than 0.65 Degrees C,2011-02-11,0.0,0.0,0.0,40.1,13,0,50.0,40.1
743677,GTA.NOV2011.>0.65,Global Temperature Anomaly for Nov 2011 to be greater than 0.65 Degrees C,2011-02-12,0.0,0.0,0.0,40.1,13,0,50.0,40.1
743677,GTA.NOV2011.>0.65,Global Temperature Anomaly for Nov 2011 to be greater than 0.65 Degrees C,2011-02-13,0.0,0.0,0.0,40.1,13,0,50.0,40.1
743677,GTA.NOV2011.>0.65,Global Temperature Anomaly for Nov 2011 to be greater than 0.65 Degrees C,2011-02-14,0.0,0.0,0.0,40.1,13,0,50.0,40.1
743677,GTA.NOV2011.>0.65,Global Temperature Anomaly for Nov 2011 to be greater than 0.65 Degrees C,2011-02-15,40.5,40.5,40.5,40.5,13,11,50.0,40.1
743677,GTA.NOV2011.>0.65,Global Temperature Anomaly for Nov 2011 to be greater than 0.65 Degrees C,2011-02-16,0.0,0.0,0.0,40.5,13,0,50.0,40.1
743677,GTA.NOV2011.>0.65,Global Temperature Anomaly for Nov 2011 to be greater than 0.65 Degrees C,2011-02-17,0.0,0.0,0.0,40.5,13,0,50.0,40.1
743677,GTA.NOV2011.>0.65,Global Temperature Anomaly for Nov 2011 to be greater than 0.65 Degrees C,2011-02-18,0.0,0.0,0.0,40.5,13,0,50.0,40.1
743677,GTA.NOV2011.>0.65,Global Temperature Anomaly for Nov 2011 to be greater than 0.65 Degrees C,2011-02-19,0.0,0.0,0.0,40.5,13,0,50.0,40.1
743677,GTA.NOV2011.>0.65,Global Temperature Anomaly for Nov 2011 to be greater than 0.65 Degrees C,2011-02-20,0.0,0.0,0.0,40.5,13,0,50.0,40.1
743677,GTA.NOV2011.>0.65,Global Temperature Anomaly for Nov 2011 to be greater than 0.65 Degrees C,2011-02-21,45.0,45.0,45.0,45.0,13,1,50.0,40.1
743677,GTA.NOV2011.>0.65,Global Temperature Anomaly for Nov 2011 to be greater than 0.65 Degrees C,2011-02-22,0.0,0.0,0.0,45.0,13,0,50.0,40.1
743677,GTA.NOV2011.>0.65,Global Temperature Anomaly for Nov 2011 to be greater than 0.65 Degrees C,2011-02-23,0.0,0.0,0.0,45.0,13,0,50.0,40.1
743677,GTA.NOV2011.>0.65,Global Temperature Anomaly for Nov 2011 to be greater than 0.65 Degrees C,2011-02-24,0.0,0.0,0.0,45.0,13,0,50.0,40.1
743677,GTA.NOV2011.>0.65,Global Temperature Anomaly for Nov 2011 to be greater than 0.65 Degrees C,2011-02-25,0.0,0.0,0.0,45.0,13,0,50.0,40.1
743677,GTA.NOV2011.>0.65,Global Temperature Anomaly for Nov 2011 to be greater than 0.65 Degrees C,2011-02-26,0.0,0.0,0.0,45.0,13,0,50.0,40.1
743677,GTA.NOV2011.>0.65,Global Temperature Anomaly for Nov 2011 to be greater than 0.65 Degrees C,2011-02-27,0.0,0.0,0.0,45.0,13,0,50.0,40.1
743677,GTA.NOV2011.>0.65,Global Temperature Anomaly for Nov 2011 to be greater than 0.65 Degrees C,2011-02-28,0.0,0.0,0.0,45.0,13,0,50.0,40.1
743677,GTA.NOV2011.>0.65,Global Temperature Anomaly for Nov 2011 to be greater than 0.65 Degrees C,2011-03-01,0.0,0.0,0.0,45.0,13,0,50.0,40.1
743677,GTA.NOV2011.>0.65,Global Temperature Anomaly for Nov 2011 to be greater than 0.65 Degrees C,2011-03-02,0.0,0.0,0.0,45.0,13,0,50.0,40.1
743677,GTA.NOV2011.>0.65,Global Temperature Anomaly for Nov 2011 to be greater than 0.65 Degrees C,2011-03-03,0.0,0.0,0.0,45.0,13,0,50.0,40.1
743677,GTA.NOV2011.>0.65,Global Temperature Anomaly for Nov 2011 to be greater than 0.65 Degrees C,2011-03-04,0.0,0.0,0.0,45.0,13,0,50.0,40.1
743677,GTA.NOV2011.>0.65,Global Temperature Anomaly for Nov 2011 to be greater than 0.65 Degrees C,2011-03-05,0.0,0.0,0.0,45.0,13,0,50.0,40.1
743677,GTA.NOV2011.>0.65,Global Temperature Anomaly for Nov 2011 to be greater than 0.65 Degrees C,2011-03-06,37.0,40.0,37.0,37.0,25,13,50.0,37.0
743677,GTA.NOV2011.>0.65,Global Temperature Anomaly for Nov 2011 to be greater than 0.65 Degrees C,2011-03-07,0.0,0.0,0.0,37.0,25,0,50.0,37.0
743677,GTA.NOV2011.>0.65,Global Temperature Anomaly for Nov 2011 to be greater than 0.65 Degrees C,2011-03-08,0.0,0.0,0.0,37.0,25,0,50.0,37.0
743677,GTA.NOV2011.>0.65,Global Temperature Anomaly for Nov 2011 to be greater than 0.65 Degrees C,2011-03-09,0.0,0.0,0.0,37.0,25,0,50.0,37.0
743677,GTA.NOV2011.>0.65,Global Temperature Anomaly for Nov 2011 to be greater than 0.65 Degrees C,2011-03-10,0.0,0.0,0.0,37.0,25,0,50.0,37.0
743677,GTA.NOV2011.>0.65,Global Temperature Anomaly for Nov 2011 to be greater than 0.65 Degrees C,2011-03-11,0.0,0.0,0.0,37.0,25,0,50.0,37.0
743677,GTA.NOV2011.>0.65,Global Temperature Anomaly for Nov 2011 to be greater than 0.65 Degrees C,2011-03-12,0.0,0.0,0.0,37.0,25,0,50.0,37.0
743677,GTA.NOV2011.>0.65,Global Temperature Anomaly for Nov 2011 to be greater than 0.65 Degrees C,2011-03-13,0.0,0.0,0.0,37.0,25,0,50.0,37.0
743677,GTA.NOV2011.>0.65,Global Temperature Anomaly for Nov 2011 to be greater than 0.65 Degrees C,2011-03-14,0.0,0.0,0.0,37.0,25,0,50.0,37.0
743677,GTA.NOV2011.>0.65,Global Temperature Anomaly for Nov 2011 to be greater than 0.65 Degrees C,2011-03-15,0.0,0.0,0.0,37.0,25,0,50.0,37.0
743677,GTA.NOV2011.>0.65,Global Temperature Anomaly for Nov 2011 to be greater than 0.65 Degrees C,2011-03-16,0.0,0.0,0.0,37.0,25,0,50.0,37.0
743677,GTA.NOV2011.>0.65,Global Temperature Anomaly for Nov 2011 to be greater than 0.65 Degrees C,2011-03-17,0.0,0.0,0.0,37.0,25,0,50.0,37.0
743677,GTA.NOV2011.>0.65,Global Temperature Anomaly for Nov 2011 to be greater than 0.65 Degrees C,2011-03-18,0.0,0.0,0.0,37.0,25,0,50.0,37.0
743677,GTA.NOV2011.>0.65,Global Temperature Anomaly for Nov 2011 to be greater than 0.65 Degrees C,2011-03-19,0.0,0.0,0.0,37.0,25,0,50.0,37.0
743677,GTA.NOV2011.>0.65,Global Temperature Anomaly for Nov 2011 to be greater than 0.65 Degrees C,2011-03-20,0.0,0.0,0.0,37.0,25,0,50.0,37.0
743677,GTA.NOV2011.>0.65,Global Temperature Anomaly for Nov 2011 to be greater than 0.65 Degrees C,2011-03-21,0.0,0.0,0.0,37.0,25,0,50.0,37.0
743677,GTA.NOV2011.>0.65,Global Temperature Anomaly for Nov 2011 to be greater than 0.65 Degrees C,2011-03-22,0.0,0.0,0.0,37.0,25,0,50.0,37.0
743677,GTA.NOV2011.>0.65,Global Temperature Anomaly for Nov 2011 to be greater than 0.65 Degrees C,2011-03-23,0.0,0.0,0.0,37.0,25,0,50.0,37.0
743677,GTA.NOV2011.>0.65,Global Temperature Anomaly for Nov 2011 to be greater than 0.65 Degrees C,2011-03-24,0.0,0.0,0.0,37.0,25,0,50.0,37.0
743677,GTA.NOV2011.>0.65,Global Temperature Anomaly for Nov 2011 to be greater than 0.65 Degrees C,2011-03-25,0.0,0.0,0.0,37.0,25,0,50.0,37.0
743677,GTA.NOV2011.>0.65,Global Temperature Anomaly for Nov 2011 to be greater than 0.65 Degrees C,2011-03-26,0.0,0.0,0.0,37.0,25,0,50.0,37.0
743677,GTA.NOV2011.>0.65,Global Temperature Anomaly for Nov 2011 to be greater than 0.65 Degrees C,2011-03-27,0.0,0.0,0.0,37.0,25,0,50.0,37.0
743677,GTA.NOV2011.>0.65,Global Temperature Anomaly for Nov 2011 to be greater than 0.65 Degrees C,2011-03-28,0.0,0.0,0.0,37.0,25,0,50.0,37.0
743677,GTA.NOV2011.>0.65,Global Temperature Anomaly for Nov 2011 to be greater than 0.65 Degrees C,2011-03-29,0.0,0.0,0.0,37.0,25,0,50.0,37.0
743677,GTA.NOV2011.>0.65,Global Temperature Anomaly for Nov 2011 to be greater than 0.65 Degrees C,2011-03-30,0.0,0.0,0.0,37.0,25,0,50.0,37.0
743677,GTA.NOV2011.>0.65,Global Temperature Anomaly for Nov 2011 to be greater than 0.65 Degrees C,2011-03-31,0.0,0.0,0.0,37.0,25,0,50.0,37.0
743677,GTA.NOV2011.>0.65,Global Temperature Anomaly for Nov 2011 to be greater than 0.65 Degrees C,2011-04-01,0.0,0.0,0.0,37.0,25,0,50.0,37.0
743677,GTA.NOV2011.>0.65,Global Temperature Anomaly for Nov 2011 to be greater than 0.65 Degrees C,2011-04-02,0.0,0.0,0.0,37.0,25,0,50.0,37.0
743677,GTA.NOV2011.>0.65,Global Temperature Anomaly for Nov 2011 to be greater than 0.65 Degrees C,2011-04-03,0.0,0.0,0.0,37.0,25,0,50.0,37.0
743677,GTA.NOV2011.>0.65,Global Temperature Anomaly for Nov 2011 to be greater than 0.65 Degrees C,2011-04-04,0.0,0.0,0.0,37.0,25,0,50.0,37.0
743677,GTA.NOV2011.>0.65,Global Temperature Anomaly for Nov 2011 to be greater than 0.65 Degrees C,2011-04-05,0.0,0.0,0.0,37.0,25,0,50.0,37.0
743677,GTA.NOV2011.>0.65,Global Temperature Anomaly for Nov 2011 to be greater than 0.65 Degrees C,2011-04-06,0.0,0.0,0.0,37.0,25,0,50.0,37.0
743677,GTA.NOV2011.>0.65,Global Temperature Anomaly for Nov 2011 to be greater than 0.65 Degrees C,2011-04-07,0.0,0.0,0.0,37.0,25,0,50.0,37.0
743677,GTA.NOV2011.>0.65,Global Temperature Anomaly for Nov 2011 to be greater than 0.65 Degrees C,2011-04-08,0.0,0.0,0.0,37.0,25,0,50.0,37.0
743677,GTA.NOV2011.>0.65,Global Temperature Anomaly for Nov 2011 to be greater than 0.65 Degrees C,2011-04-09,0.0,0.0,0.0,37.0,25,0,50.0,37.0
743677,GTA.NOV2011.>0.65,Global Temperature Anomaly for Nov 2011 to be greater than 0.65 Degrees C,2011-04-10,0.0,0.0,0.0,37.0,25,0,50.0,37.0
743677,GTA.NOV2011.>0.65,Global Temperature Anomaly for Nov 2011 to be greater than 0.65 Degrees C,2011-04-11,0.0,0.0,0.0,37.0,25,0,50.0,37.0
743677,GTA.NOV2011.>0.65,Global Temperature Anomaly for Nov 2011 to be greater than 0.65 Degrees C,2011-04-12,0.0,0.0,0.0,37.0,25,0,50.0,37.0
743677,GTA.NOV2011.>0.65,Global Temperature Anomaly for Nov 2011 to be greater than 0.65 Degrees C,2011-04-12,0.0,0.0,0.0,37.0,25,0,50.0,37.0
743677,GTA.NOV2011.>0.65,Global Temperature Anomaly for Nov 2011 to be greater than 0.65 Degrees C,2011-04-13,0.0,0.0,0.0,37.0,25,0,50.0,37.0
743677,GTA.NOV2011.>0.65,Global Temperature Anomaly for Nov 2011 to be greater than 0.65 Degrees C,2011-04-14,0.0,0.0,0.0,37.0,25,0,50.0,37.0
743677,GTA.NOV2011.>0.65,Global Temperature Anomaly for Nov 2011 to be greater than 0.65 Degrees C,2011-04-15,0.0,0.0,0.0,37.0,25,0,50.0,37.0
743677,GTA.NOV2011.>0.65,Global Temperature Anomaly for Nov 2011 to be greater than 0.65 Degrees C,2011-04-16,0.0,0.0,0.0,37.0,25,0,50.0,37.0
743677,GTA.NOV2011.>0.65,Global Temperature Anomaly for Nov 2011 to be greater than 0.65 Degrees C,2011-04-17,0.0,0.0,0.0,37.0,25,0,50.0,37.0
743677,GTA.NOV2011.>0.65,Global Temperature Anomaly for Nov 2011 to be greater than 0.65 Degrees C,2011-04-18,0.0,0.0,0.0,37.0,25,0,50.0,37.0
743677,GTA.NOV2011.>0.65,Global Temperature Anomaly for Nov 2011 to be greater than 0.65 Degrees C,2011-04-19,0.0,0.0,0.0,37.0,25,0,50.0,37.0
743677,GTA.NOV2011.>0.65,Global Temperature Anomaly for Nov 2011 to be greater than 0.65 Degrees C,2011-04-20,0.0,0.0,0.0,37.0,25,0,50.0,37.0
743677,GTA.NOV2011.>0.65,Global Temperature Anomaly for Nov 2011 to be greater than 0.65 Degrees C,2011-04-21,0.0,0.0,0.0,37.0,25,0,50.0,37.0
743677,GTA.NOV2011.>0.65,Global Temperature Anomaly for Nov 2011 to be greater than 0.65 Degrees C,2011-04-22,0.0,0.0,0.0,37.0,25,0,50.0,37.0
743677,GTA.NOV2011.>0.65,Global Temperature Anomaly for Nov 2011 to be greater than 0.65 Degrees C,2011-04-23,0.0,0.0,0.0,37.0,25,0,50.0,37.0
743677,GTA.NOV2011.>0.65,Global Temperature Anomaly for Nov 2011 to be greater than 0.65 Degrees C,2011-04-24,0.0,0.0,0.0,37.0,25,0,50.0,37.0
743677,GTA.NOV2011.>0.65,Global Temperature Anomaly for Nov 2011 to be greater than 0.65 Degrees C,2011-04-25,0.0,0.0,0.0,37.0,25,0,50.0,37.0
743677,GTA.NOV2011.>0.65,Global Temperature Anomaly for Nov 2011 to be greater than 0.65 Degrees C,2011-04-26,0.0,0.0,0.0,37.0,25,0,50.0,37.0
743677,GTA.NOV2011.>0.65,Global Temperature Anomaly for Nov 2011 to be greater than 0.65 Degrees C,2011-04-27,0.0,0.0,0.0,37.0,25,0,50.0,37.0
743677,GTA.NOV2011.>0.65,Global Temperature Anomaly for Nov 2011 to be greater than 0.65 Degrees C,2011-04-28,0.0,0.0,0.0,37.0,25,0,50.0,37.0
743677,GTA.NOV2011.>0.65,Global Temperature Anomaly for Nov 2011 to be greater than 0.65 Degrees C,2011-04-29,0.0,0.0,0.0,37.0,25,0,50.0,37.0
743677,GTA.NOV2011.>0.65,Global Temperature Anomaly for Nov 2011 to be greater than 0.65 Degrees C,2011-04-30,0.0,0.0,0.0,37.0,25,0,50.0,37.0
743677,GTA.NOV2011.>0.65,Global Temperature Anomaly for Nov 2011 to be greater than 0.65 Degrees C,2011-05-01,0.0,0.0,0.0,37.0,25,0,50.0,37.0
743677,GTA.NOV2011.>0.65,Global Temperature Anomaly for Nov 2011 to be greater than 0.65 Degrees C,2011-05-02,0.0,0.0,0.0,37.0,25,0,50.0,37.0
743677,GTA.NOV2011.>0.65,Global Temperature Anomaly for Nov 2011 to be greater than 0.65 Degrees C,2011-05-03,0.0,0.0,0.0,37.0,25,0,50.0,37.0
743677,GTA.NOV2011.>0.65,Global Temperature Anomaly for Nov 2011 to be greater than 0.65 Degrees C,2011-05-04,0.0,0.0,0.0,37.0,25,0,50.0,37.0
743677,GTA.NOV2011.>0.65,Global Temperature Anomaly for Nov 2011 to be greater than 0.65 Degrees C,2011-05-05,0.0,0.0,0.0,37.0,25,0,50.0,37.0
743677,GTA.NOV2011.>0.65,Global Temperature Anomaly for Nov 2011 to be greater than 0.65 Degrees C,2011-05-06,0.0,0.0,0.0,37.0,25,0,50.0,37.0
743677,GTA.NOV2011.>0.65,Global Temperature Anomaly for Nov 2011 to be greater than 0.65 Degrees C,2011-05-07,0.0,0.0,0.0,37.0,25,0,50.0,37.0
743677,GTA.NOV2011.>0.65,Global Temperature Anomaly for Nov 2011 to be greater than 0.65 Degrees C,2011-05-08,0.0,0.0,0.0,37.0,25,0,50.0,37.0
743677,GTA.NOV2011.>0.65,Global Temperature Anomaly for Nov 2011 to be greater than 0.65 Degrees C,2011-05-09,0.0,0.0,0.0,37.0,25,0,50.0,37.0
743677,GTA.NOV2011.>0.65,Global Temperature Anomaly for Nov 2011 to be greater than 0.65 Degrees C,2011-05-10,0.0,0.0,0.0,37.0,25,0,50.0,37.0
743677,GTA.NOV2011.>0.65,Global Temperature Anomaly for Nov 2011 to be greater than 0.65 Degrees C,2011-05-11,0.0,0.0,0.0,37.0,25,0,50.0,37.0
743677,GTA.NOV2011.>0.65,Global Temperature Anomaly for Nov 2011 to be greater than 0.65 Degrees C,2011-05-12,0.0,0.0,0.0,37.0,25,0,50.0,37.0
743677,GTA.NOV2011.>0.65,Global Temperature Anomaly for Nov 2011 to be greater than 0.65 Degrees C,2011-05-13,0.0,0.0,0.0,37.0,25,0,50.0,37.0
743677,GTA.NOV2011.>0.65,Global Temperature Anomaly for Nov 2011 to be greater than 0.65 Degrees C,2011-05-14,0.0,0.0,0.0,37.0,25,0,50.0,37.0
743677,GTA.NOV2011.>0.65,Global Temperature Anomaly for Nov 2011 to be greater than 0.65 Degrees C,2011-05-15,0.0,0.0,0.0,37.0,25,0,50.0,37.0
743677,GTA.NOV2011.>0.65,Global Temperature Anomaly for Nov 2011 to be greater than 0.65 Degrees C,2011-05-16,0.0,0.0,0.0,37.0,25,0,50.0,37.0
743677,GTA.NOV2011.>0.65,Global Temperature Anomaly for Nov 2011 to be greater than 0.65 Degrees C,2011-05-17,0.0,0.0,0.0,37.0,25,0,50.0,37.0
743677,GTA.NOV2011.>0.65,Global Temperature Anomaly for Nov 2011 to be greater than 0.65 Degrees C,2011-05-18,0.0,0.0,0.0,37.0,25,0,50.0,37.0
743677,GTA.NOV2011.>0.65,Global Temperature Anomaly for Nov 2011 to be greater than 0.65 Degrees C,2011-05-19,0.0,0.0,0.0,37.0,25,0,50.0,37.0
743677,GTA.NOV2011.>0.65,Global Temperature Anomaly for Nov 2011 to be greater than 0.65 Degrees C,2011-05-20,0.0,0.0,0.0,37.0,25,0,50.0,37.0
743677,GTA.NOV2011.>0.65,Global Temperature Anomaly for Nov 2011 to be greater than 0.65 Degrees C,2011-05-21,0.0,0.0,0.0,37.0,25,0,50.0,37.0
743677,GTA.NOV2011.>0.65,Global Temperature Anomaly for Nov 2011 to be greater than 0.65 Degrees C,2011-05-22,0.0,0.0,0.0,37.0,25,0,50.0,37.0
743677,GTA.NOV2011.>0.65,Global Temperature Anomaly for Nov 2011 to be greater than 0.65 Degrees C,2011-05-23,0.0,0.0,0.0,37.0,25,0,50.0,37.0
743677,GTA.NOV2011.>0.65,Global Temperature Anomaly for Nov 2011 to be greater than 0.65 Degrees C,2011-05-24,0.0,0.0,0.0,37.0,25,0,50.0,37.0
743677,GTA.NOV2011.>0.65,Global Temperature Anomaly for Nov 2011 to be greater than 0.65 Degrees C,2011-05-25,0.0,0.0,0.0,37.0,25,0,50.0,37.0
743677,GTA.NOV2011.>0.65,Global Temperature Anomaly for Nov 2011 to be greater than 0.65 Degrees C,2011-05-26,0.0,0.0,0.0,37.0,25,0,50.0,37.0
743677,GTA.NOV2011.>0.65,Global Temperature Anomaly for Nov 2011 to be greater than 0.65 Degrees C,2011-05-27,0.0,0.0,0.0,37.0,25,0,50.0,37.0
743677,GTA.NOV2011.>0.65,Global Temperature Anomaly for Nov 2011 to be greater than 0.65 Degrees C,2011-05-28,0.0,0.0,0.0,37.0,25,0,50.0,37.0
743677,GTA.NOV2011.>0.65,Global Temperature Anomaly for Nov 2011 to be greater than 0.65 Degrees C,2011-05-29,0.0,0.0,0.0,37.0,25,0,50.0,37.0
743677,GTA.NOV2011.>0.65,Global Temperature Anomaly for Nov 2011 to be greater than 0.65 Degrees C,2011-05-30,0.0,0.0,0.0,37.0,25,0,50.0,37.0
743677,GTA.NOV2011.>0.65,Global Temperature Anomaly for Nov 2011 to be greater than 0.65 Degrees C,2011-05-31,0.0,0.0,0.0,37.0,25,0,50.0,37.0
743677,GTA.NOV2011.>0.65,Global Temperature Anomaly for Nov 2011 to be greater than 0.65 Degrees C,2011-06-01,0.0,0.0,0.0,37.0,25,0,50.0,37.0
743677,GTA.NOV2011.>0.65,Global Temperature Anomaly for Nov 2011 to be greater than 0.65 Degrees C,2011-06-02,0.0,0.0,0.0,37.0,25,0,50.0,37.0
743677,GTA.NOV2011.>0.65,Global Temperature Anomaly for Nov 2011 to be greater than 0.65 Degrees C,2011-06-03,0.0,0.0,0.0,37.0,25,0,50.0,37.0
743677,GTA.NOV2011.>0.65,Global Temperature Anomaly for Nov 2011 to be greater than 0.65 Degrees C,2011-06-04,0.0,0.0,0.0,37.0,25,0,50.0,37.0
743677,GTA.NOV2011.>0.65,Global Temperature Anomaly for Nov 2011 to be greater than 0.65 Degrees C,2011-06-05,0.0,0.0,0.0,37.0,25,0,50.0,37.0
743677,GTA.NOV2011.>0.65,Global Temperature Anomaly for Nov 2011 to be greater than 0.65 Degrees C,2011-06-06,0.0,0.0,0.0,37.0,25,0,50.0,37.0
743677,GTA.NOV2011.>0.65,Global Temperature Anomaly for Nov 2011 to be greater than 0.65 Degrees C,2011-06-07,0.0,0.0,0.0,37.0,25,0,50.0,37.0
743677,GTA.NOV2011.>0.65,Global Temperature Anomaly for Nov 2011 to be greater than 0.65 Degrees C,2011-06-08,0.0,0.0,0.0,37.0,25,0,50.0,37.0
743677,GTA.NOV2011.>0.65,Global Temperature Anomaly for Nov 2011 to be greater than 0.65 Degrees C,2011-06-09,0.0,0.0,0.0,37.0,25,0,50.0,37.0
743677,GTA.NOV2011.>0.65,Global Temperature Anomaly for Nov 2011 to be greater than 0.65 Degrees C,2011-06-10,0.0,0.0,0.0,37.0,25,0,50.0,37.0
743677,GTA.NOV2011.>0.65,Global Temperature Anomaly for Nov 2011 to be greater than 0.65 Degrees C,2011-06-11,0.0,0.0,0.0,37.0,25,0,50.0,37.0
743677,GTA.NOV2011.>0.65,Global Temperature Anomaly for Nov 2011 to be greater than 0.65 Degrees C,2011-06-12,0.0,0.0,0.0,37.0,25,0,50.0,37.0
743677,GTA.NOV2011.>0.65,Global Temperature Anomaly for Nov 2011 to be greater than 0.65 Degrees C,2011-06-13,0.0,0.0,0.0,37.0,25,0,50.0,37.0
743677,GTA.NOV2011.>0.65,Global Temperature Anomaly for Nov 2011 to be greater than 0.65 Degrees C,2011-06-14,0.0,0.0,0.0,37.0,25,0,50.0,37.0
743677,GTA.NOV2011.>0.65,Global Temperature Anomaly for Nov 2011 to be greater than 0.65 Degrees C,2011-06-15,0.0,0.0,0.0,37.0,25,0,50.0,37.0
743677,GTA.NOV2011.>0.65,Global Temperature Anomaly for Nov 2011 to be greater than 0.65 Degrees C,2011-06-16,0.0,0.0,0.0,37.0,25,0,50.0,37.0
743677,GTA.NOV2011.>0.65,Global Temperature Anomaly for Nov 2011 to be greater than 0.65 Degrees C,2011-06-17,0.0,0.0,0.0,37.0,25,0,50.0,37.0
743677,GTA.NOV2011.>0.65,Global Temperature Anomaly for Nov 2011 to be greater than 0.65 Degrees C,2011-06-18,0.0,0.0,0.0,37.0,25,0,50.0,37.0
743677,GTA.NOV2011.>0.65,Global Temperature Anomaly for Nov 2011 to be greater than 0.65 Degrees C,2011-06-19,0.0,0.0,0.0,37.0,25,0,50.0,37.0
743677,GTA.NOV2011.>0.65,Global Temperature Anomaly for Nov 2011 to be greater than 0.65 Degrees C,2011-06-20,0.0,0.0,0.0,37.0,25,0,50.0,37.0
743677,GTA.NOV2011.>0.65,Global Temperature Anomaly for Nov 2011 to be greater than 0.65 Degrees C,2011-06-21,0.0,0.0,0.0,37.0,25,0,50.0,37.0
743677,GTA.NOV2011.>0.65,Global Temperature Anomaly for Nov 2011 to be greater than 0.65 Degrees C,2011-06-22,0.0,0.0,0.0,37.0,25,0,50.0,37.0
743677,GTA.NOV2011.>0.65,Global Temperature Anomaly for Nov 2011 to be greater than 0.65 Degrees C,2011-06-23,0.0,0.0,0.0,37.0,25,0,50.0,37.0
743677,GTA.NOV2011.>0.65,Global Temperature Anomaly for Nov 2011 to be greater than 0.65 Degrees C,2011-06-24,0.0,0.0,0.0,37.0,25,0,50.0,37.0
743677,GTA.NOV2011.>0.65,Global Temperature Anomaly for Nov 2011 to be greater than 0.65 Degrees C,2011-06-25,0.0,0.0,0.0,37.0,25,0,50.0,37.0
743677,GTA.NOV2011.>0.65,Global Temperature Anomaly for Nov 2011 to be greater than 0.65 Degrees C,2011-06-26,0.0,0.0,0.0,37.0,25,0,50.0,37.0
743677,GTA.NOV2011.>0.65,Global Temperature Anomaly for Nov 2011 to be greater than 0.65 Degrees C,2011-06-27,0.0,0.0,0.0,37.0,25,0,50.0,37.0
743677,GTA.NOV2011.>0.65,Global Temperature Anomaly for Nov 2011 to be greater than 0.65 Degrees C,2011-06-28,0.0,0.0,0.0,37.0,25,0,50.0,37.0
743677,GTA.NOV2011.>0.65,Global Temperature Anomaly for Nov 2011 to be greater than 0.65 Degrees C,2011-06-29,0.0,0.0,0.0,37.0,25,0,50.0,37.0
743677,GTA.NOV2011.>0.65,Global Temperature Anomaly for Nov 2011 to be greater than 0.65 Degrees C,2011-06-30,0.0,0.0,0.0,37.0,25,0,50.0,37.0
743677,GTA.NOV2011.>0.65,Global Temperature Anomaly for Nov 2011 to be greater than 0.65 Degrees C,2011-07-01,0.0,0.0,0.0,37.0,25,0,50.0,37.0
743677,GTA.NOV2011.>0.65,Global Temperature Anomaly for Nov 2011 to be greater than 0.65 Degrees C,2011-07-02,0.0,0.0,0.0,37.0,25,0,50.0,37.0
743677,GTA.NOV2011.>0.65,Global Temperature Anomaly for Nov 2011 to be greater than 0.65 Degrees C,2011-07-03,0.0,0.0,0.0,37.0,25,0,50.0,37.0
743677,GTA.NOV2011.>0.65,Global Temperature Anomaly for Nov 2011 to be greater than 0.65 Degrees C,2011-07-04,0.0,0.0,0.0,37.0,25,0,50.0,37.0
743677,GTA.NOV2011.>0.65,Global Temperature Anomaly for Nov 2011 to be greater than 0.65 Degrees C,2011-07-05,0.0,0.0,0.0,37.0,25,0,50.0,37.0
743677,GTA.NOV2011.>0.65,Global Temperature Anomaly for Nov 2011 to be greater than 0.65 Degrees C,2011-07-06,0.0,0.0,0.0,37.0,25,0,50.0,37.0
743677,GTA.NOV2011.>0.65,Global Temperature Anomaly for Nov 2011 to be greater than 0.65 Degrees C,2011-07-07,0.0,0.0,0.0,37.0,25,0,50.0,37.0
743677,GTA.NOV2011.>0.65,Global Temperature Anomaly for Nov 2011 to be greater than 0.65 Degrees C,2011-07-08,0.0,0.0,0.0,37.0,25,0,50.0,37.0
743677,GTA.NOV2011.>0.65,Global Temperature Anomaly for Nov 2011 to be greater than 0.65 Degrees C,2011-07-09,0.0,0.0,0.0,37.0,25,0,50.0,37.0
743677,GTA.NOV2011.>0.65,Global Temperature Anomaly for Nov 2011 to be greater than 0.65 Degrees C,2011-07-10,0.0,0.0,0.0,37.0,25,0,50.0,37.0
743677,GTA.NOV2011.>0.65,Global Temperature Anomaly for Nov 2011 to be greater than 0.65 Degrees C,2011-07-11,0.0,0.0,0.0,37.0,25,0,50.0,37.0
743677,GTA.NOV2011.>0.65,Global Temperature Anomaly for Nov 2011 to be greater than 0.65 Degrees C,2011-07-12,0.0,0.0,0.0,37.0,25,0,50.0,37.0
743677,GTA.NOV2011.>0.65,Global Temperature Anomaly for Nov 2011 to be greater than 0.65 Degrees C,2011-07-13,0.0,0.0,0.0,37.0,25,0,50.0,37.0
743677,GTA.NOV2011.>0.65,Global Temperature Anomaly for Nov 2011 to be greater than 0.65 Degrees C,2011-07-14,0.0,0.0,0.0,37.0,25,0,50.0,37.0
743677,GTA.NOV2011.>0.65,Global Temperature Anomaly for Nov 2011 to be greater than 0.65 Degrees C,2011-07-15,0.0,0.0,0.0,37.0,25,0,50.0,37.0
743677,GTA.NOV2011.>0.65,Global Temperature Anomaly for Nov 2011 to be greater than 0.65 Degrees C,2011-07-16,0.0,0.0,0.0,37.0,25,0,50.0,37.0
743677,GTA.NOV2011.>0.65,Global Temperature Anomaly for Nov 2011 to be greater than 0.65 Degrees C,2011-07-17,0.0,0.0,0.0,37.0,25,0,50.0,37.0
743677,GTA.NOV2011.>0.65,Global Temperature Anomaly for Nov 2011 to be greater than 0.65 Degrees C,2011-07-18,0.0,0.0,0.0,37.0,25,0,50.0,37.0
743677,GTA.NOV2011.>0.65,Global Temperature Anomaly for Nov 2011 to be greater than 0.65 Degrees C,2011-07-19,0.0,0.0,0.0,37.0,25,0,50.0,37.0
743677,GTA.NOV2011.>0.65,Global Temperature Anomaly for Nov 2011 to be greater than 0.65 Degrees C,2011-07-20,0.0,0.0,0.0,37.0,25,0,50.0,37.0
743677,GTA.NOV2011.>0.65,Global Temperature Anomaly for Nov 2011 to be greater than 0.65 Degrees C,2011-07-21,0.0,0.0,0.0,37.0,25,0,50.0,37.0
743677,GTA.NOV2011.>0.65,Global Temperature Anomaly for Nov 2011 to be greater than 0.65 Degrees C,2011-07-22,0.0,0.0,0.0,37.0,25,0,50.0,37.0
743677,GTA.NOV2011.>0.65,Global Temperature Anomaly for Nov 2011 to be greater than 0.65 Degrees C,2011-07-23,0.0,0.0,0.0,37.0,25,0,50.0,37.0
743677,GTA.NOV2011.>0.65,Global Temperature Anomaly for Nov 2011 to be greater than 0.65 Degrees C,2011-07-24,0.0,0.0,0.0,37.0,25,0,50.0,37.0
743677,GTA.NOV2011.>0.65,Global Temperature Anomaly for Nov 2011 to be greater than 0.65 Degrees C,2011-07-25,0.0,0.0,0.0,37.0,25,0,50.0,37.0
743677,GTA.NOV2011.>0.65,Global Temperature Anomaly for Nov 2011 to be greater than 0.65 Degrees C,2011-07-26,0.0,0.0,0.0,37.0,25,0,50.0,37.0
743677,GTA.NOV2011.>0.65,Global Temperature Anomaly for Nov 2011 to be greater than 0.65 Degrees C,2011-07-27,0.0,0.0,0.0,37.0,25,0,50.0,37.0
743677,GTA.NOV2011.>0.65,Global Temperature Anomaly for Nov 2011 to be greater than 0.65 Degrees C,2011-07-28,0.0,0.0,0.0,37.0,25,0,50.0,37.0
743677,GTA.NOV2011.>0.65,Global Temperature Anomaly for Nov 2011 to be greater than 0.65 Degrees C,2011-07-29,0.0,0.0,0.0,37.0,25,0,50.0,37.0
743677,GTA.NOV2011.>0.65,Global Temperature Anomaly for Nov 2011 to be greater than 0.65 Degrees C,2011-07-30,0.0,0.0,0.0,37.0,25,0,50.0,37.0
743677,GTA.NOV2011.>0.65,Global Temperature Anomaly for Nov 2011 to be greater than 0.65 Degrees C,2011-07-31,0.0,0.0,0.0,37.0,25,0,50.0,37.0
743677,GTA.NOV2011.>0.65,Global Temperature Anomaly for Nov 2011 to be greater than 0.65 Degrees C,2011-08-01,0.0,0.0,0.0,37.0,25,0,50.0,37.0
743677,GTA.NOV2011.>0.65,Global Temperature Anomaly for Nov 2011 to be greater than 0.65 Degrees C,2011-08-02,0.0,0.0,0.0,37.0,25,0,50.0,37.0
743677,GTA.NOV2011.>0.65,Global Temperature Anomaly for Nov 2011 to be greater than 0.65 Degrees C,2011-08-03,0.0,0.0,0.0,37.0,25,0,50.0,37.0
743677,GTA.NOV2011.>0.65,Global Temperature Anomaly for Nov 2011 to be greater than 0.65 Degrees C,2011-08-04,0.0,0.0,0.0,37.0,25,0,50.0,37.0
743677,GTA.NOV2011.>0.65,Global Temperature Anomaly for Nov 2011 to be greater than 0.65 Degrees C,2011-08-05,0.0,0.0,0.0,37.0,25,0,50.0,37.0
743677,GTA.NOV2011.>0.65,Global Temperature Anomaly for Nov 2011 to be greater than 0.65 Degrees C,2011-08-06,0.0,0.0,0.0,37.0,25,0,50.0,37.0
743677,GTA.NOV2011.>0.65,Global Temperature Anomaly for Nov 2011 to be greater than 0.65 Degrees C,2011-08-07,0.0,0.0,0.0,37.0,25,0,50.0,37.0
743677,GTA.NOV2011.>0.65,Global Temperature Anomaly for Nov 2011 to be greater than 0.65 Degrees C,2011-08-08,0.0,0.0,0.0,37.0,25,0,50.0,37.0
743677,GTA.NOV2011.>0.65,Global Temperature Anomaly for Nov 2011 to be greater than 0.65 Degrees C,2011-08-09,0.0,0.0,0.0,37.0,25,0,50.0,37.0
743677,GTA.NOV2011.>0.65,Global Temperature Anomaly for Nov 2011 to be greater than 0.65 Degrees C,2011-08-10,0.0,0.0,0.0,37.0,25,0,50.0,37.0
743677,GTA.NOV2011.>0.65,Global Temperature Anomaly for Nov 2011 to be greater than 0.65 Degrees C,2011-08-11,0.0,0.0,0.0,37.0,25,0,50.0,37.0
743677,GTA.NOV2011.>0.65,Global Temperature Anomaly for Nov 2011 to be greater than 0.65 Degrees C,2011-08-12,0.0,0.0,0.0,37.0,25,0,50.0,37.0
743677,GTA.NOV2011.>0.65,Global Temperature Anomaly for Nov 2011 to be greater than 0.65 Degrees C,2011-08-13,0.0,0.0,0.0,37.0,25,0,50.0,37.0
743677,GTA.NOV2011.>0.65,Global Temperature Anomaly for Nov 2011 to be greater than 0.65 Degrees C,2011-08-14,0.0,0.0,0.0,37.0,25,0,50.0,37.0
743677,GTA.NOV2011.>0.65,Global Temperature Anomaly for Nov 2011 to be greater than 0.65 Degrees C,2011-08-15,0.0,0.0,0.0,37.0,25,0,50.0,37.0
743677,GTA.NOV2011.>0.65,Global Temperature Anomaly for Nov 2011 to be greater than 0.65 Degrees C,2011-08-16,0.0,0.0,0.0,37.0,25,0,50.0,37.0
743677,GTA.NOV2011.>0.65,Global Temperature Anomaly for Nov 2011 to be greater than 0.65 Degrees C,2011-08-17,0.0,0.0,0.0,37.0,25,0,50.0,37.0
743677,GTA.NOV2011.>0.65,Global Temperature Anomaly for Nov 2011 to be greater than 0.65 Degrees C,2011-08-18,0.0,0.0,0.0,37.0,25,0,50.0,37.0
743677,GTA.NOV2011.>0.65,Global Temperature Anomaly for Nov 2011 to be greater than 0.65 Degrees C,2011-08-19,0.0,0.0,0.0,37.0,25,0,50.0,37.0
743677,GTA.NOV2011.>0.65,Global Temperature Anomaly for Nov 2011 to be greater than 0.65 Degrees C,2011-08-20,0.0,0.0,0.0,37.0,25,0,50.0,37.0
743677,GTA.NOV2011.>0.65,Global Temperature Anomaly for Nov 2011 to be greater than 0.65 Degrees C,2011-08-21,0.0,0.0,0.0,37.0,25,0,50.0,37.0
743677,GTA.NOV2011.>0.65,Global Temperature Anomaly for Nov 2011 to be greater than 0.65 Degrees C,2011-08-22,0.0,0.0,0.0,37.0,25,0,50.0,37.0
743677,GTA.NOV2011.>0.65,Global Temperature Anomaly for Nov 2011 to be greater than 0.65 Degrees C,2011-08-23,0.0,0.0,0.0,37.0,25,0,50.0,37.0
743677,GTA.NOV2011.>0.65,Global Temperature Anomaly for Nov 2011 to be greater than 0.65 Degrees C,2011-08-24,0.0,0.0,0.0,37.0,25,0,50.0,37.0
743677,GTA.NOV2011.>0.65,Global Temperature Anomaly for Nov 2011 to be greater than 0.65 Degrees C,2011-08-25,0.0,0.0,0.0,37.0,25,0,50.0,37.0
743677,GTA.NOV2011.>0.65,Global Temperature Anomaly for Nov 2011 to be greater than 0.65 Degrees C,2011-08-26,0.0,0.0,0.0,37.0,25,0,50.0,37.0
743677,GTA.NOV2011.>0.65,Global Temperature Anomaly for Nov 2011 to be greater than 0.65 Degrees C,2011-08-27,0.0,0.0,0.0,37.0,25,0,50.0,37.0
743677,GTA.NOV2011.>0.65,Global Temperature Anomaly for Nov 2011 to be greater than 0.65 Degrees C,2011-08-28,0.0,0.0,0.0,37.0,25,0,50.0,37.0
743677,GTA.NOV2011.>0.65,Global Temperature Anomaly for Nov 2011 to be greater than 0.65 Degrees C,2011-08-29,0.0,0.0,0.0,37.0,25,0,50.0,37.0
743677,GTA.NOV2011.>0.65,Global Temperature Anomaly for Nov 2011 to be greater than 0.65 Degrees C,2011-08-30,0.0,0.0,0.0,37.0,25,0,50.0,37.0
743677,GTA.NOV2011.>0.65,Global Temperature Anomaly for Nov 2011 to be greater than 0.65 Degrees C,2011-08-31,38.0,38.0,38.0,38.0,26,1,50.0,37.0
743677,GTA.NOV2011.>0.65,Global Temperature Anomaly for Nov 2011 to be greater than 0.65 Degrees C,2011-09-01,0.0,0.0,0.0,38.0,26,0,50.0,37.0
743677,GTA.NOV2011.>0.65,Global Temperature Anomaly for Nov 2011 to be greater than 0.65 Degrees C,2011-09-02,0.0,0.0,0.0,38.0,26,0,50.0,37.0
743677,GTA.NOV2011.>0.65,Global Temperature Anomaly for Nov 2011 to be greater than 0.65 Degrees C,2011-09-03,0.0,0.0,0.0,38.0,26,0,50.0,37.0
743677,GTA.NOV2011.>0.65,Global Temperature Anomaly for Nov 2011 to be greater than 0.65 Degrees C,2011-09-04,0.0,0.0,0.0,38.0,26,0,50.0,37.0
743677,GTA.NOV2011.>0.65,Global Temperature Anomaly for Nov 2011 to be greater than 0.65 Degrees C,2011-09-05,0.0,0.0,0.0,38.0,26,0,50.0,37.0
743677,GTA.NOV2011.>0.65,Global Temperature Anomaly for Nov 2011 to be greater than 0.65 Degrees C,2011-09-06,0.0,0.0,0.0,38.0,26,0,50.0,37.0
743677,GTA.NOV2011.>0.65,Global Temperature Anomaly for Nov 2011 to be greater than 0.65 Degrees C,2011-09-07,0.0,0.0,0.0,38.0,26,0,50.0,37.0
743677,GTA.NOV2011.>0.65,Global Temperature Anomaly for Nov 2011 to be greater than 0.65 Degrees C,2011-09-08,0.0,0.0,0.0,38.0,26,0,50.0,37.0
743677,GTA.NOV2011.>0.65,Global Temperature Anomaly for Nov 2011 to be greater than 0.65 Degrees C,2011-09-09,0.0,0.0,0.0,38.0,26,0,50.0,37.0
743677,GTA.NOV2011.>0.65,Global Temperature Anomaly for Nov 2011 to be greater than 0.65 Degrees C,2011-09-10,0.0,0.0,0.0,38.0,26,0,50.0,37.0
743677,GTA.NOV2011.>0.65,Global Temperature Anomaly for Nov 2011 to be greater than 0.65 Degrees C,2011-09-11,0.0,0.0,0.0,38.0,26,0,50.0,37.0
743677,GTA.NOV2011.>0.65,Global Temperature Anomaly for Nov 2011 to be greater than 0.65 Degrees C,2011-09-12,0.0,0.0,0.0,38.0,26,0,50.0,37.0
743677,GTA.NOV2011.>0.65,Global Temperature Anomaly for Nov 2011 to be greater than 0.65 Degrees C,2011-09-13,0.0,0.0,0.0,38.0,26,0,50.0,37.0
743677,GTA.NOV2011.>0.65,Global Temperature Anomaly for Nov 2011 to be greater than 0.65 Degrees C,2011-09-14,0.0,0.0,0.0,38.0,26,0,50.0,37.0
743677,GTA.NOV2011.>0.65,Global Temperature Anomaly for Nov 2011 to be greater than 0.65 Degrees C,2011-09-15,25.0,25.0,20.0,20.0,41,15,50.0,20.0
743677,GTA.NOV2011.>0.65,Global Temperature Anomaly for Nov 2011 to be greater than 0.65 Degrees C,2011-09-16,20.0,20.0,20.0,20.0,46,5,50.0,20.0
743677,GTA.NOV2011.>0.65,Global Temperature Anomaly for Nov 2011 to be greater than 0.65 Degrees C,2011-09-17,0.0,0.0,0.0,20.0,46,0,50.0,20.0
743677,GTA.NOV2011.>0.65,Global Temperature Anomaly for Nov 2011 to be greater than 0.65 Degrees C,2011-09-18,0.0,0.0,0.0,20.0,46,0,50.0,20.0
743677,GTA.NOV2011.>0.65,Global Temperature Anomaly for Nov 2011 to be greater than 0.65 Degrees C,2011-09-19,0.0,0.0,0.0,20.0,46,0,50.0,20.0
743677,GTA.NOV2011.>0.65,Global Temperature Anomaly for Nov 2011 to be greater than 0.65 Degrees C,2011-09-20,0.0,0.0,0.0,20.0,46,0,50.0,20.0
743677,GTA.NOV2011.>0.65,Global Temperature Anomaly for Nov 2011 to be greater than 0.65 Degrees C,2011-09-21,0.0,0.0,0.0,20.0,46,0,50.0,20.0
743677,GTA.NOV2011.>0.65,Global Temperature Anomaly for Nov 2011 to be greater than 0.65 Degrees C,2011-09-22,0.0,0.0,0.0,20.0,46,0,50.0,20.0
743677,GTA.NOV2011.>0.65,Global Temperature Anomaly for Nov 2011 to be greater than 0.65 Degrees C,2011-09-23,0.0,0.0,0.0,20.0,46,0,50.0,20.0
743677,GTA.NOV2011.>0.65,Global Temperature Anomaly for Nov 2011 to be greater than 0.65 Degrees C,2011-09-24,0.0,0.0,0.0,20.0,46,0,50.0,20.0
743677,GTA.NOV2011.>0.65,Global Temperature Anomaly for Nov 2011 to be greater than 0.65 Degrees C,2011-09-25,0.0,0.0,0.0,20.0,46,0,50.0,20.0
743677,GTA.NOV2011.>0.65,Global Temperature Anomaly for Nov 2011 to be greater than 0.65 Degrees C,2011-09-26,0.0,0.0,0.0,20.0,46,0,50.0,20.0
743677,GTA.NOV2011.>0.65,Global Temperature Anomaly for Nov 2011 to be greater than 0.65 Degrees C,2011-09-27,0.0,0.0,0.0,20.0,46,0,50.0,20.0
743677,GTA.NOV2011.>0.65,Global Temperature Anomaly for Nov 2011 to be greater than 0.65 Degrees C,2011-09-28,0.0,0.0,0.0,20.0,46,0,50.0,20.0
743677,GTA.NOV2011.>0.65,Global Temperature Anomaly for Nov 2011 to be greater than 0.65 Degrees C,2011-09-29,0.0,0.0,0.0,20.0,46,0,50.0,20.0
743677,GTA.NOV2011.>0.65,Global Temperature Anomaly for Nov 2011 to be greater than 0.65 Degrees C,2011-09-30,0.0,0.0,0.0,20.0,46,0,50.0,20.0
743677,GTA.NOV2011.>0.65,Global Temperature Anomaly for Nov 2011 to be greater than 0.65 Degrees C,2011-10-01,0.0,0.0,0.0,20.0,46,0,50.0,20.0
743677,GTA.NOV2011.>0.65,Global Temperature Anomaly for Nov 2011 to be greater than 0.65 Degrees C,2011-10-02,0.0,0.0,0.0,20.0,46,0,50.0,20.0
743677,GTA.NOV2011.>0.65,Global Temperature Anomaly for Nov 2011 to be greater than 0.65 Degrees C,2011-10-03,0.0,0.0,0.0,20.0,46,0,50.0,20.0
743677,GTA.NOV2011.>0.65,Global Temperature Anomaly for Nov 2011 to be greater than 0.65 Degrees C,2011-10-04,0.0,0.0,0.0,20.0,46,0,50.0,20.0
743677,GTA.NOV2011.>0.65,Global Temperature Anomaly for Nov 2011 to be greater than 0.65 Degrees C,2011-10-05,0.0,0.0,0.0,20.0,46,0,50.0,20.0
743677,GTA.NOV2011.>0.65,Global Temperature Anomaly for Nov 2011 to be greater than 0.65 Degrees C,2011-10-06,0.0,0.0,0.0,20.0,46,0,50.0,20.0
743677,GTA.NOV2011.>0.65,Global Temperature Anomaly for Nov 2011 to be greater than 0.65 Degrees C,2011-10-07,0.0,0.0,0.0,20.0,46,0,50.0,20.0
743677,GTA.NOV2011.>0.65,Global Temperature Anomaly for Nov 2011 to be greater than 0.65 Degrees C,2011-10-08,0.0,0.0,0.0,20.0,46,0,50.0,20.0
743677,GTA.NOV2011.>0.65,Global Temperature Anomaly for Nov 2011 to be greater than 0.65 Degrees C,2011-10-09,0.0,0.0,0.0,20.0,46,0,50.0,20.0
743677,GTA.NOV2011.>0.65,Global Temperature Anomaly for Nov 2011 to be greater than 0.65 Degrees C,2011-10-10,0.0,0.0,0.0,20.0,46,0,50.0,20.0
743677,GTA.NOV2011.>0.65,Global Temperature Anomaly for Nov 2011 to be greater than 0.65 Degrees C,2011-10-11,0.0,0.0,0.0,20.0,46,0,50.0,20.0
743677,GTA.NOV2011.>0.65,Global Temperature Anomaly for Nov 2011 to be greater than 0.65 Degrees C,2011-10-12,0.0,0.0,0.0,20.0,46,0,50.0,20.0
743677,GTA.NOV2011.>0.65,Global Temperature Anomaly for Nov 2011 to be greater than 0.65 Degrees C,2011-10-13,15.0,15.0,15.0,15.0,51,5,50.0,15.0
743677,GTA.NOV2011.>0.65,Global Temperature Anomaly for Nov 2011 to be greater than 0.65 Degrees C,2011-10-14,0.0,0.0,0.0,15.0,51,0,50.0,15.0
743677,GTA.NOV2011.>0.65,Global Temperature Anomaly for Nov 2011 to be greater than 0.65 Degrees C,2011-10-15,0.0,0.0,0.0,15.0,51,0,50.0,15.0
743677,GTA.NOV2011.>0.65,Global Temperature Anomaly for Nov 2011 to be greater than 0.65 Degrees C,2011-10-16,0.0,0.0,0.0,15.0,51,0,50.0,15.0
743677,GTA.NOV2011.>0.65,Global Temperature Anomaly for Nov 2011 to be greater than 0.65 Degrees C,2011-10-17,0.0,0.0,0.0,15.0,51,0,50.0,15.0
743677,GTA.NOV2011.>0.65,Global Temperature Anomaly for Nov 2011 to be greater than 0.65 Degrees C,2011-10-18,0.0,0.0,0.0,15.0,51,0,50.0,15.0
743677,GTA.NOV2011.>0.65,Global Temperature Anomaly for Nov 2011 to be greater than 0.65 Degrees C,2011-10-19,0.0,0.0,0.0,15.0,51,0,50.0,15.0
743677,GTA.NOV2011.>0.65,Global Temperature Anomaly for Nov 2011 to be greater than 0.65 Degrees C,2011-10-20,0.0,0.0,0.0,15.0,51,0,50.0,15.0
743677,GTA.NOV2011.>0.65,Global Temperature Anomaly for Nov 2011 to be greater than 0.65 Degrees C,2011-10-21,0.0,0.0,0.0,15.0,51,0,50.0,15.0
743677,GTA.NOV2011.>0.65,Global Temperature Anomaly for Nov 2011 to be greater than 0.65 Degrees C,2011-10-22,0.0,0.0,0.0,15.0,51,0,50.0,15.0
743677,GTA.NOV2011.>0.65,Global Temperature Anomaly for Nov 2011 to be greater than 0.65 Degrees C,2011-10-23,0.0,0.0,0.0,15.0,51,0,50.0,15.0
743677,GTA.NOV2011.>0.65,Global Temperature Anomaly for Nov 2011 to be greater than 0.65 Degrees C,2011-10-24,0.0,0.0,0.0,15.0,51,0,50.0,15.0
743677,GTA.NOV2011.>0.65,Global Temperature Anomaly for Nov 2011 to be greater than 0.65 Degrees C,2011-10-25,0.0,0.0,0.0,15.0,51,0,50.0,15.0
743677,GTA.NOV2011.>0.65,Global Temperature Anomaly for Nov 2011 to be greater than 0.65 Degrees C,2011-10-26,0.0,0.0,0.0,15.0,51,0,50.0,15.0
743677,GTA.NOV2011.>0.65,Global Temperature Anomaly for Nov 2011 to be greater than 0.65 Degrees C,2011-10-27,0.0,0.0,0.0,15.0,51,0,50.0,15.0
743677,GTA.NOV2011.>0.65,Global Temperature Anomaly for Nov 2011 to be greater than 0.65 Degrees C,2011-10-28,0.0,0.0,0.0,15.0,51,0,50.0,15.0
743677,GTA.NOV2011.>0.65,Global Temperature Anomaly for Nov 2011 to be greater than 0.65 Degrees C,2011-10-29,0.0,0.0,0.0,15.0,51,0,50.0,15.0
743677,GTA.NOV2011.>0.65,Global Temperature Anomaly for Nov 2011 to be greater than 0.65 Degrees C,2011-10-30,0.0,0.0,0.0,15.0,51,0,50.0,15.0
743677,GTA.NOV2011.>0.65,Global Temperature Anomaly for Nov 2011 to be greater than 0.65 Degrees C,2011-10-31,0.0,0.0,0.0,15.0,51,0,50.0,15.0
743677,GTA.NOV2011.>0.65,Global Temperature Anomaly for Nov 2011 to be greater than 0.65 Degrees C,2011-11-01,15.0,15.0,10.0,10.0,61,10,50.0,10.0
743677,GTA.NOV2011.>0.65,Global Temperature Anomaly for Nov 2011 to be greater than 0.65 Degrees C,2011-11-02,8.0,18.0,2.6,2.6,70,30,50.0,2.6
743677,GTA.NOV2011.>0.65,Global Temperature Anomaly for Nov 2011 to be greater than 0.65 Degrees C,2011-11-03,2.5,2.5,2.5,2.5,80,10,50.0,2.5
743677,GTA.NOV2011.>0.65,Global Temperature Anomaly for Nov 2011 to be greater than 0.65 Degrees C,2011-11-04,0.0,0.0,0.0,2.5,80,0,50.0,2.5
743677,GTA.NOV2011.>0.65,Global Temperature Anomaly for Nov 2011 to be greater than 0.65 Degrees C,2011-11-05,2.0,2.0,2.0,2.0,90,10,50.0,2.0
743677,GTA.NOV2011.>0.65,Global Temperature Anomaly for Nov 2011 to be greater than 0.65 Degrees C,2011-11-06,0.0,0.0,0.0,2.0,90,0,50.0,2.0
743677,GTA.NOV2011.>0.65,Global Temperature Anomaly for Nov 2011 to be greater than 0.65 Degrees C,2011-11-07,0.0,0.0,0.0,2.0,90,0,50.0,2.0
743677,GTA.NOV2011.>0.65,Global Temperature Anomaly for Nov 2011 to be greater than 0.65 Degrees C,2011-11-08,2.0,2.0,1.0,1.0,101,11,50.0,1.0
743677,GTA.NOV2011.>0.65,Global Temperature Anomaly for Nov 2011 to be greater than 0.65 Degrees C,2011-11-09,2.0,2.0,2.0,2.0,111,10,50.0,1.0
743677,GTA.NOV2011.>0.65,Global Temperature Anomaly for Nov 2011 to be greater than 0.65 Degrees C,2011-11-10,0.0,0.0,0.0,2.0,111,0,50.0,1.0
743677,GTA.NOV2011.>0.65,Global Temperature Anomaly for Nov 2011 to be greater than 0.65 Degrees C,2011-11-11,0.0,0.0,0.0,2.0,111,0,50.0,1.0
743677,GTA.NOV2011.>0.65,Global Temperature Anomaly for Nov 2011 to be greater than 0.65 Degrees C,2011-11-12,0.0,0.0,0.0,2.0,111,0,50.0,1.0
743677,GTA.NOV2011.>0.65,Global Temperature Anomaly for Nov 2011 to be greater than 0.65 Degrees C,2011-11-13,0.0,0.0,0.0,2.0,111,0,50.0,1.0
743677,GTA.NOV2011.>0.65,Global Temperature Anomaly for Nov 2011 to be greater than 0.65 Degrees C,2011-11-14,0.0,0.0,0.0,2.0,111,0,50.0,1.0
743677,GTA.NOV2011.>0.65,Global Temperature Anomaly for Nov 2011 to be greater than 0.65 Degrees C,2011-11-15,0.0,0.0,0.0,2.0,111,0,50.0,1.0
743677,GTA.NOV2011.>0.65,Global Temperature Anomaly for Nov 2011 to be greater than 0.65 Degrees C,2011-11-16,0.0,0.0,0.0,2.0,111,0,50.0,1.0
743677,GTA.NOV2011.>0.65,Global Temperature Anomaly for Nov 2011 to be greater than 0.65 Degrees C,2011-11-17,0.0,0.0,0.0,2.0,111,0,50.0,1.0
743677,GTA.NOV2011.>0.65,Global Temperature Anomaly for Nov 2011 to be greater than 0.65 Degrees C,2011-11-18,0.0,0.0,0.0,2.0,111,0,50.0,1.0
743677,GTA.NOV2011.>0.65,Global Temperature Anomaly for Nov 2011 to be greater than 0.65 Degrees C,2011-11-19,0.0,0.0,0.0,2.0,111,0,50.0,1.0
743677,GTA.NOV2011.>0.65,Global Temperature Anomaly for Nov 2011 to be greater than 0.65 Degrees C,2011-11-20,0.0,0.0,0.0,2.0,111,0,50.0,1.0
743677,GTA.NOV2011.>0.65,Global Temperature Anomaly for Nov 2011 to be greater than 0.65 Degrees C,2011-11-21,8.0,8.0,8.0,8.0,111,3,50.0,1.0
743677,GTA.NOV2011.>0.65,Global Temperature Anomaly for Nov 2011 to be greater than 0.65 Degrees C,2011-11-22,0.0,0.0,0.0,8.0,111,0,50.0,1.0
743677,GTA.NOV2011.>0.65,Global Temperature Anomaly for Nov 2011 to be greater than 0.65 Degrees C,2011-11-23,0.0,0.0,0.0,8.0,111,0,50.0,1.0
743677,GTA.NOV2011.>0.65,Global Temperature Anomaly for Nov 2011 to be greater than 0.65 Degrees C,2011-11-24,0.0,0.0,0.0,8.0,111,0,50.0,1.0
743677,GTA.NOV2011.>0.65,Global Temperature Anomaly for Nov 2011 to be greater than 0.65 Degrees C,2011-11-25,0.0,0.0,0.0,8.0,111,0,50.0,1.0
743677,GTA.NOV2011.>0.65,Global Temperature Anomaly for Nov 2011 to be greater than 0.65 Degrees C,2011-11-26,0.0,0.0,0.0,8.0,111,0,50.0,1.0
743677,GTA.NOV2011.>0.65,Global Temperature Anomaly for Nov 2011 to be greater than 0.65 Degrees C,2011-11-27,8.0,8.0,8.0,8.0,111,2,50.0,1.0
743677,GTA.NOV2011.>0.65,Global Temperature Anomaly for Nov 2011 to be greater than 0.65 Degrees C,2011-11-28,0.0,0.0,0.0,8.0,111,0,50.0,1.0
743677,GTA.NOV2011.>0.65,Global Temperature Anomaly for Nov 2011 to be greater than 0.65 Degrees C,2011-11-29,8.0,8.0,8.0,8.0,111,3,50.0,1.0
743677,GTA.NOV2011.>0.65,Global Temperature Anomaly for Nov 2011 to be greater than 0.65 Degrees C,2011-11-30,0.0,0.0,0.0,8.0,111,0,50.0,1.0
743677,GTA.NOV2011.>0.65,Global Temperature Anomaly for Nov 2011 to be greater than 0.65 Degrees C,2011-12-01,0.0,0.0,0.0,8.0,111,0,50.0,1.0
743677,GTA.NOV2011.>0.65,Global Temperature Anomaly for Nov 2011 to be greater than 0.65 Degrees C,2011-12-02,0.0,0.0,0.0,8.0,111,0,50.0,1.0
743677,GTA.NOV2011.>0.65,Global Temperature Anomaly for Nov 2011 to be greater than 0.65 Degrees C,2011-12-03,0.0,0.0,0.0,8.0,111,0,50.0,1.0
743677,GTA.NOV2011.>0.65,Global Temperature Anomaly for Nov 2011 to be greater than 0.65 Degrees C,2011-12-04,0.0,0.0,0.0,8.0,111,0,50.0,1.0
743677,GTA.NOV2011.>0.65,Global Temperature Anomaly for Nov 2011 to be greater than 0.65 Degrees C,2011-12-05,0.0,0.0,0.0,8.0,111,0,50.0,1.0
743677,GTA.NOV2011.>0.65,Global Temperature Anomaly for Nov 2011 to be greater than 0.65 Degrees C,2011-12-06,0.0,0.0,0.0,8.0,111,0,50.0,1.0
743677,GTA.NOV2011.>0.65,Global Temperature Anomaly for Nov 2011 to be greater than 0.65 Degrees C,2011-12-07,0.0,0.0,0.0,8.0,111,0,50.0,1.0
743677,GTA.NOV2011.>0.65,Global Temperature Anomaly for Nov 2011 to be greater than 0.65 Degrees C,2011-12-08,0.0,0.0,0.0,8.0,111,0,50.0,1.0
743677,GTA.NOV2011.>0.65,Global Temperature Anomaly for Nov 2011 to be greater than 0.65 Degrees C,2011-12-09,0.0,0.0,0.0,8.0,111,0,50.0,1.0
743677,GTA.NOV2011.>0.65,Global Temperature Anomaly for Nov 2011 to be greater than 0.65 Degrees C,2011-12-10,0.0,0.0,0.0,8.0,111,0,50.0,1.0
743677,GTA.NOV2011.>0.65,Global Temperature Anomaly for Nov 2011 to be greater than 0.65 Degrees C,2011-12-11,0.0,0.0,0.0,8.0,111,0,50.0,1.0
743677,GTA.NOV2011.>0.65,Global Temperature Anomaly for Nov 2011 to be greater than 0.65 Degrees C,2011-12-12,0.0,0.0,0.0,8.0,111,0,50.0,1.0
743677,GTA.NOV2011.>0.65,Global Temperature Anomaly for Nov 2011 to be greater than 0.65 Degrees C,2011-12-13,0.0,0.0,0.0,8.0,111,0,50.0,1.0
743677,GTA.NOV2011.>0.65,Global Temperature Anomaly for Nov 2011 to be greater than 0.65 Degrees C,2011-12-14,0.0,0.0,0.0,8.0,111,0,50.0,1.0
743677,GTA.NOV2011.>0.65,Global Temperature Anomaly for Nov 2011 to be greater than 0.65 Degrees C,2011-12-15,0.0,0.0,0.0,8.0,111,0,50.0,1.0
743677,GTA.NOV2011.>0.65,Global Temperature Anomaly for Nov 2011 to be greater than 0.65 Degrees C,2011-12-16,0.0,0.0,0.0,8.0,111,0,50.0,1.0
743677,GTA.NOV2011.>0.65,Global Temperature Anomaly for Nov 2011 to be greater than 0.65 Degrees C,2011-12-17,0.0,0.0,0.0,8.0,111,0,50.0,1.0
743677,GTA.NOV2011.>0.65,Global Temperature Anomaly for Nov 2011 to be greater than 0.65 Degrees C,2011-12-18,0.0,0.0,0.0,8.0,111,0,50.0,1.0
743677,GTA.NOV2011.>0.65,Global Temperature Anomaly for Nov 2011 to be greater than 0.65 Degrees C,2011-12-19,0.0,0.0,0.0,8.0,111,0,50.0,1.0
743677,GTA.NOV2011.>0.65,Global Temperature Anomaly for Nov 2011 to be greater than 0.65 Degrees C,2011-12-20,0.0,0.0,0.0,8.0,111,0,50.0,1.0
743677,GTA.NOV2011.>0.65,Global Temperature Anomaly for Nov 2011 to be greater than 0.65 Degrees C,2011-12-21,0.0,0.0,0.0,8.0,111,0,50.0,1.0
743677,GTA.NOV2011.>0.65,Global Temperature Anomaly for Nov 2011 to be greater than 0.65 Degrees C,2011-12-22,0.0,0.0,0.0,8.0,111,0,50.0,1.0
743677,GTA.NOV2011.>0.65,Global Temperature Anomaly for Nov 2011 to be greater than 0.65 Degrees C,2011-12-23,0.0,0.0,0.0,8.0,111,0,50.0,1.0
743677,GTA.NOV2011.>0.65,Global Temperature Anomaly for Nov 2011 to be greater than 0.65 Degrees C,2011-12-24,0.0,0.0,0.0,8.0,111,0,50.0,1.0
743677,GTA.NOV2011.>0.65,Global Temperature Anomaly for Nov 2011 to be greater than 0.65 Degrees C,2011-12-25,0.0,0.0,0.0,8.0,111,0,50.0,1.0
743677,GTA.NOV2011.>0.65,Global Temperature Anomaly for Nov 2011 to be greater than 0.65 Degrees C,2011-12-26,0.0,0.0,0.0,8.0,111,0,50.0,1.0
743677,GTA.NOV2011.>0.65,Global Temperature Anomaly for Nov 2011 to be greater than 0.65 Degrees C,2011-12-27,0.0,0.0,0.0,8.0,111,0,50.0,1.0
743677,GTA.NOV2011.>0.65,Global Temperature Anomaly for Nov 2011 to be greater than 0.65 Degrees C,2011-12-28,0.0,0.0,0.0,8.0,111,0,50.0,1.0
