market id,market symbol,market name,business day,session open,session high,session low,closing price,open interest,session trade volume,lifetime high,lifetime low
743675,GTA.SEP2011.>0.65,Global Temperature Anomaly for Sep 2011 to be greater than 0.65 Degrees C,2010-11-18,0.0,0.0,0.0,0.0,0,0,0.0,0.0
743675,GTA.SEP2011.>0.65,Global Temperature Anomaly for Sep 2011 to be greater than 0.65 Degrees C,2010-11-19,0.0,0.0,0.0,0.0,0,0,0.0,0.0
743675,GTA.SEP2011.>0.65,Global Temperature Anomaly for Sep 2011 to be greater than 0.65 Degrees C,2010-11-20,0.0,0.0,0.0,0.0,0,0,0.0,0.0
743675,GTA.SEP2011.>0.65,Global Temperature Anomaly for Sep 2011 to be greater than 0.65 Degrees C,2010-11-21,0.0,0.0,0.0,0.0,0,0,0.0,0.0
743675,GTA.SEP2011.>0.65,Global Temperature Anomaly for Sep 2011 to be greater than 0.65 Degrees C,2010-11-22,0.0,0.0,0.0,0.0,0,0,0.0,0.0
743675,GTA.SEP2011.>0.65,Global Temperature Anomaly for Sep 2011 to be greater than 0.65 Degrees C,2010-11-23,,,,,0,0,,
743675,GTA.SEP2011.>0.65,Global Temperature Anomaly for Sep 2011 to be greater than 0.65 Degrees C,2010-11-24,,,,,0,0,,
743675,GTA.SEP2011.>0.65,Global Temperature Anomaly for Sep 2011 to be greater than 0.65 Degrees C,2010-11-25,,,,,0,0,,
743675,GTA.SEP2011.>0.65,Global Temperature Anomaly for Sep 2011 to be greater than 0.65 Degrees C,2010-11-26,,,,,0,0,,
743675,GTA.SEP2011.>0.65,Global Temperature Anomaly for Sep 2011 to be greater than 0.65 Degrees C,2010-11-27,,,,,0,0,,
743675,GTA.SEP2011.>0.65,Global Temperature Anomaly for Sep 2011 to be greater than 0.65 Degrees C,2010-11-28,,,,,0,0,,
743675,GTA.SEP2011.>0.65,Global Temperature Anomaly for Sep 2011 to be greater than 0.65 Degrees C,2010-11-29,,,,,0,0,,
743675,GTA.SEP2011.>0.65,Global Temperature Anomaly for Sep 2011 to be greater than 0.65 Degrees C,2010-11-30,,,,,0,0,,
743675,GTA.SEP2011.>0.65,Global Temperature Anomaly for Sep 2011 to be greater than 0.65 Degrees C,2010-12-01,,,,,0,0,,
743675,GTA.SEP2011.>0.65,Global Temperature Anomaly for Sep 2011 to be greater than 0.65 Degrees C,2010-12-02,,,,,0,0,,
743675,GTA.SEP2011.>0.65,Global Temperature Anomaly for Sep 2011 to be greater than 0.65 Degrees C,2010-12-03,,,,,0,0,,
743675,GTA.SEP2011.>0.65,Global Temperature Anomaly for Sep 2011 to be greater than 0.65 Degrees C,2010-12-04,,,,,0,0,,
743675,GTA.SEP2011.>0.65,Global Temperature Anomaly for Sep 2011 to be greater than 0.65 Degrees C,2010-12-05,,,,,0,0,,
743675,GTA.SEP2011.>0.65,Global Temperature Anomaly for Sep 2011 to be greater than 0.65 Degrees C,2010-12-06,,,,,0,0,,
743675,GTA.SEP2011.>0.65,Global Temperature Anomaly for Sep 2011 to be greater than 0.65 Degrees C,2010-12-07,,,,,0,0,,
743675,GTA.SEP2011.>0.65,Global Temperature Anomaly for Sep 2011 to be greater than 0.65 Degrees C,2010-12-08,,,,,0,0,,
743675,GTA.SEP2011.>0.65,Global Temperature Anomaly for Sep 2011 to be greater than 0.65 Degrees C,2010-12-09,,,,,0,0,,
743675,GTA.SEP2011.>0.65,Global Temperature Anomaly for Sep 2011 to be greater than 0.65 Degrees C,2010-12-10,,,,,0,0,,
743675,GTA.SEP2011.>0.65,Global Temperature Anomaly for Sep 2011 to be greater than 0.65 Degrees C,2010-12-11,,,,,0,0,,
743675,GTA.SEP2011.>0.65,Global Temperature Anomaly for Sep 2011 to be greater than 0.65 Degrees C,2010-12-12,,,,,0,0,,
743675,GTA.SEP2011.>0.65,Global Temperature Anomaly for Sep 2011 to be greater than 0.65 Degrees C,2010-12-13,,,,,0,0,,
743675,GTA.SEP2011.>0.65,Global Temperature Anomaly for Sep 2011 to be greater than 0.65 Degrees C,2010-12-14,,,,,0,0,,
743675,GTA.SEP2011.>0.65,Global Temperature Anomaly for Sep 2011 to be greater than 0.65 Degrees C,2010-12-15,,,,,0,0,,
743675,GTA.SEP2011.>0.65,Global Temperature Anomaly for Sep 2011 to be greater than 0.65 Degrees C,2010-12-16,,,,,0,0,,
743675,GTA.SEP2011.>0.65,Global Temperature Anomaly for Sep 2011 to be greater than 0.65 Degrees C,2010-12-17,,,,,0,0,,
743675,GTA.SEP2011.>0.65,Global Temperature Anomaly for Sep 2011 to be greater than 0.65 Degrees C,2010-12-18,,,,,0,0,,
743675,GTA.SEP2011.>0.65,Global Temperature Anomaly for Sep 2011 to be greater than 0.65 Degrees C,2010-12-19,,,,,0,0,,
743675,GTA.SEP2011.>0.65,Global Temperature Anomaly for Sep 2011 to be greater than 0.65 Degrees C,2010-12-20,,,,,0,0,,
743675,GTA.SEP2011.>0.65,Global Temperature Anomaly for Sep 2011 to be greater than 0.65 Degrees C,2010-12-21,,,,,0,0,,
743675,GTA.SEP2011.>0.65,Global Temperature Anomaly for Sep 2011 to be greater than 0.65 Degrees C,2010-12-22,,,,,0,0,,
743675,GTA.SEP2011.>0.65,Global Temperature Anomaly for Sep 2011 to be greater than 0.65 Degrees C,2010-12-23,40.0,40.0,40.0,40.0,1,1,40.0,40.0
743675,GTA.SEP2011.>0.65,Global Temperature Anomaly for Sep 2011 to be greater than 0.65 Degrees C,2010-12-24,,,,40.0,1,0,40.0,40.0
743675,GTA.SEP2011.>0.65,Global Temperature Anomaly for Sep 2011 to be greater than 0.65 Degrees C,2010-12-25,,,,40.0,1,0,40.0,40.0
743675,GTA.SEP2011.>0.65,Global Temperature Anomaly for Sep 2011 to be greater than 0.65 Degrees C,2010-12-26,,,,40.0,1,0,40.0,40.0
743675,GTA.SEP2011.>0.65,Global Temperature Anomaly for Sep 2011 to be greater than 0.65 Degrees C,2010-12-27,0.0,0.0,0.0,40.0,1,0,40.0,40.0
743675,GTA.SEP2011.>0.65,Global Temperature Anomaly for Sep 2011 to be greater than 0.65 Degrees C,2010-12-28,0.0,0.0,0.0,40.0,1,0,40.0,40.0
743675,GTA.SEP2011.>0.65,Global Temperature Anomaly for Sep 2011 to be greater than 0.65 Degrees C,2010-12-29,0.0,0.0,0.0,40.0,1,0,40.0,40.0
743675,GTA.SEP2011.>0.65,Global Temperature Anomaly for Sep 2011 to be greater than 0.65 Degrees C,2010-12-30,0.0,0.0,0.0,40.0,1,0,40.0,40.0
743675,GTA.SEP2011.>0.65,Global Temperature Anomaly for Sep 2011 to be greater than 0.65 Degrees C,2010-12-31,0.0,0.0,0.0,40.0,1,0,40.0,40.0
743675,GTA.SEP2011.>0.65,Global Temperature Anomaly for Sep 2011 to be greater than 0.65 Degrees C,2011-01-01,0.0,0.0,0.0,40.0,1,0,40.0,40.0
743675,GTA.SEP2011.>0.65,Global Temperature Anomaly for Sep 2011 to be greater than 0.65 Degrees C,2011-01-02,0.0,0.0,0.0,40.0,1,0,40.0,40.0
743675,GTA.SEP2011.>0.65,Global Temperature Anomaly for Sep 2011 to be greater than 0.65 Degrees C,2011-01-03,0.0,0.0,0.0,40.0,1,0,40.0,40.0
743675,GTA.SEP2011.>0.65,Global Temperature Anomaly for Sep 2011 to be greater than 0.65 Degrees C,2011-01-04,0.0,0.0,0.0,40.0,1,0,40.0,40.0
743675,GTA.SEP2011.>0.65,Global Temperature Anomaly for Sep 2011 to be greater than 0.65 Degrees C,2011-01-05,0.0,0.0,0.0,40.0,1,0,40.0,40.0
743675,GTA.SEP2011.>0.65,Global Temperature Anomaly for Sep 2011 to be greater than 0.65 Degrees C,2011-01-06,40.0,40.0,40.0,40.0,9,8,40.0,40.0
743675,GTA.SEP2011.>0.65,Global Temperature Anomaly for Sep 2011 to be greater than 0.65 Degrees C,2011-01-07,0.0,0.0,0.0,40.0,9,0,40.0,40.0
743675,GTA.SEP2011.>0.65,Global Temperature Anomaly for Sep 2011 to be greater than 0.65 Degrees C,2011-01-08,0.0,0.0,0.0,40.0,9,0,40.0,40.0
743675,GTA.SEP2011.>0.65,Global Temperature Anomaly for Sep 2011 to be greater than 0.65 Degrees C,2011-01-09,0.0,0.0,0.0,40.0,9,0,40.0,40.0
743675,GTA.SEP2011.>0.65,Global Temperature Anomaly for Sep 2011 to be greater than 0.65 Degrees C,2011-01-10,0.0,0.0,0.0,40.0,9,0,40.0,40.0
743675,GTA.SEP2011.>0.65,Global Temperature Anomaly for Sep 2011 to be greater than 0.65 Degrees C,2011-01-11,0.0,0.0,0.0,40.0,9,0,40.0,40.0
743675,GTA.SEP2011.>0.65,Global Temperature Anomaly for Sep 2011 to be greater than 0.65 Degrees C,2011-01-12,0.0,0.0,0.0,40.0,9,0,40.0,40.0
743675,GTA.SEP2011.>0.65,Global Temperature Anomaly for Sep 2011 to be greater than 0.65 Degrees C,2011-01-13,0.0,0.0,0.0,40.0,9,0,40.0,40.0
743675,GTA.SEP2011.>0.65,Global Temperature Anomaly for Sep 2011 to be greater than 0.65 Degrees C,2011-01-14,0.0,0.0,0.0,40.0,9,0,40.0,40.0
743675,GTA.SEP2011.>0.65,Global Temperature Anomaly for Sep 2011 to be greater than 0.65 Degrees C,2011-01-15,0.0,0.0,0.0,40.0,9,0,40.0,40.0
743675,GTA.SEP2011.>0.65,Global Temperature Anomaly for Sep 2011 to be greater than 0.65 Degrees C,2011-01-16,0.0,0.0,0.0,40.0,9,0,40.0,40.0
743675,GTA.SEP2011.>0.65,Global Temperature Anomaly for Sep 2011 to be greater than 0.65 Degrees C,2011-01-17,0.0,0.0,0.0,40.0,9,0,40.0,40.0
743675,GTA.SEP2011.>0.65,Global Temperature Anomaly for Sep 2011 to be greater than 0.65 Degrees C,2011-01-18,0.0,0.0,0.0,40.0,9,0,40.0,40.0
743675,GTA.SEP2011.>0.65,Global Temperature Anomaly for Sep 2011 to be greater than 0.65 Degrees C,2011-01-19,0.0,0.0,0.0,40.0,9,0,40.0,40.0
743675,GTA.SEP2011.>0.65,Global Temperature Anomaly for Sep 2011 to be greater than 0.65 Degrees C,2011-01-20,0.0,0.0,0.0,40.0,9,0,40.0,40.0
743675,GTA.SEP2011.>0.65,Global Temperature Anomaly for Sep 2011 to be greater than 0.65 Degrees C,2011-01-21,0.0,0.0,0.0,40.0,9,0,40.0,40.0
743675,GTA.SEP2011.>0.65,Global Temperature Anomaly for Sep 2011 to be greater than 0.65 Degrees C,2011-01-22,0.0,0.0,0.0,40.0,9,0,40.0,40.0
743675,GTA.SEP2011.>0.65,Global Temperature Anomaly for Sep 2011 to be greater than 0.65 Degrees C,2011-01-23,0.0,0.0,0.0,40.0,9,0,40.0,40.0
743675,GTA.SEP2011.>0.65,Global Temperature Anomaly for Sep 2011 to be greater than 0.65 Degrees C,2011-01-24,0.0,0.0,0.0,40.0,9,0,40.0,40.0
743675,GTA.SEP2011.>0.65,Global Temperature Anomaly for Sep 2011 to be greater than 0.65 Degrees C,2011-01-25,0.0,0.0,0.0,40.0,9,0,40.0,40.0
743675,GTA.SEP2011.>0.65,Global Temperature Anomaly for Sep 2011 to be greater than 0.65 Degrees C,2011-01-26,0.0,0.0,0.0,40.0,9,0,40.0,40.0
743675,GTA.SEP2011.>0.65,Global Temperature Anomaly for Sep 2011 to be greater than 0.65 Degrees C,2011-01-27,0.0,0.0,0.0,40.0,9,0,40.0,40.0
743675,GTA.SEP2011.>0.65,Global Temperature Anomaly for Sep 2011 to be greater than 0.65 Degrees C,2011-01-28,0.0,0.0,0.0,40.0,9,0,40.0,40.0
743675,GTA.SEP2011.>0.65,Global Temperature Anomaly for Sep 2011 to be greater than 0.65 Degrees C,2011-01-29,0.0,0.0,0.0,40.0,9,0,40.0,40.0
743675,GTA.SEP2011.>0.65,Global Temperature Anomaly for Sep 2011 to be greater than 0.65 Degrees C,2011-01-30,0.0,0.0,0.0,40.0,9,0,40.0,40.0
743675,GTA.SEP2011.>0.65,Global Temperature Anomaly for Sep 2011 to be greater than 0.65 Degrees C,2011-01-31,0.0,0.0,0.0,40.0,9,0,40.0,40.0
743675,GTA.SEP2011.>0.65,Global Temperature Anomaly for Sep 2011 to be greater than 0.65 Degrees C,2011-02-01,0.0,0.0,0.0,40.0,9,0,40.0,40.0
743675,GTA.SEP2011.>0.65,Global Temperature Anomaly for Sep 2011 to be greater than 0.65 Degrees C,2011-02-02,0.0,0.0,0.0,40.0,9,0,40.0,40.0
743675,GTA.SEP2011.>0.65,Global Temperature Anomaly for Sep 2011 to be greater than 0.65 Degrees C,2011-02-03,0.0,0.0,0.0,40.0,9,0,40.0,40.0
743675,GTA.SEP2011.>0.65,Global Temperature Anomaly for Sep 2011 to be greater than 0.65 Degrees C,2011-02-04,0.0,0.0,0.0,40.0,9,0,40.0,40.0
743675,GTA.SEP2011.>0.65,Global Temperature Anomaly for Sep 2011 to be greater than 0.65 Degrees C,2011-02-05,0.0,0.0,0.0,40.0,9,0,40.0,40.0
743675,GTA.SEP2011.>0.65,Global Temperature Anomaly for Sep 2011 to be greater than 0.65 Degrees C,2011-02-06,0.0,0.0,0.0,40.0,9,0,40.0,40.0
743675,GTA.SEP2011.>0.65,Global Temperature Anomaly for Sep 2011 to be greater than 0.65 Degrees C,2011-02-07,0.0,0.0,0.0,40.0,9,0,40.0,40.0
743675,GTA.SEP2011.>0.65,Global Temperature Anomaly for Sep 2011 to be greater than 0.65 Degrees C,2011-02-08,0.0,0.0,0.0,40.0,9,0,40.0,40.0
743675,GTA.SEP2011.>0.65,Global Temperature Anomaly for Sep 2011 to be greater than 0.65 Degrees C,2011-02-09,0.0,0.0,0.0,40.0,9,0,40.0,40.0
743675,GTA.SEP2011.>0.65,Global Temperature Anomaly for Sep 2011 to be greater than 0.65 Degrees C,2011-02-10,0.0,0.0,0.0,40.0,9,0,40.0,40.0
743675,GTA.SEP2011.>0.65,Global Temperature Anomaly for Sep 2011 to be greater than 0.65 Degrees C,2011-02-11,0.0,0.0,0.0,40.0,9,0,40.0,40.0
743675,GTA.SEP2011.>0.65,Global Temperature Anomaly for Sep 2011 to be greater than 0.65 Degrees C,2011-02-12,0.0,0.0,0.0,40.0,9,0,40.0,40.0
743675,GTA.SEP2011.>0.65,Global Temperature Anomaly for Sep 2011 to be greater than 0.65 Degrees C,2011-02-13,0.0,0.0,0.0,40.0,9,0,40.0,40.0
743675,GTA.SEP2011.>0.65,Global Temperature Anomaly for Sep 2011 to be greater than 0.65 Degrees C,2011-02-14,0.0,0.0,0.0,40.0,9,0,40.0,40.0
743675,GTA.SEP2011.>0.65,Global Temperature Anomaly for Sep 2011 to be greater than 0.65 Degrees C,2011-02-15,0.0,0.0,0.0,40.0,9,0,40.0,40.0
743675,GTA.SEP2011.>0.65,Global Temperature Anomaly for Sep 2011 to be greater than 0.65 Degrees C,2011-02-16,0.0,0.0,0.0,40.0,9,0,40.0,40.0
743675,GTA.SEP2011.>0.65,Global Temperature Anomaly for Sep 2011 to be greater than 0.65 Degrees C,2011-02-17,0.0,0.0,0.0,40.0,9,0,40.0,40.0
743675,GTA.SEP2011.>0.65,Global Temperature Anomaly for Sep 2011 to be greater than 0.65 Degrees C,2011-02-18,0.0,0.0,0.0,40.0,9,0,40.0,40.0
743675,GTA.SEP2011.>0.65,Global Temperature Anomaly for Sep 2011 to be greater than 0.65 Degrees C,2011-02-19,0.0,0.0,0.0,40.0,9,0,40.0,40.0
743675,GTA.SEP2011.>0.65,Global Temperature Anomaly for Sep 2011 to be greater than 0.65 Degrees C,2011-02-20,0.0,0.0,0.0,40.0,9,0,40.0,40.0
743675,GTA.SEP2011.>0.65,Global Temperature Anomaly for Sep 2011 to be greater than 0.65 Degrees C,2011-02-21,40.0,40.0,37.0,40.0,19,14,40.0,37.0
743675,GTA.SEP2011.>0.65,Global Temperature Anomaly for Sep 2011 to be greater than 0.65 Degrees C,2011-02-22,0.0,0.0,0.0,40.0,19,0,40.0,37.0
743675,GTA.SEP2011.>0.65,Global Temperature Anomaly for Sep 2011 to be greater than 0.65 Degrees C,2011-02-23,0.0,0.0,0.0,40.0,19,0,40.0,37.0
743675,GTA.SEP2011.>0.65,Global Temperature Anomaly for Sep 2011 to be greater than 0.65 Degrees C,2011-02-24,0.0,0.0,0.0,40.0,19,0,40.0,37.0
743675,GTA.SEP2011.>0.65,Global Temperature Anomaly for Sep 2011 to be greater than 0.65 Degrees C,2011-02-25,0.0,0.0,0.0,40.0,19,0,40.0,37.0
743675,GTA.SEP2011.>0.65,Global Temperature Anomaly for Sep 2011 to be greater than 0.65 Degrees C,2011-02-26,0.0,0.0,0.0,40.0,19,0,40.0,37.0
743675,GTA.SEP2011.>0.65,Global Temperature Anomaly for Sep 2011 to be greater than 0.65 Degrees C,2011-02-27,0.0,0.0,0.0,40.0,19,0,40.0,37.0
743675,GTA.SEP2011.>0.65,Global Temperature Anomaly for Sep 2011 to be greater than 0.65 Degrees C,2011-02-28,40.0,40.0,40.0,40.0,19,4,40.0,37.0
743675,GTA.SEP2011.>0.65,Global Temperature Anomaly for Sep 2011 to be greater than 0.65 Degrees C,2011-03-01,0.0,0.0,0.0,40.0,19,0,40.0,37.0
743675,GTA.SEP2011.>0.65,Global Temperature Anomaly for Sep 2011 to be greater than 0.65 Degrees C,2011-03-02,0.0,0.0,0.0,40.0,19,0,40.0,37.0
743675,GTA.SEP2011.>0.65,Global Temperature Anomaly for Sep 2011 to be greater than 0.65 Degrees C,2011-03-03,0.0,0.0,0.0,40.0,19,0,40.0,37.0
743675,GTA.SEP2011.>0.65,Global Temperature Anomaly for Sep 2011 to be greater than 0.65 Degrees C,2011-03-04,0.0,0.0,0.0,40.0,19,0,40.0,37.0
743675,GTA.SEP2011.>0.65,Global Temperature Anomaly for Sep 2011 to be greater than 0.65 Degrees C,2011-03-05,0.0,0.0,0.0,40.0,19,0,40.0,37.0
743675,GTA.SEP2011.>0.65,Global Temperature Anomaly for Sep 2011 to be greater than 0.65 Degrees C,2011-03-06,34.0,35.0,34.0,34.0,33,18,40.0,34.0
743675,GTA.SEP2011.>0.65,Global Temperature Anomaly for Sep 2011 to be greater than 0.65 Degrees C,2011-03-07,0.0,0.0,0.0,34.0,33,0,40.0,34.0
743675,GTA.SEP2011.>0.65,Global Temperature Anomaly for Sep 2011 to be greater than 0.65 Degrees C,2011-03-08,0.0,0.0,0.0,34.0,33,0,40.0,34.0
743675,GTA.SEP2011.>0.65,Global Temperature Anomaly for Sep 2011 to be greater than 0.65 Degrees C,2011-03-09,0.0,0.0,0.0,34.0,33,0,40.0,34.0
743675,GTA.SEP2011.>0.65,Global Temperature Anomaly for Sep 2011 to be greater than 0.65 Degrees C,2011-03-10,0.0,0.0,0.0,34.0,33,0,40.0,34.0
743675,GTA.SEP2011.>0.65,Global Temperature Anomaly for Sep 2011 to be greater than 0.65 Degrees C,2011-03-11,0.0,0.0,0.0,34.0,33,0,40.0,34.0
743675,GTA.SEP2011.>0.65,Global Temperature Anomaly for Sep 2011 to be greater than 0.65 Degrees C,2011-03-12,0.0,0.0,0.0,34.0,33,0,40.0,34.0
743675,GTA.SEP2011.>0.65,Global Temperature Anomaly for Sep 2011 to be greater than 0.65 Degrees C,2011-03-13,0.0,0.0,0.0,34.0,33,0,40.0,34.0
743675,GTA.SEP2011.>0.65,Global Temperature Anomaly for Sep 2011 to be greater than 0.65 Degrees C,2011-03-14,0.0,0.0,0.0,34.0,33,0,40.0,34.0
743675,GTA.SEP2011.>0.65,Global Temperature Anomaly for Sep 2011 to be greater than 0.65 Degrees C,2011-03-15,0.0,0.0,0.0,34.0,33,0,40.0,34.0
743675,GTA.SEP2011.>0.65,Global Temperature Anomaly for Sep 2011 to be greater than 0.65 Degrees C,2011-03-16,0.0,0.0,0.0,34.0,33,0,40.0,34.0
743675,GTA.SEP2011.>0.65,Global Temperature Anomaly for Sep 2011 to be greater than 0.65 Degrees C,2011-03-17,0.0,0.0,0.0,34.0,33,0,40.0,34.0
743675,GTA.SEP2011.>0.65,Global Temperature Anomaly for Sep 2011 to be greater than 0.65 Degrees C,2011-03-18,0.0,0.0,0.0,34.0,33,0,40.0,34.0
743675,GTA.SEP2011.>0.65,Global Temperature Anomaly for Sep 2011 to be greater than 0.65 Degrees C,2011-03-19,0.0,0.0,0.0,34.0,33,0,40.0,34.0
743675,GTA.SEP2011.>0.65,Global Temperature Anomaly for Sep 2011 to be greater than 0.65 Degrees C,2011-03-20,0.0,0.0,0.0,34.0,33,0,40.0,34.0
743675,GTA.SEP2011.>0.65,Global Temperature Anomaly for Sep 2011 to be greater than 0.65 Degrees C,2011-03-21,0.0,0.0,0.0,34.0,33,0,40.0,34.0
743675,GTA.SEP2011.>0.65,Global Temperature Anomaly for Sep 2011 to be greater than 0.65 Degrees C,2011-03-22,0.0,0.0,0.0,34.0,33,0,40.0,34.0
743675,GTA.SEP2011.>0.65,Global Temperature Anomaly for Sep 2011 to be greater than 0.65 Degrees C,2011-03-23,0.0,0.0,0.0,34.0,33,0,40.0,34.0
743675,GTA.SEP2011.>0.65,Global Temperature Anomaly for Sep 2011 to be greater than 0.65 Degrees C,2011-03-24,0.0,0.0,0.0,34.0,33,0,40.0,34.0
743675,GTA.SEP2011.>0.65,Global Temperature Anomaly for Sep 2011 to be greater than 0.65 Degrees C,2011-03-25,0.0,0.0,0.0,34.0,33,0,40.0,34.0
743675,GTA.SEP2011.>0.65,Global Temperature Anomaly for Sep 2011 to be greater than 0.65 Degrees C,2011-03-26,0.0,0.0,0.0,34.0,33,0,40.0,34.0
743675,GTA.SEP2011.>0.65,Global Temperature Anomaly for Sep 2011 to be greater than 0.65 Degrees C,2011-03-27,0.0,0.0,0.0,34.0,33,0,40.0,34.0
743675,GTA.SEP2011.>0.65,Global Temperature Anomaly for Sep 2011 to be greater than 0.65 Degrees C,2011-03-28,0.0,0.0,0.0,34.0,33,0,40.0,34.0
743675,GTA.SEP2011.>0.65,Global Temperature Anomaly for Sep 2011 to be greater than 0.65 Degrees C,2011-03-29,0.0,0.0,0.0,34.0,33,0,40.0,34.0
743675,GTA.SEP2011.>0.65,Global Temperature Anomaly for Sep 2011 to be greater than 0.65 Degrees C,2011-03-30,0.0,0.0,0.0,34.0,33,0,40.0,34.0
743675,GTA.SEP2011.>0.65,Global Temperature Anomaly for Sep 2011 to be greater than 0.65 Degrees C,2011-03-31,0.0,0.0,0.0,34.0,33,0,40.0,34.0
743675,GTA.SEP2011.>0.65,Global Temperature Anomaly for Sep 2011 to be greater than 0.65 Degrees C,2011-04-01,0.0,0.0,0.0,34.0,33,0,40.0,34.0
743675,GTA.SEP2011.>0.65,Global Temperature Anomaly for Sep 2011 to be greater than 0.65 Degrees C,2011-04-02,0.0,0.0,0.0,34.0,33,0,40.0,34.0
743675,GTA.SEP2011.>0.65,Global Temperature Anomaly for Sep 2011 to be greater than 0.65 Degrees C,2011-04-03,0.0,0.0,0.0,34.0,33,0,40.0,34.0
743675,GTA.SEP2011.>0.65,Global Temperature Anomaly for Sep 2011 to be greater than 0.65 Degrees C,2011-04-04,0.0,0.0,0.0,34.0,33,0,40.0,34.0
743675,GTA.SEP2011.>0.65,Global Temperature Anomaly for Sep 2011 to be greater than 0.65 Degrees C,2011-04-05,0.0,0.0,0.0,34.0,33,0,40.0,34.0
743675,GTA.SEP2011.>0.65,Global Temperature Anomaly for Sep 2011 to be greater than 0.65 Degrees C,2011-04-06,0.0,0.0,0.0,34.0,33,0,40.0,34.0
743675,GTA.SEP2011.>0.65,Global Temperature Anomaly for Sep 2011 to be greater than 0.65 Degrees C,2011-04-07,0.0,0.0,0.0,34.0,33,0,40.0,34.0
743675,GTA.SEP2011.>0.65,Global Temperature Anomaly for Sep 2011 to be greater than 0.65 Degrees C,2011-04-08,0.0,0.0,0.0,34.0,33,0,40.0,34.0
743675,GTA.SEP2011.>0.65,Global Temperature Anomaly for Sep 2011 to be greater than 0.65 Degrees C,2011-04-09,0.0,0.0,0.0,34.0,33,0,40.0,34.0
743675,GTA.SEP2011.>0.65,Global Temperature Anomaly for Sep 2011 to be greater than 0.65 Degrees C,2011-04-10,0.0,0.0,0.0,34.0,33,0,40.0,34.0
743675,GTA.SEP2011.>0.65,Global Temperature Anomaly for Sep 2011 to be greater than 0.65 Degrees C,2011-04-11,0.0,0.0,0.0,34.0,33,0,40.0,34.0
743675,GTA.SEP2011.>0.65,Global Temperature Anomaly for Sep 2011 to be greater than 0.65 Degrees C,2011-04-12,0.0,0.0,0.0,34.0,33,0,40.0,34.0
743675,GTA.SEP2011.>0.65,Global Temperature Anomaly for Sep 2011 to be greater than 0.65 Degrees C,2011-04-12,0.0,0.0,0.0,34.0,33,0,40.0,34.0
743675,GTA.SEP2011.>0.65,Global Temperature Anomaly for Sep 2011 to be greater than 0.65 Degrees C,2011-04-13,0.0,0.0,0.0,34.0,33,0,40.0,34.0
743675,GTA.SEP2011.>0.65,Global Temperature Anomaly for Sep 2011 to be greater than 0.65 Degrees C,2011-04-14,0.0,0.0,0.0,34.0,33,0,40.0,34.0
743675,GTA.SEP2011.>0.65,Global Temperature Anomaly for Sep 2011 to be greater than 0.65 Degrees C,2011-04-15,0.0,0.0,0.0,34.0,33,0,40.0,34.0
743675,GTA.SEP2011.>0.65,Global Temperature Anomaly for Sep 2011 to be greater than 0.65 Degrees C,2011-04-16,0.0,0.0,0.0,34.0,33,0,40.0,34.0
743675,GTA.SEP2011.>0.65,Global Temperature Anomaly for Sep 2011 to be greater than 0.65 Degrees C,2011-04-17,0.0,0.0,0.0,34.0,33,0,40.0,34.0
743675,GTA.SEP2011.>0.65,Global Temperature Anomaly for Sep 2011 to be greater than 0.65 Degrees C,2011-04-18,0.0,0.0,0.0,34.0,33,0,40.0,34.0
743675,GTA.SEP2011.>0.65,Global Temperature Anomaly for Sep 2011 to be greater than 0.65 Degrees C,2011-04-19,0.0,0.0,0.0,34.0,33,0,40.0,34.0
743675,GTA.SEP2011.>0.65,Global Temperature Anomaly for Sep 2011 to be greater than 0.65 Degrees C,2011-04-20,0.0,0.0,0.0,34.0,33,0,40.0,34.0
743675,GTA.SEP2011.>0.65,Global Temperature Anomaly for Sep 2011 to be greater than 0.65 Degrees C,2011-04-21,0.0,0.0,0.0,34.0,33,0,40.0,34.0
743675,GTA.SEP2011.>0.65,Global Temperature Anomaly for Sep 2011 to be greater than 0.65 Degrees C,2011-04-22,0.0,0.0,0.0,34.0,33,0,40.0,34.0
743675,GTA.SEP2011.>0.65,Global Temperature Anomaly for Sep 2011 to be greater than 0.65 Degrees C,2011-04-23,0.0,0.0,0.0,34.0,33,0,40.0,34.0
743675,GTA.SEP2011.>0.65,Global Temperature Anomaly for Sep 2011 to be greater than 0.65 Degrees C,2011-04-24,0.0,0.0,0.0,34.0,33,0,40.0,34.0
743675,GTA.SEP2011.>0.65,Global Temperature Anomaly for Sep 2011 to be greater than 0.65 Degrees C,2011-04-25,0.0,0.0,0.0,34.0,33,0,40.0,34.0
743675,GTA.SEP2011.>0.65,Global Temperature Anomaly for Sep 2011 to be greater than 0.65 Degrees C,2011-04-26,0.0,0.0,0.0,34.0,33,0,40.0,34.0
743675,GTA.SEP2011.>0.65,Global Temperature Anomaly for Sep 2011 to be greater than 0.65 Degrees C,2011-04-27,0.0,0.0,0.0,34.0,33,0,40.0,34.0
743675,GTA.SEP2011.>0.65,Global Temperature Anomaly for Sep 2011 to be greater than 0.65 Degrees C,2011-04-28,0.0,0.0,0.0,34.0,33,0,40.0,34.0
743675,GTA.SEP2011.>0.65,Global Temperature Anomaly for Sep 2011 to be greater than 0.65 Degrees C,2011-04-29,0.0,0.0,0.0,34.0,33,0,40.0,34.0
743675,GTA.SEP2011.>0.65,Global Temperature Anomaly for Sep 2011 to be greater than 0.65 Degrees C,2011-04-30,0.0,0.0,0.0,34.0,33,0,40.0,34.0
743675,GTA.SEP2011.>0.65,Global Temperature Anomaly for Sep 2011 to be greater than 0.65 Degrees C,2011-05-01,0.0,0.0,0.0,34.0,33,0,40.0,34.0
743675,GTA.SEP2011.>0.65,Global Temperature Anomaly for Sep 2011 to be greater than 0.65 Degrees C,2011-05-02,0.0,0.0,0.0,34.0,33,0,40.0,34.0
743675,GTA.SEP2011.>0.65,Global Temperature Anomaly for Sep 2011 to be greater than 0.65 Degrees C,2011-05-03,0.0,0.0,0.0,34.0,33,0,40.0,34.0
743675,GTA.SEP2011.>0.65,Global Temperature Anomaly for Sep 2011 to be greater than 0.65 Degrees C,2011-05-04,0.0,0.0,0.0,34.0,33,0,40.0,34.0
743675,GTA.SEP2011.>0.65,Global Temperature Anomaly for Sep 2011 to be greater than 0.65 Degrees C,2011-05-05,0.0,0.0,0.0,34.0,33,0,40.0,34.0
743675,GTA.SEP2011.>0.65,Global Temperature Anomaly for Sep 2011 to be greater than 0.65 Degrees C,2011-05-06,0.0,0.0,0.0,34.0,33,0,40.0,34.0
743675,GTA.SEP2011.>0.65,Global Temperature Anomaly for Sep 2011 to be greater than 0.65 Degrees C,2011-05-07,0.0,0.0,0.0,34.0,33,0,40.0,34.0
743675,GTA.SEP2011.>0.65,Global Temperature Anomaly for Sep 2011 to be greater than 0.65 Degrees C,2011-05-08,0.0,0.0,0.0,34.0,33,0,40.0,34.0
743675,GTA.SEP2011.>0.65,Global Temperature Anomaly for Sep 2011 to be greater than 0.65 Degrees C,2011-05-09,0.0,0.0,0.0,34.0,33,0,40.0,34.0
743675,GTA.SEP2011.>0.65,Global Temperature Anomaly for Sep 2011 to be greater than 0.65 Degrees C,2011-05-10,0.0,0.0,0.0,34.0,33,0,40.0,34.0
743675,GTA.SEP2011.>0.65,Global Temperature Anomaly for Sep 2011 to be greater than 0.65 Degrees C,2011-05-11,0.0,0.0,0.0,34.0,33,0,40.0,34.0
743675,GTA.SEP2011.>0.65,Global Temperature Anomaly for Sep 2011 to be greater than 0.65 Degrees C,2011-05-12,0.0,0.0,0.0,34.0,33,0,40.0,34.0
743675,GTA.SEP2011.>0.65,Global Temperature Anomaly for Sep 2011 to be greater than 0.65 Degrees C,2011-05-13,0.0,0.0,0.0,34.0,33,0,40.0,34.0
743675,GTA.SEP2011.>0.65,Global Temperature Anomaly for Sep 2011 to be greater than 0.65 Degrees C,2011-05-14,0.0,0.0,0.0,34.0,33,0,40.0,34.0
743675,GTA.SEP2011.>0.65,Global Temperature Anomaly for Sep 2011 to be greater than 0.65 Degrees C,2011-05-15,0.0,0.0,0.0,34.0,33,0,40.0,34.0
743675,GTA.SEP2011.>0.65,Global Temperature Anomaly for Sep 2011 to be greater than 0.65 Degrees C,2011-05-16,0.0,0.0,0.0,34.0,33,0,40.0,34.0
743675,GTA.SEP2011.>0.65,Global Temperature Anomaly for Sep 2011 to be greater than 0.65 Degrees C,2011-05-17,0.0,0.0,0.0,34.0,33,0,40.0,34.0
743675,GTA.SEP2011.>0.65,Global Temperature Anomaly for Sep 2011 to be greater than 0.65 Degrees C,2011-05-18,0.0,0.0,0.0,34.0,33,0,40.0,34.0
743675,GTA.SEP2011.>0.65,Global Temperature Anomaly for Sep 2011 to be greater than 0.65 Degrees C,2011-05-19,0.0,0.0,0.0,34.0,33,0,40.0,34.0
743675,GTA.SEP2011.>0.65,Global Temperature Anomaly for Sep 2011 to be greater than 0.65 Degrees C,2011-05-20,0.0,0.0,0.0,34.0,33,0,40.0,34.0
743675,GTA.SEP2011.>0.65,Global Temperature Anomaly for Sep 2011 to be greater than 0.65 Degrees C,2011-05-21,0.0,0.0,0.0,34.0,33,0,40.0,34.0
743675,GTA.SEP2011.>0.65,Global Temperature Anomaly for Sep 2011 to be greater than 0.65 Degrees C,2011-05-22,0.0,0.0,0.0,34.0,33,0,40.0,34.0
743675,GTA.SEP2011.>0.65,Global Temperature Anomaly for Sep 2011 to be greater than 0.65 Degrees C,2011-05-23,0.0,0.0,0.0,34.0,33,0,40.0,34.0
743675,GTA.SEP2011.>0.65,Global Temperature Anomaly for Sep 2011 to be greater than 0.65 Degrees C,2011-05-24,0.0,0.0,0.0,34.0,33,0,40.0,34.0
743675,GTA.SEP2011.>0.65,Global Temperature Anomaly for Sep 2011 to be greater than 0.65 Degrees C,2011-05-25,0.0,0.0,0.0,34.0,33,0,40.0,34.0
743675,GTA.SEP2011.>0.65,Global Temperature Anomaly for Sep 2011 to be greater than 0.65 Degrees C,2011-05-26,0.0,0.0,0.0,34.0,33,0,40.0,34.0
743675,GTA.SEP2011.>0.65,Global Temperature Anomaly for Sep 2011 to be greater than 0.65 Degrees C,2011-05-27,0.0,0.0,0.0,34.0,33,0,40.0,34.0
743675,GTA.SEP2011.>0.65,Global Temperature Anomaly for Sep 2011 to be greater than 0.65 Degrees C,2011-05-28,0.0,0.0,0.0,34.0,33,0,40.0,34.0
743675,GTA.SEP2011.>0.65,Global Temperature Anomaly for Sep 2011 to be greater than 0.65 Degrees C,2011-05-29,0.0,0.0,0.0,34.0,33,0,40.0,34.0
743675,GTA.SEP2011.>0.65,Global Temperature Anomaly for Sep 2011 to be greater than 0.65 Degrees C,2011-05-30,0.0,0.0,0.0,34.0,33,0,40.0,34.0
743675,GTA.SEP2011.>0.65,Global Temperature Anomaly for Sep 2011 to be greater than 0.65 Degrees C,2011-05-31,0.0,0.0,0.0,34.0,33,0,40.0,34.0
743675,GTA.SEP2011.>0.65,Global Temperature Anomaly for Sep 2011 to be greater than 0.65 Degrees C,2011-06-01,0.0,0.0,0.0,34.0,33,0,40.0,34.0
743675,GTA.SEP2011.>0.65,Global Temperature Anomaly for Sep 2011 to be greater than 0.65 Degrees C,2011-06-02,0.0,0.0,0.0,34.0,33,0,40.0,34.0
743675,GTA.SEP2011.>0.65,Global Temperature Anomaly for Sep 2011 to be greater than 0.65 Degrees C,2011-06-03,0.0,0.0,0.0,34.0,33,0,40.0,34.0
743675,GTA.SEP2011.>0.65,Global Temperature Anomaly for Sep 2011 to be greater than 0.65 Degrees C,2011-06-04,0.0,0.0,0.0,34.0,33,0,40.0,34.0
743675,GTA.SEP2011.>0.65,Global Temperature Anomaly for Sep 2011 to be greater than 0.65 Degrees C,2011-06-05,0.0,0.0,0.0,34.0,33,0,40.0,34.0
743675,GTA.SEP2011.>0.65,Global Temperature Anomaly for Sep 2011 to be greater than 0.65 Degrees C,2011-06-06,0.0,0.0,0.0,34.0,33,0,40.0,34.0
743675,GTA.SEP2011.>0.65,Global Temperature Anomaly for Sep 2011 to be greater than 0.65 Degrees C,2011-06-07,0.0,0.0,0.0,34.0,33,0,40.0,34.0
743675,GTA.SEP2011.>0.65,Global Temperature Anomaly for Sep 2011 to be greater than 0.65 Degrees C,2011-06-08,0.0,0.0,0.0,34.0,33,0,40.0,34.0
743675,GTA.SEP2011.>0.65,Global Temperature Anomaly for Sep 2011 to be greater than 0.65 Degrees C,2011-06-09,0.0,0.0,0.0,34.0,33,0,40.0,34.0
743675,GTA.SEP2011.>0.65,Global Temperature Anomaly for Sep 2011 to be greater than 0.65 Degrees C,2011-06-10,0.0,0.0,0.0,34.0,33,0,40.0,34.0
743675,GTA.SEP2011.>0.65,Global Temperature Anomaly for Sep 2011 to be greater than 0.65 Degrees C,2011-06-11,0.0,0.0,0.0,34.0,33,0,40.0,34.0
743675,GTA.SEP2011.>0.65,Global Temperature Anomaly for Sep 2011 to be greater than 0.65 Degrees C,2011-06-12,0.0,0.0,0.0,34.0,33,0,40.0,34.0
743675,GTA.SEP2011.>0.65,Global Temperature Anomaly for Sep 2011 to be greater than 0.65 Degrees C,2011-06-13,0.0,0.0,0.0,34.0,33,0,40.0,34.0
743675,GTA.SEP2011.>0.65,Global Temperature Anomaly for Sep 2011 to be greater than 0.65 Degrees C,2011-06-14,0.0,0.0,0.0,34.0,33,0,40.0,34.0
743675,GTA.SEP2011.>0.65,Global Temperature Anomaly for Sep 2011 to be greater than 0.65 Degrees C,2011-06-15,0.0,0.0,0.0,34.0,33,0,40.0,34.0
743675,GTA.SEP2011.>0.65,Global Temperature Anomaly for Sep 2011 to be greater than 0.65 Degrees C,2011-06-16,0.0,0.0,0.0,34.0,33,0,40.0,34.0
743675,GTA.SEP2011.>0.65,Global Temperature Anomaly for Sep 2011 to be greater than 0.65 Degrees C,2011-06-17,34.0,34.0,34.0,34.0,38,5,40.0,34.0
743675,GTA.SEP2011.>0.65,Global Temperature Anomaly for Sep 2011 to be greater than 0.65 Degrees C,2011-06-18,0.0,0.0,0.0,34.0,38,0,40.0,34.0
743675,GTA.SEP2011.>0.65,Global Temperature Anomaly for Sep 2011 to be greater than 0.65 Degrees C,2011-06-19,34.0,34.0,34.0,34.0,43,5,40.0,34.0
743675,GTA.SEP2011.>0.65,Global Temperature Anomaly for Sep 2011 to be greater than 0.65 Degrees C,2011-06-20,0.0,0.0,0.0,34.0,43,0,40.0,34.0
743675,GTA.SEP2011.>0.65,Global Temperature Anomaly for Sep 2011 to be greater than 0.65 Degrees C,2011-06-21,0.0,0.0,0.0,34.0,43,0,40.0,34.0
743675,GTA.SEP2011.>0.65,Global Temperature Anomaly for Sep 2011 to be greater than 0.65 Degrees C,2011-06-22,0.0,0.0,0.0,34.0,43,0,40.0,34.0
743675,GTA.SEP2011.>0.65,Global Temperature Anomaly for Sep 2011 to be greater than 0.65 Degrees C,2011-06-23,0.0,0.0,0.0,34.0,43,0,40.0,34.0
743675,GTA.SEP2011.>0.65,Global Temperature Anomaly for Sep 2011 to be greater than 0.65 Degrees C,2011-06-24,0.0,0.0,0.0,34.0,43,0,40.0,34.0
743675,GTA.SEP2011.>0.65,Global Temperature Anomaly for Sep 2011 to be greater than 0.65 Degrees C,2011-06-25,0.0,0.0,0.0,34.0,43,0,40.0,34.0
743675,GTA.SEP2011.>0.65,Global Temperature Anomaly for Sep 2011 to be greater than 0.65 Degrees C,2011-06-26,0.0,0.0,0.0,34.0,43,0,40.0,34.0
743675,GTA.SEP2011.>0.65,Global Temperature Anomaly for Sep 2011 to be greater than 0.65 Degrees C,2011-06-27,0.0,0.0,0.0,34.0,43,0,40.0,34.0
743675,GTA.SEP2011.>0.65,Global Temperature Anomaly for Sep 2011 to be greater than 0.65 Degrees C,2011-06-28,0.0,0.0,0.0,34.0,43,0,40.0,34.0
743675,GTA.SEP2011.>0.65,Global Temperature Anomaly for Sep 2011 to be greater than 0.65 Degrees C,2011-06-29,0.0,0.0,0.0,34.0,43,0,40.0,34.0
743675,GTA.SEP2011.>0.65,Global Temperature Anomaly for Sep 2011 to be greater than 0.65 Degrees C,2011-06-30,47.9,48.0,47.9,48.0,43,10,48.0,34.0
743675,GTA.SEP2011.>0.65,Global Temperature Anomaly for Sep 2011 to be greater than 0.65 Degrees C,2011-07-01,0.0,0.0,0.0,48.0,43,0,48.0,34.0
743675,GTA.SEP2011.>0.65,Global Temperature Anomaly for Sep 2011 to be greater than 0.65 Degrees C,2011-07-02,0.0,0.0,0.0,48.0,43,0,48.0,34.0
743675,GTA.SEP2011.>0.65,Global Temperature Anomaly for Sep 2011 to be greater than 0.65 Degrees C,2011-07-03,0.0,0.0,0.0,48.0,43,0,48.0,34.0
743675,GTA.SEP2011.>0.65,Global Temperature Anomaly for Sep 2011 to be greater than 0.65 Degrees C,2011-07-04,34.5,34.5,34.5,34.5,43,1,48.0,34.0
743675,GTA.SEP2011.>0.65,Global Temperature Anomaly for Sep 2011 to be greater than 0.65 Degrees C,2011-07-05,0.0,0.0,0.0,34.5,43,0,48.0,34.0
743675,GTA.SEP2011.>0.65,Global Temperature Anomaly for Sep 2011 to be greater than 0.65 Degrees C,2011-07-06,0.0,0.0,0.0,34.5,43,0,48.0,34.0
743675,GTA.SEP2011.>0.65,Global Temperature Anomaly for Sep 2011 to be greater than 0.65 Degrees C,2011-07-07,0.0,0.0,0.0,34.5,43,0,48.0,34.0
743675,GTA.SEP2011.>0.65,Global Temperature Anomaly for Sep 2011 to be greater than 0.65 Degrees C,2011-07-08,0.0,0.0,0.0,34.5,43,0,48.0,34.0
743675,GTA.SEP2011.>0.65,Global Temperature Anomaly for Sep 2011 to be greater than 0.65 Degrees C,2011-07-09,0.0,0.0,0.0,34.5,43,0,48.0,34.0
743675,GTA.SEP2011.>0.65,Global Temperature Anomaly for Sep 2011 to be greater than 0.65 Degrees C,2011-07-10,0.0,0.0,0.0,34.5,43,0,48.0,34.0
743675,GTA.SEP2011.>0.65,Global Temperature Anomaly for Sep 2011 to be greater than 0.65 Degrees C,2011-07-11,0.0,0.0,0.0,34.5,43,0,48.0,34.0
743675,GTA.SEP2011.>0.65,Global Temperature Anomaly for Sep 2011 to be greater than 0.65 Degrees C,2011-07-12,0.0,0.0,0.0,34.5,43,0,48.0,34.0
743675,GTA.SEP2011.>0.65,Global Temperature Anomaly for Sep 2011 to be greater than 0.65 Degrees C,2011-07-13,0.0,0.0,0.0,34.5,43,0,48.0,34.0
743675,GTA.SEP2011.>0.65,Global Temperature Anomaly for Sep 2011 to be greater than 0.65 Degrees C,2011-07-14,0.0,0.0,0.0,34.5,43,0,48.0,34.0
743675,GTA.SEP2011.>0.65,Global Temperature Anomaly for Sep 2011 to be greater than 0.65 Degrees C,2011-07-15,0.0,0.0,0.0,34.5,43,0,48.0,34.0
743675,GTA.SEP2011.>0.65,Global Temperature Anomaly for Sep 2011 to be greater than 0.65 Degrees C,2011-07-16,0.0,0.0,0.0,34.5,43,0,48.0,34.0
743675,GTA.SEP2011.>0.65,Global Temperature Anomaly for Sep 2011 to be greater than 0.65 Degrees C,2011-07-17,0.0,0.0,0.0,34.5,43,0,48.0,34.0
743675,GTA.SEP2011.>0.65,Global Temperature Anomaly for Sep 2011 to be greater than 0.65 Degrees C,2011-07-18,0.0,0.0,0.0,34.5,43,0,48.0,34.0
743675,GTA.SEP2011.>0.65,Global Temperature Anomaly for Sep 2011 to be greater than 0.65 Degrees C,2011-07-19,0.0,0.0,0.0,34.5,43,0,48.0,34.0
743675,GTA.SEP2011.>0.65,Global Temperature Anomaly for Sep 2011 to be greater than 0.65 Degrees C,2011-07-20,0.0,0.0,0.0,34.5,43,0,48.0,34.0
743675,GTA.SEP2011.>0.65,Global Temperature Anomaly for Sep 2011 to be greater than 0.65 Degrees C,2011-07-21,0.0,0.0,0.0,34.5,43,0,48.0,34.0
743675,GTA.SEP2011.>0.65,Global Temperature Anomaly for Sep 2011 to be greater than 0.65 Degrees C,2011-07-22,0.0,0.0,0.0,34.5,43,0,48.0,34.0
743675,GTA.SEP2011.>0.65,Global Temperature Anomaly for Sep 2011 to be greater than 0.65 Degrees C,2011-07-23,0.0,0.0,0.0,34.5,43,0,48.0,34.0
743675,GTA.SEP2011.>0.65,Global Temperature Anomaly for Sep 2011 to be greater than 0.65 Degrees C,2011-07-24,0.0,0.0,0.0,34.5,43,0,48.0,34.0
743675,GTA.SEP2011.>0.65,Global Temperature Anomaly for Sep 2011 to be greater than 0.65 Degrees C,2011-07-25,0.0,0.0,0.0,34.5,43,0,48.0,34.0
743675,GTA.SEP2011.>0.65,Global Temperature Anomaly for Sep 2011 to be greater than 0.65 Degrees C,2011-07-26,0.0,0.0,0.0,34.5,43,0,48.0,34.0
743675,GTA.SEP2011.>0.65,Global Temperature Anomaly for Sep 2011 to be greater than 0.65 Degrees C,2011-07-27,0.0,0.0,0.0,34.5,43,0,48.0,34.0
743675,GTA.SEP2011.>0.65,Global Temperature Anomaly for Sep 2011 to be greater than 0.65 Degrees C,2011-07-28,0.0,0.0,0.0,34.5,43,0,48.0,34.0
743675,GTA.SEP2011.>0.65,Global Temperature Anomaly for Sep 2011 to be greater than 0.65 Degrees C,2011-07-29,0.0,0.0,0.0,34.5,43,0,48.0,34.0
743675,GTA.SEP2011.>0.65,Global Temperature Anomaly for Sep 2011 to be greater than 0.65 Degrees C,2011-07-30,0.0,0.0,0.0,34.5,43,0,48.0,34.0
743675,GTA.SEP2011.>0.65,Global Temperature Anomaly for Sep 2011 to be greater than 0.65 Degrees C,2011-07-31,0.0,0.0,0.0,34.5,43,0,48.0,34.0
743675,GTA.SEP2011.>0.65,Global Temperature Anomaly for Sep 2011 to be greater than 0.65 Degrees C,2011-08-01,0.0,0.0,0.0,34.5,43,0,48.0,34.0
743675,GTA.SEP2011.>0.65,Global Temperature Anomaly for Sep 2011 to be greater than 0.65 Degrees C,2011-08-02,0.0,0.0,0.0,34.5,43,0,48.0,34.0
743675,GTA.SEP2011.>0.65,Global Temperature Anomaly for Sep 2011 to be greater than 0.65 Degrees C,2011-08-03,0.0,0.0,0.0,34.5,43,0,48.0,34.0
743675,GTA.SEP2011.>0.65,Global Temperature Anomaly for Sep 2011 to be greater than 0.65 Degrees C,2011-08-04,35.0,35.0,35.0,35.0,43,1,48.0,34.0
743675,GTA.SEP2011.>0.65,Global Temperature Anomaly for Sep 2011 to be greater than 0.65 Degrees C,2011-08-05,0.0,0.0,0.0,35.0,43,0,48.0,34.0
743675,GTA.SEP2011.>0.65,Global Temperature Anomaly for Sep 2011 to be greater than 0.65 Degrees C,2011-08-06,34.0,35.0,34.0,34.0,45,10,48.0,34.0
743675,GTA.SEP2011.>0.65,Global Temperature Anomaly for Sep 2011 to be greater than 0.65 Degrees C,2011-08-07,0.0,0.0,0.0,34.0,45,0,48.0,34.0
743675,GTA.SEP2011.>0.65,Global Temperature Anomaly for Sep 2011 to be greater than 0.65 Degrees C,2011-08-08,0.0,0.0,0.0,34.0,45,0,48.0,34.0
743675,GTA.SEP2011.>0.65,Global Temperature Anomaly for Sep 2011 to be greater than 0.65 Degrees C,2011-08-09,0.0,0.0,0.0,34.0,45,0,48.0,34.0
743675,GTA.SEP2011.>0.65,Global Temperature Anomaly for Sep 2011 to be greater than 0.65 Degrees C,2011-08-10,0.0,0.0,0.0,34.0,45,0,48.0,34.0
743675,GTA.SEP2011.>0.65,Global Temperature Anomaly for Sep 2011 to be greater than 0.65 Degrees C,2011-08-11,0.0,0.0,0.0,34.0,45,0,48.0,34.0
743675,GTA.SEP2011.>0.65,Global Temperature Anomaly for Sep 2011 to be greater than 0.65 Degrees C,2011-08-12,0.0,0.0,0.0,34.0,45,0,48.0,34.0
743675,GTA.SEP2011.>0.65,Global Temperature Anomaly for Sep 2011 to be greater than 0.65 Degrees C,2011-08-13,0.0,0.0,0.0,34.0,45,0,48.0,34.0
743675,GTA.SEP2011.>0.65,Global Temperature Anomaly for Sep 2011 to be greater than 0.65 Degrees C,2011-08-14,0.0,0.0,0.0,34.0,45,0,48.0,34.0
743675,GTA.SEP2011.>0.65,Global Temperature Anomaly for Sep 2011 to be greater than 0.65 Degrees C,2011-08-15,0.0,0.0,0.0,34.0,45,0,48.0,34.0
743675,GTA.SEP2011.>0.65,Global Temperature Anomaly for Sep 2011 to be greater than 0.65 Degrees C,2011-08-16,34.0,34.0,34.0,34.0,47,2,48.0,34.0
743675,GTA.SEP2011.>0.65,Global Temperature Anomaly for Sep 2011 to be greater than 0.65 Degrees C,2011-08-17,34.0,34.0,34.0,34.0,52,5,48.0,34.0
743675,GTA.SEP2011.>0.65,Global Temperature Anomaly for Sep 2011 to be greater than 0.65 Degrees C,2011-08-18,0.0,0.0,0.0,34.0,52,0,48.0,34.0
743675,GTA.SEP2011.>0.65,Global Temperature Anomaly for Sep 2011 to be greater than 0.65 Degrees C,2011-08-19,0.0,0.0,0.0,34.0,52,0,48.0,34.0
743675,GTA.SEP2011.>0.65,Global Temperature Anomaly for Sep 2011 to be greater than 0.65 Degrees C,2011-08-20,0.0,0.0,0.0,34.0,52,0,48.0,34.0
743675,GTA.SEP2011.>0.65,Global Temperature Anomaly for Sep 2011 to be greater than 0.65 Degrees C,2011-08-21,0.0,0.0,0.0,34.0,52,0,48.0,34.0
743675,GTA.SEP2011.>0.65,Global Temperature Anomaly for Sep 2011 to be greater than 0.65 Degrees C,2011-08-22,0.0,0.0,0.0,34.0,52,0,48.0,34.0
743675,GTA.SEP2011.>0.65,Global Temperature Anomaly for Sep 2011 to be greater than 0.65 Degrees C,2011-08-23,0.0,0.0,0.0,34.0,52,0,48.0,34.0
743675,GTA.SEP2011.>0.65,Global Temperature Anomaly for Sep 2011 to be greater than 0.65 Degrees C,2011-08-24,0.0,0.0,0.0,34.0,52,0,48.0,34.0
743675,GTA.SEP2011.>0.65,Global Temperature Anomaly for Sep 2011 to be greater than 0.65 Degrees C,2011-08-25,0.0,0.0,0.0,34.0,52,0,48.0,34.0
743675,GTA.SEP2011.>0.65,Global Temperature Anomaly for Sep 2011 to be greater than 0.65 Degrees C,2011-08-26,0.0,0.0,0.0,34.0,52,0,48.0,34.0
743675,GTA.SEP2011.>0.65,Global Temperature Anomaly for Sep 2011 to be greater than 0.65 Degrees C,2011-08-27,0.0,0.0,0.0,34.0,52,0,48.0,34.0
743675,GTA.SEP2011.>0.65,Global Temperature Anomaly for Sep 2011 to be greater than 0.65 Degrees C,2011-08-28,0.0,0.0,0.0,34.0,52,0,48.0,34.0
743675,GTA.SEP2011.>0.65,Global Temperature Anomaly for Sep 2011 to be greater than 0.65 Degrees C,2011-08-29,36.0,36.0,35.5,35.5,54,2,48.0,34.0
743675,GTA.SEP2011.>0.65,Global Temperature Anomaly for Sep 2011 to be greater than 0.65 Degrees C,2011-08-30,36.0,36.5,35.0,35.0,60,6,48.0,34.0
743675,GTA.SEP2011.>0.65,Global Temperature Anomaly for Sep 2011 to be greater than 0.65 Degrees C,2011-08-31,0.0,0.0,0.0,35.0,60,0,48.0,34.0
743675,GTA.SEP2011.>0.65,Global Temperature Anomaly for Sep 2011 to be greater than 0.65 Degrees C,2011-09-01,0.0,0.0,0.0,35.0,60,0,48.0,34.0
743675,GTA.SEP2011.>0.65,Global Temperature Anomaly for Sep 2011 to be greater than 0.65 Degrees C,2011-09-02,0.0,0.0,0.0,35.0,60,0,48.0,34.0
743675,GTA.SEP2011.>0.65,Global Temperature Anomaly for Sep 2011 to be greater than 0.65 Degrees C,2011-09-03,0.0,0.0,0.0,35.0,60,0,48.0,34.0
743675,GTA.SEP2011.>0.65,Global Temperature Anomaly for Sep 2011 to be greater than 0.65 Degrees C,2011-09-04,0.0,0.0,0.0,35.0,60,0,48.0,34.0
743675,GTA.SEP2011.>0.65,Global Temperature Anomaly for Sep 2011 to be greater than 0.65 Degrees C,2011-09-05,35.0,35.0,35.0,35.0,62,2,48.0,34.0
743675,GTA.SEP2011.>0.65,Global Temperature Anomaly for Sep 2011 to be greater than 0.65 Degrees C,2011-09-06,0.0,0.0,0.0,35.0,62,0,48.0,34.0
743675,GTA.SEP2011.>0.65,Global Temperature Anomaly for Sep 2011 to be greater than 0.65 Degrees C,2011-09-07,0.0,0.0,0.0,35.0,62,0,48.0,34.0
743675,GTA.SEP2011.>0.65,Global Temperature Anomaly for Sep 2011 to be greater than 0.65 Degrees C,2011-09-08,34.0,34.0,34.0,34.0,74,12,48.0,34.0
743675,GTA.SEP2011.>0.65,Global Temperature Anomaly for Sep 2011 to be greater than 0.65 Degrees C,2011-09-09,34.0,34.0,34.0,34.0,77,3,48.0,34.0
743675,GTA.SEP2011.>0.65,Global Temperature Anomaly for Sep 2011 to be greater than 0.65 Degrees C,2011-09-10,0.0,0.0,0.0,34.0,77,0,48.0,34.0
743675,GTA.SEP2011.>0.65,Global Temperature Anomaly for Sep 2011 to be greater than 0.65 Degrees C,2011-09-11,0.0,0.0,0.0,34.0,77,0,48.0,34.0
743675,GTA.SEP2011.>0.65,Global Temperature Anomaly for Sep 2011 to be greater than 0.65 Degrees C,2011-09-12,34.0,46.0,34.0,46.0,108,36,48.0,34.0
743675,GTA.SEP2011.>0.65,Global Temperature Anomaly for Sep 2011 to be greater than 0.65 Degrees C,2011-09-13,0.0,0.0,0.0,46.0,108,0,48.0,34.0
743675,GTA.SEP2011.>0.65,Global Temperature Anomaly for Sep 2011 to be greater than 0.65 Degrees C,2011-09-14,0.0,0.0,0.0,46.0,108,0,48.0,34.0
743675,GTA.SEP2011.>0.65,Global Temperature Anomaly for Sep 2011 to be greater than 0.65 Degrees C,2011-09-15,0.0,0.0,0.0,46.0,108,0,48.0,34.0
743675,GTA.SEP2011.>0.65,Global Temperature Anomaly for Sep 2011 to be greater than 0.65 Degrees C,2011-09-16,0.0,0.0,0.0,46.0,108,0,48.0,34.0
743675,GTA.SEP2011.>0.65,Global Temperature Anomaly for Sep 2011 to be greater than 0.65 Degrees C,2011-09-17,0.0,0.0,0.0,46.0,108,0,48.0,34.0
743675,GTA.SEP2011.>0.65,Global Temperature Anomaly for Sep 2011 to be greater than 0.65 Degrees C,2011-09-18,0.0,0.0,0.0,46.0,108,0,48.0,34.0
743675,GTA.SEP2011.>0.65,Global Temperature Anomaly for Sep 2011 to be greater than 0.65 Degrees C,2011-09-19,23.0,23.0,23.0,23.0,108,1,48.0,23.0
743675,GTA.SEP2011.>0.65,Global Temperature Anomaly for Sep 2011 to be greater than 0.65 Degrees C,2011-09-20,0.0,0.0,0.0,23.0,108,0,48.0,23.0
743675,GTA.SEP2011.>0.65,Global Temperature Anomaly for Sep 2011 to be greater than 0.65 Degrees C,2011-09-21,25.6,25.6,25.6,25.6,108,4,48.0,23.0
743675,GTA.SEP2011.>0.65,Global Temperature Anomaly for Sep 2011 to be greater than 0.65 Degrees C,2011-09-22,25.6,25.6,25.6,25.6,114,6,48.0,23.0
743675,GTA.SEP2011.>0.65,Global Temperature Anomaly for Sep 2011 to be greater than 0.65 Degrees C,2011-09-23,24.0,24.0,23.5,23.5,116,2,48.0,23.0
743675,GTA.SEP2011.>0.65,Global Temperature Anomaly for Sep 2011 to be greater than 0.65 Degrees C,2011-09-24,20.0,20.0,20.0,20.0,117,1,48.0,20.0
743675,GTA.SEP2011.>0.65,Global Temperature Anomaly for Sep 2011 to be greater than 0.65 Degrees C,2011-09-25,17.0,17.0,17.0,17.0,119,2,48.0,17.0
743675,GTA.SEP2011.>0.65,Global Temperature Anomaly for Sep 2011 to be greater than 0.65 Degrees C,2011-09-26,0.0,0.0,0.0,17.0,119,0,48.0,17.0
743675,GTA.SEP2011.>0.65,Global Temperature Anomaly for Sep 2011 to be greater than 0.65 Degrees C,2011-09-27,16.0,16.0,15.0,15.0,122,3,48.0,15.0
743675,GTA.SEP2011.>0.65,Global Temperature Anomaly for Sep 2011 to be greater than 0.65 Degrees C,2011-09-28,0.0,0.0,0.0,15.0,122,0,48.0,15.0
743675,GTA.SEP2011.>0.65,Global Temperature Anomaly for Sep 2011 to be greater than 0.65 Degrees C,2011-09-29,0.0,0.0,0.0,15.0,122,0,48.0,15.0
743675,GTA.SEP2011.>0.65,Global Temperature Anomaly for Sep 2011 to be greater than 0.65 Degrees C,2011-09-30,14.0,14.0,13.0,13.0,124,2,48.0,13.0
743675,GTA.SEP2011.>0.65,Global Temperature Anomaly for Sep 2011 to be greater than 0.65 Degrees C,2011-10-01,0.0,0.0,0.0,13.0,124,0,48.0,13.0
743675,GTA.SEP2011.>0.65,Global Temperature Anomaly for Sep 2011 to be greater than 0.65 Degrees C,2011-10-02,12.0,12.0,12.0,12.0,125,1,48.0,12.0
743675,GTA.SEP2011.>0.65,Global Temperature Anomaly for Sep 2011 to be greater than 0.65 Degrees C,2011-10-03,0.0,0.0,0.0,12.0,125,0,48.0,12.0
743675,GTA.SEP2011.>0.65,Global Temperature Anomaly for Sep 2011 to be greater than 0.65 Degrees C,2011-10-04,11.0,15.0,5.0,15.0,136,12,48.0,5.0
743675,GTA.SEP2011.>0.65,Global Temperature Anomaly for Sep 2011 to be greater than 0.65 Degrees C,2011-10-05,10.0,10.0,10.0,10.0,136,5,48.0,5.0
743675,GTA.SEP2011.>0.65,Global Temperature Anomaly for Sep 2011 to be greater than 0.65 Degrees C,2011-10-06,0.0,0.0,0.0,10.0,136,0,48.0,5.0
743675,GTA.SEP2011.>0.65,Global Temperature Anomaly for Sep 2011 to be greater than 0.65 Degrees C,2011-10-07,0.0,0.0,0.0,10.0,136,0,48.0,5.0
743675,GTA.SEP2011.>0.65,Global Temperature Anomaly for Sep 2011 to be greater than 0.65 Degrees C,2011-10-08,0.0,0.0,0.0,10.0,136,0,48.0,5.0
743675,GTA.SEP2011.>0.65,Global Temperature Anomaly for Sep 2011 to be greater than 0.65 Degrees C,2011-10-09,8.5,8.5,8.5,8.5,136,10,48.0,5.0
743675,GTA.SEP2011.>0.65,Global Temperature Anomaly for Sep 2011 to be greater than 0.65 Degrees C,2011-10-10,0.0,0.0,0.0,8.5,136,0,48.0,5.0
743675,GTA.SEP2011.>0.65,Global Temperature Anomaly for Sep 2011 to be greater than 0.65 Degrees C,2011-10-11,0.0,0.0,0.0,8.5,136,0,48.0,5.0
743675,GTA.SEP2011.>0.65,Global Temperature Anomaly for Sep 2011 to be greater than 0.65 Degrees C,2011-10-12,0.0,0.0,0.0,8.5,136,0,48.0,5.0
