market id,market symbol,market name,trade quantity,trade price,date/time [utc]
743667,GTA.JAN2011.>0.65,Global Temperature Anomaly for Jan 2011 to be greater than 0.65 Degrees C,5,17.0,Jan/14/2011 15:50:34
743667,GTA.JAN2011.>0.65,Global Temperature Anomaly for Jan 2011 to be greater than 0.65 Degrees C,10,16.0,Jan/14/2011 15:50:41
743667,GTA.JAN2011.>0.65,Global Temperature Anomaly for Jan 2011 to be greater than 0.65 Degrees C,15,15.0,Jan/14/2011 15:50:50
743667,GTA.JAN2011.>0.65,Global Temperature Anomaly for Jan 2011 to be greater than 0.65 Degrees C,20,14.1,Jan/14/2011 15:51:05
743667,GTA.JAN2011.>0.65,Global Temperature Anomaly for Jan 2011 to be greater than 0.65 Degrees C,10,14.0,Jan/15/2011 13:38:31
743667,GTA.JAN2011.>0.65,Global Temperature Anomaly for Jan 2011 to be greater than 0.65 Degrees C,1,12.1,Jan/27/2011 15:36:25
743667,GTA.JAN2011.>0.65,Global Temperature Anomaly for Jan 2011 to be greater than 0.65 Degrees C,5,12.1,Jan/27/2011 16:26:14
743667,GTA.JAN2011.>0.65,Global Temperature Anomaly for Jan 2011 to be greater than 0.65 Degrees C,1,6.0,Jan/28/2011 14:00:51
