market id,market symbol,market name,business day,session open,session high,session low,closing price,open interest,session trade volume,lifetime high,lifetime low
743669,GTA.MAR2011.>0.65,Global Temperature Anomaly for Mar 2011 to be greater than 0.65 Degrees C,2010-11-18,0.0,0.0,0.0,0.0,0,0,0.0,0.0
743669,GTA.MAR2011.>0.65,Global Temperature Anomaly for Mar 2011 to be greater than 0.65 Degrees C,2010-11-19,0.0,0.0,0.0,0.0,0,0,0.0,0.0
743669,GTA.MAR2011.>0.65,Global Temperature Anomaly for Mar 2011 to be greater than 0.65 Degrees C,2010-11-20,0.0,0.0,0.0,0.0,0,0,0.0,0.0
743669,GTA.MAR2011.>0.65,Global Temperature Anomaly for Mar 2011 to be greater than 0.65 Degrees C,2010-11-21,0.0,0.0,0.0,0.0,0,0,0.0,0.0
743669,GTA.MAR2011.>0.65,Global Temperature Anomaly for Mar 2011 to be greater than 0.65 Degrees C,2010-11-22,0.0,0.0,0.0,0.0,0,0,0.0,0.0
743669,GTA.MAR2011.>0.65,Global Temperature Anomaly for Mar 2011 to be greater than 0.65 Degrees C,2010-11-23,,,,,0,0,,
743669,GTA.MAR2011.>0.65,Global Temperature Anomaly for Mar 2011 to be greater than 0.65 Degrees C,2010-11-24,,,,,0,0,,
743669,GTA.MAR2011.>0.65,Global Temperature Anomaly for Mar 2011 to be greater than 0.65 Degrees C,2010-11-25,,,,,0,0,,
743669,GTA.MAR2011.>0.65,Global Temperature Anomaly for Mar 2011 to be greater than 0.65 Degrees C,2010-11-26,25.0,25.0,25.0,25.0,5,5,25.0,25.0
743669,GTA.MAR2011.>0.65,Global Temperature Anomaly for Mar 2011 to be greater than 0.65 Degrees C,2010-11-27,,,,25.0,5,0,25.0,25.0
743669,GTA.MAR2011.>0.65,Global Temperature Anomaly for Mar 2011 to be greater than 0.65 Degrees C,2010-11-28,,,,25.0,5,0,25.0,25.0
743669,GTA.MAR2011.>0.65,Global Temperature Anomaly for Mar 2011 to be greater than 0.65 Degrees C,2010-11-29,,,,25.0,5,0,25.0,25.0
743669,GTA.MAR2011.>0.65,Global Temperature Anomaly for Mar 2011 to be greater than 0.65 Degrees C,2010-11-30,,,,25.0,5,0,25.0,25.0
743669,GTA.MAR2011.>0.65,Global Temperature Anomaly for Mar 2011 to be greater than 0.65 Degrees C,2010-12-01,,,,25.0,5,0,25.0,25.0
743669,GTA.MAR2011.>0.65,Global Temperature Anomaly for Mar 2011 to be greater than 0.65 Degrees C,2010-12-02,,,,25.0,5,0,25.0,25.0
743669,GTA.MAR2011.>0.65,Global Temperature Anomaly for Mar 2011 to be greater than 0.65 Degrees C,2010-12-03,,,,25.0,5,0,25.0,25.0
743669,GTA.MAR2011.>0.65,Global Temperature Anomaly for Mar 2011 to be greater than 0.65 Degrees C,2010-12-04,,,,25.0,5,0,25.0,25.0
743669,GTA.MAR2011.>0.65,Global Temperature Anomaly for Mar 2011 to be greater than 0.65 Degrees C,2010-12-05,,,,25.0,5,0,25.0,25.0
743669,GTA.MAR2011.>0.65,Global Temperature Anomaly for Mar 2011 to be greater than 0.65 Degrees C,2010-12-06,,,,25.0,5,0,25.0,25.0
743669,GTA.MAR2011.>0.65,Global Temperature Anomaly for Mar 2011 to be greater than 0.65 Degrees C,2010-12-07,22.0,22.0,22.0,22.0,9,4,25.0,22.0
743669,GTA.MAR2011.>0.65,Global Temperature Anomaly for Mar 2011 to be greater than 0.65 Degrees C,2010-12-08,22.5,22.5,22.0,22.0,19,10,25.0,22.0
743669,GTA.MAR2011.>0.65,Global Temperature Anomaly for Mar 2011 to be greater than 0.65 Degrees C,2010-12-09,,,,22.0,19,0,25.0,22.0
743669,GTA.MAR2011.>0.65,Global Temperature Anomaly for Mar 2011 to be greater than 0.65 Degrees C,2010-12-10,,,,22.0,19,0,25.0,22.0
743669,GTA.MAR2011.>0.65,Global Temperature Anomaly for Mar 2011 to be greater than 0.65 Degrees C,2010-12-11,,,,22.0,19,0,25.0,22.0
743669,GTA.MAR2011.>0.65,Global Temperature Anomaly for Mar 2011 to be greater than 0.65 Degrees C,2010-12-12,,,,22.0,19,0,25.0,22.0
743669,GTA.MAR2011.>0.65,Global Temperature Anomaly for Mar 2011 to be greater than 0.65 Degrees C,2010-12-13,,,,22.0,19,0,25.0,22.0
743669,GTA.MAR2011.>0.65,Global Temperature Anomaly for Mar 2011 to be greater than 0.65 Degrees C,2010-12-14,,,,22.0,19,0,25.0,22.0
743669,GTA.MAR2011.>0.65,Global Temperature Anomaly for Mar 2011 to be greater than 0.65 Degrees C,2010-12-15,,,,22.0,19,0,25.0,22.0
743669,GTA.MAR2011.>0.65,Global Temperature Anomaly for Mar 2011 to be greater than 0.65 Degrees C,2010-12-16,,,,22.0,19,0,25.0,22.0
743669,GTA.MAR2011.>0.65,Global Temperature Anomaly for Mar 2011 to be greater than 0.65 Degrees C,2010-12-17,,,,22.0,19,0,25.0,22.0
743669,GTA.MAR2011.>0.65,Global Temperature Anomaly for Mar 2011 to be greater than 0.65 Degrees C,2010-12-18,,,,22.0,19,0,25.0,22.0
743669,GTA.MAR2011.>0.65,Global Temperature Anomaly for Mar 2011 to be greater than 0.65 Degrees C,2010-12-19,,,,22.0,19,0,25.0,22.0
743669,GTA.MAR2011.>0.65,Global Temperature Anomaly for Mar 2011 to be greater than 0.65 Degrees C,2010-12-20,,,,22.0,19,0,25.0,22.0
743669,GTA.MAR2011.>0.65,Global Temperature Anomaly for Mar 2011 to be greater than 0.65 Degrees C,2010-12-21,,,,22.0,19,0,25.0,22.0
743669,GTA.MAR2011.>0.65,Global Temperature Anomaly for Mar 2011 to be greater than 0.65 Degrees C,2010-12-22,,,,22.0,19,0,25.0,22.0
743669,GTA.MAR2011.>0.65,Global Temperature Anomaly for Mar 2011 to be greater than 0.65 Degrees C,2010-12-23,40.0,40.0,40.0,40.0,23,4,40.0,22.0
743669,GTA.MAR2011.>0.65,Global Temperature Anomaly for Mar 2011 to be greater than 0.65 Degrees C,2010-12-24,,,,40.0,23,0,40.0,22.0
743669,GTA.MAR2011.>0.65,Global Temperature Anomaly for Mar 2011 to be greater than 0.65 Degrees C,2010-12-25,,,,40.0,23,0,40.0,22.0
743669,GTA.MAR2011.>0.65,Global Temperature Anomaly for Mar 2011 to be greater than 0.65 Degrees C,2010-12-26,,,,40.0,23,0,40.0,22.0
743669,GTA.MAR2011.>0.65,Global Temperature Anomaly for Mar 2011 to be greater than 0.65 Degrees C,2010-12-27,0.0,0.0,0.0,40.0,23,0,40.0,22.0
743669,GTA.MAR2011.>0.65,Global Temperature Anomaly for Mar 2011 to be greater than 0.65 Degrees C,2010-12-28,0.0,0.0,0.0,40.0,23,0,40.0,22.0
743669,GTA.MAR2011.>0.65,Global Temperature Anomaly for Mar 2011 to be greater than 0.65 Degrees C,2010-12-29,0.0,0.0,0.0,40.0,23,0,40.0,22.0
743669,GTA.MAR2011.>0.65,Global Temperature Anomaly for Mar 2011 to be greater than 0.65 Degrees C,2010-12-30,0.0,0.0,0.0,40.0,23,0,40.0,22.0
743669,GTA.MAR2011.>0.65,Global Temperature Anomaly for Mar 2011 to be greater than 0.65 Degrees C,2010-12-31,40.0,40.0,40.0,40.0,97,74,40.0,22.0
743669,GTA.MAR2011.>0.65,Global Temperature Anomaly for Mar 2011 to be greater than 0.65 Degrees C,2011-01-01,0.0,0.0,0.0,40.0,97,0,40.0,22.0
743669,GTA.MAR2011.>0.65,Global Temperature Anomaly for Mar 2011 to be greater than 0.65 Degrees C,2011-01-02,0.0,0.0,0.0,40.0,97,0,40.0,22.0
743669,GTA.MAR2011.>0.65,Global Temperature Anomaly for Mar 2011 to be greater than 0.65 Degrees C,2011-01-03,0.0,0.0,0.0,40.0,97,0,40.0,22.0
743669,GTA.MAR2011.>0.65,Global Temperature Anomaly for Mar 2011 to be greater than 0.65 Degrees C,2011-01-04,0.0,0.0,0.0,40.0,97,0,40.0,22.0
743669,GTA.MAR2011.>0.65,Global Temperature Anomaly for Mar 2011 to be greater than 0.65 Degrees C,2011-01-05,0.0,0.0,0.0,40.0,97,0,40.0,22.0
743669,GTA.MAR2011.>0.65,Global Temperature Anomaly for Mar 2011 to be greater than 0.65 Degrees C,2011-01-06,0.0,0.0,0.0,40.0,97,0,40.0,22.0
743669,GTA.MAR2011.>0.65,Global Temperature Anomaly for Mar 2011 to be greater than 0.65 Degrees C,2011-01-07,0.0,0.0,0.0,40.0,97,0,40.0,22.0
743669,GTA.MAR2011.>0.65,Global Temperature Anomaly for Mar 2011 to be greater than 0.65 Degrees C,2011-01-08,0.0,0.0,0.0,40.0,97,0,40.0,22.0
743669,GTA.MAR2011.>0.65,Global Temperature Anomaly for Mar 2011 to be greater than 0.65 Degrees C,2011-01-09,0.0,0.0,0.0,40.0,97,0,40.0,22.0
743669,GTA.MAR2011.>0.65,Global Temperature Anomaly for Mar 2011 to be greater than 0.65 Degrees C,2011-01-10,0.0,0.0,0.0,40.0,97,0,40.0,22.0
743669,GTA.MAR2011.>0.65,Global Temperature Anomaly for Mar 2011 to be greater than 0.65 Degrees C,2011-01-11,0.0,0.0,0.0,40.0,97,0,40.0,22.0
743669,GTA.MAR2011.>0.65,Global Temperature Anomaly for Mar 2011 to be greater than 0.65 Degrees C,2011-01-12,0.0,0.0,0.0,40.0,97,0,40.0,22.0
743669,GTA.MAR2011.>0.65,Global Temperature Anomaly for Mar 2011 to be greater than 0.65 Degrees C,2011-01-13,0.0,0.0,0.0,40.0,97,0,40.0,22.0
743669,GTA.MAR2011.>0.65,Global Temperature Anomaly for Mar 2011 to be greater than 0.65 Degrees C,2011-01-14,0.0,0.0,0.0,40.0,97,0,40.0,22.0
743669,GTA.MAR2011.>0.65,Global Temperature Anomaly for Mar 2011 to be greater than 0.65 Degrees C,2011-01-15,0.0,0.0,0.0,40.0,97,0,40.0,22.0
743669,GTA.MAR2011.>0.65,Global Temperature Anomaly for Mar 2011 to be greater than 0.65 Degrees C,2011-01-16,0.0,0.0,0.0,40.0,97,0,40.0,22.0
743669,GTA.MAR2011.>0.65,Global Temperature Anomaly for Mar 2011 to be greater than 0.65 Degrees C,2011-01-17,0.0,0.0,0.0,40.0,97,0,40.0,22.0
743669,GTA.MAR2011.>0.65,Global Temperature Anomaly for Mar 2011 to be greater than 0.65 Degrees C,2011-01-18,0.0,0.0,0.0,40.0,97,0,40.0,22.0
743669,GTA.MAR2011.>0.65,Global Temperature Anomaly for Mar 2011 to be greater than 0.65 Degrees C,2011-01-19,0.0,0.0,0.0,40.0,97,0,40.0,22.0
743669,GTA.MAR2011.>0.65,Global Temperature Anomaly for Mar 2011 to be greater than 0.65 Degrees C,2011-01-20,0.0,0.0,0.0,40.0,97,0,40.0,22.0
743669,GTA.MAR2011.>0.65,Global Temperature Anomaly for Mar 2011 to be greater than 0.65 Degrees C,2011-01-21,0.0,0.0,0.0,40.0,97,0,40.0,22.0
743669,GTA.MAR2011.>0.65,Global Temperature Anomaly for Mar 2011 to be greater than 0.65 Degrees C,2011-01-22,0.0,0.0,0.0,40.0,97,0,40.0,22.0
743669,GTA.MAR2011.>0.65,Global Temperature Anomaly for Mar 2011 to be greater than 0.65 Degrees C,2011-01-23,0.0,0.0,0.0,40.0,97,0,40.0,22.0
743669,GTA.MAR2011.>0.65,Global Temperature Anomaly for Mar 2011 to be greater than 0.65 Degrees C,2011-01-24,0.0,0.0,0.0,40.0,97,0,40.0,22.0
743669,GTA.MAR2011.>0.65,Global Temperature Anomaly for Mar 2011 to be greater than 0.65 Degrees C,2011-01-25,0.0,0.0,0.0,40.0,97,0,40.0,22.0
743669,GTA.MAR2011.>0.65,Global Temperature Anomaly for Mar 2011 to be greater than 0.65 Degrees C,2011-01-26,0.0,0.0,0.0,40.0,97,0,40.0,22.0
743669,GTA.MAR2011.>0.65,Global Temperature Anomaly for Mar 2011 to be greater than 0.65 Degrees C,2011-01-27,0.0,0.0,0.0,40.0,97,0,40.0,22.0
743669,GTA.MAR2011.>0.65,Global Temperature Anomaly for Mar 2011 to be greater than 0.65 Degrees C,2011-01-28,0.0,0.0,0.0,40.0,97,0,40.0,22.0
743669,GTA.MAR2011.>0.65,Global Temperature Anomaly for Mar 2011 to be greater than 0.65 Degrees C,2011-01-29,0.0,0.0,0.0,40.0,97,0,40.0,22.0
743669,GTA.MAR2011.>0.65,Global Temperature Anomaly for Mar 2011 to be greater than 0.65 Degrees C,2011-01-30,0.0,0.0,0.0,40.0,97,0,40.0,22.0
743669,GTA.MAR2011.>0.65,Global Temperature Anomaly for Mar 2011 to be greater than 0.65 Degrees C,2011-01-31,0.0,0.0,0.0,40.0,97,0,40.0,22.0
743669,GTA.MAR2011.>0.65,Global Temperature Anomaly for Mar 2011 to be greater than 0.65 Degrees C,2011-02-01,0.0,0.0,0.0,40.0,97,0,40.0,22.0
743669,GTA.MAR2011.>0.65,Global Temperature Anomaly for Mar 2011 to be greater than 0.65 Degrees C,2011-02-02,0.0,0.0,0.0,40.0,97,0,40.0,22.0
743669,GTA.MAR2011.>0.65,Global Temperature Anomaly for Mar 2011 to be greater than 0.65 Degrees C,2011-02-03,0.0,0.0,0.0,40.0,97,0,40.0,22.0
743669,GTA.MAR2011.>0.65,Global Temperature Anomaly for Mar 2011 to be greater than 0.65 Degrees C,2011-02-04,0.0,0.0,0.0,40.0,97,0,40.0,22.0
743669,GTA.MAR2011.>0.65,Global Temperature Anomaly for Mar 2011 to be greater than 0.65 Degrees C,2011-02-05,0.0,0.0,0.0,40.0,97,0,40.0,22.0
743669,GTA.MAR2011.>0.65,Global Temperature Anomaly for Mar 2011 to be greater than 0.65 Degrees C,2011-02-06,0.0,0.0,0.0,40.0,97,0,40.0,22.0
743669,GTA.MAR2011.>0.65,Global Temperature Anomaly for Mar 2011 to be greater than 0.65 Degrees C,2011-02-07,0.0,0.0,0.0,40.0,97,0,40.0,22.0
743669,GTA.MAR2011.>0.65,Global Temperature Anomaly for Mar 2011 to be greater than 0.65 Degrees C,2011-02-08,0.0,0.0,0.0,40.0,97,0,40.0,22.0
743669,GTA.MAR2011.>0.65,Global Temperature Anomaly for Mar 2011 to be greater than 0.65 Degrees C,2011-02-09,0.0,0.0,0.0,40.0,97,0,40.0,22.0
743669,GTA.MAR2011.>0.65,Global Temperature Anomaly for Mar 2011 to be greater than 0.65 Degrees C,2011-02-10,0.0,0.0,0.0,40.0,97,0,40.0,22.0
743669,GTA.MAR2011.>0.65,Global Temperature Anomaly for Mar 2011 to be greater than 0.65 Degrees C,2011-02-11,0.0,0.0,0.0,40.0,97,0,40.0,22.0
743669,GTA.MAR2011.>0.65,Global Temperature Anomaly for Mar 2011 to be greater than 0.65 Degrees C,2011-02-12,0.0,0.0,0.0,40.0,97,0,40.0,22.0
743669,GTA.MAR2011.>0.65,Global Temperature Anomaly for Mar 2011 to be greater than 0.65 Degrees C,2011-02-13,0.0,0.0,0.0,40.0,97,0,40.0,22.0
743669,GTA.MAR2011.>0.65,Global Temperature Anomaly for Mar 2011 to be greater than 0.65 Degrees C,2011-02-14,0.0,0.0,0.0,40.0,97,0,40.0,22.0
743669,GTA.MAR2011.>0.65,Global Temperature Anomaly for Mar 2011 to be greater than 0.65 Degrees C,2011-02-15,20.0,20.0,19.1,19.1,107,11,40.0,19.1
743669,GTA.MAR2011.>0.65,Global Temperature Anomaly for Mar 2011 to be greater than 0.65 Degrees C,2011-02-16,0.0,0.0,0.0,19.1,107,0,40.0,19.1
743669,GTA.MAR2011.>0.65,Global Temperature Anomaly for Mar 2011 to be greater than 0.65 Degrees C,2011-02-17,0.0,0.0,0.0,19.1,107,0,40.0,19.1
743669,GTA.MAR2011.>0.65,Global Temperature Anomaly for Mar 2011 to be greater than 0.65 Degrees C,2011-02-18,0.0,0.0,0.0,19.1,107,0,40.0,19.1
743669,GTA.MAR2011.>0.65,Global Temperature Anomaly for Mar 2011 to be greater than 0.65 Degrees C,2011-02-19,0.0,0.0,0.0,19.1,107,0,40.0,19.1
743669,GTA.MAR2011.>0.65,Global Temperature Anomaly for Mar 2011 to be greater than 0.65 Degrees C,2011-02-20,0.0,0.0,0.0,19.1,107,0,40.0,19.1
743669,GTA.MAR2011.>0.65,Global Temperature Anomaly for Mar 2011 to be greater than 0.65 Degrees C,2011-02-21,0.0,0.0,0.0,19.1,107,0,40.0,19.1
743669,GTA.MAR2011.>0.65,Global Temperature Anomaly for Mar 2011 to be greater than 0.65 Degrees C,2011-02-22,0.0,0.0,0.0,19.1,107,0,40.0,19.1
743669,GTA.MAR2011.>0.65,Global Temperature Anomaly for Mar 2011 to be greater than 0.65 Degrees C,2011-02-23,0.0,0.0,0.0,19.1,107,0,40.0,19.1
743669,GTA.MAR2011.>0.65,Global Temperature Anomaly for Mar 2011 to be greater than 0.65 Degrees C,2011-02-24,15.0,15.0,15.0,15.0,107,7,40.0,15.0
743669,GTA.MAR2011.>0.65,Global Temperature Anomaly for Mar 2011 to be greater than 0.65 Degrees C,2011-02-25,0.0,0.0,0.0,15.0,107,0,40.0,15.0
743669,GTA.MAR2011.>0.65,Global Temperature Anomaly for Mar 2011 to be greater than 0.65 Degrees C,2011-02-26,0.0,0.0,0.0,15.0,107,0,40.0,15.0
743669,GTA.MAR2011.>0.65,Global Temperature Anomaly for Mar 2011 to be greater than 0.65 Degrees C,2011-02-27,0.0,0.0,0.0,15.0,107,0,40.0,15.0
743669,GTA.MAR2011.>0.65,Global Temperature Anomaly for Mar 2011 to be greater than 0.65 Degrees C,2011-02-28,0.0,0.0,0.0,15.0,107,0,40.0,15.0
743669,GTA.MAR2011.>0.65,Global Temperature Anomaly for Mar 2011 to be greater than 0.65 Degrees C,2011-03-01,0.0,0.0,0.0,15.0,107,0,40.0,15.0
743669,GTA.MAR2011.>0.65,Global Temperature Anomaly for Mar 2011 to be greater than 0.65 Degrees C,2011-03-02,0.0,0.0,0.0,15.0,107,0,40.0,15.0
743669,GTA.MAR2011.>0.65,Global Temperature Anomaly for Mar 2011 to be greater than 0.65 Degrees C,2011-03-03,0.0,0.0,0.0,15.0,107,0,40.0,15.0
743669,GTA.MAR2011.>0.65,Global Temperature Anomaly for Mar 2011 to be greater than 0.65 Degrees C,2011-03-04,0.0,0.0,0.0,15.0,107,0,40.0,15.0
743669,GTA.MAR2011.>0.65,Global Temperature Anomaly for Mar 2011 to be greater than 0.65 Degrees C,2011-03-05,0.0,0.0,0.0,15.0,107,0,40.0,15.0
743669,GTA.MAR2011.>0.65,Global Temperature Anomaly for Mar 2011 to be greater than 0.65 Degrees C,2011-03-06,0.0,0.0,0.0,15.0,107,0,40.0,15.0
743669,GTA.MAR2011.>0.65,Global Temperature Anomaly for Mar 2011 to be greater than 0.65 Degrees C,2011-03-07,24.0,25.0,24.0,25.0,99,12,40.0,15.0
743669,GTA.MAR2011.>0.65,Global Temperature Anomaly for Mar 2011 to be greater than 0.65 Degrees C,2011-03-08,0.0,0.0,0.0,25.0,99,0,40.0,15.0
743669,GTA.MAR2011.>0.65,Global Temperature Anomaly for Mar 2011 to be greater than 0.65 Degrees C,2011-03-09,0.0,0.0,0.0,25.0,99,0,40.0,15.0
743669,GTA.MAR2011.>0.65,Global Temperature Anomaly for Mar 2011 to be greater than 0.65 Degrees C,2011-03-10,0.0,0.0,0.0,25.0,99,0,40.0,15.0
743669,GTA.MAR2011.>0.65,Global Temperature Anomaly for Mar 2011 to be greater than 0.65 Degrees C,2011-03-11,0.0,0.0,0.0,25.0,99,0,40.0,15.0
743669,GTA.MAR2011.>0.65,Global Temperature Anomaly for Mar 2011 to be greater than 0.65 Degrees C,2011-03-12,0.0,0.0,0.0,25.0,99,0,40.0,15.0
743669,GTA.MAR2011.>0.65,Global Temperature Anomaly for Mar 2011 to be greater than 0.65 Degrees C,2011-03-13,0.0,0.0,0.0,25.0,99,0,40.0,15.0
743669,GTA.MAR2011.>0.65,Global Temperature Anomaly for Mar 2011 to be greater than 0.65 Degrees C,2011-03-14,0.0,0.0,0.0,25.0,99,0,40.0,15.0
743669,GTA.MAR2011.>0.65,Global Temperature Anomaly for Mar 2011 to be greater than 0.65 Degrees C,2011-03-15,0.0,0.0,0.0,25.0,99,0,40.0,15.0
743669,GTA.MAR2011.>0.65,Global Temperature Anomaly for Mar 2011 to be greater than 0.65 Degrees C,2011-03-16,0.0,0.0,0.0,25.0,99,0,40.0,15.0
743669,GTA.MAR2011.>0.65,Global Temperature Anomaly for Mar 2011 to be greater than 0.65 Degrees C,2011-03-17,0.0,0.0,0.0,25.0,99,0,40.0,15.0
743669,GTA.MAR2011.>0.65,Global Temperature Anomaly for Mar 2011 to be greater than 0.65 Degrees C,2011-03-18,0.0,0.0,0.0,25.0,99,0,40.0,15.0
743669,GTA.MAR2011.>0.65,Global Temperature Anomaly for Mar 2011 to be greater than 0.65 Degrees C,2011-03-19,0.0,0.0,0.0,25.0,99,0,40.0,15.0
743669,GTA.MAR2011.>0.65,Global Temperature Anomaly for Mar 2011 to be greater than 0.65 Degrees C,2011-03-20,0.0,0.0,0.0,25.0,99,0,40.0,15.0
743669,GTA.MAR2011.>0.65,Global Temperature Anomaly for Mar 2011 to be greater than 0.65 Degrees C,2011-03-21,0.0,0.0,0.0,25.0,99,0,40.0,15.0
743669,GTA.MAR2011.>0.65,Global Temperature Anomaly for Mar 2011 to be greater than 0.65 Degrees C,2011-03-22,0.0,0.0,0.0,25.0,99,0,40.0,15.0
743669,GTA.MAR2011.>0.65,Global Temperature Anomaly for Mar 2011 to be greater than 0.65 Degrees C,2011-03-23,0.0,0.0,0.0,25.0,99,0,40.0,15.0
743669,GTA.MAR2011.>0.65,Global Temperature Anomaly for Mar 2011 to be greater than 0.65 Degrees C,2011-03-24,0.0,0.0,0.0,25.0,99,0,40.0,15.0
743669,GTA.MAR2011.>0.65,Global Temperature Anomaly for Mar 2011 to be greater than 0.65 Degrees C,2011-03-25,5.0,7.0,5.0,5.0,111,12,40.0,5.0
743669,GTA.MAR2011.>0.65,Global Temperature Anomaly for Mar 2011 to be greater than 0.65 Degrees C,2011-03-26,0.0,0.0,0.0,5.0,111,0,40.0,5.0
743669,GTA.MAR2011.>0.65,Global Temperature Anomaly for Mar 2011 to be greater than 0.65 Degrees C,2011-03-27,0.0,0.0,0.0,5.0,111,0,40.0,5.0
743669,GTA.MAR2011.>0.65,Global Temperature Anomaly for Mar 2011 to be greater than 0.65 Degrees C,2011-03-28,0.0,0.0,0.0,5.0,111,0,40.0,5.0
743669,GTA.MAR2011.>0.65,Global Temperature Anomaly for Mar 2011 to be greater than 0.65 Degrees C,2011-03-29,0.0,0.0,0.0,5.0,111,0,40.0,5.0
743669,GTA.MAR2011.>0.65,Global Temperature Anomaly for Mar 2011 to be greater than 0.65 Degrees C,2011-03-30,0.0,0.0,0.0,5.0,111,0,40.0,5.0
743669,GTA.MAR2011.>0.65,Global Temperature Anomaly for Mar 2011 to be greater than 0.65 Degrees C,2011-03-31,0.0,0.0,0.0,5.0,111,0,40.0,5.0
743669,GTA.MAR2011.>0.65,Global Temperature Anomaly for Mar 2011 to be greater than 0.65 Degrees C,2011-04-01,0.0,0.0,0.0,5.0,111,0,40.0,5.0
743669,GTA.MAR2011.>0.65,Global Temperature Anomaly for Mar 2011 to be greater than 0.65 Degrees C,2011-04-02,0.0,0.0,0.0,5.0,111,0,40.0,5.0
743669,GTA.MAR2011.>0.65,Global Temperature Anomaly for Mar 2011 to be greater than 0.65 Degrees C,2011-04-03,0.0,0.0,0.0,5.0,111,0,40.0,5.0
743669,GTA.MAR2011.>0.65,Global Temperature Anomaly for Mar 2011 to be greater than 0.65 Degrees C,2011-04-04,0.0,0.0,0.0,5.0,111,0,40.0,5.0
743669,GTA.MAR2011.>0.65,Global Temperature Anomaly for Mar 2011 to be greater than 0.65 Degrees C,2011-04-05,0.0,0.0,0.0,5.0,111,0,40.0,5.0
743669,GTA.MAR2011.>0.65,Global Temperature Anomaly for Mar 2011 to be greater than 0.65 Degrees C,2011-04-06,0.0,0.0,0.0,5.0,111,0,40.0,5.0
743669,GTA.MAR2011.>0.65,Global Temperature Anomaly for Mar 2011 to be greater than 0.65 Degrees C,2011-04-07,0.0,0.0,0.0,5.0,111,0,40.0,5.0
743669,GTA.MAR2011.>0.65,Global Temperature Anomaly for Mar 2011 to be greater than 0.65 Degrees C,2011-04-08,0.0,0.0,0.0,5.0,111,0,40.0,5.0
743669,GTA.MAR2011.>0.65,Global Temperature Anomaly for Mar 2011 to be greater than 0.65 Degrees C,2011-04-09,0.0,0.0,0.0,5.0,111,0,40.0,5.0
743669,GTA.MAR2011.>0.65,Global Temperature Anomaly for Mar 2011 to be greater than 0.65 Degrees C,2011-04-10,0.0,0.0,0.0,5.0,111,0,40.0,5.0
743669,GTA.MAR2011.>0.65,Global Temperature Anomaly for Mar 2011 to be greater than 0.65 Degrees C,2011-04-11,0.0,0.0,0.0,5.0,111,0,40.0,5.0
743669,GTA.MAR2011.>0.65,Global Temperature Anomaly for Mar 2011 to be greater than 0.65 Degrees C,2011-04-12,0.0,0.0,0.0,5.0,111,0,40.0,5.0
743669,GTA.MAR2011.>0.65,Global Temperature Anomaly for Mar 2011 to be greater than 0.65 Degrees C,2011-04-12,0.0,0.0,0.0,5.0,111,0,40.0,5.0
743669,GTA.MAR2011.>0.65,Global Temperature Anomaly for Mar 2011 to be greater than 0.65 Degrees C,2011-04-13,0.0,0.0,0.0,5.0,111,0,40.0,5.0
743669,GTA.MAR2011.>0.65,Global Temperature Anomaly for Mar 2011 to be greater than 0.65 Degrees C,2011-04-14,0.0,0.0,0.0,5.0,111,0,40.0,5.0
743669,GTA.MAR2011.>0.65,Global Temperature Anomaly for Mar 2011 to be greater than 0.65 Degrees C,2011-04-15,0.0,0.0,0.0,5.0,111,0,40.0,5.0
743669,GTA.MAR2011.>0.65,Global Temperature Anomaly for Mar 2011 to be greater than 0.65 Degrees C,2011-04-16,0.0,0.0,0.0,5.0,111,0,40.0,5.0
743669,GTA.MAR2011.>0.65,Global Temperature Anomaly for Mar 2011 to be greater than 0.65 Degrees C,2011-04-17,0.0,0.0,0.0,5.0,111,0,40.0,5.0
743669,GTA.MAR2011.>0.65,Global Temperature Anomaly for Mar 2011 to be greater than 0.65 Degrees C,2011-04-18,0.0,0.0,0.0,5.0,111,0,40.0,5.0
743669,GTA.MAR2011.>0.65,Global Temperature Anomaly for Mar 2011 to be greater than 0.65 Degrees C,2011-04-19,0.0,0.0,0.0,5.0,111,0,40.0,5.0
743669,GTA.MAR2011.>0.65,Global Temperature Anomaly for Mar 2011 to be greater than 0.65 Degrees C,2011-04-20,0.0,0.0,0.0,5.0,111,0,40.0,5.0
743669,GTA.MAR2011.>0.65,Global Temperature Anomaly for Mar 2011 to be greater than 0.65 Degrees C,2011-04-21,0.0,0.0,0.0,5.0,111,0,40.0,5.0
743669,GTA.MAR2011.>0.65,Global Temperature Anomaly for Mar 2011 to be greater than 0.65 Degrees C,2011-04-22,0.0,0.0,0.0,5.0,111,0,40.0,5.0
743669,GTA.MAR2011.>0.65,Global Temperature Anomaly for Mar 2011 to be greater than 0.65 Degrees C,2011-04-23,0.0,0.0,0.0,5.0,111,0,40.0,5.0
743669,GTA.MAR2011.>0.65,Global Temperature Anomaly for Mar 2011 to be greater than 0.65 Degrees C,2011-04-24,0.0,0.0,0.0,5.0,111,0,40.0,5.0
743669,GTA.MAR2011.>0.65,Global Temperature Anomaly for Mar 2011 to be greater than 0.65 Degrees C,2011-04-25,0.0,0.0,0.0,5.0,111,0,40.0,5.0
