market id,market symbol,market name,trade quantity,trade price,date/time [utc]
675023,LIDDY.DEPART.AIG.JUN09,Edward Liddy to depart as CEO of AIG before midnight ET on 30 June 2009,1,7.0,May/14/2009 23:30:09
675023,LIDDY.DEPART.AIG.JUN09,Edward Liddy to depart as CEO of AIG before midnight ET on 30 June 2009,1,10.0,May/21/2009 20:16:49
675023,LIDDY.DEPART.AIG.JUN09,Edward Liddy to depart as CEO of AIG before midnight ET on 30 June 2009,5,25.0,May/21/2009 20:16:59
675023,LIDDY.DEPART.AIG.JUN09,Edward Liddy to depart as CEO of AIG before midnight ET on 30 June 2009,5,25.0,May/21/2009 20:17:07
675023,LIDDY.DEPART.AIG.JUN09,Edward Liddy to depart as CEO of AIG before midnight ET on 30 June 2009,10,25.0,May/21/2009 20:17:23
