market id,market symbol,market name,trade quantity,trade price,date/time [utc]
63935,KASPvFRITZ.DRAW,Match to Draw,10,75.0,Nov/12/2003 09:40:28
63935,KASPvFRITZ.DRAW,Match to Draw,5,72.0,Nov/18/2003 08:03:30
63935,KASPvFRITZ.DRAW,Match to Draw,5,62.0,Nov/18/2003 14:46:49
63935,KASPvFRITZ.DRAW,Match to Draw,20,72.0,Nov/18/2003 19:11:31
63935,KASPvFRITZ.DRAW,Match to Draw,2,72.0,Nov/18/2003 19:17:51
63935,KASPvFRITZ.DRAW,Match to Draw,73,72.0,Nov/18/2003 19:24:12
63935,KASPvFRITZ.DRAW,Match to Draw,2,98.0,Nov/18/2003 20:07:06
