market id,market symbol,market name,business day,session open,session high,session low,closing price,open interest,session trade volume,lifetime high,lifetime low
63934,KASPvFRITZ.X3DFRITZ,X3D Fritz to Win,2003-11-11,35.0,35.0,33.0,33.0,1,33,35.0,33.0
63934,KASPvFRITZ.X3DFRITZ,X3D Fritz to Win,2003-11-12,0.0,0.0,0.0,33.0,1,0,35.0,33.0
63934,KASPvFRITZ.X3DFRITZ,X3D Fritz to Win,2003-11-13,0.0,0.0,0.0,0.0,1,0,35.0,33.0
63934,KASPvFRITZ.X3DFRITZ,X3D Fritz to Win,2003-11-14,0.0,0.0,0.0,55.0,1,0,35.0,33.0
63934,KASPvFRITZ.X3DFRITZ,X3D Fritz to Win,2003-11-15,0.0,0.0,0.0,55.0,1,0,35.0,33.0
63934,KASPvFRITZ.X3DFRITZ,X3D Fritz to Win,2003-11-16,0.0,0.0,0.0,55.0,1,0,35.0,33.0
63934,KASPvFRITZ.X3DFRITZ,X3D Fritz to Win,2003-11-17,0.0,0.0,0.0,55.0,1,0,35.0,33.0
63934,KASPvFRITZ.X3DFRITZ,X3D Fritz to Win,2003-11-18,0.0,0.0,0.0,0.0,1,0,35.0,33.0
