market id,market symbol,market name,business day,session open,session high,session low,closing price,open interest,session trade volume,lifetime high,lifetime low
770042,2013.TEMP.ANOMOLY.0.55+,Global Temperature Anomaly for 2013 (Jan-Dec) to be 0.55 or more,2013-01-21,,,,,0,0,,
770042,2013.TEMP.ANOMOLY.0.55+,Global Temperature Anomaly for 2013 (Jan-Dec) to be 0.55 or more,2013-01-22,,,,,0,0,,
770042,2013.TEMP.ANOMOLY.0.55+,Global Temperature Anomaly for 2013 (Jan-Dec) to be 0.55 or more,2013-01-23,,,,,0,0,,
770042,2013.TEMP.ANOMOLY.0.55+,Global Temperature Anomaly for 2013 (Jan-Dec) to be 0.55 or more,2013-01-24,,,,,0,0,,
770042,2013.TEMP.ANOMOLY.0.55+,Global Temperature Anomaly for 2013 (Jan-Dec) to be 0.55 or more,2013-01-25,,,,,0,0,,
770042,2013.TEMP.ANOMOLY.0.55+,Global Temperature Anomaly for 2013 (Jan-Dec) to be 0.55 or more,2013-01-26,,,,,0,0,,
770042,2013.TEMP.ANOMOLY.0.55+,Global Temperature Anomaly for 2013 (Jan-Dec) to be 0.55 or more,2013-01-27,,,,,0,0,,
770042,2013.TEMP.ANOMOLY.0.55+,Global Temperature Anomaly for 2013 (Jan-Dec) to be 0.55 or more,2013-01-28,,,,,0,0,,
770042,2013.TEMP.ANOMOLY.0.55+,Global Temperature Anomaly for 2013 (Jan-Dec) to be 0.55 or more,2013-01-29,,,,,0,0,,
770042,2013.TEMP.ANOMOLY.0.55+,Global Temperature Anomaly for 2013 (Jan-Dec) to be 0.55 or more,2013-01-30,,,,,0,0,,
770042,2013.TEMP.ANOMOLY.0.55+,Global Temperature Anomaly for 2013 (Jan-Dec) to be 0.55 or more,2013-01-31,,,,,0,0,,
770042,2013.TEMP.ANOMOLY.0.55+,Global Temperature Anomaly for 2013 (Jan-Dec) to be 0.55 or more,2013-02-01,,,,,0,0,,
770042,2013.TEMP.ANOMOLY.0.55+,Global Temperature Anomaly for 2013 (Jan-Dec) to be 0.55 or more,2013-02-02,,,,,0,0,,
770042,2013.TEMP.ANOMOLY.0.55+,Global Temperature Anomaly for 2013 (Jan-Dec) to be 0.55 or more,2013-02-03,,,,,0,0,,
770042,2013.TEMP.ANOMOLY.0.55+,Global Temperature Anomaly for 2013 (Jan-Dec) to be 0.55 or more,2013-02-04,,,,,0,0,,
770042,2013.TEMP.ANOMOLY.0.55+,Global Temperature Anomaly for 2013 (Jan-Dec) to be 0.55 or more,2013-02-05,,,,,0,0,,
770042,2013.TEMP.ANOMOLY.0.55+,Global Temperature Anomaly for 2013 (Jan-Dec) to be 0.55 or more,2013-02-06,,,,,0,0,,
770042,2013.TEMP.ANOMOLY.0.55+,Global Temperature Anomaly for 2013 (Jan-Dec) to be 0.55 or more,2013-02-07,,,,,0,0,,
770042,2013.TEMP.ANOMOLY.0.55+,Global Temperature Anomaly for 2013 (Jan-Dec) to be 0.55 or more,2013-02-08,,,,,0,0,,
770042,2013.TEMP.ANOMOLY.0.55+,Global Temperature Anomaly for 2013 (Jan-Dec) to be 0.55 or more,2013-02-09,,,,,0,0,,
770042,2013.TEMP.ANOMOLY.0.55+,Global Temperature Anomaly for 2013 (Jan-Dec) to be 0.55 or more,2013-02-10,,,,,0,0,,
770042,2013.TEMP.ANOMOLY.0.55+,Global Temperature Anomaly for 2013 (Jan-Dec) to be 0.55 or more,2013-02-11,,,,,0,0,,
770042,2013.TEMP.ANOMOLY.0.55+,Global Temperature Anomaly for 2013 (Jan-Dec) to be 0.55 or more,2013-02-12,,,,,0,0,,
770042,2013.TEMP.ANOMOLY.0.55+,Global Temperature Anomaly for 2013 (Jan-Dec) to be 0.55 or more,2013-02-13,,,,,0,0,,
770042,2013.TEMP.ANOMOLY.0.55+,Global Temperature Anomaly for 2013 (Jan-Dec) to be 0.55 or more,2013-02-14,,,,,0,0,,
770042,2013.TEMP.ANOMOLY.0.55+,Global Temperature Anomaly for 2013 (Jan-Dec) to be 0.55 or more,2013-02-15,,,,,0,0,,
770042,2013.TEMP.ANOMOLY.0.55+,Global Temperature Anomaly for 2013 (Jan-Dec) to be 0.55 or more,2013-02-16,,,,,0,0,,
770042,2013.TEMP.ANOMOLY.0.55+,Global Temperature Anomaly for 2013 (Jan-Dec) to be 0.55 or more,2013-02-17,,,,,0,0,,
770042,2013.TEMP.ANOMOLY.0.55+,Global Temperature Anomaly for 2013 (Jan-Dec) to be 0.55 or more,2013-02-18,,,,,0,0,,
770042,2013.TEMP.ANOMOLY.0.55+,Global Temperature Anomaly for 2013 (Jan-Dec) to be 0.55 or more,2013-02-19,,,,,0,0,,
770042,2013.TEMP.ANOMOLY.0.55+,Global Temperature Anomaly for 2013 (Jan-Dec) to be 0.55 or more,2013-02-20,,,,,0,0,,
770042,2013.TEMP.ANOMOLY.0.55+,Global Temperature Anomaly for 2013 (Jan-Dec) to be 0.55 or more,2013-02-21,,,,,0,0,,
770042,2013.TEMP.ANOMOLY.0.55+,Global Temperature Anomaly for 2013 (Jan-Dec) to be 0.55 or more,2013-02-22,,,,,0,0,,
770042,2013.TEMP.ANOMOLY.0.55+,Global Temperature Anomaly for 2013 (Jan-Dec) to be 0.55 or more,2013-02-23,,,,,0,0,,
770042,2013.TEMP.ANOMOLY.0.55+,Global Temperature Anomaly for 2013 (Jan-Dec) to be 0.55 or more,2013-02-24,,,,,0,0,,
770042,2013.TEMP.ANOMOLY.0.55+,Global Temperature Anomaly for 2013 (Jan-Dec) to be 0.55 or more,2013-02-25,,,,,0,0,,
770042,2013.TEMP.ANOMOLY.0.55+,Global Temperature Anomaly for 2013 (Jan-Dec) to be 0.55 or more,2013-02-26,,,,,0,0,,
770042,2013.TEMP.ANOMOLY.0.55+,Global Temperature Anomaly for 2013 (Jan-Dec) to be 0.55 or more,2013-02-27,,,,,0,0,,
770042,2013.TEMP.ANOMOLY.0.55+,Global Temperature Anomaly for 2013 (Jan-Dec) to be 0.55 or more,2013-02-28,,,,,0,0,,
770042,2013.TEMP.ANOMOLY.0.55+,Global Temperature Anomaly for 2013 (Jan-Dec) to be 0.55 or more,2013-03-01,,,,,0,0,,
770042,2013.TEMP.ANOMOLY.0.55+,Global Temperature Anomaly for 2013 (Jan-Dec) to be 0.55 or more,2013-03-02,,,,,0,0,,
770042,2013.TEMP.ANOMOLY.0.55+,Global Temperature Anomaly for 2013 (Jan-Dec) to be 0.55 or more,2013-03-03,,,,,0,0,,
770042,2013.TEMP.ANOMOLY.0.55+,Global Temperature Anomaly for 2013 (Jan-Dec) to be 0.55 or more,2013-03-04,,,,,0,0,,
770042,2013.TEMP.ANOMOLY.0.55+,Global Temperature Anomaly for 2013 (Jan-Dec) to be 0.55 or more,2013-03-05,,,,,0,0,,
770042,2013.TEMP.ANOMOLY.0.55+,Global Temperature Anomaly for 2013 (Jan-Dec) to be 0.55 or more,2013-03-06,,,,,0,0,,
770042,2013.TEMP.ANOMOLY.0.55+,Global Temperature Anomaly for 2013 (Jan-Dec) to be 0.55 or more,2013-03-07,,,,,0,0,,
770042,2013.TEMP.ANOMOLY.0.55+,Global Temperature Anomaly for 2013 (Jan-Dec) to be 0.55 or more,2013-03-08,,,,,0,0,,
770042,2013.TEMP.ANOMOLY.0.55+,Global Temperature Anomaly for 2013 (Jan-Dec) to be 0.55 or more,2013-03-09,,,,,0,0,,
