market id,market symbol,market name,business day,session open,session high,session low,closing price,open interest,session trade volume,lifetime high,lifetime low
674141,CAP.TRADE.DEC2009,A cap and trade system for emissions trading to be established before midnight ET on 31 Dec 2009,2009-04-02,0.0,0.0,0.0,0.0,0,0,0.0,0.0
674141,CAP.TRADE.DEC2009,A cap and trade system for emissions trading to be established before midnight ET on 31 Dec 2009,2009-04-03,0.0,0.0,0.0,0.0,0,0,0.0,0.0
674141,CAP.TRADE.DEC2009,A cap and trade system for emissions trading to be established before midnight ET on 31 Dec 2009,2009-04-04,0.0,0.0,0.0,0.0,0,0,0.0,0.0
674141,CAP.TRADE.DEC2009,A cap and trade system for emissions trading to be established before midnight ET on 31 Dec 2009,2009-04-05,0.0,0.0,0.0,0.0,0,0,0.0,0.0
674141,CAP.TRADE.DEC2009,A cap and trade system for emissions trading to be established before midnight ET on 31 Dec 2009,2009-04-06,0.0,0.0,0.0,0.0,0,0,0.0,0.0
674141,CAP.TRADE.DEC2009,A cap and trade system for emissions trading to be established before midnight ET on 31 Dec 2009,2009-04-07,0.0,0.0,0.0,0.0,0,0,0.0,0.0
674141,CAP.TRADE.DEC2009,A cap and trade system for emissions trading to be established before midnight ET on 31 Dec 2009,2009-04-08,0.0,0.0,0.0,0.0,0,0,0.0,0.0
674141,CAP.TRADE.DEC2009,A cap and trade system for emissions trading to be established before midnight ET on 31 Dec 2009,2009-04-09,0.0,0.0,0.0,0.0,0,0,0.0,0.0
674141,CAP.TRADE.DEC2009,A cap and trade system for emissions trading to be established before midnight ET on 31 Dec 2009,2009-04-10,0.0,0.0,0.0,0.0,0,0,0.0,0.0
674141,CAP.TRADE.DEC2009,A cap and trade system for emissions trading to be established before midnight ET on 31 Dec 2009,2009-04-11,0.0,0.0,0.0,0.0,0,0,0.0,0.0
674141,CAP.TRADE.DEC2009,A cap and trade system for emissions trading to be established before midnight ET on 31 Dec 2009,2009-04-12,0.0,0.0,0.0,0.0,0,0,0.0,0.0
674141,CAP.TRADE.DEC2009,A cap and trade system for emissions trading to be established before midnight ET on 31 Dec 2009,2009-04-13,0.0,0.0,0.0,0.0,0,0,0.0,0.0
674141,CAP.TRADE.DEC2009,A cap and trade system for emissions trading to be established before midnight ET on 31 Dec 2009,2009-04-14,0.0,0.0,0.0,0.0,0,0,0.0,0.0
674141,CAP.TRADE.DEC2009,A cap and trade system for emissions trading to be established before midnight ET on 31 Dec 2009,2009-04-15,0.0,0.0,0.0,0.0,0,0,0.0,0.0
674141,CAP.TRADE.DEC2009,A cap and trade system for emissions trading to be established before midnight ET on 31 Dec 2009,2009-04-16,0.0,0.0,0.0,0.0,0,0,0.0,0.0
674141,CAP.TRADE.DEC2009,A cap and trade system for emissions trading to be established before midnight ET on 31 Dec 2009,2009-04-17,0.0,0.0,0.0,0.0,0,0,0.0,0.0
674141,CAP.TRADE.DEC2009,A cap and trade system for emissions trading to be established before midnight ET on 31 Dec 2009,2009-04-18,0.0,0.0,0.0,0.0,0,0,0.0,0.0
674141,CAP.TRADE.DEC2009,A cap and trade system for emissions trading to be established before midnight ET on 31 Dec 2009,2009-04-19,0.0,0.0,0.0,0.0,0,0,0.0,0.0
674141,CAP.TRADE.DEC2009,A cap and trade system for emissions trading to be established before midnight ET on 31 Dec 2009,2009-04-20,0.0,0.0,0.0,0.0,0,0,0.0,0.0
674141,CAP.TRADE.DEC2009,A cap and trade system for emissions trading to be established before midnight ET on 31 Dec 2009,2009-04-21,25.0,25.0,25.0,25.0,20,20,25.0,25.0
674141,CAP.TRADE.DEC2009,A cap and trade system for emissions trading to be established before midnight ET on 31 Dec 2009,2009-04-22,0.0,0.0,0.0,25.0,20,0,25.0,25.0
674141,CAP.TRADE.DEC2009,A cap and trade system for emissions trading to be established before midnight ET on 31 Dec 2009,2009-04-23,0.0,0.0,0.0,25.0,20,0,25.0,25.0
674141,CAP.TRADE.DEC2009,A cap and trade system for emissions trading to be established before midnight ET on 31 Dec 2009,2009-04-24,0.0,0.0,0.0,25.0,20,0,25.0,25.0
674141,CAP.TRADE.DEC2009,A cap and trade system for emissions trading to be established before midnight ET on 31 Dec 2009,2009-04-25,0.0,0.0,0.0,25.0,20,0,25.0,25.0
674141,CAP.TRADE.DEC2009,A cap and trade system for emissions trading to be established before midnight ET on 31 Dec 2009,2009-04-26,0.0,0.0,0.0,25.0,20,0,25.0,25.0
674141,CAP.TRADE.DEC2009,A cap and trade system for emissions trading to be established before midnight ET on 31 Dec 2009,2009-04-27,0.0,0.0,0.0,25.0,20,0,25.0,25.0
674141,CAP.TRADE.DEC2009,A cap and trade system for emissions trading to be established before midnight ET on 31 Dec 2009,2009-04-28,24.0,24.0,24.0,24.0,40,20,25.0,24.0
674141,CAP.TRADE.DEC2009,A cap and trade system for emissions trading to be established before midnight ET on 31 Dec 2009,2009-04-29,0.0,0.0,0.0,24.0,40,0,25.0,24.0
674141,CAP.TRADE.DEC2009,A cap and trade system for emissions trading to be established before midnight ET on 31 Dec 2009,2009-04-30,0.0,0.0,0.0,24.0,40,0,25.0,24.0
674141,CAP.TRADE.DEC2009,A cap and trade system for emissions trading to be established before midnight ET on 31 Dec 2009,2009-05-01,21.0,21.0,21.0,21.0,40,200,25.0,21.0
674141,CAP.TRADE.DEC2009,A cap and trade system for emissions trading to be established before midnight ET on 31 Dec 2009,2009-05-02,0.0,0.0,0.0,21.0,40,0,25.0,21.0
674141,CAP.TRADE.DEC2009,A cap and trade system for emissions trading to be established before midnight ET on 31 Dec 2009,2009-05-03,0.0,0.0,0.0,21.0,40,0,25.0,21.0
674141,CAP.TRADE.DEC2009,A cap and trade system for emissions trading to be established before midnight ET on 31 Dec 2009,2009-05-04,0.0,0.0,0.0,21.0,40,0,25.0,21.0
674141,CAP.TRADE.DEC2009,A cap and trade system for emissions trading to be established before midnight ET on 31 Dec 2009,2009-05-05,0.0,0.0,0.0,21.0,40,0,25.0,21.0
674141,CAP.TRADE.DEC2009,A cap and trade system for emissions trading to be established before midnight ET on 31 Dec 2009,2009-05-06,0.0,0.0,0.0,21.0,40,0,25.0,21.0
674141,CAP.TRADE.DEC2009,A cap and trade system for emissions trading to be established before midnight ET on 31 Dec 2009,2009-05-07,0.0,0.0,0.0,21.0,40,0,25.0,21.0
674141,CAP.TRADE.DEC2009,A cap and trade system for emissions trading to be established before midnight ET on 31 Dec 2009,2009-05-08,0.0,0.0,0.0,21.0,40,0,25.0,21.0
674141,CAP.TRADE.DEC2009,A cap and trade system for emissions trading to be established before midnight ET on 31 Dec 2009,2009-05-09,0.0,0.0,0.0,21.0,40,0,25.0,21.0
674141,CAP.TRADE.DEC2009,A cap and trade system for emissions trading to be established before midnight ET on 31 Dec 2009,2009-05-10,0.0,0.0,0.0,21.0,40,0,25.0,21.0
674141,CAP.TRADE.DEC2009,A cap and trade system for emissions trading to be established before midnight ET on 31 Dec 2009,2009-05-11,22.5,22.5,22.5,22.5,65,25,25.0,21.0
674141,CAP.TRADE.DEC2009,A cap and trade system for emissions trading to be established before midnight ET on 31 Dec 2009,2009-05-12,0.0,0.0,0.0,22.5,65,0,25.0,21.0
674141,CAP.TRADE.DEC2009,A cap and trade system for emissions trading to be established before midnight ET on 31 Dec 2009,2009-05-13,22.5,22.5,22.5,22.5,72,7,25.0,21.0
674141,CAP.TRADE.DEC2009,A cap and trade system for emissions trading to be established before midnight ET on 31 Dec 2009,2009-05-14,0.0,0.0,0.0,22.5,72,0,25.0,21.0
674141,CAP.TRADE.DEC2009,A cap and trade system for emissions trading to be established before midnight ET on 31 Dec 2009,2009-05-15,0.0,0.0,0.0,22.5,72,0,25.0,21.0
674141,CAP.TRADE.DEC2009,A cap and trade system for emissions trading to be established before midnight ET on 31 Dec 2009,2009-05-16,0.0,0.0,0.0,22.5,72,0,25.0,21.0
674141,CAP.TRADE.DEC2009,A cap and trade system for emissions trading to be established before midnight ET on 31 Dec 2009,2009-05-17,0.0,0.0,0.0,22.5,72,0,25.0,21.0
674141,CAP.TRADE.DEC2009,A cap and trade system for emissions trading to be established before midnight ET on 31 Dec 2009,2009-05-18,20.0,20.0,20.0,20.0,76,4,25.0,20.0
674141,CAP.TRADE.DEC2009,A cap and trade system for emissions trading to be established before midnight ET on 31 Dec 2009,2009-05-19,0.0,0.0,0.0,20.0,76,0,25.0,20.0
674141,CAP.TRADE.DEC2009,A cap and trade system for emissions trading to be established before midnight ET on 31 Dec 2009,2009-05-20,0.0,0.0,0.0,20.0,76,0,25.0,20.0
674141,CAP.TRADE.DEC2009,A cap and trade system for emissions trading to be established before midnight ET on 31 Dec 2009,2009-05-21,0.0,0.0,0.0,20.0,76,0,25.0,20.0
674141,CAP.TRADE.DEC2009,A cap and trade system for emissions trading to be established before midnight ET on 31 Dec 2009,2009-05-22,0.0,0.0,0.0,20.0,76,0,25.0,20.0
674141,CAP.TRADE.DEC2009,A cap and trade system for emissions trading to be established before midnight ET on 31 Dec 2009,2009-05-23,0.0,0.0,0.0,20.0,76,0,25.0,20.0
674141,CAP.TRADE.DEC2009,A cap and trade system for emissions trading to be established before midnight ET on 31 Dec 2009,2009-05-24,0.0,0.0,0.0,20.0,76,0,25.0,20.0
674141,CAP.TRADE.DEC2009,A cap and trade system for emissions trading to be established before midnight ET on 31 Dec 2009,2009-05-25,0.0,0.0,0.0,20.0,76,0,25.0,20.0
674141,CAP.TRADE.DEC2009,A cap and trade system for emissions trading to be established before midnight ET on 31 Dec 2009,2009-05-26,20.0,22.5,20.0,22.5,85,9,25.0,20.0
674141,CAP.TRADE.DEC2009,A cap and trade system for emissions trading to be established before midnight ET on 31 Dec 2009,2009-05-27,0.0,0.0,0.0,22.5,85,0,25.0,20.0
674141,CAP.TRADE.DEC2009,A cap and trade system for emissions trading to be established before midnight ET on 31 Dec 2009,2009-05-28,25.0,25.0,25.0,25.0,105,20,25.0,20.0
674141,CAP.TRADE.DEC2009,A cap and trade system for emissions trading to be established before midnight ET on 31 Dec 2009,2009-05-29,25.0,25.0,25.0,25.0,110,5,25.0,20.0
674141,CAP.TRADE.DEC2009,A cap and trade system for emissions trading to be established before midnight ET on 31 Dec 2009,2009-05-30,0.0,0.0,0.0,25.0,110,0,25.0,20.0
674141,CAP.TRADE.DEC2009,A cap and trade system for emissions trading to be established before midnight ET on 31 Dec 2009,2009-05-31,0.0,0.0,0.0,25.0,110,0,25.0,20.0
674141,CAP.TRADE.DEC2009,A cap and trade system for emissions trading to be established before midnight ET on 31 Dec 2009,2009-06-01,0.0,0.0,0.0,25.0,110,0,25.0,20.0
674141,CAP.TRADE.DEC2009,A cap and trade system for emissions trading to be established before midnight ET on 31 Dec 2009,2009-06-02,0.0,0.0,0.0,25.0,110,0,25.0,20.0
674141,CAP.TRADE.DEC2009,A cap and trade system for emissions trading to be established before midnight ET on 31 Dec 2009,2009-06-03,0.0,0.0,0.0,25.0,110,0,25.0,20.0
674141,CAP.TRADE.DEC2009,A cap and trade system for emissions trading to be established before midnight ET on 31 Dec 2009,2009-06-04,25.0,25.0,25.0,25.0,120,10,25.0,20.0
674141,CAP.TRADE.DEC2009,A cap and trade system for emissions trading to be established before midnight ET on 31 Dec 2009,2009-06-05,0.0,0.0,0.0,25.0,120,0,25.0,20.0
674141,CAP.TRADE.DEC2009,A cap and trade system for emissions trading to be established before midnight ET on 31 Dec 2009,2009-06-06,0.0,0.0,0.0,25.0,120,0,25.0,20.0
674141,CAP.TRADE.DEC2009,A cap and trade system for emissions trading to be established before midnight ET on 31 Dec 2009,2009-06-07,0.0,0.0,0.0,25.0,120,0,25.0,20.0
674141,CAP.TRADE.DEC2009,A cap and trade system for emissions trading to be established before midnight ET on 31 Dec 2009,2009-06-08,27.5,27.5,27.5,27.5,130,10,27.5,20.0
674141,CAP.TRADE.DEC2009,A cap and trade system for emissions trading to be established before midnight ET on 31 Dec 2009,2009-06-09,0.0,0.0,0.0,27.5,130,0,27.5,20.0
674141,CAP.TRADE.DEC2009,A cap and trade system for emissions trading to be established before midnight ET on 31 Dec 2009,2009-06-10,29.0,29.0,29.0,29.0,140,10,29.0,20.0
674141,CAP.TRADE.DEC2009,A cap and trade system for emissions trading to be established before midnight ET on 31 Dec 2009,2009-06-11,0.0,0.0,0.0,29.0,140,0,29.0,20.0
674141,CAP.TRADE.DEC2009,A cap and trade system for emissions trading to be established before midnight ET on 31 Dec 2009,2009-06-12,0.0,0.0,0.0,29.0,140,0,29.0,20.0
674141,CAP.TRADE.DEC2009,A cap and trade system for emissions trading to be established before midnight ET on 31 Dec 2009,2009-06-13,25.0,25.0,25.0,25.0,142,2,29.0,20.0
674141,CAP.TRADE.DEC2009,A cap and trade system for emissions trading to be established before midnight ET on 31 Dec 2009,2009-06-14,0.0,0.0,0.0,25.0,142,0,29.0,20.0
674141,CAP.TRADE.DEC2009,A cap and trade system for emissions trading to be established before midnight ET on 31 Dec 2009,2009-06-15,0.0,0.0,0.0,25.0,142,0,29.0,20.0
674141,CAP.TRADE.DEC2009,A cap and trade system for emissions trading to be established before midnight ET on 31 Dec 2009,2009-06-16,0.0,0.0,0.0,25.0,142,0,29.0,20.0
674141,CAP.TRADE.DEC2009,A cap and trade system for emissions trading to be established before midnight ET on 31 Dec 2009,2009-06-17,0.0,0.0,0.0,25.0,142,0,29.0,20.0
674141,CAP.TRADE.DEC2009,A cap and trade system for emissions trading to be established before midnight ET on 31 Dec 2009,2009-06-18,0.0,0.0,0.0,25.0,142,0,29.0,20.0
674141,CAP.TRADE.DEC2009,A cap and trade system for emissions trading to be established before midnight ET on 31 Dec 2009,2009-06-19,0.0,0.0,0.0,25.0,142,0,29.0,20.0
674141,CAP.TRADE.DEC2009,A cap and trade system for emissions trading to be established before midnight ET on 31 Dec 2009,2009-06-20,0.0,0.0,0.0,25.0,142,0,29.0,20.0
674141,CAP.TRADE.DEC2009,A cap and trade system for emissions trading to be established before midnight ET on 31 Dec 2009,2009-06-21,0.0,0.0,0.0,25.0,142,0,29.0,20.0
674141,CAP.TRADE.DEC2009,A cap and trade system for emissions trading to be established before midnight ET on 31 Dec 2009,2009-06-22,0.0,0.0,0.0,25.0,142,0,29.0,20.0
674141,CAP.TRADE.DEC2009,A cap and trade system for emissions trading to be established before midnight ET on 31 Dec 2009,2009-06-23,0.0,0.0,0.0,25.0,142,0,29.0,20.0
674141,CAP.TRADE.DEC2009,A cap and trade system for emissions trading to be established before midnight ET on 31 Dec 2009,2009-06-24,0.0,0.0,0.0,25.0,142,0,29.0,20.0
674141,CAP.TRADE.DEC2009,A cap and trade system for emissions trading to be established before midnight ET on 31 Dec 2009,2009-06-25,20.0,20.0,20.0,20.0,155,20,29.0,20.0
674141,CAP.TRADE.DEC2009,A cap and trade system for emissions trading to be established before midnight ET on 31 Dec 2009,2009-06-26,20.0,25.0,20.0,25.0,161,55,29.0,20.0
674141,CAP.TRADE.DEC2009,A cap and trade system for emissions trading to be established before midnight ET on 31 Dec 2009,2009-06-27,0.0,0.0,0.0,25.0,161,0,29.0,20.0
674141,CAP.TRADE.DEC2009,A cap and trade system for emissions trading to be established before midnight ET on 31 Dec 2009,2009-06-28,0.0,0.0,0.0,25.0,161,0,29.0,20.0
674141,CAP.TRADE.DEC2009,A cap and trade system for emissions trading to be established before midnight ET on 31 Dec 2009,2009-06-29,0.0,0.0,0.0,25.0,161,0,29.0,20.0
674141,CAP.TRADE.DEC2009,A cap and trade system for emissions trading to be established before midnight ET on 31 Dec 2009,2009-06-30,20.0,20.0,20.0,20.0,161,9,29.0,20.0
674141,CAP.TRADE.DEC2009,A cap and trade system for emissions trading to be established before midnight ET on 31 Dec 2009,2009-07-01,35.0,35.0,35.0,35.0,181,20,35.0,20.0
674141,CAP.TRADE.DEC2009,A cap and trade system for emissions trading to be established before midnight ET on 31 Dec 2009,2009-07-02,30.0,30.0,30.0,30.0,186,5,35.0,20.0
674141,CAP.TRADE.DEC2009,A cap and trade system for emissions trading to be established before midnight ET on 31 Dec 2009,2009-07-03,31.0,31.0,31.0,31.0,186,10,35.0,20.0
674141,CAP.TRADE.DEC2009,A cap and trade system for emissions trading to be established before midnight ET on 31 Dec 2009,2009-07-04,32.0,32.0,32.0,32.0,189,3,35.0,20.0
674141,CAP.TRADE.DEC2009,A cap and trade system for emissions trading to be established before midnight ET on 31 Dec 2009,2009-07-05,0.0,0.0,0.0,32.0,189,0,35.0,20.0
674141,CAP.TRADE.DEC2009,A cap and trade system for emissions trading to be established before midnight ET on 31 Dec 2009,2009-07-06,28.0,28.0,28.0,28.0,189,5,35.0,20.0
674141,CAP.TRADE.DEC2009,A cap and trade system for emissions trading to be established before midnight ET on 31 Dec 2009,2009-07-07,25.0,25.0,25.0,25.0,189,4,35.0,20.0
674141,CAP.TRADE.DEC2009,A cap and trade system for emissions trading to be established before midnight ET on 31 Dec 2009,2009-07-08,0.0,0.0,0.0,25.0,189,0,35.0,20.0
674141,CAP.TRADE.DEC2009,A cap and trade system for emissions trading to be established before midnight ET on 31 Dec 2009,2009-07-09,29.5,29.5,29.5,29.5,191,2,35.0,20.0
674141,CAP.TRADE.DEC2009,A cap and trade system for emissions trading to be established before midnight ET on 31 Dec 2009,2009-07-10,0.0,0.0,0.0,29.5,191,0,35.0,20.0
674141,CAP.TRADE.DEC2009,A cap and trade system for emissions trading to be established before midnight ET on 31 Dec 2009,2009-07-11,0.0,0.0,0.0,29.5,191,0,35.0,20.0
674141,CAP.TRADE.DEC2009,A cap and trade system for emissions trading to be established before midnight ET on 31 Dec 2009,2009-07-12,26.0,26.0,26.0,26.0,201,10,35.0,20.0
674141,CAP.TRADE.DEC2009,A cap and trade system for emissions trading to be established before midnight ET on 31 Dec 2009,2009-07-13,25.0,25.0,25.0,25.0,221,20,35.0,20.0
674141,CAP.TRADE.DEC2009,A cap and trade system for emissions trading to be established before midnight ET on 31 Dec 2009,2009-07-14,0.0,0.0,0.0,25.0,221,0,35.0,20.0
674141,CAP.TRADE.DEC2009,A cap and trade system for emissions trading to be established before midnight ET on 31 Dec 2009,2009-07-15,25.0,26.0,25.0,25.0,223,2,35.0,20.0
674141,CAP.TRADE.DEC2009,A cap and trade system for emissions trading to be established before midnight ET on 31 Dec 2009,2009-07-16,0.0,0.0,0.0,25.0,223,0,35.0,20.0
674141,CAP.TRADE.DEC2009,A cap and trade system for emissions trading to be established before midnight ET on 31 Dec 2009,2009-07-17,0.0,0.0,0.0,25.0,223,0,35.0,20.0
674141,CAP.TRADE.DEC2009,A cap and trade system for emissions trading to be established before midnight ET on 31 Dec 2009,2009-07-18,25.0,25.0,25.0,25.0,230,7,35.0,20.0
674141,CAP.TRADE.DEC2009,A cap and trade system for emissions trading to be established before midnight ET on 31 Dec 2009,2009-07-19,25.0,25.0,25.0,25.0,245,15,35.0,20.0
674141,CAP.TRADE.DEC2009,A cap and trade system for emissions trading to be established before midnight ET on 31 Dec 2009,2009-07-20,25.0,25.0,25.0,25.0,265,25,35.0,20.0
674141,CAP.TRADE.DEC2009,A cap and trade system for emissions trading to be established before midnight ET on 31 Dec 2009,2009-07-21,0.0,0.0,0.0,25.0,265,0,35.0,20.0
674141,CAP.TRADE.DEC2009,A cap and trade system for emissions trading to be established before midnight ET on 31 Dec 2009,2009-07-22,0.0,0.0,0.0,25.0,265,0,35.0,20.0
674141,CAP.TRADE.DEC2009,A cap and trade system for emissions trading to be established before midnight ET on 31 Dec 2009,2009-07-23,0.0,0.0,0.0,25.0,265,0,35.0,20.0
674141,CAP.TRADE.DEC2009,A cap and trade system for emissions trading to be established before midnight ET on 31 Dec 2009,2009-07-24,20.0,20.0,20.0,20.0,290,25,35.0,20.0
674141,CAP.TRADE.DEC2009,A cap and trade system for emissions trading to be established before midnight ET on 31 Dec 2009,2009-07-25,0.0,0.0,0.0,20.0,290,0,35.0,20.0
674141,CAP.TRADE.DEC2009,A cap and trade system for emissions trading to be established before midnight ET on 31 Dec 2009,2009-07-26,16.0,16.0,16.0,16.0,315,25,35.0,16.0
674141,CAP.TRADE.DEC2009,A cap and trade system for emissions trading to be established before midnight ET on 31 Dec 2009,2009-07-27,0.0,0.0,0.0,16.0,315,0,35.0,16.0
674141,CAP.TRADE.DEC2009,A cap and trade system for emissions trading to be established before midnight ET on 31 Dec 2009,2009-07-28,20.0,20.0,20.0,20.0,333,18,35.0,16.0
674141,CAP.TRADE.DEC2009,A cap and trade system for emissions trading to be established before midnight ET on 31 Dec 2009,2009-07-29,16.0,16.0,16.0,16.0,358,25,35.0,16.0
674141,CAP.TRADE.DEC2009,A cap and trade system for emissions trading to be established before midnight ET on 31 Dec 2009,2009-07-30,0.0,0.0,0.0,16.0,358,0,35.0,16.0
674141,CAP.TRADE.DEC2009,A cap and trade system for emissions trading to be established before midnight ET on 31 Dec 2009,2009-07-31,16.0,16.0,16.0,16.0,377,19,35.0,16.0
674141,CAP.TRADE.DEC2009,A cap and trade system for emissions trading to be established before midnight ET on 31 Dec 2009,2009-08-01,0.0,0.0,0.0,16.0,377,0,35.0,16.0
674141,CAP.TRADE.DEC2009,A cap and trade system for emissions trading to be established before midnight ET on 31 Dec 2009,2009-08-02,15.0,15.0,15.0,15.0,387,10,35.0,15.0
674141,CAP.TRADE.DEC2009,A cap and trade system for emissions trading to be established before midnight ET on 31 Dec 2009,2009-08-03,0.0,0.0,0.0,15.0,387,0,35.0,15.0
674141,CAP.TRADE.DEC2009,A cap and trade system for emissions trading to be established before midnight ET on 31 Dec 2009,2009-08-04,15.0,15.0,15.0,15.0,387,10,35.0,15.0
674141,CAP.TRADE.DEC2009,A cap and trade system for emissions trading to be established before midnight ET on 31 Dec 2009,2009-08-05,15.0,15.0,15.0,15.0,392,5,35.0,15.0
674141,CAP.TRADE.DEC2009,A cap and trade system for emissions trading to be established before midnight ET on 31 Dec 2009,2009-08-06,11.0,11.0,11.0,11.0,405,13,35.0,11.0
674141,CAP.TRADE.DEC2009,A cap and trade system for emissions trading to be established before midnight ET on 31 Dec 2009,2009-08-07,11.0,16.0,11.0,16.0,416,11,35.0,11.0
674141,CAP.TRADE.DEC2009,A cap and trade system for emissions trading to be established before midnight ET on 31 Dec 2009,2009-08-08,0.0,0.0,0.0,16.0,416,0,35.0,11.0
674141,CAP.TRADE.DEC2009,A cap and trade system for emissions trading to be established before midnight ET on 31 Dec 2009,2009-08-09,0.0,0.0,0.0,16.0,416,0,35.0,11.0
674141,CAP.TRADE.DEC2009,A cap and trade system for emissions trading to be established before midnight ET on 31 Dec 2009,2009-08-10,0.0,0.0,0.0,16.0,416,0,35.0,11.0
674141,CAP.TRADE.DEC2009,A cap and trade system for emissions trading to be established before midnight ET on 31 Dec 2009,2009-08-11,0.0,0.0,0.0,16.0,416,0,35.0,11.0
674141,CAP.TRADE.DEC2009,A cap and trade system for emissions trading to be established before midnight ET on 31 Dec 2009,2009-08-12,0.0,0.0,0.0,16.0,416,0,35.0,11.0
674141,CAP.TRADE.DEC2009,A cap and trade system for emissions trading to be established before midnight ET on 31 Dec 2009,2009-08-13,16.5,16.5,16.5,16.5,416,10,35.0,11.0
674141,CAP.TRADE.DEC2009,A cap and trade system for emissions trading to be established before midnight ET on 31 Dec 2009,2009-08-14,0.0,0.0,0.0,16.5,416,0,35.0,11.0
674141,CAP.TRADE.DEC2009,A cap and trade system for emissions trading to be established before midnight ET on 31 Dec 2009,2009-08-15,11.0,11.0,11.0,11.0,452,36,35.0,11.0
674141,CAP.TRADE.DEC2009,A cap and trade system for emissions trading to be established before midnight ET on 31 Dec 2009,2009-08-16,10.5,10.5,10.5,10.5,452,25,35.0,10.5
674141,CAP.TRADE.DEC2009,A cap and trade system for emissions trading to be established before midnight ET on 31 Dec 2009,2009-08-17,0.0,0.0,0.0,10.5,452,0,35.0,10.5
674141,CAP.TRADE.DEC2009,A cap and trade system for emissions trading to be established before midnight ET on 31 Dec 2009,2009-08-18,10.1,10.1,10.1,10.1,452,1,35.0,10.1
674141,CAP.TRADE.DEC2009,A cap and trade system for emissions trading to be established before midnight ET on 31 Dec 2009,2009-08-19,0.0,0.0,0.0,10.1,452,0,35.0,10.1
674141,CAP.TRADE.DEC2009,A cap and trade system for emissions trading to be established before midnight ET on 31 Dec 2009,2009-08-20,0.0,0.0,0.0,10.1,452,0,35.0,10.1
674141,CAP.TRADE.DEC2009,A cap and trade system for emissions trading to be established before midnight ET on 31 Dec 2009,2009-08-21,10.0,10.0,10.0,10.0,472,20,35.0,10.0
674141,CAP.TRADE.DEC2009,A cap and trade system for emissions trading to be established before midnight ET on 31 Dec 2009,2009-08-22,12.5,12.5,12.5,12.5,482,10,35.0,10.0
674141,CAP.TRADE.DEC2009,A cap and trade system for emissions trading to be established before midnight ET on 31 Dec 2009,2009-08-23,0.0,0.0,0.0,12.5,482,0,35.0,10.0
674141,CAP.TRADE.DEC2009,A cap and trade system for emissions trading to be established before midnight ET on 31 Dec 2009,2009-08-24,12.5,12.5,12.0,12.5,482,36,35.0,10.0
674141,CAP.TRADE.DEC2009,A cap and trade system for emissions trading to be established before midnight ET on 31 Dec 2009,2009-08-25,0.0,0.0,0.0,12.5,482,0,35.0,10.0
674141,CAP.TRADE.DEC2009,A cap and trade system for emissions trading to be established before midnight ET on 31 Dec 2009,2009-08-26,0.0,0.0,0.0,12.5,482,0,35.0,10.0
674141,CAP.TRADE.DEC2009,A cap and trade system for emissions trading to be established before midnight ET on 31 Dec 2009,2009-08-27,0.0,0.0,0.0,12.5,482,0,35.0,10.0
674141,CAP.TRADE.DEC2009,A cap and trade system for emissions trading to be established before midnight ET on 31 Dec 2009,2009-08-28,0.0,0.0,0.0,12.5,482,0,35.0,10.0
674141,CAP.TRADE.DEC2009,A cap and trade system for emissions trading to be established before midnight ET on 31 Dec 2009,2009-08-29,0.0,0.0,0.0,12.5,482,0,35.0,10.0
674141,CAP.TRADE.DEC2009,A cap and trade system for emissions trading to be established before midnight ET on 31 Dec 2009,2009-08-30,0.0,0.0,0.0,12.5,482,0,35.0,10.0
674141,CAP.TRADE.DEC2009,A cap and trade system for emissions trading to be established before midnight ET on 31 Dec 2009,2009-08-31,0.0,0.0,0.0,12.5,482,0,35.0,10.0
674141,CAP.TRADE.DEC2009,A cap and trade system for emissions trading to be established before midnight ET on 31 Dec 2009,2009-09-01,0.0,0.0,0.0,12.5,482,0,35.0,10.0
674141,CAP.TRADE.DEC2009,A cap and trade system for emissions trading to be established before midnight ET on 31 Dec 2009,2009-09-02,10.0,10.0,10.0,10.0,503,21,35.0,10.0
674141,CAP.TRADE.DEC2009,A cap and trade system for emissions trading to be established before midnight ET on 31 Dec 2009,2009-09-03,7.5,7.5,7.5,7.5,504,1,35.0,7.5
674141,CAP.TRADE.DEC2009,A cap and trade system for emissions trading to be established before midnight ET on 31 Dec 2009,2009-09-04,0.0,0.0,0.0,7.5,504,0,35.0,7.5
674141,CAP.TRADE.DEC2009,A cap and trade system for emissions trading to be established before midnight ET on 31 Dec 2009,2009-09-05,0.0,0.0,0.0,7.5,504,0,35.0,7.5
674141,CAP.TRADE.DEC2009,A cap and trade system for emissions trading to be established before midnight ET on 31 Dec 2009,2009-09-06,10.0,10.0,10.0,10.0,514,10,35.0,7.5
674141,CAP.TRADE.DEC2009,A cap and trade system for emissions trading to be established before midnight ET on 31 Dec 2009,2009-09-07,10.0,10.0,10.0,10.0,524,10,35.0,7.5
674141,CAP.TRADE.DEC2009,A cap and trade system for emissions trading to be established before midnight ET on 31 Dec 2009,2009-09-08,0.0,0.0,0.0,10.0,524,0,35.0,7.5
674141,CAP.TRADE.DEC2009,A cap and trade system for emissions trading to be established before midnight ET on 31 Dec 2009,2009-09-09,12.0,12.0,10.0,10.0,574,70,35.0,7.5
674141,CAP.TRADE.DEC2009,A cap and trade system for emissions trading to be established before midnight ET on 31 Dec 2009,2009-09-10,0.0,0.0,0.0,10.0,574,0,35.0,7.5
674141,CAP.TRADE.DEC2009,A cap and trade system for emissions trading to be established before midnight ET on 31 Dec 2009,2009-09-11,0.0,0.0,0.0,10.0,574,0,35.0,7.5
674141,CAP.TRADE.DEC2009,A cap and trade system for emissions trading to be established before midnight ET on 31 Dec 2009,2009-09-12,0.0,0.0,0.0,10.0,574,0,35.0,7.5
674141,CAP.TRADE.DEC2009,A cap and trade system for emissions trading to be established before midnight ET on 31 Dec 2009,2009-09-13,0.0,0.0,0.0,10.0,574,0,35.0,7.5
674141,CAP.TRADE.DEC2009,A cap and trade system for emissions trading to be established before midnight ET on 31 Dec 2009,2009-09-14,10.0,10.0,10.0,10.0,578,4,35.0,7.5
674141,CAP.TRADE.DEC2009,A cap and trade system for emissions trading to be established before midnight ET on 31 Dec 2009,2009-09-15,0.0,0.0,0.0,10.0,578,0,35.0,7.5
674141,CAP.TRADE.DEC2009,A cap and trade system for emissions trading to be established before midnight ET on 31 Dec 2009,2009-09-16,0.0,0.0,0.0,10.0,578,0,35.0,7.5
674141,CAP.TRADE.DEC2009,A cap and trade system for emissions trading to be established before midnight ET on 31 Dec 2009,2009-09-17,0.0,0.0,0.0,10.0,578,0,35.0,7.5
674141,CAP.TRADE.DEC2009,A cap and trade system for emissions trading to be established before midnight ET on 31 Dec 2009,2009-09-18,0.0,0.0,0.0,10.0,578,0,35.0,7.5
674141,CAP.TRADE.DEC2009,A cap and trade system for emissions trading to be established before midnight ET on 31 Dec 2009,2009-09-19,12.0,12.0,12.0,12.0,612,34,35.0,7.5
674141,CAP.TRADE.DEC2009,A cap and trade system for emissions trading to be established before midnight ET on 31 Dec 2009,2009-09-20,0.0,0.0,0.0,12.0,612,0,35.0,7.5
674141,CAP.TRADE.DEC2009,A cap and trade system for emissions trading to be established before midnight ET on 31 Dec 2009,2009-09-21,0.0,0.0,0.0,12.0,612,0,35.0,7.5
674141,CAP.TRADE.DEC2009,A cap and trade system for emissions trading to be established before midnight ET on 31 Dec 2009,2009-09-22,10.0,10.0,7.5,7.5,618,6,35.0,7.5
674141,CAP.TRADE.DEC2009,A cap and trade system for emissions trading to be established before midnight ET on 31 Dec 2009,2009-09-23,0.0,0.0,0.0,7.5,618,0,35.0,7.5
674141,CAP.TRADE.DEC2009,A cap and trade system for emissions trading to be established before midnight ET on 31 Dec 2009,2009-09-24,3.0,3.1,3.0,3.0,588,30,35.0,3.0
674141,CAP.TRADE.DEC2009,A cap and trade system for emissions trading to be established before midnight ET on 31 Dec 2009,2009-09-25,0.0,0.0,0.0,3.0,588,0,35.0,3.0
674141,CAP.TRADE.DEC2009,A cap and trade system for emissions trading to be established before midnight ET on 31 Dec 2009,2009-09-26,0.0,0.0,0.0,3.0,588,0,35.0,3.0
674141,CAP.TRADE.DEC2009,A cap and trade system for emissions trading to be established before midnight ET on 31 Dec 2009,2009-09-27,4.5,4.5,4.5,4.5,573,15,35.0,3.0
674141,CAP.TRADE.DEC2009,A cap and trade system for emissions trading to be established before midnight ET on 31 Dec 2009,2009-09-28,5.0,5.0,5.0,5.0,583,10,35.0,3.0
674141,CAP.TRADE.DEC2009,A cap and trade system for emissions trading to be established before midnight ET on 31 Dec 2009,2009-09-29,7.0,7.0,7.0,7.0,583,9,35.0,3.0
674141,CAP.TRADE.DEC2009,A cap and trade system for emissions trading to be established before midnight ET on 31 Dec 2009,2009-09-30,7.0,12.0,7.0,12.0,639,56,35.0,3.0
674141,CAP.TRADE.DEC2009,A cap and trade system for emissions trading to be established before midnight ET on 31 Dec 2009,2009-10-01,0.0,0.0,0.0,12.0,639,0,35.0,3.0
674141,CAP.TRADE.DEC2009,A cap and trade system for emissions trading to be established before midnight ET on 31 Dec 2009,2009-10-02,10.0,10.0,10.0,10.0,639,1,35.0,3.0
674141,CAP.TRADE.DEC2009,A cap and trade system for emissions trading to be established before midnight ET on 31 Dec 2009,2009-10-03,7.0,7.0,5.0,5.0,666,37,35.0,3.0
674141,CAP.TRADE.DEC2009,A cap and trade system for emissions trading to be established before midnight ET on 31 Dec 2009,2009-10-04,4.5,4.8,4.5,4.8,693,32,35.0,3.0
674141,CAP.TRADE.DEC2009,A cap and trade system for emissions trading to be established before midnight ET on 31 Dec 2009,2009-10-05,7.0,7.0,7.0,7.0,784,91,35.0,3.0
674141,CAP.TRADE.DEC2009,A cap and trade system for emissions trading to be established before midnight ET on 31 Dec 2009,2009-10-06,7.5,7.5,7.0,7.5,784,31,35.0,3.0
674141,CAP.TRADE.DEC2009,A cap and trade system for emissions trading to be established before midnight ET on 31 Dec 2009,2009-10-07,6.0,6.0,6.0,6.0,804,20,35.0,3.0
674141,CAP.TRADE.DEC2009,A cap and trade system for emissions trading to be established before midnight ET on 31 Dec 2009,2009-10-08,7.5,7.5,7.4,7.5,907,103,35.0,3.0
674141,CAP.TRADE.DEC2009,A cap and trade system for emissions trading to be established before midnight ET on 31 Dec 2009,2009-10-09,0.0,0.0,0.0,7.5,907,0,35.0,3.0
674141,CAP.TRADE.DEC2009,A cap and trade system for emissions trading to be established before midnight ET on 31 Dec 2009,2009-10-10,0.0,0.0,0.0,7.5,907,0,35.0,3.0
674141,CAP.TRADE.DEC2009,A cap and trade system for emissions trading to be established before midnight ET on 31 Dec 2009,2009-10-11,9.0,9.0,8.9,9.0,1008,101,35.0,3.0
674141,CAP.TRADE.DEC2009,A cap and trade system for emissions trading to be established before midnight ET on 31 Dec 2009,2009-10-12,0.0,0.0,0.0,9.0,1008,0,35.0,3.0
674141,CAP.TRADE.DEC2009,A cap and trade system for emissions trading to be established before midnight ET on 31 Dec 2009,2009-10-13,0.0,0.0,0.0,9.0,1008,0,35.0,3.0
674141,CAP.TRADE.DEC2009,A cap and trade system for emissions trading to be established before midnight ET on 31 Dec 2009,2009-10-14,9.0,9.0,9.0,9.0,1008,10,35.0,3.0
674141,CAP.TRADE.DEC2009,A cap and trade system for emissions trading to be established before midnight ET on 31 Dec 2009,2009-10-15,9.0,9.0,9.0,9.0,1009,1,35.0,3.0
674141,CAP.TRADE.DEC2009,A cap and trade system for emissions trading to be established before midnight ET on 31 Dec 2009,2009-10-16,0.0,0.0,0.0,9.0,1009,0,35.0,3.0
674141,CAP.TRADE.DEC2009,A cap and trade system for emissions trading to be established before midnight ET on 31 Dec 2009,2009-10-17,0.0,0.0,0.0,9.0,1009,0,35.0,3.0
674141,CAP.TRADE.DEC2009,A cap and trade system for emissions trading to be established before midnight ET on 31 Dec 2009,2009-10-18,8.8,8.8,6.0,6.0,1030,22,35.0,3.0
674141,CAP.TRADE.DEC2009,A cap and trade system for emissions trading to be established before midnight ET on 31 Dec 2009,2009-10-19,0.0,0.0,0.0,6.0,1030,0,35.0,3.0
674141,CAP.TRADE.DEC2009,A cap and trade system for emissions trading to be established before midnight ET on 31 Dec 2009,2009-10-20,0.0,0.0,0.0,6.0,1030,0,35.0,3.0
674141,CAP.TRADE.DEC2009,A cap and trade system for emissions trading to be established before midnight ET on 31 Dec 2009,2009-10-21,0.0,0.0,0.0,6.0,1030,0,35.0,3.0
674141,CAP.TRADE.DEC2009,A cap and trade system for emissions trading to be established before midnight ET on 31 Dec 2009,2009-10-22,0.0,0.0,0.0,6.0,1030,0,35.0,3.0
674141,CAP.TRADE.DEC2009,A cap and trade system for emissions trading to be established before midnight ET on 31 Dec 2009,2009-10-23,0.0,0.0,0.0,6.0,1030,0,35.0,3.0
674141,CAP.TRADE.DEC2009,A cap and trade system for emissions trading to be established before midnight ET on 31 Dec 2009,2009-10-24,0.0,0.0,0.0,6.0,1030,0,35.0,3.0
674141,CAP.TRADE.DEC2009,A cap and trade system for emissions trading to be established before midnight ET on 31 Dec 2009,2009-10-25,0.0,0.0,0.0,6.0,1030,0,35.0,3.0
674141,CAP.TRADE.DEC2009,A cap and trade system for emissions trading to be established before midnight ET on 31 Dec 2009,2009-10-26,0.0,0.0,0.0,6.0,1030,0,35.0,3.0
674141,CAP.TRADE.DEC2009,A cap and trade system for emissions trading to be established before midnight ET on 31 Dec 2009,2009-10-27,6.1,6.1,6.1,6.1,1030,15,35.0,3.0
674141,CAP.TRADE.DEC2009,A cap and trade system for emissions trading to be established before midnight ET on 31 Dec 2009,2009-10-28,0.0,0.0,0.0,6.1,1030,0,35.0,3.0
674141,CAP.TRADE.DEC2009,A cap and trade system for emissions trading to be established before midnight ET on 31 Dec 2009,2009-10-29,8.4,8.7,5.0,5.0,1210,293,35.0,3.0
674141,CAP.TRADE.DEC2009,A cap and trade system for emissions trading to be established before midnight ET on 31 Dec 2009,2009-10-30,0.0,0.0,0.0,5.0,1210,0,35.0,3.0
674141,CAP.TRADE.DEC2009,A cap and trade system for emissions trading to be established before midnight ET on 31 Dec 2009,2009-10-31,0.0,0.0,0.0,5.0,1210,0,35.0,3.0
674141,CAP.TRADE.DEC2009,A cap and trade system for emissions trading to be established before midnight ET on 31 Dec 2009,2009-11-01,0.0,0.0,0.0,5.0,1210,0,35.0,3.0
674141,CAP.TRADE.DEC2009,A cap and trade system for emissions trading to be established before midnight ET on 31 Dec 2009,2009-11-02,0.0,0.0,0.0,5.0,1210,0,35.0,3.0
674141,CAP.TRADE.DEC2009,A cap and trade system for emissions trading to be established before midnight ET on 31 Dec 2009,2009-11-03,0.0,0.0,0.0,5.0,1210,0,35.0,3.0
674141,CAP.TRADE.DEC2009,A cap and trade system for emissions trading to be established before midnight ET on 31 Dec 2009,2009-11-04,0.0,0.0,0.0,5.0,1210,0,35.0,3.0
674141,CAP.TRADE.DEC2009,A cap and trade system for emissions trading to be established before midnight ET on 31 Dec 2009,2009-11-05,3.0,3.0,2.0,2.0,1215,26,35.0,2.0
674141,CAP.TRADE.DEC2009,A cap and trade system for emissions trading to be established before midnight ET on 31 Dec 2009,2009-11-06,0.0,0.0,0.0,2.0,1215,0,35.0,2.0
674141,CAP.TRADE.DEC2009,A cap and trade system for emissions trading to be established before midnight ET on 31 Dec 2009,2009-11-07,0.0,0.0,0.0,2.0,1215,0,35.0,2.0
674141,CAP.TRADE.DEC2009,A cap and trade system for emissions trading to be established before midnight ET on 31 Dec 2009,2009-11-08,3.0,3.0,3.0,3.0,1215,14,35.0,2.0
674141,CAP.TRADE.DEC2009,A cap and trade system for emissions trading to be established before midnight ET on 31 Dec 2009,2009-11-09,2.0,3.0,2.0,2.0,1175,40,35.0,2.0
674141,CAP.TRADE.DEC2009,A cap and trade system for emissions trading to be established before midnight ET on 31 Dec 2009,2009-11-10,0.0,0.0,0.0,2.0,1175,0,35.0,2.0
674141,CAP.TRADE.DEC2009,A cap and trade system for emissions trading to be established before midnight ET on 31 Dec 2009,2009-11-11,0.0,0.0,0.0,2.0,1175,0,35.0,2.0
674141,CAP.TRADE.DEC2009,A cap and trade system for emissions trading to be established before midnight ET on 31 Dec 2009,2009-11-12,0.0,0.0,0.0,2.0,1175,0,35.0,2.0
674141,CAP.TRADE.DEC2009,A cap and trade system for emissions trading to be established before midnight ET on 31 Dec 2009,2009-11-13,0.0,0.0,0.0,2.0,1175,0,35.0,2.0
674141,CAP.TRADE.DEC2009,A cap and trade system for emissions trading to be established before midnight ET on 31 Dec 2009,2009-11-14,0.0,0.0,0.0,2.0,1175,0,35.0,2.0
674141,CAP.TRADE.DEC2009,A cap and trade system for emissions trading to be established before midnight ET on 31 Dec 2009,2009-11-15,0.0,0.0,0.0,2.0,1175,0,35.0,2.0
674141,CAP.TRADE.DEC2009,A cap and trade system for emissions trading to be established before midnight ET on 31 Dec 2009,2009-11-16,0.0,0.0,0.0,2.0,1175,0,35.0,2.0
674141,CAP.TRADE.DEC2009,A cap and trade system for emissions trading to be established before midnight ET on 31 Dec 2009,2009-11-17,0.0,0.0,0.0,2.0,1175,0,35.0,2.0
674141,CAP.TRADE.DEC2009,A cap and trade system for emissions trading to be established before midnight ET on 31 Dec 2009,2009-11-18,2.0,2.0,2.0,2.0,1175,20,35.0,2.0
674141,CAP.TRADE.DEC2009,A cap and trade system for emissions trading to be established before midnight ET on 31 Dec 2009,2009-11-19,0.0,0.0,0.0,2.0,1175,0,35.0,2.0
674141,CAP.TRADE.DEC2009,A cap and trade system for emissions trading to be established before midnight ET on 31 Dec 2009,2009-11-20,0.0,0.0,0.0,2.0,1175,0,35.0,2.0
674141,CAP.TRADE.DEC2009,A cap and trade system for emissions trading to be established before midnight ET on 31 Dec 2009,2009-11-21,0.0,0.0,0.0,2.0,1175,0,35.0,2.0
674141,CAP.TRADE.DEC2009,A cap and trade system for emissions trading to be established before midnight ET on 31 Dec 2009,2009-11-22,0.0,0.0,0.0,2.0,1175,0,35.0,2.0
674141,CAP.TRADE.DEC2009,A cap and trade system for emissions trading to be established before midnight ET on 31 Dec 2009,2009-11-23,0.0,0.0,0.0,2.0,1175,0,35.0,2.0
674141,CAP.TRADE.DEC2009,A cap and trade system for emissions trading to be established before midnight ET on 31 Dec 2009,2009-11-24,0.0,0.0,0.0,2.0,1175,0,35.0,2.0
674141,CAP.TRADE.DEC2009,A cap and trade system for emissions trading to be established before midnight ET on 31 Dec 2009,2009-11-25,1.0,1.0,1.0,1.0,1124,51,35.0,1.0
674141,CAP.TRADE.DEC2009,A cap and trade system for emissions trading to be established before midnight ET on 31 Dec 2009,2009-11-26,0.0,0.0,0.0,1.0,1124,0,35.0,1.0
674141,CAP.TRADE.DEC2009,A cap and trade system for emissions trading to be established before midnight ET on 31 Dec 2009,2009-11-27,0.0,0.0,0.0,1.0,1124,0,35.0,1.0
674141,CAP.TRADE.DEC2009,A cap and trade system for emissions trading to be established before midnight ET on 31 Dec 2009,2009-11-28,0.6,0.9,0.5,0.5,520,604,35.0,0.5
674141,CAP.TRADE.DEC2009,A cap and trade system for emissions trading to be established before midnight ET on 31 Dec 2009,2009-11-29,0.0,0.0,0.0,0.5,520,0,35.0,0.5
674141,CAP.TRADE.DEC2009,A cap and trade system for emissions trading to be established before midnight ET on 31 Dec 2009,2009-11-30,0.0,0.0,0.0,0.5,520,0,35.0,0.5
674141,CAP.TRADE.DEC2009,A cap and trade system for emissions trading to be established before midnight ET on 31 Dec 2009,2009-11-30,0.0,0.0,0.0,0.5,520,0,35.0,0.5
674141,CAP.TRADE.DEC2009,A cap and trade system for emissions trading to be established before midnight ET on 31 Dec 2009,2009-12-01,0.0,0.0,0.0,0.5,520,0,35.0,0.5
674141,CAP.TRADE.DEC2009,A cap and trade system for emissions trading to be established before midnight ET on 31 Dec 2009,2009-12-01,0.0,0.0,0.0,0.5,520,0,35.0,0.5
674141,CAP.TRADE.DEC2009,A cap and trade system for emissions trading to be established before midnight ET on 31 Dec 2009,2009-12-02,0.5,0.5,0.5,0.5,499,21,35.0,0.5
674141,CAP.TRADE.DEC2009,A cap and trade system for emissions trading to be established before midnight ET on 31 Dec 2009,2009-12-02,0.5,0.5,0.5,0.5,499,21,35.0,0.5
674141,CAP.TRADE.DEC2009,A cap and trade system for emissions trading to be established before midnight ET on 31 Dec 2009,2009-12-03,0.0,0.0,0.0,0.5,499,0,35.0,0.5
674141,CAP.TRADE.DEC2009,A cap and trade system for emissions trading to be established before midnight ET on 31 Dec 2009,2009-12-03,0.0,0.0,0.0,0.5,499,0,35.0,0.5
674141,CAP.TRADE.DEC2009,A cap and trade system for emissions trading to be established before midnight ET on 31 Dec 2009,2009-12-04,0.0,0.0,0.0,0.5,499,0,35.0,0.5
674141,CAP.TRADE.DEC2009,A cap and trade system for emissions trading to be established before midnight ET on 31 Dec 2009,2009-12-05,0.0,0.0,0.0,0.5,499,0,35.0,0.5
674141,CAP.TRADE.DEC2009,A cap and trade system for emissions trading to be established before midnight ET on 31 Dec 2009,2009-12-06,0.0,0.0,0.0,0.5,499,0,35.0,0.5
674141,CAP.TRADE.DEC2009,A cap and trade system for emissions trading to be established before midnight ET on 31 Dec 2009,2009-12-07,0.0,0.0,0.0,0.5,499,0,35.0,0.5
674141,CAP.TRADE.DEC2009,A cap and trade system for emissions trading to be established before midnight ET on 31 Dec 2009,2009-12-08,0.0,0.0,0.0,0.5,499,0,35.0,0.5
674141,CAP.TRADE.DEC2009,A cap and trade system for emissions trading to be established before midnight ET on 31 Dec 2009,2009-12-09,0.5,0.5,0.5,0.5,459,40,35.0,0.5
674141,CAP.TRADE.DEC2009,A cap and trade system for emissions trading to be established before midnight ET on 31 Dec 2009,2009-12-10,0.0,0.0,0.0,0.5,459,0,35.0,0.5
674141,CAP.TRADE.DEC2009,A cap and trade system for emissions trading to be established before midnight ET on 31 Dec 2009,2009-12-11,0.0,0.0,0.0,0.5,459,0,35.0,0.5
674141,CAP.TRADE.DEC2009,A cap and trade system for emissions trading to be established before midnight ET on 31 Dec 2009,2009-12-12,0.0,0.0,0.0,0.5,459,0,35.0,0.5
674141,CAP.TRADE.DEC2009,A cap and trade system for emissions trading to be established before midnight ET on 31 Dec 2009,2009-12-13,0.0,0.0,0.0,0.5,459,0,35.0,0.5
674141,CAP.TRADE.DEC2009,A cap and trade system for emissions trading to be established before midnight ET on 31 Dec 2009,2009-12-14,0.0,0.0,0.0,0.5,459,0,35.0,0.5
674141,CAP.TRADE.DEC2009,A cap and trade system for emissions trading to be established before midnight ET on 31 Dec 2009,2009-12-15,0.0,0.0,0.0,0.5,459,0,35.0,0.5
674141,CAP.TRADE.DEC2009,A cap and trade system for emissions trading to be established before midnight ET on 31 Dec 2009,2009-12-16,0.0,0.0,0.0,0.5,459,0,35.0,0.5
674141,CAP.TRADE.DEC2009,A cap and trade system for emissions trading to be established before midnight ET on 31 Dec 2009,2009-12-17,0.0,0.0,0.0,0.5,459,0,35.0,0.5
674141,CAP.TRADE.DEC2009,A cap and trade system for emissions trading to be established before midnight ET on 31 Dec 2009,2009-12-18,0.0,0.0,0.0,0.5,459,0,35.0,0.5
674141,CAP.TRADE.DEC2009,A cap and trade system for emissions trading to be established before midnight ET on 31 Dec 2009,2009-12-19,0.0,0.0,0.0,0.5,459,0,35.0,0.5
674141,CAP.TRADE.DEC2009,A cap and trade system for emissions trading to be established before midnight ET on 31 Dec 2009,2009-12-20,0.0,0.0,0.0,0.5,459,0,35.0,0.5
674141,CAP.TRADE.DEC2009,A cap and trade system for emissions trading to be established before midnight ET on 31 Dec 2009,2009-12-21,0.0,0.0,0.0,0.5,459,0,35.0,0.5
674141,CAP.TRADE.DEC2009,A cap and trade system for emissions trading to be established before midnight ET on 31 Dec 2009,2009-12-22,0.0,0.0,0.0,0.5,459,0,35.0,0.5
674141,CAP.TRADE.DEC2009,A cap and trade system for emissions trading to be established before midnight ET on 31 Dec 2009,2009-12-23,0.0,0.0,0.0,0.5,459,0,35.0,0.5
674141,CAP.TRADE.DEC2009,A cap and trade system for emissions trading to be established before midnight ET on 31 Dec 2009,2009-12-24,0.0,0.0,0.0,0.5,459,0,35.0,0.5
674141,CAP.TRADE.DEC2009,A cap and trade system for emissions trading to be established before midnight ET on 31 Dec 2009,2009-12-25,0.0,0.0,0.0,0.5,459,0,35.0,0.5
674141,CAP.TRADE.DEC2009,A cap and trade system for emissions trading to be established before midnight ET on 31 Dec 2009,2009-12-26,0.0,0.0,0.0,0.5,459,0,35.0,0.5
674141,CAP.TRADE.DEC2009,A cap and trade system for emissions trading to be established before midnight ET on 31 Dec 2009,2009-12-27,0.0,0.0,0.0,0.5,459,0,35.0,0.5
674141,CAP.TRADE.DEC2009,A cap and trade system for emissions trading to be established before midnight ET on 31 Dec 2009,2009-12-28,0.0,0.0,0.0,0.5,459,0,35.0,0.5
674141,CAP.TRADE.DEC2009,A cap and trade system for emissions trading to be established before midnight ET on 31 Dec 2009,2009-12-29,0.0,0.0,0.0,0.5,459,0,35.0,0.5
674141,CAP.TRADE.DEC2009,A cap and trade system for emissions trading to be established before midnight ET on 31 Dec 2009,2009-12-30,0.0,0.0,0.0,0.5,459,0,35.0,0.5
