market id,market symbol,market name,trade quantity,trade price,date/time [utc]
674142,CAP.TRADE.DEC2010,A cap and trade system for emissions trading to be established before midnight ET on 31 Dec 2010,100,40.0,May/01/2009 12:37:01
674142,CAP.TRADE.DEC2010,A cap and trade system for emissions trading to be established before midnight ET on 31 Dec 2010,100,40.0,May/01/2009 12:37:26
674142,CAP.TRADE.DEC2010,A cap and trade system for emissions trading to be established before midnight ET on 31 Dec 2010,100,42.0,May/04/2009 13:29:57
674142,CAP.TRADE.DEC2010,A cap and trade system for emissions trading to be established before midnight ET on 31 Dec 2010,100,42.0,May/04/2009 13:30:23
674142,CAP.TRADE.DEC2010,A cap and trade system for emissions trading to be established before midnight ET on 31 Dec 2010,100,42.0,May/05/2009 11:07:10
674142,CAP.TRADE.DEC2010,A cap and trade system for emissions trading to be established before midnight ET on 31 Dec 2010,100,42.0,May/05/2009 11:07:28
674142,CAP.TRADE.DEC2010,A cap and trade system for emissions trading to be established before midnight ET on 31 Dec 2010,20,40.0,May/07/2009 02:41:43
674142,CAP.TRADE.DEC2010,A cap and trade system for emissions trading to be established before midnight ET on 31 Dec 2010,5,48.0,May/09/2009 03:11:39
674142,CAP.TRADE.DEC2010,A cap and trade system for emissions trading to be established before midnight ET on 31 Dec 2010,5,48.0,May/09/2009 03:12:00
674142,CAP.TRADE.DEC2010,A cap and trade system for emissions trading to be established before midnight ET on 31 Dec 2010,10,30.0,May/09/2009 03:40:02
674142,CAP.TRADE.DEC2010,A cap and trade system for emissions trading to be established before midnight ET on 31 Dec 2010,9,48.0,May/11/2009 12:16:49
674142,CAP.TRADE.DEC2010,A cap and trade system for emissions trading to be established before midnight ET on 31 Dec 2010,1,50.0,May/11/2009 12:16:49
674142,CAP.TRADE.DEC2010,A cap and trade system for emissions trading to be established before midnight ET on 31 Dec 2010,5,40.0,May/13/2009 03:44:16
674142,CAP.TRADE.DEC2010,A cap and trade system for emissions trading to be established before midnight ET on 31 Dec 2010,1,39.8,May/21/2009 04:15:49
674142,CAP.TRADE.DEC2010,A cap and trade system for emissions trading to be established before midnight ET on 31 Dec 2010,4,39.8,May/21/2009 22:06:21
674142,CAP.TRADE.DEC2010,A cap and trade system for emissions trading to be established before midnight ET on 31 Dec 2010,6,45.0,May/29/2009 12:58:32
674142,CAP.TRADE.DEC2010,A cap and trade system for emissions trading to be established before midnight ET on 31 Dec 2010,14,45.0,May/29/2009 19:21:26
674142,CAP.TRADE.DEC2010,A cap and trade system for emissions trading to be established before midnight ET on 31 Dec 2010,3,50.0,Jun/06/2009 23:21:34
674142,CAP.TRADE.DEC2010,A cap and trade system for emissions trading to be established before midnight ET on 31 Dec 2010,5,50.0,Jun/09/2009 05:15:29
674142,CAP.TRADE.DEC2010,A cap and trade system for emissions trading to be established before midnight ET on 31 Dec 2010,2,50.0,Jun/09/2009 05:15:29
674142,CAP.TRADE.DEC2010,A cap and trade system for emissions trading to be established before midnight ET on 31 Dec 2010,1,55.0,Jun/26/2009 21:32:32
674142,CAP.TRADE.DEC2010,A cap and trade system for emissions trading to be established before midnight ET on 31 Dec 2010,19,55.0,Jun/26/2009 23:21:13
674142,CAP.TRADE.DEC2010,A cap and trade system for emissions trading to be established before midnight ET on 31 Dec 2010,1,56.9,Jun/28/2009 00:54:43
674142,CAP.TRADE.DEC2010,A cap and trade system for emissions trading to be established before midnight ET on 31 Dec 2010,9,57.0,Jun/28/2009 00:54:43
674142,CAP.TRADE.DEC2010,A cap and trade system for emissions trading to be established before midnight ET on 31 Dec 2010,1,48.5,Jun/28/2009 22:50:56
674142,CAP.TRADE.DEC2010,A cap and trade system for emissions trading to be established before midnight ET on 31 Dec 2010,1,50.0,Jun/28/2009 22:50:56
674142,CAP.TRADE.DEC2010,A cap and trade system for emissions trading to be established before midnight ET on 31 Dec 2010,1,47.0,Jun/28/2009 22:50:56
674142,CAP.TRADE.DEC2010,A cap and trade system for emissions trading to be established before midnight ET on 31 Dec 2010,15,45.0,Jun/30/2009 21:01:20
674142,CAP.TRADE.DEC2010,A cap and trade system for emissions trading to be established before midnight ET on 31 Dec 2010,3,45.2,Jun/30/2009 21:01:20
674142,CAP.TRADE.DEC2010,A cap and trade system for emissions trading to be established before midnight ET on 31 Dec 2010,1,45.1,Jun/30/2009 21:01:20
674142,CAP.TRADE.DEC2010,A cap and trade system for emissions trading to be established before midnight ET on 31 Dec 2010,9,55.0,Jun/30/2009 21:23:37
674142,CAP.TRADE.DEC2010,A cap and trade system for emissions trading to be established before midnight ET on 31 Dec 2010,1,54.9,Jun/30/2009 21:23:37
674142,CAP.TRADE.DEC2010,A cap and trade system for emissions trading to be established before midnight ET on 31 Dec 2010,1,54.9,Jul/01/2009 02:25:47
674142,CAP.TRADE.DEC2010,A cap and trade system for emissions trading to be established before midnight ET on 31 Dec 2010,1,54.9,Jul/01/2009 02:25:47
674142,CAP.TRADE.DEC2010,A cap and trade system for emissions trading to be established before midnight ET on 31 Dec 2010,8,55.0,Jul/01/2009 02:26:28
674142,CAP.TRADE.DEC2010,A cap and trade system for emissions trading to be established before midnight ET on 31 Dec 2010,1,56.9,Jul/05/2009 22:33:41
674142,CAP.TRADE.DEC2010,A cap and trade system for emissions trading to be established before midnight ET on 31 Dec 2010,3,56.5,Jul/08/2009 19:30:48
674142,CAP.TRADE.DEC2010,A cap and trade system for emissions trading to be established before midnight ET on 31 Dec 2010,1,50.0,Jul/09/2009 05:01:18
674142,CAP.TRADE.DEC2010,A cap and trade system for emissions trading to be established before midnight ET on 31 Dec 2010,5,50.0,Jul/10/2009 05:24:59
674142,CAP.TRADE.DEC2010,A cap and trade system for emissions trading to be established before midnight ET on 31 Dec 2010,1,50.1,Jul/10/2009 05:24:59
674142,CAP.TRADE.DEC2010,A cap and trade system for emissions trading to be established before midnight ET on 31 Dec 2010,4,50.0,Jul/10/2009 05:24:59
674142,CAP.TRADE.DEC2010,A cap and trade system for emissions trading to be established before midnight ET on 31 Dec 2010,1,50.1,Jul/13/2009 12:43:02
674142,CAP.TRADE.DEC2010,A cap and trade system for emissions trading to be established before midnight ET on 31 Dec 2010,1,50.0,Jul/13/2009 12:43:02
674142,CAP.TRADE.DEC2010,A cap and trade system for emissions trading to be established before midnight ET on 31 Dec 2010,9,50.0,Jul/13/2009 12:43:02
674142,CAP.TRADE.DEC2010,A cap and trade system for emissions trading to be established before midnight ET on 31 Dec 2010,9,50.0,Jul/13/2009 13:17:15
674142,CAP.TRADE.DEC2010,A cap and trade system for emissions trading to be established before midnight ET on 31 Dec 2010,4,55.0,Jul/15/2009 14:33:00
674142,CAP.TRADE.DEC2010,A cap and trade system for emissions trading to be established before midnight ET on 31 Dec 2010,1,50.1,Jul/16/2009 01:59:47
674142,CAP.TRADE.DEC2010,A cap and trade system for emissions trading to be established before midnight ET on 31 Dec 2010,1,50.0,Jul/16/2009 01:59:47
674142,CAP.TRADE.DEC2010,A cap and trade system for emissions trading to be established before midnight ET on 31 Dec 2010,18,50.0,Jul/16/2009 10:46:40
674142,CAP.TRADE.DEC2010,A cap and trade system for emissions trading to be established before midnight ET on 31 Dec 2010,12,50.0,Jul/22/2009 16:23:31
674142,CAP.TRADE.DEC2010,A cap and trade system for emissions trading to be established before midnight ET on 31 Dec 2010,1,49.9,Aug/01/2009 21:15:18
674142,CAP.TRADE.DEC2010,A cap and trade system for emissions trading to be established before midnight ET on 31 Dec 2010,7,50.0,Aug/04/2009 20:00:51
674142,CAP.TRADE.DEC2010,A cap and trade system for emissions trading to be established before midnight ET on 31 Dec 2010,2,45.0,Aug/08/2009 07:34:15
674142,CAP.TRADE.DEC2010,A cap and trade system for emissions trading to be established before midnight ET on 31 Dec 2010,12,46.1,Aug/08/2009 07:34:15
674142,CAP.TRADE.DEC2010,A cap and trade system for emissions trading to be established before midnight ET on 31 Dec 2010,1,46.2,Aug/08/2009 07:34:15
674142,CAP.TRADE.DEC2010,A cap and trade system for emissions trading to be established before midnight ET on 31 Dec 2010,2,45.5,Aug/08/2009 07:34:15
674142,CAP.TRADE.DEC2010,A cap and trade system for emissions trading to be established before midnight ET on 31 Dec 2010,1,49.9,Aug/08/2009 10:52:56
674142,CAP.TRADE.DEC2010,A cap and trade system for emissions trading to be established before midnight ET on 31 Dec 2010,3,50.0,Aug/08/2009 10:52:56
674142,CAP.TRADE.DEC2010,A cap and trade system for emissions trading to be established before midnight ET on 31 Dec 2010,1,50.0,Aug/08/2009 21:14:22
674142,CAP.TRADE.DEC2010,A cap and trade system for emissions trading to be established before midnight ET on 31 Dec 2010,13,45.0,Aug/17/2009 01:49:26
674142,CAP.TRADE.DEC2010,A cap and trade system for emissions trading to be established before midnight ET on 31 Dec 2010,5,40.2,Aug/17/2009 04:25:43
674142,CAP.TRADE.DEC2010,A cap and trade system for emissions trading to be established before midnight ET on 31 Dec 2010,24,40.2,Aug/17/2009 21:05:55
674142,CAP.TRADE.DEC2010,A cap and trade system for emissions trading to be established before midnight ET on 31 Dec 2010,1,40.3,Aug/17/2009 21:05:55
674142,CAP.TRADE.DEC2010,A cap and trade system for emissions trading to be established before midnight ET on 31 Dec 2010,20,40.2,Aug/18/2009 16:42:07
674142,CAP.TRADE.DEC2010,A cap and trade system for emissions trading to be established before midnight ET on 31 Dec 2010,8,40.0,Aug/20/2009 09:21:25
674142,CAP.TRADE.DEC2010,A cap and trade system for emissions trading to be established before midnight ET on 31 Dec 2010,1,40.1,Aug/20/2009 09:21:25
674142,CAP.TRADE.DEC2010,A cap and trade system for emissions trading to be established before midnight ET on 31 Dec 2010,1,40.2,Aug/20/2009 09:21:25
674142,CAP.TRADE.DEC2010,A cap and trade system for emissions trading to be established before midnight ET on 31 Dec 2010,1,40.0,Aug/21/2009 19:05:48
674142,CAP.TRADE.DEC2010,A cap and trade system for emissions trading to be established before midnight ET on 31 Dec 2010,2,40.0,Aug/21/2009 19:05:48
674142,CAP.TRADE.DEC2010,A cap and trade system for emissions trading to be established before midnight ET on 31 Dec 2010,20,39.9,Aug/24/2009 18:59:30
674142,CAP.TRADE.DEC2010,A cap and trade system for emissions trading to be established before midnight ET on 31 Dec 2010,1,33.0,Aug/26/2009 18:03:30
674142,CAP.TRADE.DEC2010,A cap and trade system for emissions trading to be established before midnight ET on 31 Dec 2010,50,30.0,Aug/26/2009 18:03:44
674142,CAP.TRADE.DEC2010,A cap and trade system for emissions trading to be established before midnight ET on 31 Dec 2010,5,33.0,Sep/03/2009 13:20:38
674142,CAP.TRADE.DEC2010,A cap and trade system for emissions trading to be established before midnight ET on 31 Dec 2010,25,33.0,Sep/03/2009 13:20:38
674142,CAP.TRADE.DEC2010,A cap and trade system for emissions trading to be established before midnight ET on 31 Dec 2010,1,39.9,Sep/08/2009 18:59:33
674142,CAP.TRADE.DEC2010,A cap and trade system for emissions trading to be established before midnight ET on 31 Dec 2010,24,39.9,Sep/08/2009 18:59:33
674142,CAP.TRADE.DEC2010,A cap and trade system for emissions trading to be established before midnight ET on 31 Dec 2010,3,37.0,Sep/22/2009 20:11:26
674142,CAP.TRADE.DEC2010,A cap and trade system for emissions trading to be established before midnight ET on 31 Dec 2010,10,37.0,Sep/30/2009 20:08:55
674142,CAP.TRADE.DEC2010,A cap and trade system for emissions trading to be established before midnight ET on 31 Dec 2010,7,37.0,Sep/30/2009 22:36:09
674142,CAP.TRADE.DEC2010,A cap and trade system for emissions trading to be established before midnight ET on 31 Dec 2010,20,36.0,Oct/01/2009 02:44:22
674142,CAP.TRADE.DEC2010,A cap and trade system for emissions trading to be established before midnight ET on 31 Dec 2010,4,34.5,Oct/02/2009 08:55:13
674142,CAP.TRADE.DEC2010,A cap and trade system for emissions trading to be established before midnight ET on 31 Dec 2010,1,34.6,Oct/02/2009 08:55:13
674142,CAP.TRADE.DEC2010,A cap and trade system for emissions trading to be established before midnight ET on 31 Dec 2010,8,34.5,Oct/02/2009 08:55:13
674142,CAP.TRADE.DEC2010,A cap and trade system for emissions trading to be established before midnight ET on 31 Dec 2010,3,33.0,Oct/02/2009 16:41:04
674142,CAP.TRADE.DEC2010,A cap and trade system for emissions trading to be established before midnight ET on 31 Dec 2010,1,35.9,Oct/05/2009 19:44:30
674142,CAP.TRADE.DEC2010,A cap and trade system for emissions trading to be established before midnight ET on 31 Dec 2010,1,34.0,Oct/08/2009 02:01:40
674142,CAP.TRADE.DEC2010,A cap and trade system for emissions trading to be established before midnight ET on 31 Dec 2010,1,33.1,Oct/08/2009 03:45:31
674142,CAP.TRADE.DEC2010,A cap and trade system for emissions trading to be established before midnight ET on 31 Dec 2010,1,34.0,Oct/08/2009 18:34:03
674142,CAP.TRADE.DEC2010,A cap and trade system for emissions trading to be established before midnight ET on 31 Dec 2010,1,35.9,Oct/09/2009 11:09:54
674142,CAP.TRADE.DEC2010,A cap and trade system for emissions trading to be established before midnight ET on 31 Dec 2010,20,36.0,Oct/09/2009 11:09:54
674142,CAP.TRADE.DEC2010,A cap and trade system for emissions trading to be established before midnight ET on 31 Dec 2010,3,36.0,Oct/09/2009 11:35:07
674142,CAP.TRADE.DEC2010,A cap and trade system for emissions trading to be established before midnight ET on 31 Dec 2010,1,38.9,Oct/09/2009 19:15:19
674142,CAP.TRADE.DEC2010,A cap and trade system for emissions trading to be established before midnight ET on 31 Dec 2010,20,39.0,Oct/09/2009 19:15:19
674142,CAP.TRADE.DEC2010,A cap and trade system for emissions trading to be established before midnight ET on 31 Dec 2010,6,39.9,Oct/09/2009 19:15:19
674142,CAP.TRADE.DEC2010,A cap and trade system for emissions trading to be established before midnight ET on 31 Dec 2010,20,40.0,Oct/09/2009 19:15:19
674142,CAP.TRADE.DEC2010,A cap and trade system for emissions trading to be established before midnight ET on 31 Dec 2010,1,40.0,Oct/10/2009 22:39:51
674142,CAP.TRADE.DEC2010,A cap and trade system for emissions trading to be established before midnight ET on 31 Dec 2010,1,42.3,Oct/11/2009 22:30:37
674142,CAP.TRADE.DEC2010,A cap and trade system for emissions trading to be established before midnight ET on 31 Dec 2010,1,42.4,Oct/11/2009 22:30:37
674142,CAP.TRADE.DEC2010,A cap and trade system for emissions trading to be established before midnight ET on 31 Dec 2010,10,42.5,Oct/11/2009 22:30:37
674142,CAP.TRADE.DEC2010,A cap and trade system for emissions trading to be established before midnight ET on 31 Dec 2010,10,44.0,Oct/11/2009 22:30:37
674142,CAP.TRADE.DEC2010,A cap and trade system for emissions trading to be established before midnight ET on 31 Dec 2010,1,45.0,Oct/11/2009 22:30:37
674142,CAP.TRADE.DEC2010,A cap and trade system for emissions trading to be established before midnight ET on 31 Dec 2010,10,42.0,Oct/16/2009 18:29:20
674142,CAP.TRADE.DEC2010,A cap and trade system for emissions trading to be established before midnight ET on 31 Dec 2010,1,41.0,Oct/22/2009 09:45:05
674142,CAP.TRADE.DEC2010,A cap and trade system for emissions trading to be established before midnight ET on 31 Dec 2010,2,30.0,Nov/03/2009 13:10:31
674142,CAP.TRADE.DEC2010,A cap and trade system for emissions trading to be established before midnight ET on 31 Dec 2010,5,32.0,Nov/04/2009 02:02:58
674142,CAP.TRADE.DEC2010,A cap and trade system for emissions trading to be established before midnight ET on 31 Dec 2010,3,30.0,Nov/04/2009 02:03:38
674142,CAP.TRADE.DEC2010,A cap and trade system for emissions trading to be established before midnight ET on 31 Dec 2010,4,35.0,Nov/05/2009 02:20:54
674142,CAP.TRADE.DEC2010,A cap and trade system for emissions trading to be established before midnight ET on 31 Dec 2010,1,35.1,Nov/05/2009 02:20:54
674142,CAP.TRADE.DEC2010,A cap and trade system for emissions trading to be established before midnight ET on 31 Dec 2010,1,35.0,Nov/05/2009 03:33:52
674142,CAP.TRADE.DEC2010,A cap and trade system for emissions trading to be established before midnight ET on 31 Dec 2010,19,35.0,Nov/05/2009 12:42:51
674142,CAP.TRADE.DEC2010,A cap and trade system for emissions trading to be established before midnight ET on 31 Dec 2010,20,35.0,Nov/05/2009 18:47:21
674142,CAP.TRADE.DEC2010,A cap and trade system for emissions trading to be established before midnight ET on 31 Dec 2010,4,35.0,Nov/05/2009 20:36:31
674142,CAP.TRADE.DEC2010,A cap and trade system for emissions trading to be established before midnight ET on 31 Dec 2010,1,38.0,Nov/06/2009 17:49:07
674142,CAP.TRADE.DEC2010,A cap and trade system for emissions trading to be established before midnight ET on 31 Dec 2010,2,40.1,Nov/07/2009 01:17:31
674142,CAP.TRADE.DEC2010,A cap and trade system for emissions trading to be established before midnight ET on 31 Dec 2010,1,40.0,Nov/07/2009 01:17:31
674142,CAP.TRADE.DEC2010,A cap and trade system for emissions trading to be established before midnight ET on 31 Dec 2010,24,40.0,Nov/07/2009 01:17:31
674142,CAP.TRADE.DEC2010,A cap and trade system for emissions trading to be established before midnight ET on 31 Dec 2010,1,38.0,Nov/07/2009 21:26:18
674142,CAP.TRADE.DEC2010,A cap and trade system for emissions trading to be established before midnight ET on 31 Dec 2010,1,38.0,Nov/07/2009 21:26:18
674142,CAP.TRADE.DEC2010,A cap and trade system for emissions trading to be established before midnight ET on 31 Dec 2010,1,40.1,Nov/09/2009 19:38:21
674142,CAP.TRADE.DEC2010,A cap and trade system for emissions trading to be established before midnight ET on 31 Dec 2010,9,40.0,Nov/09/2009 19:38:21
674142,CAP.TRADE.DEC2010,A cap and trade system for emissions trading to be established before midnight ET on 31 Dec 2010,2,40.0,Nov/10/2009 00:58:32
674142,CAP.TRADE.DEC2010,A cap and trade system for emissions trading to be established before midnight ET on 31 Dec 2010,2,40.0,Nov/11/2009 20:49:26
674142,CAP.TRADE.DEC2010,A cap and trade system for emissions trading to be established before midnight ET on 31 Dec 2010,10,40.0,Nov/11/2009 22:14:19
674142,CAP.TRADE.DEC2010,A cap and trade system for emissions trading to be established before midnight ET on 31 Dec 2010,3,40.0,Nov/13/2009 13:20:37
674142,CAP.TRADE.DEC2010,A cap and trade system for emissions trading to be established before midnight ET on 31 Dec 2010,22,40.0,Nov/13/2009 14:21:11
674142,CAP.TRADE.DEC2010,A cap and trade system for emissions trading to be established before midnight ET on 31 Dec 2010,25,40.0,Nov/13/2009 14:21:11
674142,CAP.TRADE.DEC2010,A cap and trade system for emissions trading to be established before midnight ET on 31 Dec 2010,10,40.0,Nov/13/2009 16:52:48
674142,CAP.TRADE.DEC2010,A cap and trade system for emissions trading to be established before midnight ET on 31 Dec 2010,5,40.0,Nov/13/2009 16:53:18
674142,CAP.TRADE.DEC2010,A cap and trade system for emissions trading to be established before midnight ET on 31 Dec 2010,12,40.0,Nov/15/2009 21:55:02
674142,CAP.TRADE.DEC2010,A cap and trade system for emissions trading to be established before midnight ET on 31 Dec 2010,1,42.3,Nov/15/2009 22:32:02
674142,CAP.TRADE.DEC2010,A cap and trade system for emissions trading to be established before midnight ET on 31 Dec 2010,2,42.6,Nov/15/2009 22:32:02
674142,CAP.TRADE.DEC2010,A cap and trade system for emissions trading to be established before midnight ET on 31 Dec 2010,1,40.1,Nov/17/2009 04:20:08
674142,CAP.TRADE.DEC2010,A cap and trade system for emissions trading to be established before midnight ET on 31 Dec 2010,3,40.0,Nov/17/2009 04:20:08
674142,CAP.TRADE.DEC2010,A cap and trade system for emissions trading to be established before midnight ET on 31 Dec 2010,20,40.0,Nov/18/2009 16:06:35
674142,CAP.TRADE.DEC2010,A cap and trade system for emissions trading to be established before midnight ET on 31 Dec 2010,25,38.0,Nov/18/2009 16:06:44
674142,CAP.TRADE.DEC2010,A cap and trade system for emissions trading to be established before midnight ET on 31 Dec 2010,25,35.0,Nov/18/2009 16:06:58
674142,CAP.TRADE.DEC2010,A cap and trade system for emissions trading to be established before midnight ET on 31 Dec 2010,25,35.0,Nov/18/2009 16:06:58
674142,CAP.TRADE.DEC2010,A cap and trade system for emissions trading to be established before midnight ET on 31 Dec 2010,1,36.0,Nov/20/2009 01:39:44
674142,CAP.TRADE.DEC2010,A cap and trade system for emissions trading to be established before midnight ET on 31 Dec 2010,20,37.0,Nov/20/2009 11:03:57
674142,CAP.TRADE.DEC2010,A cap and trade system for emissions trading to be established before midnight ET on 31 Dec 2010,1,36.9,Nov/20/2009 11:03:57
674142,CAP.TRADE.DEC2010,A cap and trade system for emissions trading to be established before midnight ET on 31 Dec 2010,2,36.0,Nov/20/2009 11:03:57
674142,CAP.TRADE.DEC2010,A cap and trade system for emissions trading to be established before midnight ET on 31 Dec 2010,1,37.1,Nov/21/2009 01:41:22
674142,CAP.TRADE.DEC2010,A cap and trade system for emissions trading to be established before midnight ET on 31 Dec 2010,2,37.0,Nov/21/2009 01:41:22
674142,CAP.TRADE.DEC2010,A cap and trade system for emissions trading to be established before midnight ET on 31 Dec 2010,3,38.3,Nov/24/2009 08:53:29
674142,CAP.TRADE.DEC2010,A cap and trade system for emissions trading to be established before midnight ET on 31 Dec 2010,1,38.4,Nov/25/2009 17:03:42
674142,CAP.TRADE.DEC2010,A cap and trade system for emissions trading to be established before midnight ET on 31 Dec 2010,1,39.7,Nov/25/2009 17:03:42
674142,CAP.TRADE.DEC2010,A cap and trade system for emissions trading to be established before midnight ET on 31 Dec 2010,20,40.0,Nov/25/2009 17:03:42
674142,CAP.TRADE.DEC2010,A cap and trade system for emissions trading to be established before midnight ET on 31 Dec 2010,10,38.5,Nov/25/2009 17:03:42
674142,CAP.TRADE.DEC2010,A cap and trade system for emissions trading to be established before midnight ET on 31 Dec 2010,20,41.0,Nov/26/2009 22:18:31
674142,CAP.TRADE.DEC2010,A cap and trade system for emissions trading to be established before midnight ET on 31 Dec 2010,16,40.0,Nov/27/2009 13:50:54
674142,CAP.TRADE.DEC2010,A cap and trade system for emissions trading to be established before midnight ET on 31 Dec 2010,2,40.0,Nov/28/2009 13:50:27
674142,CAP.TRADE.DEC2010,A cap and trade system for emissions trading to be established before midnight ET on 31 Dec 2010,1,37.6,Nov/28/2009 23:17:38
674142,CAP.TRADE.DEC2010,A cap and trade system for emissions trading to be established before midnight ET on 31 Dec 2010,20,37.5,Nov/28/2009 23:18:06
674142,CAP.TRADE.DEC2010,A cap and trade system for emissions trading to be established before midnight ET on 31 Dec 2010,1,38.0,Nov/30/2009 16:27:04
674142,CAP.TRADE.DEC2010,A cap and trade system for emissions trading to be established before midnight ET on 31 Dec 2010,20,39.5,Nov/30/2009 21:47:15
674142,CAP.TRADE.DEC2010,A cap and trade system for emissions trading to be established before midnight ET on 31 Dec 2010,1,40.0,Dec/01/2009 02:58:32
674142,CAP.TRADE.DEC2010,A cap and trade system for emissions trading to be established before midnight ET on 31 Dec 2010,5,40.0,Dec/01/2009 19:11:55
674142,CAP.TRADE.DEC2010,A cap and trade system for emissions trading to be established before midnight ET on 31 Dec 2010,4,40.0,Dec/01/2009 19:11:55
674142,CAP.TRADE.DEC2010,A cap and trade system for emissions trading to be established before midnight ET on 31 Dec 2010,5,37.6,Dec/02/2009 18:01:46
674142,CAP.TRADE.DEC2010,A cap and trade system for emissions trading to be established before midnight ET on 31 Dec 2010,1,37.6,Dec/02/2009 18:01:46
674142,CAP.TRADE.DEC2010,A cap and trade system for emissions trading to be established before midnight ET on 31 Dec 2010,20,40.0,Dec/05/2009 16:42:53
674142,CAP.TRADE.DEC2010,A cap and trade system for emissions trading to be established before midnight ET on 31 Dec 2010,5,40.0,Dec/06/2009 18:43:36
674142,CAP.TRADE.DEC2010,A cap and trade system for emissions trading to be established before midnight ET on 31 Dec 2010,5,38.0,Dec/06/2009 18:43:36
674142,CAP.TRADE.DEC2010,A cap and trade system for emissions trading to be established before midnight ET on 31 Dec 2010,8,38.0,Dec/06/2009 21:36:20
674142,CAP.TRADE.DEC2010,A cap and trade system for emissions trading to be established before midnight ET on 31 Dec 2010,1,38.0,Dec/07/2009 02:57:08
674142,CAP.TRADE.DEC2010,A cap and trade system for emissions trading to be established before midnight ET on 31 Dec 2010,9,38.0,Dec/07/2009 18:25:18
674142,CAP.TRADE.DEC2010,A cap and trade system for emissions trading to be established before midnight ET on 31 Dec 2010,1,38.1,Dec/07/2009 18:25:18
674142,CAP.TRADE.DEC2010,A cap and trade system for emissions trading to be established before midnight ET on 31 Dec 2010,2,39.7,Dec/08/2009 19:39:57
674142,CAP.TRADE.DEC2010,A cap and trade system for emissions trading to be established before midnight ET on 31 Dec 2010,20,39.8,Dec/08/2009 19:39:57
674142,CAP.TRADE.DEC2010,A cap and trade system for emissions trading to be established before midnight ET on 31 Dec 2010,10,41.5,Dec/09/2009 15:51:26
674142,CAP.TRADE.DEC2010,A cap and trade system for emissions trading to be established before midnight ET on 31 Dec 2010,10,41.0,Dec/09/2009 15:51:26
674142,CAP.TRADE.DEC2010,A cap and trade system for emissions trading to be established before midnight ET on 31 Dec 2010,2,40.7,Dec/09/2009 15:51:26
674142,CAP.TRADE.DEC2010,A cap and trade system for emissions trading to be established before midnight ET on 31 Dec 2010,2,41.3,Dec/09/2009 15:51:26
674142,CAP.TRADE.DEC2010,A cap and trade system for emissions trading to be established before midnight ET on 31 Dec 2010,1,40.9,Dec/09/2009 15:51:26
674142,CAP.TRADE.DEC2010,A cap and trade system for emissions trading to be established before midnight ET on 31 Dec 2010,2,40.6,Dec/09/2009 15:51:26
674142,CAP.TRADE.DEC2010,A cap and trade system for emissions trading to be established before midnight ET on 31 Dec 2010,5,42.2,Dec/10/2009 21:59:07
674142,CAP.TRADE.DEC2010,A cap and trade system for emissions trading to be established before midnight ET on 31 Dec 2010,1,42.2,Dec/10/2009 21:59:56
674142,CAP.TRADE.DEC2010,A cap and trade system for emissions trading to be established before midnight ET on 31 Dec 2010,4,42.2,Dec/10/2009 22:40:03
674142,CAP.TRADE.DEC2010,A cap and trade system for emissions trading to be established before midnight ET on 31 Dec 2010,10,42.5,Dec/10/2009 22:40:03
674142,CAP.TRADE.DEC2010,A cap and trade system for emissions trading to be established before midnight ET on 31 Dec 2010,1,42.9,Dec/11/2009 03:48:37
674142,CAP.TRADE.DEC2010,A cap and trade system for emissions trading to be established before midnight ET on 31 Dec 2010,1,43.0,Dec/11/2009 03:49:33
674142,CAP.TRADE.DEC2010,A cap and trade system for emissions trading to be established before midnight ET on 31 Dec 2010,14,42.5,Dec/12/2009 03:09:15
674142,CAP.TRADE.DEC2010,A cap and trade system for emissions trading to be established before midnight ET on 31 Dec 2010,9,40.0,Dec/13/2009 17:08:44
674142,CAP.TRADE.DEC2010,A cap and trade system for emissions trading to be established before midnight ET on 31 Dec 2010,1,40.1,Dec/13/2009 17:08:44
674142,CAP.TRADE.DEC2010,A cap and trade system for emissions trading to be established before midnight ET on 31 Dec 2010,11,40.0,Dec/14/2009 03:44:01
674142,CAP.TRADE.DEC2010,A cap and trade system for emissions trading to be established before midnight ET on 31 Dec 2010,1,40.1,Dec/14/2009 03:44:01
674142,CAP.TRADE.DEC2010,A cap and trade system for emissions trading to be established before midnight ET on 31 Dec 2010,1,40.1,Dec/14/2009 14:51:41
674142,CAP.TRADE.DEC2010,A cap and trade system for emissions trading to be established before midnight ET on 31 Dec 2010,4,40.0,Dec/14/2009 14:51:41
674142,CAP.TRADE.DEC2010,A cap and trade system for emissions trading to be established before midnight ET on 31 Dec 2010,1,40.0,Dec/14/2009 15:25:38
674142,CAP.TRADE.DEC2010,A cap and trade system for emissions trading to be established before midnight ET on 31 Dec 2010,10,40.0,Dec/15/2009 23:38:30
674142,CAP.TRADE.DEC2010,A cap and trade system for emissions trading to be established before midnight ET on 31 Dec 2010,1,35.2,Dec/19/2009 10:02:45
674142,CAP.TRADE.DEC2010,A cap and trade system for emissions trading to be established before midnight ET on 31 Dec 2010,20,33.0,Dec/19/2009 10:02:45
674142,CAP.TRADE.DEC2010,A cap and trade system for emissions trading to be established before midnight ET on 31 Dec 2010,17,35.1,Dec/19/2009 10:02:45
674142,CAP.TRADE.DEC2010,A cap and trade system for emissions trading to be established before midnight ET on 31 Dec 2010,4,37.0,Dec/21/2009 18:45:32
674142,CAP.TRADE.DEC2010,A cap and trade system for emissions trading to be established before midnight ET on 31 Dec 2010,1,37.0,Dec/27/2009 12:55:07
674142,CAP.TRADE.DEC2010,A cap and trade system for emissions trading to be established before midnight ET on 31 Dec 2010,18,33.1,Dec/27/2009 20:30:35
674142,CAP.TRADE.DEC2010,A cap and trade system for emissions trading to be established before midnight ET on 31 Dec 2010,35,30.1,Dec/27/2009 20:30:35
674142,CAP.TRADE.DEC2010,A cap and trade system for emissions trading to be established before midnight ET on 31 Dec 2010,1,35.0,Dec/27/2009 20:30:35
674142,CAP.TRADE.DEC2010,A cap and trade system for emissions trading to be established before midnight ET on 31 Dec 2010,1,33.2,Dec/27/2009 20:30:35
674142,CAP.TRADE.DEC2010,A cap and trade system for emissions trading to be established before midnight ET on 31 Dec 2010,20,30.0,Dec/27/2009 20:32:42
674142,CAP.TRADE.DEC2010,A cap and trade system for emissions trading to be established before midnight ET on 31 Dec 2010,30,30.0,Dec/27/2009 20:49:21
674142,CAP.TRADE.DEC2010,A cap and trade system for emissions trading to be established before midnight ET on 31 Dec 2010,2,26.2,Dec/28/2009 00:25:05
674142,CAP.TRADE.DEC2010,A cap and trade system for emissions trading to be established before midnight ET on 31 Dec 2010,20,28.0,Dec/30/2009 23:15:50
674142,CAP.TRADE.DEC2010,A cap and trade system for emissions trading to be established before midnight ET on 31 Dec 2010,10,30.0,Dec/31/2009 15:07:24
674142,CAP.TRADE.DEC2010,A cap and trade system for emissions trading to be established before midnight ET on 31 Dec 2010,15,30.0,Jan/01/2010 20:26:57
674142,CAP.TRADE.DEC2010,A cap and trade system for emissions trading to be established before midnight ET on 31 Dec 2010,5,27.0,Jan/01/2010 21:55:02
674142,CAP.TRADE.DEC2010,A cap and trade system for emissions trading to be established before midnight ET on 31 Dec 2010,35,30.0,Jan/01/2010 22:38:28
674142,CAP.TRADE.DEC2010,A cap and trade system for emissions trading to be established before midnight ET on 31 Dec 2010,10,30.0,Jan/02/2010 18:36:56
674142,CAP.TRADE.DEC2010,A cap and trade system for emissions trading to be established before midnight ET on 31 Dec 2010,10,30.0,Jan/03/2010 20:22:49
674142,CAP.TRADE.DEC2010,A cap and trade system for emissions trading to be established before midnight ET on 31 Dec 2010,3,27.0,Jan/04/2010 03:18:39
674142,CAP.TRADE.DEC2010,A cap and trade system for emissions trading to be established before midnight ET on 31 Dec 2010,1,27.0,Jan/04/2010 07:47:35
674142,CAP.TRADE.DEC2010,A cap and trade system for emissions trading to be established before midnight ET on 31 Dec 2010,3,27.0,Jan/04/2010 07:49:01
674142,CAP.TRADE.DEC2010,A cap and trade system for emissions trading to be established before midnight ET on 31 Dec 2010,9,27.0,Jan/04/2010 08:09:17
674142,CAP.TRADE.DEC2010,A cap and trade system for emissions trading to be established before midnight ET on 31 Dec 2010,20,28.5,Jan/04/2010 18:19:59
674142,CAP.TRADE.DEC2010,A cap and trade system for emissions trading to be established before midnight ET on 31 Dec 2010,1,28.4,Jan/04/2010 18:19:59
674142,CAP.TRADE.DEC2010,A cap and trade system for emissions trading to be established before midnight ET on 31 Dec 2010,3,27.1,Jan/06/2010 11:14:49
674142,CAP.TRADE.DEC2010,A cap and trade system for emissions trading to be established before midnight ET on 31 Dec 2010,1,27.2,Jan/07/2010 21:03:54
674142,CAP.TRADE.DEC2010,A cap and trade system for emissions trading to be established before midnight ET on 31 Dec 2010,5,27.2,Jan/07/2010 21:03:54
674142,CAP.TRADE.DEC2010,A cap and trade system for emissions trading to be established before midnight ET on 31 Dec 2010,2,27.1,Jan/07/2010 21:04:33
674142,CAP.TRADE.DEC2010,A cap and trade system for emissions trading to be established before midnight ET on 31 Dec 2010,6,25.0,Jan/08/2010 06:37:27
674142,CAP.TRADE.DEC2010,A cap and trade system for emissions trading to be established before midnight ET on 31 Dec 2010,15,26.2,Jan/08/2010 06:37:27
674142,CAP.TRADE.DEC2010,A cap and trade system for emissions trading to be established before midnight ET on 31 Dec 2010,1,27.0,Jan/08/2010 15:13:03
674142,CAP.TRADE.DEC2010,A cap and trade system for emissions trading to be established before midnight ET on 31 Dec 2010,1,27.1,Jan/08/2010 15:13:03
674142,CAP.TRADE.DEC2010,A cap and trade system for emissions trading to be established before midnight ET on 31 Dec 2010,3,27.2,Jan/08/2010 15:13:03
674142,CAP.TRADE.DEC2010,A cap and trade system for emissions trading to be established before midnight ET on 31 Dec 2010,10,25.0,Jan/08/2010 16:52:40
674142,CAP.TRADE.DEC2010,A cap and trade system for emissions trading to be established before midnight ET on 31 Dec 2010,10,25.0,Jan/09/2010 14:24:17
674142,CAP.TRADE.DEC2010,A cap and trade system for emissions trading to be established before midnight ET on 31 Dec 2010,20,25.0,Jan/10/2010 02:35:47
674142,CAP.TRADE.DEC2010,A cap and trade system for emissions trading to be established before midnight ET on 31 Dec 2010,1,27.2,Jan/10/2010 18:36:04
674142,CAP.TRADE.DEC2010,A cap and trade system for emissions trading to be established before midnight ET on 31 Dec 2010,4,25.0,Jan/13/2010 13:52:41
674142,CAP.TRADE.DEC2010,A cap and trade system for emissions trading to be established before midnight ET on 31 Dec 2010,6,25.0,Jan/13/2010 18:41:38
674142,CAP.TRADE.DEC2010,A cap and trade system for emissions trading to be established before midnight ET on 31 Dec 2010,8,24.0,Jan/17/2010 17:20:01
674142,CAP.TRADE.DEC2010,A cap and trade system for emissions trading to be established before midnight ET on 31 Dec 2010,1,20.0,Jan/19/2010 08:20:59
674142,CAP.TRADE.DEC2010,A cap and trade system for emissions trading to be established before midnight ET on 31 Dec 2010,8,21.0,Jan/19/2010 08:20:59
674142,CAP.TRADE.DEC2010,A cap and trade system for emissions trading to be established before midnight ET on 31 Dec 2010,1,21.1,Jan/19/2010 08:20:59
674142,CAP.TRADE.DEC2010,A cap and trade system for emissions trading to be established before midnight ET on 31 Dec 2010,1,20.1,Jan/19/2010 14:26:24
674142,CAP.TRADE.DEC2010,A cap and trade system for emissions trading to be established before midnight ET on 31 Dec 2010,25,22.5,Jan/19/2010 19:52:47
674142,CAP.TRADE.DEC2010,A cap and trade system for emissions trading to be established before midnight ET on 31 Dec 2010,5,20.5,Jan/20/2010 04:53:19
674142,CAP.TRADE.DEC2010,A cap and trade system for emissions trading to be established before midnight ET on 31 Dec 2010,3,20.0,Jan/20/2010 04:53:19
674142,CAP.TRADE.DEC2010,A cap and trade system for emissions trading to be established before midnight ET on 31 Dec 2010,12,20.0,Jan/20/2010 04:55:07
674142,CAP.TRADE.DEC2010,A cap and trade system for emissions trading to be established before midnight ET on 31 Dec 2010,5,20.0,Jan/20/2010 09:29:04
674142,CAP.TRADE.DEC2010,A cap and trade system for emissions trading to be established before midnight ET on 31 Dec 2010,4,20.0,Jan/20/2010 12:28:04
674142,CAP.TRADE.DEC2010,A cap and trade system for emissions trading to be established before midnight ET on 31 Dec 2010,50,20.0,Jan/20/2010 12:28:04
674142,CAP.TRADE.DEC2010,A cap and trade system for emissions trading to be established before midnight ET on 31 Dec 2010,25,20.0,Jan/20/2010 12:28:04
674142,CAP.TRADE.DEC2010,A cap and trade system for emissions trading to be established before midnight ET on 31 Dec 2010,21,20.0,Jan/20/2010 12:34:39
674142,CAP.TRADE.DEC2010,A cap and trade system for emissions trading to be established before midnight ET on 31 Dec 2010,20,20.0,Jan/20/2010 12:35:29
674142,CAP.TRADE.DEC2010,A cap and trade system for emissions trading to be established before midnight ET on 31 Dec 2010,9,20.0,Jan/20/2010 12:35:33
674142,CAP.TRADE.DEC2010,A cap and trade system for emissions trading to be established before midnight ET on 31 Dec 2010,11,20.0,Jan/20/2010 12:36:34
674142,CAP.TRADE.DEC2010,A cap and trade system for emissions trading to be established before midnight ET on 31 Dec 2010,20,20.0,Jan/20/2010 12:38:25
674142,CAP.TRADE.DEC2010,A cap and trade system for emissions trading to be established before midnight ET on 31 Dec 2010,2,20.0,Jan/20/2010 12:49:15
674142,CAP.TRADE.DEC2010,A cap and trade system for emissions trading to be established before midnight ET on 31 Dec 2010,1,20.0,Jan/20/2010 14:16:16
674142,CAP.TRADE.DEC2010,A cap and trade system for emissions trading to be established before midnight ET on 31 Dec 2010,4,20.0,Jan/20/2010 17:57:57
674142,CAP.TRADE.DEC2010,A cap and trade system for emissions trading to be established before midnight ET on 31 Dec 2010,16,20.0,Jan/20/2010 17:57:57
674142,CAP.TRADE.DEC2010,A cap and trade system for emissions trading to be established before midnight ET on 31 Dec 2010,10,20.0,Jan/20/2010 20:05:39
674142,CAP.TRADE.DEC2010,A cap and trade system for emissions trading to be established before midnight ET on 31 Dec 2010,10,20.0,Jan/21/2010 05:00:33
674142,CAP.TRADE.DEC2010,A cap and trade system for emissions trading to be established before midnight ET on 31 Dec 2010,15,20.0,Jan/21/2010 15:23:05
674142,CAP.TRADE.DEC2010,A cap and trade system for emissions trading to be established before midnight ET on 31 Dec 2010,5,20.0,Jan/21/2010 15:23:41
674142,CAP.TRADE.DEC2010,A cap and trade system for emissions trading to be established before midnight ET on 31 Dec 2010,6,20.0,Jan/21/2010 16:13:41
674142,CAP.TRADE.DEC2010,A cap and trade system for emissions trading to be established before midnight ET on 31 Dec 2010,1,18.1,Jan/22/2010 04:18:21
674142,CAP.TRADE.DEC2010,A cap and trade system for emissions trading to be established before midnight ET on 31 Dec 2010,9,18.0,Jan/22/2010 04:18:21
674142,CAP.TRADE.DEC2010,A cap and trade system for emissions trading to be established before midnight ET on 31 Dec 2010,25,20.0,Jan/22/2010 11:21:26
674142,CAP.TRADE.DEC2010,A cap and trade system for emissions trading to be established before midnight ET on 31 Dec 2010,25,20.0,Jan/22/2010 14:53:06
674142,CAP.TRADE.DEC2010,A cap and trade system for emissions trading to be established before midnight ET on 31 Dec 2010,5,18.0,Jan/24/2010 07:56:15
674142,CAP.TRADE.DEC2010,A cap and trade system for emissions trading to be established before midnight ET on 31 Dec 2010,94,20.0,Jan/24/2010 23:48:00
674142,CAP.TRADE.DEC2010,A cap and trade system for emissions trading to be established before midnight ET on 31 Dec 2010,1,19.9,Jan/24/2010 23:48:00
674142,CAP.TRADE.DEC2010,A cap and trade system for emissions trading to be established before midnight ET on 31 Dec 2010,1,19.9,Jan/27/2010 21:58:01
674142,CAP.TRADE.DEC2010,A cap and trade system for emissions trading to be established before midnight ET on 31 Dec 2010,5,12.7,Jan/29/2010 01:56:26
674142,CAP.TRADE.DEC2010,A cap and trade system for emissions trading to be established before midnight ET on 31 Dec 2010,10,14.0,Feb/01/2010 04:16:10
674142,CAP.TRADE.DEC2010,A cap and trade system for emissions trading to be established before midnight ET on 31 Dec 2010,5,15.0,Feb/02/2010 03:01:06
674142,CAP.TRADE.DEC2010,A cap and trade system for emissions trading to be established before midnight ET on 31 Dec 2010,8,14.0,Feb/02/2010 18:51:42
674142,CAP.TRADE.DEC2010,A cap and trade system for emissions trading to be established before midnight ET on 31 Dec 2010,9,14.0,Feb/02/2010 23:46:17
674142,CAP.TRADE.DEC2010,A cap and trade system for emissions trading to be established before midnight ET on 31 Dec 2010,5,15.0,Feb/03/2010 14:15:14
674142,CAP.TRADE.DEC2010,A cap and trade system for emissions trading to be established before midnight ET on 31 Dec 2010,1,15.0,Feb/04/2010 09:06:51
674142,CAP.TRADE.DEC2010,A cap and trade system for emissions trading to be established before midnight ET on 31 Dec 2010,1,14.1,Feb/04/2010 23:04:04
674142,CAP.TRADE.DEC2010,A cap and trade system for emissions trading to be established before midnight ET on 31 Dec 2010,14,15.0,Feb/05/2010 17:42:39
674142,CAP.TRADE.DEC2010,A cap and trade system for emissions trading to be established before midnight ET on 31 Dec 2010,1,16.9,Feb/06/2010 03:17:31
674142,CAP.TRADE.DEC2010,A cap and trade system for emissions trading to be established before midnight ET on 31 Dec 2010,1,15.0,Feb/09/2010 14:23:22
674142,CAP.TRADE.DEC2010,A cap and trade system for emissions trading to be established before midnight ET on 31 Dec 2010,2,15.5,Feb/09/2010 14:23:22
674142,CAP.TRADE.DEC2010,A cap and trade system for emissions trading to be established before midnight ET on 31 Dec 2010,49,14.1,Feb/09/2010 20:14:36
674142,CAP.TRADE.DEC2010,A cap and trade system for emissions trading to be established before midnight ET on 31 Dec 2010,1,12.1,Feb/09/2010 22:02:14
674142,CAP.TRADE.DEC2010,A cap and trade system for emissions trading to be established before midnight ET on 31 Dec 2010,1,10.6,Feb/11/2010 20:31:59
674142,CAP.TRADE.DEC2010,A cap and trade system for emissions trading to be established before midnight ET on 31 Dec 2010,1,12.9,Feb/13/2010 00:03:58
674142,CAP.TRADE.DEC2010,A cap and trade system for emissions trading to be established before midnight ET on 31 Dec 2010,3,15.0,Feb/13/2010 00:03:58
674142,CAP.TRADE.DEC2010,A cap and trade system for emissions trading to be established before midnight ET on 31 Dec 2010,1,14.0,Feb/13/2010 00:03:58
674142,CAP.TRADE.DEC2010,A cap and trade system for emissions trading to be established before midnight ET on 31 Dec 2010,5,13.0,Feb/13/2010 00:03:58
674142,CAP.TRADE.DEC2010,A cap and trade system for emissions trading to be established before midnight ET on 31 Dec 2010,1,15.0,Feb/13/2010 02:38:18
674142,CAP.TRADE.DEC2010,A cap and trade system for emissions trading to be established before midnight ET on 31 Dec 2010,1,12.0,Feb/13/2010 05:27:55
674142,CAP.TRADE.DEC2010,A cap and trade system for emissions trading to be established before midnight ET on 31 Dec 2010,5,13.0,Feb/15/2010 20:42:44
674142,CAP.TRADE.DEC2010,A cap and trade system for emissions trading to be established before midnight ET on 31 Dec 2010,1,12.9,Feb/15/2010 20:42:44
674142,CAP.TRADE.DEC2010,A cap and trade system for emissions trading to be established before midnight ET on 31 Dec 2010,10,13.5,Feb/18/2010 21:30:12
674142,CAP.TRADE.DEC2010,A cap and trade system for emissions trading to be established before midnight ET on 31 Dec 2010,2,13.5,Feb/18/2010 21:48:06
674142,CAP.TRADE.DEC2010,A cap and trade system for emissions trading to be established before midnight ET on 31 Dec 2010,1,13.5,Feb/19/2010 05:09:20
674142,CAP.TRADE.DEC2010,A cap and trade system for emissions trading to be established before midnight ET on 31 Dec 2010,1,12.5,Feb/20/2010 02:15:37
674142,CAP.TRADE.DEC2010,A cap and trade system for emissions trading to be established before midnight ET on 31 Dec 2010,7,13.5,Feb/21/2010 11:45:11
674142,CAP.TRADE.DEC2010,A cap and trade system for emissions trading to be established before midnight ET on 31 Dec 2010,12,15.0,Feb/21/2010 22:15:45
674142,CAP.TRADE.DEC2010,A cap and trade system for emissions trading to be established before midnight ET on 31 Dec 2010,1,12.5,Feb/22/2010 17:54:17
674142,CAP.TRADE.DEC2010,A cap and trade system for emissions trading to be established before midnight ET on 31 Dec 2010,1,10.9,Mar/01/2010 23:37:47
674142,CAP.TRADE.DEC2010,A cap and trade system for emissions trading to be established before midnight ET on 31 Dec 2010,5,11.5,Mar/01/2010 23:37:47
674142,CAP.TRADE.DEC2010,A cap and trade system for emissions trading to be established before midnight ET on 31 Dec 2010,11,10.8,Mar/01/2010 23:37:47
674142,CAP.TRADE.DEC2010,A cap and trade system for emissions trading to be established before midnight ET on 31 Dec 2010,1,16.9,Mar/02/2010 03:22:35
674142,CAP.TRADE.DEC2010,A cap and trade system for emissions trading to be established before midnight ET on 31 Dec 2010,5,10.0,Mar/02/2010 03:23:52
674142,CAP.TRADE.DEC2010,A cap and trade system for emissions trading to be established before midnight ET on 31 Dec 2010,2,13.9,Mar/04/2010 19:32:09
674142,CAP.TRADE.DEC2010,A cap and trade system for emissions trading to be established before midnight ET on 31 Dec 2010,1,13.9,Mar/04/2010 19:32:09
674142,CAP.TRADE.DEC2010,A cap and trade system for emissions trading to be established before midnight ET on 31 Dec 2010,8,14.0,Mar/06/2010 07:33:03
674142,CAP.TRADE.DEC2010,A cap and trade system for emissions trading to be established before midnight ET on 31 Dec 2010,2,14.7,Mar/06/2010 07:33:03
674142,CAP.TRADE.DEC2010,A cap and trade system for emissions trading to be established before midnight ET on 31 Dec 2010,6,14.7,Mar/07/2010 20:56:57
674142,CAP.TRADE.DEC2010,A cap and trade system for emissions trading to be established before midnight ET on 31 Dec 2010,1,13.0,Mar/08/2010 09:03:41
674142,CAP.TRADE.DEC2010,A cap and trade system for emissions trading to be established before midnight ET on 31 Dec 2010,1,13.0,Mar/08/2010 13:31:28
674142,CAP.TRADE.DEC2010,A cap and trade system for emissions trading to be established before midnight ET on 31 Dec 2010,1,13.0,Mar/09/2010 20:52:52
674142,CAP.TRADE.DEC2010,A cap and trade system for emissions trading to be established before midnight ET on 31 Dec 2010,2,13.0,Mar/13/2010 04:15:37
674142,CAP.TRADE.DEC2010,A cap and trade system for emissions trading to be established before midnight ET on 31 Dec 2010,2,13.1,Mar/15/2010 00:12:19
674142,CAP.TRADE.DEC2010,A cap and trade system for emissions trading to be established before midnight ET on 31 Dec 2010,5,14.0,Mar/15/2010 06:57:20
674142,CAP.TRADE.DEC2010,A cap and trade system for emissions trading to be established before midnight ET on 31 Dec 2010,20,25.0,Mar/15/2010 06:57:32
674142,CAP.TRADE.DEC2010,A cap and trade system for emissions trading to be established before midnight ET on 31 Dec 2010,1,17.1,Mar/17/2010 03:46:37
674142,CAP.TRADE.DEC2010,A cap and trade system for emissions trading to be established before midnight ET on 31 Dec 2010,19,17.0,Mar/17/2010 03:46:37
674142,CAP.TRADE.DEC2010,A cap and trade system for emissions trading to be established before midnight ET on 31 Dec 2010,14,17.0,Mar/19/2010 21:45:49
674142,CAP.TRADE.DEC2010,A cap and trade system for emissions trading to be established before midnight ET on 31 Dec 2010,1,17.5,Mar/19/2010 21:45:49
674142,CAP.TRADE.DEC2010,A cap and trade system for emissions trading to be established before midnight ET on 31 Dec 2010,1,17.0,Mar/19/2010 21:57:09
674142,CAP.TRADE.DEC2010,A cap and trade system for emissions trading to be established before midnight ET on 31 Dec 2010,2,22.0,Mar/22/2010 08:25:45
674142,CAP.TRADE.DEC2010,A cap and trade system for emissions trading to be established before midnight ET on 31 Dec 2010,2,22.5,Mar/22/2010 08:25:45
674142,CAP.TRADE.DEC2010,A cap and trade system for emissions trading to be established before midnight ET on 31 Dec 2010,1,23.9,Mar/22/2010 08:25:45
674142,CAP.TRADE.DEC2010,A cap and trade system for emissions trading to be established before midnight ET on 31 Dec 2010,10,24.0,Mar/22/2010 08:25:45
674142,CAP.TRADE.DEC2010,A cap and trade system for emissions trading to be established before midnight ET on 31 Dec 2010,4,16.0,Mar/23/2010 17:43:08
674142,CAP.TRADE.DEC2010,A cap and trade system for emissions trading to be established before midnight ET on 31 Dec 2010,7,15.0,Mar/24/2010 03:35:34
674142,CAP.TRADE.DEC2010,A cap and trade system for emissions trading to be established before midnight ET on 31 Dec 2010,2,15.0,Mar/24/2010 17:16:33
674142,CAP.TRADE.DEC2010,A cap and trade system for emissions trading to be established before midnight ET on 31 Dec 2010,5,17.0,Mar/25/2010 12:58:15
674142,CAP.TRADE.DEC2010,A cap and trade system for emissions trading to be established before midnight ET on 31 Dec 2010,2,18.9,Mar/25/2010 19:31:03
674142,CAP.TRADE.DEC2010,A cap and trade system for emissions trading to be established before midnight ET on 31 Dec 2010,10,19.0,Mar/25/2010 19:31:03
674142,CAP.TRADE.DEC2010,A cap and trade system for emissions trading to be established before midnight ET on 31 Dec 2010,1,24.7,Mar/25/2010 20:54:43
674142,CAP.TRADE.DEC2010,A cap and trade system for emissions trading to be established before midnight ET on 31 Dec 2010,1,23.5,Mar/25/2010 20:54:43
674142,CAP.TRADE.DEC2010,A cap and trade system for emissions trading to be established before midnight ET on 31 Dec 2010,2,23.9,Mar/25/2010 20:54:43
674142,CAP.TRADE.DEC2010,A cap and trade system for emissions trading to be established before midnight ET on 31 Dec 2010,3,24.8,Mar/25/2010 20:54:43
674142,CAP.TRADE.DEC2010,A cap and trade system for emissions trading to be established before midnight ET on 31 Dec 2010,11,23.0,Mar/25/2010 20:54:43
674142,CAP.TRADE.DEC2010,A cap and trade system for emissions trading to be established before midnight ET on 31 Dec 2010,9,24.9,Mar/25/2010 20:54:43
674142,CAP.TRADE.DEC2010,A cap and trade system for emissions trading to be established before midnight ET on 31 Dec 2010,1,24.9,Mar/25/2010 22:07:26
674142,CAP.TRADE.DEC2010,A cap and trade system for emissions trading to be established before midnight ET on 31 Dec 2010,1,20.2,Mar/26/2010 05:04:42
674142,CAP.TRADE.DEC2010,A cap and trade system for emissions trading to be established before midnight ET on 31 Dec 2010,4,20.2,Mar/26/2010 05:05:05
674142,CAP.TRADE.DEC2010,A cap and trade system for emissions trading to be established before midnight ET on 31 Dec 2010,5,20.1,Mar/26/2010 05:05:38
674142,CAP.TRADE.DEC2010,A cap and trade system for emissions trading to be established before midnight ET on 31 Dec 2010,1,24.9,Mar/26/2010 15:50:52
674142,CAP.TRADE.DEC2010,A cap and trade system for emissions trading to be established before midnight ET on 31 Dec 2010,5,24.8,Mar/26/2010 15:50:52
674142,CAP.TRADE.DEC2010,A cap and trade system for emissions trading to be established before midnight ET on 31 Dec 2010,4,25.0,Mar/26/2010 15:50:52
674142,CAP.TRADE.DEC2010,A cap and trade system for emissions trading to be established before midnight ET on 31 Dec 2010,5,25.0,Mar/26/2010 16:14:29
674142,CAP.TRADE.DEC2010,A cap and trade system for emissions trading to be established before midnight ET on 31 Dec 2010,1,26.0,Mar/27/2010 10:43:42
674142,CAP.TRADE.DEC2010,A cap and trade system for emissions trading to be established before midnight ET on 31 Dec 2010,1,27.0,Mar/27/2010 10:44:21
674142,CAP.TRADE.DEC2010,A cap and trade system for emissions trading to be established before midnight ET on 31 Dec 2010,1,25.1,Mar/28/2010 17:41:19
674142,CAP.TRADE.DEC2010,A cap and trade system for emissions trading to be established before midnight ET on 31 Dec 2010,10,25.0,Mar/28/2010 20:10:40
674142,CAP.TRADE.DEC2010,A cap and trade system for emissions trading to be established before midnight ET on 31 Dec 2010,5,28.7,Mar/31/2010 14:16:37
674142,CAP.TRADE.DEC2010,A cap and trade system for emissions trading to be established before midnight ET on 31 Dec 2010,1,28.8,Mar/31/2010 22:17:32
674142,CAP.TRADE.DEC2010,A cap and trade system for emissions trading to be established before midnight ET on 31 Dec 2010,10,28.9,Mar/31/2010 22:18:00
674142,CAP.TRADE.DEC2010,A cap and trade system for emissions trading to be established before midnight ET on 31 Dec 2010,1,29.9,Mar/31/2010 22:18:29
674142,CAP.TRADE.DEC2010,A cap and trade system for emissions trading to be established before midnight ET on 31 Dec 2010,11,30.0,Mar/31/2010 22:19:32
674142,CAP.TRADE.DEC2010,A cap and trade system for emissions trading to be established before midnight ET on 31 Dec 2010,5,25.9,Apr/01/2010 03:02:36
674142,CAP.TRADE.DEC2010,A cap and trade system for emissions trading to be established before midnight ET on 31 Dec 2010,3,25.5,Apr/01/2010 03:02:36
674142,CAP.TRADE.DEC2010,A cap and trade system for emissions trading to be established before midnight ET on 31 Dec 2010,9,25.5,Apr/01/2010 03:04:56
674142,CAP.TRADE.DEC2010,A cap and trade system for emissions trading to be established before midnight ET on 31 Dec 2010,6,25.0,Apr/01/2010 03:04:56
674142,CAP.TRADE.DEC2010,A cap and trade system for emissions trading to be established before midnight ET on 31 Dec 2010,4,25.0,Apr/01/2010 03:05:19
674142,CAP.TRADE.DEC2010,A cap and trade system for emissions trading to be established before midnight ET on 31 Dec 2010,2,22.5,Apr/01/2010 14:51:50
674142,CAP.TRADE.DEC2010,A cap and trade system for emissions trading to be established before midnight ET on 31 Dec 2010,2,20.1,Apr/01/2010 21:05:15
674142,CAP.TRADE.DEC2010,A cap and trade system for emissions trading to be established before midnight ET on 31 Dec 2010,16,20.0,Apr/01/2010 21:05:51
674142,CAP.TRADE.DEC2010,A cap and trade system for emissions trading to be established before midnight ET on 31 Dec 2010,50,15.0,Apr/01/2010 21:06:51
674142,CAP.TRADE.DEC2010,A cap and trade system for emissions trading to be established before midnight ET on 31 Dec 2010,6,12.0,Apr/01/2010 21:07:22
674142,CAP.TRADE.DEC2010,A cap and trade system for emissions trading to be established before midnight ET on 31 Dec 2010,10,15.0,Apr/02/2010 13:02:43
674142,CAP.TRADE.DEC2010,A cap and trade system for emissions trading to be established before midnight ET on 31 Dec 2010,7,15.1,Apr/04/2010 01:43:13
674142,CAP.TRADE.DEC2010,A cap and trade system for emissions trading to be established before midnight ET on 31 Dec 2010,9,15.0,Apr/05/2010 03:30:42
674142,CAP.TRADE.DEC2010,A cap and trade system for emissions trading to be established before midnight ET on 31 Dec 2010,20,14.0,Apr/09/2010 02:55:40
674142,CAP.TRADE.DEC2010,A cap and trade system for emissions trading to be established before midnight ET on 31 Dec 2010,5,14.0,Apr/11/2010 17:57:46
674142,CAP.TRADE.DEC2010,A cap and trade system for emissions trading to be established before midnight ET on 31 Dec 2010,1,13.1,Apr/11/2010 17:57:46
674142,CAP.TRADE.DEC2010,A cap and trade system for emissions trading to be established before midnight ET on 31 Dec 2010,4,13.0,Apr/11/2010 17:57:46
674142,CAP.TRADE.DEC2010,A cap and trade system for emissions trading to be established before midnight ET on 31 Dec 2010,5,18.0,Apr/13/2010 14:21:13
674142,CAP.TRADE.DEC2010,A cap and trade system for emissions trading to be established before midnight ET on 31 Dec 2010,5,17.9,Apr/13/2010 14:21:13
674142,CAP.TRADE.DEC2010,A cap and trade system for emissions trading to be established before midnight ET on 31 Dec 2010,2,17.8,Apr/13/2010 14:21:13
674142,CAP.TRADE.DEC2010,A cap and trade system for emissions trading to be established before midnight ET on 31 Dec 2010,1,19.4,Apr/13/2010 22:45:47
674142,CAP.TRADE.DEC2010,A cap and trade system for emissions trading to be established before midnight ET on 31 Dec 2010,5,18.0,Apr/13/2010 22:45:47
674142,CAP.TRADE.DEC2010,A cap and trade system for emissions trading to be established before midnight ET on 31 Dec 2010,2,17.9,Apr/13/2010 22:45:47
674142,CAP.TRADE.DEC2010,A cap and trade system for emissions trading to be established before midnight ET on 31 Dec 2010,25,20.0,Apr/13/2010 22:45:47
674142,CAP.TRADE.DEC2010,A cap and trade system for emissions trading to be established before midnight ET on 31 Dec 2010,1,24.9,Apr/16/2010 05:46:15
674142,CAP.TRADE.DEC2010,A cap and trade system for emissions trading to be established before midnight ET on 31 Dec 2010,1,25.0,Apr/16/2010 17:47:02
674142,CAP.TRADE.DEC2010,A cap and trade system for emissions trading to be established before midnight ET on 31 Dec 2010,1,29.9,Apr/17/2010 01:52:36
674142,CAP.TRADE.DEC2010,A cap and trade system for emissions trading to be established before midnight ET on 31 Dec 2010,1,29.9,Apr/17/2010 01:52:36
674142,CAP.TRADE.DEC2010,A cap and trade system for emissions trading to be established before midnight ET on 31 Dec 2010,5,30.0,Apr/17/2010 01:52:36
674142,CAP.TRADE.DEC2010,A cap and trade system for emissions trading to be established before midnight ET on 31 Dec 2010,5,28.0,Apr/17/2010 01:52:36
674142,CAP.TRADE.DEC2010,A cap and trade system for emissions trading to be established before midnight ET on 31 Dec 2010,1,28.9,Apr/17/2010 01:52:36
674142,CAP.TRADE.DEC2010,A cap and trade system for emissions trading to be established before midnight ET on 31 Dec 2010,5,30.0,Apr/17/2010 14:12:31
674142,CAP.TRADE.DEC2010,A cap and trade system for emissions trading to be established before midnight ET on 31 Dec 2010,2,30.0,Apr/20/2010 00:46:01
674142,CAP.TRADE.DEC2010,A cap and trade system for emissions trading to be established before midnight ET on 31 Dec 2010,1,29.9,Apr/21/2010 21:20:55
674142,CAP.TRADE.DEC2010,A cap and trade system for emissions trading to be established before midnight ET on 31 Dec 2010,29,30.0,Apr/21/2010 21:20:55
674142,CAP.TRADE.DEC2010,A cap and trade system for emissions trading to be established before midnight ET on 31 Dec 2010,1,25.1,Apr/23/2010 14:48:25
674142,CAP.TRADE.DEC2010,A cap and trade system for emissions trading to be established before midnight ET on 31 Dec 2010,12,25.1,Apr/23/2010 15:26:30
674142,CAP.TRADE.DEC2010,A cap and trade system for emissions trading to be established before midnight ET on 31 Dec 2010,1,27.4,Apr/23/2010 15:26:30
674142,CAP.TRADE.DEC2010,A cap and trade system for emissions trading to be established before midnight ET on 31 Dec 2010,25,27.5,Apr/23/2010 15:26:30
674142,CAP.TRADE.DEC2010,A cap and trade system for emissions trading to be established before midnight ET on 31 Dec 2010,5,28.0,Apr/23/2010 15:26:30
674142,CAP.TRADE.DEC2010,A cap and trade system for emissions trading to be established before midnight ET on 31 Dec 2010,19,30.0,Apr/23/2010 15:26:30
674142,CAP.TRADE.DEC2010,A cap and trade system for emissions trading to be established before midnight ET on 31 Dec 2010,25,27.0,Apr/23/2010 15:46:20
674142,CAP.TRADE.DEC2010,A cap and trade system for emissions trading to be established before midnight ET on 31 Dec 2010,10,27.0,Apr/23/2010 16:01:14
674142,CAP.TRADE.DEC2010,A cap and trade system for emissions trading to be established before midnight ET on 31 Dec 2010,15,27.0,Apr/23/2010 16:21:39
674142,CAP.TRADE.DEC2010,A cap and trade system for emissions trading to be established before midnight ET on 31 Dec 2010,25,25.0,Apr/23/2010 16:31:10
674142,CAP.TRADE.DEC2010,A cap and trade system for emissions trading to be established before midnight ET on 31 Dec 2010,17,25.0,Apr/23/2010 17:50:33
674142,CAP.TRADE.DEC2010,A cap and trade system for emissions trading to be established before midnight ET on 31 Dec 2010,3,25.1,Apr/23/2010 17:50:33
674142,CAP.TRADE.DEC2010,A cap and trade system for emissions trading to be established before midnight ET on 31 Dec 2010,5,25.0,Apr/23/2010 17:50:45
674142,CAP.TRADE.DEC2010,A cap and trade system for emissions trading to be established before midnight ET on 31 Dec 2010,1,25.0,Apr/23/2010 17:50:54
674142,CAP.TRADE.DEC2010,A cap and trade system for emissions trading to be established before midnight ET on 31 Dec 2010,2,25.0,Apr/23/2010 18:40:21
674142,CAP.TRADE.DEC2010,A cap and trade system for emissions trading to be established before midnight ET on 31 Dec 2010,2,20.1,Apr/24/2010 22:49:36
674142,CAP.TRADE.DEC2010,A cap and trade system for emissions trading to be established before midnight ET on 31 Dec 2010,125,24.0,Apr/25/2010 07:48:21
674142,CAP.TRADE.DEC2010,A cap and trade system for emissions trading to be established before midnight ET on 31 Dec 2010,25,25.0,Apr/25/2010 13:14:56
674142,CAP.TRADE.DEC2010,A cap and trade system for emissions trading to be established before midnight ET on 31 Dec 2010,100,24.0,Apr/25/2010 15:51:10
674142,CAP.TRADE.DEC2010,A cap and trade system for emissions trading to be established before midnight ET on 31 Dec 2010,5,25.0,Apr/26/2010 09:31:20
674142,CAP.TRADE.DEC2010,A cap and trade system for emissions trading to be established before midnight ET on 31 Dec 2010,1,24.9,Apr/26/2010 21:22:29
674142,CAP.TRADE.DEC2010,A cap and trade system for emissions trading to be established before midnight ET on 31 Dec 2010,150,24.0,Apr/26/2010 21:22:29
674142,CAP.TRADE.DEC2010,A cap and trade system for emissions trading to be established before midnight ET on 31 Dec 2010,99,25.0,Apr/26/2010 22:18:55
674142,CAP.TRADE.DEC2010,A cap and trade system for emissions trading to be established before midnight ET on 31 Dec 2010,350,25.0,Apr/26/2010 22:50:59
674142,CAP.TRADE.DEC2010,A cap and trade system for emissions trading to be established before midnight ET on 31 Dec 2010,25,22.5,Apr/27/2010 02:20:39
674142,CAP.TRADE.DEC2010,A cap and trade system for emissions trading to be established before midnight ET on 31 Dec 2010,25,22.0,Apr/27/2010 02:20:39
674142,CAP.TRADE.DEC2010,A cap and trade system for emissions trading to be established before midnight ET on 31 Dec 2010,25,25.0,Apr/27/2010 18:31:48
674142,CAP.TRADE.DEC2010,A cap and trade system for emissions trading to be established before midnight ET on 31 Dec 2010,25,26.0,Apr/27/2010 19:26:35
674142,CAP.TRADE.DEC2010,A cap and trade system for emissions trading to be established before midnight ET on 31 Dec 2010,25,26.0,Apr/27/2010 22:51:20
674142,CAP.TRADE.DEC2010,A cap and trade system for emissions trading to be established before midnight ET on 31 Dec 2010,50,25.0,Apr/27/2010 22:56:03
674142,CAP.TRADE.DEC2010,A cap and trade system for emissions trading to be established before midnight ET on 31 Dec 2010,10,25.1,Apr/28/2010 13:47:15
674142,CAP.TRADE.DEC2010,A cap and trade system for emissions trading to be established before midnight ET on 31 Dec 2010,125,25.0,Apr/28/2010 13:47:15
674142,CAP.TRADE.DEC2010,A cap and trade system for emissions trading to be established before midnight ET on 31 Dec 2010,25,26.0,Apr/28/2010 15:14:44
674142,CAP.TRADE.DEC2010,A cap and trade system for emissions trading to be established before midnight ET on 31 Dec 2010,5,25.0,Apr/28/2010 16:20:21
674142,CAP.TRADE.DEC2010,A cap and trade system for emissions trading to be established before midnight ET on 31 Dec 2010,25,25.0,Apr/28/2010 16:31:12
674142,CAP.TRADE.DEC2010,A cap and trade system for emissions trading to be established before midnight ET on 31 Dec 2010,20,25.0,Apr/28/2010 16:31:12
674142,CAP.TRADE.DEC2010,A cap and trade system for emissions trading to be established before midnight ET on 31 Dec 2010,50,26.0,Apr/28/2010 16:52:32
674142,CAP.TRADE.DEC2010,A cap and trade system for emissions trading to be established before midnight ET on 31 Dec 2010,6,25.1,Apr/29/2010 14:48:36
674142,CAP.TRADE.DEC2010,A cap and trade system for emissions trading to be established before midnight ET on 31 Dec 2010,50,26.6,Apr/29/2010 15:21:15
674142,CAP.TRADE.DEC2010,A cap and trade system for emissions trading to be established before midnight ET on 31 Dec 2010,1,26.7,Apr/29/2010 15:21:15
674142,CAP.TRADE.DEC2010,A cap and trade system for emissions trading to be established before midnight ET on 31 Dec 2010,24,25.0,Apr/29/2010 19:14:57
674142,CAP.TRADE.DEC2010,A cap and trade system for emissions trading to be established before midnight ET on 31 Dec 2010,8,25.1,Apr/29/2010 19:14:57
674142,CAP.TRADE.DEC2010,A cap and trade system for emissions trading to be established before midnight ET on 31 Dec 2010,25,25.0,Apr/29/2010 19:14:57
674142,CAP.TRADE.DEC2010,A cap and trade system for emissions trading to be established before midnight ET on 31 Dec 2010,25,24.0,Apr/30/2010 14:36:43
674142,CAP.TRADE.DEC2010,A cap and trade system for emissions trading to be established before midnight ET on 31 Dec 2010,10,24.1,Apr/30/2010 14:36:43
674142,CAP.TRADE.DEC2010,A cap and trade system for emissions trading to be established before midnight ET on 31 Dec 2010,25,23.0,Apr/30/2010 17:06:15
674142,CAP.TRADE.DEC2010,A cap and trade system for emissions trading to be established before midnight ET on 31 Dec 2010,25,22.0,Apr/30/2010 17:06:15
674142,CAP.TRADE.DEC2010,A cap and trade system for emissions trading to be established before midnight ET on 31 Dec 2010,25,21.0,Apr/30/2010 17:06:15
674142,CAP.TRADE.DEC2010,A cap and trade system for emissions trading to be established before midnight ET on 31 Dec 2010,50,20.0,Apr/30/2010 17:34:22
674142,CAP.TRADE.DEC2010,A cap and trade system for emissions trading to be established before midnight ET on 31 Dec 2010,50,17.0,Apr/30/2010 19:03:29
674142,CAP.TRADE.DEC2010,A cap and trade system for emissions trading to be established before midnight ET on 31 Dec 2010,1,24.9,May/02/2010 18:07:40
674142,CAP.TRADE.DEC2010,A cap and trade system for emissions trading to be established before midnight ET on 31 Dec 2010,25,20.0,May/03/2010 00:28:32
674142,CAP.TRADE.DEC2010,A cap and trade system for emissions trading to be established before midnight ET on 31 Dec 2010,2,21.0,May/03/2010 00:28:32
674142,CAP.TRADE.DEC2010,A cap and trade system for emissions trading to be established before midnight ET on 31 Dec 2010,25,17.0,May/04/2010 09:16:24
674142,CAP.TRADE.DEC2010,A cap and trade system for emissions trading to be established before midnight ET on 31 Dec 2010,50,15.0,May/04/2010 09:16:24
674142,CAP.TRADE.DEC2010,A cap and trade system for emissions trading to be established before midnight ET on 31 Dec 2010,28,17.5,May/05/2010 16:58:44
674142,CAP.TRADE.DEC2010,A cap and trade system for emissions trading to be established before midnight ET on 31 Dec 2010,22,17.5,May/05/2010 17:14:01
674142,CAP.TRADE.DEC2010,A cap and trade system for emissions trading to be established before midnight ET on 31 Dec 2010,75,15.0,May/05/2010 17:44:13
674142,CAP.TRADE.DEC2010,A cap and trade system for emissions trading to be established before midnight ET on 31 Dec 2010,1,12.2,May/10/2010 20:53:09
674142,CAP.TRADE.DEC2010,A cap and trade system for emissions trading to be established before midnight ET on 31 Dec 2010,1,11.2,May/10/2010 20:53:09
674142,CAP.TRADE.DEC2010,A cap and trade system for emissions trading to be established before midnight ET on 31 Dec 2010,25,12.0,May/10/2010 20:53:09
674142,CAP.TRADE.DEC2010,A cap and trade system for emissions trading to be established before midnight ET on 31 Dec 2010,29,11.0,May/10/2010 20:54:00
674142,CAP.TRADE.DEC2010,A cap and trade system for emissions trading to be established before midnight ET on 31 Dec 2010,5,14.9,May/11/2010 10:02:05
674142,CAP.TRADE.DEC2010,A cap and trade system for emissions trading to be established before midnight ET on 31 Dec 2010,4,15.0,May/11/2010 10:02:05
674142,CAP.TRADE.DEC2010,A cap and trade system for emissions trading to be established before midnight ET on 31 Dec 2010,16,15.0,May/11/2010 20:15:48
674142,CAP.TRADE.DEC2010,A cap and trade system for emissions trading to be established before midnight ET on 31 Dec 2010,4,14.9,May/11/2010 20:15:48
674142,CAP.TRADE.DEC2010,A cap and trade system for emissions trading to be established before midnight ET on 31 Dec 2010,5,15.0,May/11/2010 22:56:16
674142,CAP.TRADE.DEC2010,A cap and trade system for emissions trading to be established before midnight ET on 31 Dec 2010,4,15.0,May/12/2010 15:28:03
674142,CAP.TRADE.DEC2010,A cap and trade system for emissions trading to be established before midnight ET on 31 Dec 2010,10,11.0,May/13/2010 15:41:26
674142,CAP.TRADE.DEC2010,A cap and trade system for emissions trading to be established before midnight ET on 31 Dec 2010,7,12.0,May/13/2010 15:41:26
674142,CAP.TRADE.DEC2010,A cap and trade system for emissions trading to be established before midnight ET on 31 Dec 2010,16,10.5,May/13/2010 15:41:26
674142,CAP.TRADE.DEC2010,A cap and trade system for emissions trading to be established before midnight ET on 31 Dec 2010,5,12.1,May/13/2010 15:41:26
674142,CAP.TRADE.DEC2010,A cap and trade system for emissions trading to be established before midnight ET on 31 Dec 2010,1,10.1,May/13/2010 15:41:26
674142,CAP.TRADE.DEC2010,A cap and trade system for emissions trading to be established before midnight ET on 31 Dec 2010,1,10.7,May/13/2010 15:41:26
674142,CAP.TRADE.DEC2010,A cap and trade system for emissions trading to be established before midnight ET on 31 Dec 2010,50,7.0,May/13/2010 15:44:28
674142,CAP.TRADE.DEC2010,A cap and trade system for emissions trading to be established before midnight ET on 31 Dec 2010,50,7.0,May/13/2010 20:37:34
674142,CAP.TRADE.DEC2010,A cap and trade system for emissions trading to be established before midnight ET on 31 Dec 2010,8,15.0,May/18/2010 23:31:29
674142,CAP.TRADE.DEC2010,A cap and trade system for emissions trading to be established before midnight ET on 31 Dec 2010,20,15.0,May/19/2010 00:26:29
674142,CAP.TRADE.DEC2010,A cap and trade system for emissions trading to be established before midnight ET on 31 Dec 2010,1,10.1,May/26/2010 14:39:48
674142,CAP.TRADE.DEC2010,A cap and trade system for emissions trading to be established before midnight ET on 31 Dec 2010,39,10.0,May/26/2010 14:39:48
674142,CAP.TRADE.DEC2010,A cap and trade system for emissions trading to be established before midnight ET on 31 Dec 2010,1,14.8,May/27/2010 04:57:43
674142,CAP.TRADE.DEC2010,A cap and trade system for emissions trading to be established before midnight ET on 31 Dec 2010,4,14.9,May/27/2010 04:57:43
674142,CAP.TRADE.DEC2010,A cap and trade system for emissions trading to be established before midnight ET on 31 Dec 2010,172,15.0,May/30/2010 21:20:55
674142,CAP.TRADE.DEC2010,A cap and trade system for emissions trading to be established before midnight ET on 31 Dec 2010,1,14.9,May/30/2010 21:20:55
674142,CAP.TRADE.DEC2010,A cap and trade system for emissions trading to be established before midnight ET on 31 Dec 2010,1,14.8,May/30/2010 21:20:55
674142,CAP.TRADE.DEC2010,A cap and trade system for emissions trading to be established before midnight ET on 31 Dec 2010,1,15.1,May/31/2010 12:22:38
674142,CAP.TRADE.DEC2010,A cap and trade system for emissions trading to be established before midnight ET on 31 Dec 2010,1,15.5,May/31/2010 12:33:57
674142,CAP.TRADE.DEC2010,A cap and trade system for emissions trading to be established before midnight ET on 31 Dec 2010,26,15.0,Jun/01/2010 16:49:18
674142,CAP.TRADE.DEC2010,A cap and trade system for emissions trading to be established before midnight ET on 31 Dec 2010,1,14.7,Jun/02/2010 01:45:06
674142,CAP.TRADE.DEC2010,A cap and trade system for emissions trading to be established before midnight ET on 31 Dec 2010,26,16.0,Jun/02/2010 18:30:26
674142,CAP.TRADE.DEC2010,A cap and trade system for emissions trading to be established before midnight ET on 31 Dec 2010,24,15.0,Jun/02/2010 18:30:26
674142,CAP.TRADE.DEC2010,A cap and trade system for emissions trading to be established before midnight ET on 31 Dec 2010,30,17.0,Jun/02/2010 19:04:27
674142,CAP.TRADE.DEC2010,A cap and trade system for emissions trading to be established before midnight ET on 31 Dec 2010,20,17.0,Jun/02/2010 20:03:26
674142,CAP.TRADE.DEC2010,A cap and trade system for emissions trading to be established before midnight ET on 31 Dec 2010,1,17.0,Jun/03/2010 09:04:16
674142,CAP.TRADE.DEC2010,A cap and trade system for emissions trading to be established before midnight ET on 31 Dec 2010,4,17.0,Jun/04/2010 01:25:48
674142,CAP.TRADE.DEC2010,A cap and trade system for emissions trading to be established before midnight ET on 31 Dec 2010,1,15.0,Jun/04/2010 21:29:35
674142,CAP.TRADE.DEC2010,A cap and trade system for emissions trading to be established before midnight ET on 31 Dec 2010,50,17.0,Jun/05/2010 18:26:47
674142,CAP.TRADE.DEC2010,A cap and trade system for emissions trading to be established before midnight ET on 31 Dec 2010,1,16.9,Jun/10/2010 23:57:13
674142,CAP.TRADE.DEC2010,A cap and trade system for emissions trading to be established before midnight ET on 31 Dec 2010,50,17.0,Jun/10/2010 23:57:13
674142,CAP.TRADE.DEC2010,A cap and trade system for emissions trading to be established before midnight ET on 31 Dec 2010,50,19.0,Jun/12/2010 17:54:44
674142,CAP.TRADE.DEC2010,A cap and trade system for emissions trading to be established before midnight ET on 31 Dec 2010,20,20.0,Jun/12/2010 17:54:44
674142,CAP.TRADE.DEC2010,A cap and trade system for emissions trading to be established before midnight ET on 31 Dec 2010,1,19.9,Jun/12/2010 17:54:44
674142,CAP.TRADE.DEC2010,A cap and trade system for emissions trading to be established before midnight ET on 31 Dec 2010,5,18.8,Jun/12/2010 17:54:44
674142,CAP.TRADE.DEC2010,A cap and trade system for emissions trading to be established before midnight ET on 31 Dec 2010,1,18.7,Jun/12/2010 17:54:44
674142,CAP.TRADE.DEC2010,A cap and trade system for emissions trading to be established before midnight ET on 31 Dec 2010,20,30.0,Jun/15/2010 23:20:37
674142,CAP.TRADE.DEC2010,A cap and trade system for emissions trading to be established before midnight ET on 31 Dec 2010,1,43.4,Jun/16/2010 00:13:19
674142,CAP.TRADE.DEC2010,A cap and trade system for emissions trading to be established before midnight ET on 31 Dec 2010,1,21.1,Jun/16/2010 05:23:13
674142,CAP.TRADE.DEC2010,A cap and trade system for emissions trading to be established before midnight ET on 31 Dec 2010,5,21.0,Jun/16/2010 05:23:45
674142,CAP.TRADE.DEC2010,A cap and trade system for emissions trading to be established before midnight ET on 31 Dec 2010,1,20.1,Jun/16/2010 15:11:48
674142,CAP.TRADE.DEC2010,A cap and trade system for emissions trading to be established before midnight ET on 31 Dec 2010,21,20.0,Jun/16/2010 15:11:48
674142,CAP.TRADE.DEC2010,A cap and trade system for emissions trading to be established before midnight ET on 31 Dec 2010,1,20.0,Jun/18/2010 06:32:06
674142,CAP.TRADE.DEC2010,A cap and trade system for emissions trading to be established before midnight ET on 31 Dec 2010,24,20.0,Jun/18/2010 15:04:39
674142,CAP.TRADE.DEC2010,A cap and trade system for emissions trading to be established before midnight ET on 31 Dec 2010,1,17.1,Jun/18/2010 15:04:39
674142,CAP.TRADE.DEC2010,A cap and trade system for emissions trading to be established before midnight ET on 31 Dec 2010,6,17.0,Jun/18/2010 15:04:39
674142,CAP.TRADE.DEC2010,A cap and trade system for emissions trading to be established before midnight ET on 31 Dec 2010,10,25.0,Jun/19/2010 02:13:01
674142,CAP.TRADE.DEC2010,A cap and trade system for emissions trading to be established before midnight ET on 31 Dec 2010,1,24.7,Jun/19/2010 02:13:01
674142,CAP.TRADE.DEC2010,A cap and trade system for emissions trading to be established before midnight ET on 31 Dec 2010,1,24.9,Jun/19/2010 02:13:01
674142,CAP.TRADE.DEC2010,A cap and trade system for emissions trading to be established before midnight ET on 31 Dec 2010,2,24.8,Jun/19/2010 02:13:01
674142,CAP.TRADE.DEC2010,A cap and trade system for emissions trading to be established before midnight ET on 31 Dec 2010,1,17.2,Jun/20/2010 21:51:38
674142,CAP.TRADE.DEC2010,A cap and trade system for emissions trading to be established before midnight ET on 31 Dec 2010,1,17.1,Jun/20/2010 21:51:38
674142,CAP.TRADE.DEC2010,A cap and trade system for emissions trading to be established before midnight ET on 31 Dec 2010,2,17.0,Jun/20/2010 21:51:38
674142,CAP.TRADE.DEC2010,A cap and trade system for emissions trading to be established before midnight ET on 31 Dec 2010,36,16.0,Jun/21/2010 20:55:56
674142,CAP.TRADE.DEC2010,A cap and trade system for emissions trading to be established before midnight ET on 31 Dec 2010,17,17.0,Jun/21/2010 20:55:56
674142,CAP.TRADE.DEC2010,A cap and trade system for emissions trading to be established before midnight ET on 31 Dec 2010,1,19.0,Jun/26/2010 01:43:46
674142,CAP.TRADE.DEC2010,A cap and trade system for emissions trading to be established before midnight ET on 31 Dec 2010,6,16.0,Jun/26/2010 13:11:33
674142,CAP.TRADE.DEC2010,A cap and trade system for emissions trading to be established before midnight ET on 31 Dec 2010,14,16.0,Jun/26/2010 13:11:33
674142,CAP.TRADE.DEC2010,A cap and trade system for emissions trading to be established before midnight ET on 31 Dec 2010,14,16.0,Jun/26/2010 13:11:50
674142,CAP.TRADE.DEC2010,A cap and trade system for emissions trading to be established before midnight ET on 31 Dec 2010,5,15.0,Jun/26/2010 13:14:52
674142,CAP.TRADE.DEC2010,A cap and trade system for emissions trading to be established before midnight ET on 31 Dec 2010,1,15.0,Jun/26/2010 13:17:52
674142,CAP.TRADE.DEC2010,A cap and trade system for emissions trading to be established before midnight ET on 31 Dec 2010,6,16.0,Jun/26/2010 21:56:45
674142,CAP.TRADE.DEC2010,A cap and trade system for emissions trading to be established before midnight ET on 31 Dec 2010,5,16.0,Jun/29/2010 05:04:12
674142,CAP.TRADE.DEC2010,A cap and trade system for emissions trading to be established before midnight ET on 31 Dec 2010,1,17.0,Jun/30/2010 17:44:30
674142,CAP.TRADE.DEC2010,A cap and trade system for emissions trading to be established before midnight ET on 31 Dec 2010,14,16.0,Jun/30/2010 17:44:30
674142,CAP.TRADE.DEC2010,A cap and trade system for emissions trading to be established before midnight ET on 31 Dec 2010,4,15.5,Jul/01/2010 02:13:11
674142,CAP.TRADE.DEC2010,A cap and trade system for emissions trading to be established before midnight ET on 31 Dec 2010,5,15.5,Jul/02/2010 19:23:28
674142,CAP.TRADE.DEC2010,A cap and trade system for emissions trading to be established before midnight ET on 31 Dec 2010,5,15.8,Jul/02/2010 21:44:15
674142,CAP.TRADE.DEC2010,A cap and trade system for emissions trading to be established before midnight ET on 31 Dec 2010,50,17.0,Jul/02/2010 21:44:15
674142,CAP.TRADE.DEC2010,A cap and trade system for emissions trading to be established before midnight ET on 31 Dec 2010,10,17.0,Jul/04/2010 01:46:09
674142,CAP.TRADE.DEC2010,A cap and trade system for emissions trading to be established before midnight ET on 31 Dec 2010,1,17.0,Jul/04/2010 15:20:36
674142,CAP.TRADE.DEC2010,A cap and trade system for emissions trading to be established before midnight ET on 31 Dec 2010,1,17.1,Jul/07/2010 22:26:00
674142,CAP.TRADE.DEC2010,A cap and trade system for emissions trading to be established before midnight ET on 31 Dec 2010,1,20.0,Jul/07/2010 22:52:21
674142,CAP.TRADE.DEC2010,A cap and trade system for emissions trading to be established before midnight ET on 31 Dec 2010,1,25.0,Jul/08/2010 14:19:05
674142,CAP.TRADE.DEC2010,A cap and trade system for emissions trading to be established before midnight ET on 31 Dec 2010,2,24.8,Jul/12/2010 03:21:38
674142,CAP.TRADE.DEC2010,A cap and trade system for emissions trading to be established before midnight ET on 31 Dec 2010,2,18.0,Jul/12/2010 13:42:19
674142,CAP.TRADE.DEC2010,A cap and trade system for emissions trading to be established before midnight ET on 31 Dec 2010,1,17.1,Jul/12/2010 13:42:19
674142,CAP.TRADE.DEC2010,A cap and trade system for emissions trading to be established before midnight ET on 31 Dec 2010,7,17.0,Jul/12/2010 13:42:19
674142,CAP.TRADE.DEC2010,A cap and trade system for emissions trading to be established before midnight ET on 31 Dec 2010,2,20.0,Jul/13/2010 17:24:09
674142,CAP.TRADE.DEC2010,A cap and trade system for emissions trading to be established before midnight ET on 31 Dec 2010,12,24.9,Jul/14/2010 14:35:08
674142,CAP.TRADE.DEC2010,A cap and trade system for emissions trading to be established before midnight ET on 31 Dec 2010,2,22.0,Jul/16/2010 21:31:52
674142,CAP.TRADE.DEC2010,A cap and trade system for emissions trading to be established before midnight ET on 31 Dec 2010,1,18.0,Jul/21/2010 21:37:58
674142,CAP.TRADE.DEC2010,A cap and trade system for emissions trading to be established before midnight ET on 31 Dec 2010,1,17.0,Jul/21/2010 21:37:58
674142,CAP.TRADE.DEC2010,A cap and trade system for emissions trading to be established before midnight ET on 31 Dec 2010,1,15.6,Jul/22/2010 12:14:38
674142,CAP.TRADE.DEC2010,A cap and trade system for emissions trading to be established before midnight ET on 31 Dec 2010,3,15.5,Jul/22/2010 19:09:38
674142,CAP.TRADE.DEC2010,A cap and trade system for emissions trading to be established before midnight ET on 31 Dec 2010,1,15.1,Jul/22/2010 19:09:48
674142,CAP.TRADE.DEC2010,A cap and trade system for emissions trading to be established before midnight ET on 31 Dec 2010,10,15.0,Jul/22/2010 19:13:02
674142,CAP.TRADE.DEC2010,A cap and trade system for emissions trading to be established before midnight ET on 31 Dec 2010,10,15.0,Jul/22/2010 19:17:06
674142,CAP.TRADE.DEC2010,A cap and trade system for emissions trading to be established before midnight ET on 31 Dec 2010,1,10.6,Jul/22/2010 19:19:22
674142,CAP.TRADE.DEC2010,A cap and trade system for emissions trading to be established before midnight ET on 31 Dec 2010,1,10.1,Jul/22/2010 19:55:12
674142,CAP.TRADE.DEC2010,A cap and trade system for emissions trading to be established before midnight ET on 31 Dec 2010,5,10.0,Jul/22/2010 19:56:31
674142,CAP.TRADE.DEC2010,A cap and trade system for emissions trading to be established before midnight ET on 31 Dec 2010,5,7.2,Jul/22/2010 22:34:42
674142,CAP.TRADE.DEC2010,A cap and trade system for emissions trading to be established before midnight ET on 31 Dec 2010,1,8.5,Jul/23/2010 03:57:10
674142,CAP.TRADE.DEC2010,A cap and trade system for emissions trading to be established before midnight ET on 31 Dec 2010,3,8.5,Jul/23/2010 13:10:37
674142,CAP.TRADE.DEC2010,A cap and trade system for emissions trading to be established before midnight ET on 31 Dec 2010,1,7.1,Jul/23/2010 15:21:24
674142,CAP.TRADE.DEC2010,A cap and trade system for emissions trading to be established before midnight ET on 31 Dec 2010,35,7.0,Jul/23/2010 15:21:24
674142,CAP.TRADE.DEC2010,A cap and trade system for emissions trading to be established before midnight ET on 31 Dec 2010,10,7.1,Jul/23/2010 15:21:24
674142,CAP.TRADE.DEC2010,A cap and trade system for emissions trading to be established before midnight ET on 31 Dec 2010,2,7.1,Jul/25/2010 07:59:17
674142,CAP.TRADE.DEC2010,A cap and trade system for emissions trading to be established before midnight ET on 31 Dec 2010,1,7.1,Jul/27/2010 21:32:48
674142,CAP.TRADE.DEC2010,A cap and trade system for emissions trading to be established before midnight ET on 31 Dec 2010,1,9.9,Jul/28/2010 05:42:55
674142,CAP.TRADE.DEC2010,A cap and trade system for emissions trading to be established before midnight ET on 31 Dec 2010,4,10.0,Jul/28/2010 05:43:20
674142,CAP.TRADE.DEC2010,A cap and trade system for emissions trading to be established before midnight ET on 31 Dec 2010,12,7.5,Jul/29/2010 22:32:52
674142,CAP.TRADE.DEC2010,A cap and trade system for emissions trading to be established before midnight ET on 31 Dec 2010,1,8.0,Jul/29/2010 22:32:52
674142,CAP.TRADE.DEC2010,A cap and trade system for emissions trading to be established before midnight ET on 31 Dec 2010,5,7.0,Jul/30/2010 22:04:37
674142,CAP.TRADE.DEC2010,A cap and trade system for emissions trading to be established before midnight ET on 31 Dec 2010,1,7.0,Aug/03/2010 01:30:06
674142,CAP.TRADE.DEC2010,A cap and trade system for emissions trading to be established before midnight ET on 31 Dec 2010,5,7.0,Aug/04/2010 02:35:18
674142,CAP.TRADE.DEC2010,A cap and trade system for emissions trading to be established before midnight ET on 31 Dec 2010,5,7.0,Aug/04/2010 02:38:37
674142,CAP.TRADE.DEC2010,A cap and trade system for emissions trading to be established before midnight ET on 31 Dec 2010,1,8.9,Aug/05/2010 19:14:42
674142,CAP.TRADE.DEC2010,A cap and trade system for emissions trading to be established before midnight ET on 31 Dec 2010,2,7.0,Aug/07/2010 21:30:43
674142,CAP.TRADE.DEC2010,A cap and trade system for emissions trading to be established before midnight ET on 31 Dec 2010,2,7.1,Aug/07/2010 21:30:43
674142,CAP.TRADE.DEC2010,A cap and trade system for emissions trading to be established before midnight ET on 31 Dec 2010,5,7.1,Aug/11/2010 06:52:19
674142,CAP.TRADE.DEC2010,A cap and trade system for emissions trading to be established before midnight ET on 31 Dec 2010,1,7.1,Aug/11/2010 06:52:19
674142,CAP.TRADE.DEC2010,A cap and trade system for emissions trading to be established before midnight ET on 31 Dec 2010,3,7.2,Aug/11/2010 06:52:19
674142,CAP.TRADE.DEC2010,A cap and trade system for emissions trading to be established before midnight ET on 31 Dec 2010,6,7.0,Aug/11/2010 06:52:19
674142,CAP.TRADE.DEC2010,A cap and trade system for emissions trading to be established before midnight ET on 31 Dec 2010,2,8.7,Aug/13/2010 14:04:24
674142,CAP.TRADE.DEC2010,A cap and trade system for emissions trading to be established before midnight ET on 31 Dec 2010,1,7.1,Aug/13/2010 18:59:32
674142,CAP.TRADE.DEC2010,A cap and trade system for emissions trading to be established before midnight ET on 31 Dec 2010,3,8.7,Aug/15/2010 14:21:37
674142,CAP.TRADE.DEC2010,A cap and trade system for emissions trading to be established before midnight ET on 31 Dec 2010,1,7.1,Aug/22/2010 16:35:08
674142,CAP.TRADE.DEC2010,A cap and trade system for emissions trading to be established before midnight ET on 31 Dec 2010,9,7.0,Aug/22/2010 16:35:08
674142,CAP.TRADE.DEC2010,A cap and trade system for emissions trading to be established before midnight ET on 31 Dec 2010,1,7.5,Aug/29/2010 13:05:49
674142,CAP.TRADE.DEC2010,A cap and trade system for emissions trading to be established before midnight ET on 31 Dec 2010,10,7.5,Aug/29/2010 22:19:56
674142,CAP.TRADE.DEC2010,A cap and trade system for emissions trading to be established before midnight ET on 31 Dec 2010,20,8.0,Aug/29/2010 22:22:09
674142,CAP.TRADE.DEC2010,A cap and trade system for emissions trading to be established before midnight ET on 31 Dec 2010,19,9.0,Aug/29/2010 23:02:03
674142,CAP.TRADE.DEC2010,A cap and trade system for emissions trading to be established before midnight ET on 31 Dec 2010,1,9.0,Aug/29/2010 23:02:03
674142,CAP.TRADE.DEC2010,A cap and trade system for emissions trading to be established before midnight ET on 31 Dec 2010,20,7.5,Aug/31/2010 16:20:47
674142,CAP.TRADE.DEC2010,A cap and trade system for emissions trading to be established before midnight ET on 31 Dec 2010,10,7.5,Aug/31/2010 16:23:50
674142,CAP.TRADE.DEC2010,A cap and trade system for emissions trading to be established before midnight ET on 31 Dec 2010,10,7.5,Aug/31/2010 16:24:15
674142,CAP.TRADE.DEC2010,A cap and trade system for emissions trading to be established before midnight ET on 31 Dec 2010,5,7.6,Sep/01/2010 21:34:56
674142,CAP.TRADE.DEC2010,A cap and trade system for emissions trading to be established before midnight ET on 31 Dec 2010,1,7.8,Sep/02/2010 14:19:55
674142,CAP.TRADE.DEC2010,A cap and trade system for emissions trading to be established before midnight ET on 31 Dec 2010,10,7.8,Sep/06/2010 06:22:08
674142,CAP.TRADE.DEC2010,A cap and trade system for emissions trading to be established before midnight ET on 31 Dec 2010,1,7.6,Sep/08/2010 20:38:04
674142,CAP.TRADE.DEC2010,A cap and trade system for emissions trading to be established before midnight ET on 31 Dec 2010,8,7.6,Sep/09/2010 21:34:20
674142,CAP.TRADE.DEC2010,A cap and trade system for emissions trading to be established before midnight ET on 31 Dec 2010,101,7.6,Sep/10/2010 08:14:18
674142,CAP.TRADE.DEC2010,A cap and trade system for emissions trading to be established before midnight ET on 31 Dec 2010,1,7.7,Sep/10/2010 12:27:57
674142,CAP.TRADE.DEC2010,A cap and trade system for emissions trading to be established before midnight ET on 31 Dec 2010,4,9.0,Sep/13/2010 04:28:11
674142,CAP.TRADE.DEC2010,A cap and trade system for emissions trading to be established before midnight ET on 31 Dec 2010,1,8.1,Sep/14/2010 14:59:06
674142,CAP.TRADE.DEC2010,A cap and trade system for emissions trading to be established before midnight ET on 31 Dec 2010,4,8.1,Sep/15/2010 00:21:36
674142,CAP.TRADE.DEC2010,A cap and trade system for emissions trading to be established before midnight ET on 31 Dec 2010,16,8.0,Sep/15/2010 00:21:36
674142,CAP.TRADE.DEC2010,A cap and trade system for emissions trading to be established before midnight ET on 31 Dec 2010,10,9.0,Sep/20/2010 03:28:48
674142,CAP.TRADE.DEC2010,A cap and trade system for emissions trading to be established before midnight ET on 31 Dec 2010,1,9.0,Sep/21/2010 15:22:23
674142,CAP.TRADE.DEC2010,A cap and trade system for emissions trading to be established before midnight ET on 31 Dec 2010,1,8.3,Sep/23/2010 13:55:45
674142,CAP.TRADE.DEC2010,A cap and trade system for emissions trading to be established before midnight ET on 31 Dec 2010,2,9.0,Sep/24/2010 14:41:55
674142,CAP.TRADE.DEC2010,A cap and trade system for emissions trading to be established before midnight ET on 31 Dec 2010,3,8.0,Sep/25/2010 12:57:47
674142,CAP.TRADE.DEC2010,A cap and trade system for emissions trading to be established before midnight ET on 31 Dec 2010,4,8.0,Sep/25/2010 19:39:57
674142,CAP.TRADE.DEC2010,A cap and trade system for emissions trading to be established before midnight ET on 31 Dec 2010,2,8.0,Sep/26/2010 18:28:19
674142,CAP.TRADE.DEC2010,A cap and trade system for emissions trading to be established before midnight ET on 31 Dec 2010,10,8.0,Sep/28/2010 01:00:48
674142,CAP.TRADE.DEC2010,A cap and trade system for emissions trading to be established before midnight ET on 31 Dec 2010,7,8.0,Sep/28/2010 01:06:10
674142,CAP.TRADE.DEC2010,A cap and trade system for emissions trading to be established before midnight ET on 31 Dec 2010,2,6.0,Sep/28/2010 01:35:16
674142,CAP.TRADE.DEC2010,A cap and trade system for emissions trading to be established before midnight ET on 31 Dec 2010,10,6.0,Sep/30/2010 13:27:31
674142,CAP.TRADE.DEC2010,A cap and trade system for emissions trading to be established before midnight ET on 31 Dec 2010,3,9.0,Oct/01/2010 12:12:56
674142,CAP.TRADE.DEC2010,A cap and trade system for emissions trading to be established before midnight ET on 31 Dec 2010,1,5.0,Oct/05/2010 16:10:20
674142,CAP.TRADE.DEC2010,A cap and trade system for emissions trading to be established before midnight ET on 31 Dec 2010,4,6.5,Oct/10/2010 00:13:22
674142,CAP.TRADE.DEC2010,A cap and trade system for emissions trading to be established before midnight ET on 31 Dec 2010,6,9.0,Oct/14/2010 01:47:09
674142,CAP.TRADE.DEC2010,A cap and trade system for emissions trading to be established before midnight ET on 31 Dec 2010,1,7.0,Oct/18/2010 16:52:21
674142,CAP.TRADE.DEC2010,A cap and trade system for emissions trading to be established before midnight ET on 31 Dec 2010,3,7.0,Oct/18/2010 16:52:21
674142,CAP.TRADE.DEC2010,A cap and trade system for emissions trading to be established before midnight ET on 31 Dec 2010,1,9.0,Oct/20/2010 18:34:04
674142,CAP.TRADE.DEC2010,A cap and trade system for emissions trading to be established before midnight ET on 31 Dec 2010,1,5.0,Oct/21/2010 14:54:48
674142,CAP.TRADE.DEC2010,A cap and trade system for emissions trading to be established before midnight ET on 31 Dec 2010,1,5.0,Oct/21/2010 14:55:49
674142,CAP.TRADE.DEC2010,A cap and trade system for emissions trading to be established before midnight ET on 31 Dec 2010,7,5.0,Oct/22/2010 11:53:46
674142,CAP.TRADE.DEC2010,A cap and trade system for emissions trading to be established before midnight ET on 31 Dec 2010,3,5.0,Oct/22/2010 11:53:46
674142,CAP.TRADE.DEC2010,A cap and trade system for emissions trading to be established before midnight ET on 31 Dec 2010,7,5.1,Oct/24/2010 15:37:52
674142,CAP.TRADE.DEC2010,A cap and trade system for emissions trading to be established before midnight ET on 31 Dec 2010,18,5.0,Oct/24/2010 15:37:52
674142,CAP.TRADE.DEC2010,A cap and trade system for emissions trading to be established before midnight ET on 31 Dec 2010,5,5.0,Oct/24/2010 15:38:13
674142,CAP.TRADE.DEC2010,A cap and trade system for emissions trading to be established before midnight ET on 31 Dec 2010,177,5.0,Oct/24/2010 20:22:31
674142,CAP.TRADE.DEC2010,A cap and trade system for emissions trading to be established before midnight ET on 31 Dec 2010,1,4.1,Oct/29/2010 16:12:32
674142,CAP.TRADE.DEC2010,A cap and trade system for emissions trading to be established before midnight ET on 31 Dec 2010,5,4.0,Oct/29/2010 17:31:21
674142,CAP.TRADE.DEC2010,A cap and trade system for emissions trading to be established before midnight ET on 31 Dec 2010,25,5.0,Oct/29/2010 18:05:15
674142,CAP.TRADE.DEC2010,A cap and trade system for emissions trading to be established before midnight ET on 31 Dec 2010,5,5.0,Oct/30/2010 01:44:36
674142,CAP.TRADE.DEC2010,A cap and trade system for emissions trading to be established before midnight ET on 31 Dec 2010,1,5.0,Nov/01/2010 22:05:42
674142,CAP.TRADE.DEC2010,A cap and trade system for emissions trading to be established before midnight ET on 31 Dec 2010,65,5.0,Nov/02/2010 15:20:50
674142,CAP.TRADE.DEC2010,A cap and trade system for emissions trading to be established before midnight ET on 31 Dec 2010,2401,3.0,Nov/03/2010 20:53:06
674142,CAP.TRADE.DEC2010,A cap and trade system for emissions trading to be established before midnight ET on 31 Dec 2010,500,2.0,Nov/03/2010 20:57:49
674142,CAP.TRADE.DEC2010,A cap and trade system for emissions trading to be established before midnight ET on 31 Dec 2010,15,1.9,Nov/04/2010 16:09:23
674142,CAP.TRADE.DEC2010,A cap and trade system for emissions trading to be established before midnight ET on 31 Dec 2010,200,1.2,Nov/04/2010 17:11:26
674142,CAP.TRADE.DEC2010,A cap and trade system for emissions trading to be established before midnight ET on 31 Dec 2010,1,1.1,Nov/04/2010 17:33:22
674142,CAP.TRADE.DEC2010,A cap and trade system for emissions trading to be established before midnight ET on 31 Dec 2010,1,1.0,Nov/04/2010 17:33:22
674142,CAP.TRADE.DEC2010,A cap and trade system for emissions trading to be established before midnight ET on 31 Dec 2010,272,1.0,Nov/04/2010 18:32:08
674142,CAP.TRADE.DEC2010,A cap and trade system for emissions trading to be established before midnight ET on 31 Dec 2010,1,1.0,Nov/04/2010 18:33:26
674142,CAP.TRADE.DEC2010,A cap and trade system for emissions trading to be established before midnight ET on 31 Dec 2010,5,1.0,Nov/04/2010 21:56:09
674142,CAP.TRADE.DEC2010,A cap and trade system for emissions trading to be established before midnight ET on 31 Dec 2010,5,1.0,Nov/06/2010 04:01:47
674142,CAP.TRADE.DEC2010,A cap and trade system for emissions trading to be established before midnight ET on 31 Dec 2010,5,1.0,Nov/06/2010 04:01:47
674142,CAP.TRADE.DEC2010,A cap and trade system for emissions trading to be established before midnight ET on 31 Dec 2010,1,0.9,Nov/06/2010 19:49:43
674142,CAP.TRADE.DEC2010,A cap and trade system for emissions trading to be established before midnight ET on 31 Dec 2010,2,0.9,Nov/07/2010 14:18:15
674142,CAP.TRADE.DEC2010,A cap and trade system for emissions trading to be established before midnight ET on 31 Dec 2010,10,1.0,Nov/07/2010 17:20:39
674142,CAP.TRADE.DEC2010,A cap and trade system for emissions trading to be established before midnight ET on 31 Dec 2010,1,1.0,Nov/07/2010 19:05:27
674142,CAP.TRADE.DEC2010,A cap and trade system for emissions trading to be established before midnight ET on 31 Dec 2010,17,1.0,Nov/08/2010 20:48:27
674142,CAP.TRADE.DEC2010,A cap and trade system for emissions trading to be established before midnight ET on 31 Dec 2010,3,0.8,Nov/18/2010 18:56:08
674142,CAP.TRADE.DEC2010,A cap and trade system for emissions trading to be established before midnight ET on 31 Dec 2010,1,0.8,Nov/18/2010 18:56:08
674142,CAP.TRADE.DEC2010,A cap and trade system for emissions trading to be established before midnight ET on 31 Dec 2010,20,0.6,Nov/18/2010 19:01:28
674142,CAP.TRADE.DEC2010,A cap and trade system for emissions trading to be established before midnight ET on 31 Dec 2010,25,0.5,Nov/18/2010 19:36:18
674142,CAP.TRADE.DEC2010,A cap and trade system for emissions trading to be established before midnight ET on 31 Dec 2010,1,0.4,Nov/23/2010 15:59:12
674142,CAP.TRADE.DEC2010,A cap and trade system for emissions trading to be established before midnight ET on 31 Dec 2010,1,0.1,Dec/27/2010 17:01:09
674142,CAP.TRADE.DEC2010,A cap and trade system for emissions trading to be established before midnight ET on 31 Dec 2010,84,0.1,Dec/30/2010 10:08:20
674142,CAP.TRADE.DEC2010,A cap and trade system for emissions trading to be established before midnight ET on 31 Dec 2010,70,0.2,Dec/30/2010 10:08:20
674142,CAP.TRADE.DEC2010,A cap and trade system for emissions trading to be established before midnight ET on 31 Dec 2010,12,0.1,Dec/30/2010 10:08:20
