market id,market symbol,market name,trade quantity,trade price,date/time [utc]
676634,AIG.TARP.REPAY.DEC10,AIG to repay all TARP funds by midnight ET on 31 Dec 2010,20,10.0,Aug/21/2009 05:05:52
676634,AIG.TARP.REPAY.DEC10,AIG to repay all TARP funds by midnight ET on 31 Dec 2010,2,5.0,Aug/03/2010 04:10:20
676634,AIG.TARP.REPAY.DEC10,AIG to repay all TARP funds by midnight ET on 31 Dec 2010,10,5.0,Aug/06/2010 15:28:16
676634,AIG.TARP.REPAY.DEC10,AIG to repay all TARP funds by midnight ET on 31 Dec 2010,2,2.0,Aug/12/2010 00:33:22
676634,AIG.TARP.REPAY.DEC10,AIG to repay all TARP funds by midnight ET on 31 Dec 2010,1,4.0,Nov/15/2010 14:14:02
