market id,market symbol,market name,trade quantity,trade price,date/time [utc]
676628,GOLDMAN.TARP.REPAY.DEC09,Goldman Sachs to repay all TARP funds by midnight ET on 31 Dec 2009,1,58.0,May/10/2009 03:08:20
676628,GOLDMAN.TARP.REPAY.DEC09,Goldman Sachs to repay all TARP funds by midnight ET on 31 Dec 2009,2,62.0,May/14/2009 18:08:54
676628,GOLDMAN.TARP.REPAY.DEC09,Goldman Sachs to repay all TARP funds by midnight ET on 31 Dec 2009,1,67.0,May/15/2009 19:34:54
676628,GOLDMAN.TARP.REPAY.DEC09,Goldman Sachs to repay all TARP funds by midnight ET on 31 Dec 2009,1,67.0,May/15/2009 19:37:00
676628,GOLDMAN.TARP.REPAY.DEC09,Goldman Sachs to repay all TARP funds by midnight ET on 31 Dec 2009,2,67.0,May/15/2009 19:38:39
676628,GOLDMAN.TARP.REPAY.DEC09,Goldman Sachs to repay all TARP funds by midnight ET on 31 Dec 2009,20,75.0,May/15/2009 20:39:05
676628,GOLDMAN.TARP.REPAY.DEC09,Goldman Sachs to repay all TARP funds by midnight ET on 31 Dec 2009,1,80.0,May/18/2009 23:16:18
676628,GOLDMAN.TARP.REPAY.DEC09,Goldman Sachs to repay all TARP funds by midnight ET on 31 Dec 2009,10,95.1,Jun/15/2009 14:50:23
