market id,market symbol,market name,business day,session open,session high,session low,closing price,open interest,session trade volume,lifetime high,lifetime low
676628,GOLDMAN.TARP.REPAY.DEC09,Goldman Sachs to repay all TARP funds by midnight ET on 31 Dec 2009,2009-04-15,0.0,0.0,0.0,0.0,0,0,0.0,0.0
676628,GOLDMAN.TARP.REPAY.DEC09,Goldman Sachs to repay all TARP funds by midnight ET on 31 Dec 2009,2009-04-16,0.0,0.0,0.0,0.0,0,0,0.0,0.0
676628,GOLDMAN.TARP.REPAY.DEC09,Goldman Sachs to repay all TARP funds by midnight ET on 31 Dec 2009,2009-04-17,0.0,0.0,0.0,0.0,0,0,0.0,0.0
676628,GOLDMAN.TARP.REPAY.DEC09,Goldman Sachs to repay all TARP funds by midnight ET on 31 Dec 2009,2009-04-18,0.0,0.0,0.0,0.0,0,0,0.0,0.0
676628,GOLDMAN.TARP.REPAY.DEC09,Goldman Sachs to repay all TARP funds by midnight ET on 31 Dec 2009,2009-04-19,0.0,0.0,0.0,0.0,0,0,0.0,0.0
676628,GOLDMAN.TARP.REPAY.DEC09,Goldman Sachs to repay all TARP funds by midnight ET on 31 Dec 2009,2009-04-20,0.0,0.0,0.0,0.0,0,0,0.0,0.0
676628,GOLDMAN.TARP.REPAY.DEC09,Goldman Sachs to repay all TARP funds by midnight ET on 31 Dec 2009,2009-04-21,0.0,0.0,0.0,0.0,0,0,0.0,0.0
676628,GOLDMAN.TARP.REPAY.DEC09,Goldman Sachs to repay all TARP funds by midnight ET on 31 Dec 2009,2009-04-22,0.0,0.0,0.0,0.0,0,0,0.0,0.0
676628,GOLDMAN.TARP.REPAY.DEC09,Goldman Sachs to repay all TARP funds by midnight ET on 31 Dec 2009,2009-04-23,0.0,0.0,0.0,0.0,0,0,0.0,0.0
676628,GOLDMAN.TARP.REPAY.DEC09,Goldman Sachs to repay all TARP funds by midnight ET on 31 Dec 2009,2009-04-24,0.0,0.0,0.0,0.0,0,0,0.0,0.0
676628,GOLDMAN.TARP.REPAY.DEC09,Goldman Sachs to repay all TARP funds by midnight ET on 31 Dec 2009,2009-04-25,0.0,0.0,0.0,0.0,0,0,0.0,0.0
676628,GOLDMAN.TARP.REPAY.DEC09,Goldman Sachs to repay all TARP funds by midnight ET on 31 Dec 2009,2009-04-26,0.0,0.0,0.0,0.0,0,0,0.0,0.0
676628,GOLDMAN.TARP.REPAY.DEC09,Goldman Sachs to repay all TARP funds by midnight ET on 31 Dec 2009,2009-04-27,0.0,0.0,0.0,0.0,0,0,0.0,0.0
676628,GOLDMAN.TARP.REPAY.DEC09,Goldman Sachs to repay all TARP funds by midnight ET on 31 Dec 2009,2009-04-28,0.0,0.0,0.0,0.0,0,0,0.0,0.0
676628,GOLDMAN.TARP.REPAY.DEC09,Goldman Sachs to repay all TARP funds by midnight ET on 31 Dec 2009,2009-04-29,0.0,0.0,0.0,0.0,0,0,0.0,0.0
676628,GOLDMAN.TARP.REPAY.DEC09,Goldman Sachs to repay all TARP funds by midnight ET on 31 Dec 2009,2009-04-30,0.0,0.0,0.0,0.0,0,0,0.0,0.0
676628,GOLDMAN.TARP.REPAY.DEC09,Goldman Sachs to repay all TARP funds by midnight ET on 31 Dec 2009,2009-05-01,0.0,0.0,0.0,0.0,0,0,0.0,0.0
676628,GOLDMAN.TARP.REPAY.DEC09,Goldman Sachs to repay all TARP funds by midnight ET on 31 Dec 2009,2009-05-02,0.0,0.0,0.0,0.0,0,0,0.0,0.0
676628,GOLDMAN.TARP.REPAY.DEC09,Goldman Sachs to repay all TARP funds by midnight ET on 31 Dec 2009,2009-05-03,0.0,0.0,0.0,0.0,0,0,0.0,0.0
676628,GOLDMAN.TARP.REPAY.DEC09,Goldman Sachs to repay all TARP funds by midnight ET on 31 Dec 2009,2009-05-04,0.0,0.0,0.0,0.0,0,0,0.0,0.0
676628,GOLDMAN.TARP.REPAY.DEC09,Goldman Sachs to repay all TARP funds by midnight ET on 31 Dec 2009,2009-05-05,0.0,0.0,0.0,0.0,0,0,0.0,0.0
676628,GOLDMAN.TARP.REPAY.DEC09,Goldman Sachs to repay all TARP funds by midnight ET on 31 Dec 2009,2009-05-06,0.0,0.0,0.0,0.0,0,0,0.0,0.0
676628,GOLDMAN.TARP.REPAY.DEC09,Goldman Sachs to repay all TARP funds by midnight ET on 31 Dec 2009,2009-05-07,0.0,0.0,0.0,0.0,0,0,0.0,0.0
676628,GOLDMAN.TARP.REPAY.DEC09,Goldman Sachs to repay all TARP funds by midnight ET on 31 Dec 2009,2009-05-08,0.0,0.0,0.0,0.0,0,0,0.0,0.0
676628,GOLDMAN.TARP.REPAY.DEC09,Goldman Sachs to repay all TARP funds by midnight ET on 31 Dec 2009,2009-05-09,58.0,58.0,58.0,58.0,1,1,58.0,58.0
676628,GOLDMAN.TARP.REPAY.DEC09,Goldman Sachs to repay all TARP funds by midnight ET on 31 Dec 2009,2009-05-10,0.0,0.0,0.0,58.0,1,0,58.0,58.0
676628,GOLDMAN.TARP.REPAY.DEC09,Goldman Sachs to repay all TARP funds by midnight ET on 31 Dec 2009,2009-05-11,0.0,0.0,0.0,58.0,1,0,58.0,58.0
676628,GOLDMAN.TARP.REPAY.DEC09,Goldman Sachs to repay all TARP funds by midnight ET on 31 Dec 2009,2009-05-12,0.0,0.0,0.0,58.0,1,0,58.0,58.0
676628,GOLDMAN.TARP.REPAY.DEC09,Goldman Sachs to repay all TARP funds by midnight ET on 31 Dec 2009,2009-05-13,0.0,0.0,0.0,58.0,1,0,58.0,58.0
676628,GOLDMAN.TARP.REPAY.DEC09,Goldman Sachs to repay all TARP funds by midnight ET on 31 Dec 2009,2009-05-14,62.0,62.0,62.0,62.0,3,2,62.0,58.0
676628,GOLDMAN.TARP.REPAY.DEC09,Goldman Sachs to repay all TARP funds by midnight ET on 31 Dec 2009,2009-05-15,67.0,75.0,67.0,75.0,25,24,75.0,58.0
676628,GOLDMAN.TARP.REPAY.DEC09,Goldman Sachs to repay all TARP funds by midnight ET on 31 Dec 2009,2009-05-16,0.0,0.0,0.0,75.0,25,0,75.0,58.0
676628,GOLDMAN.TARP.REPAY.DEC09,Goldman Sachs to repay all TARP funds by midnight ET on 31 Dec 2009,2009-05-17,0.0,0.0,0.0,75.0,25,0,75.0,58.0
676628,GOLDMAN.TARP.REPAY.DEC09,Goldman Sachs to repay all TARP funds by midnight ET on 31 Dec 2009,2009-05-18,80.0,80.0,80.0,80.0,26,1,80.0,58.0
676628,GOLDMAN.TARP.REPAY.DEC09,Goldman Sachs to repay all TARP funds by midnight ET on 31 Dec 2009,2009-05-19,0.0,0.0,0.0,80.0,26,0,80.0,58.0
676628,GOLDMAN.TARP.REPAY.DEC09,Goldman Sachs to repay all TARP funds by midnight ET on 31 Dec 2009,2009-05-20,0.0,0.0,0.0,80.0,26,0,80.0,58.0
676628,GOLDMAN.TARP.REPAY.DEC09,Goldman Sachs to repay all TARP funds by midnight ET on 31 Dec 2009,2009-05-21,0.0,0.0,0.0,80.0,26,0,80.0,58.0
676628,GOLDMAN.TARP.REPAY.DEC09,Goldman Sachs to repay all TARP funds by midnight ET on 31 Dec 2009,2009-05-22,0.0,0.0,0.0,80.0,26,0,80.0,58.0
676628,GOLDMAN.TARP.REPAY.DEC09,Goldman Sachs to repay all TARP funds by midnight ET on 31 Dec 2009,2009-05-23,0.0,0.0,0.0,80.0,26,0,80.0,58.0
676628,GOLDMAN.TARP.REPAY.DEC09,Goldman Sachs to repay all TARP funds by midnight ET on 31 Dec 2009,2009-05-24,0.0,0.0,0.0,80.0,26,0,80.0,58.0
676628,GOLDMAN.TARP.REPAY.DEC09,Goldman Sachs to repay all TARP funds by midnight ET on 31 Dec 2009,2009-05-25,0.0,0.0,0.0,80.0,26,0,80.0,58.0
676628,GOLDMAN.TARP.REPAY.DEC09,Goldman Sachs to repay all TARP funds by midnight ET on 31 Dec 2009,2009-05-26,0.0,0.0,0.0,80.0,26,0,80.0,58.0
676628,GOLDMAN.TARP.REPAY.DEC09,Goldman Sachs to repay all TARP funds by midnight ET on 31 Dec 2009,2009-05-27,0.0,0.0,0.0,80.0,26,0,80.0,58.0
676628,GOLDMAN.TARP.REPAY.DEC09,Goldman Sachs to repay all TARP funds by midnight ET on 31 Dec 2009,2009-05-28,0.0,0.0,0.0,80.0,26,0,80.0,58.0
676628,GOLDMAN.TARP.REPAY.DEC09,Goldman Sachs to repay all TARP funds by midnight ET on 31 Dec 2009,2009-05-29,0.0,0.0,0.0,80.0,26,0,80.0,58.0
676628,GOLDMAN.TARP.REPAY.DEC09,Goldman Sachs to repay all TARP funds by midnight ET on 31 Dec 2009,2009-05-30,0.0,0.0,0.0,80.0,26,0,80.0,58.0
676628,GOLDMAN.TARP.REPAY.DEC09,Goldman Sachs to repay all TARP funds by midnight ET on 31 Dec 2009,2009-05-31,0.0,0.0,0.0,80.0,26,0,80.0,58.0
676628,GOLDMAN.TARP.REPAY.DEC09,Goldman Sachs to repay all TARP funds by midnight ET on 31 Dec 2009,2009-06-01,0.0,0.0,0.0,80.0,26,0,80.0,58.0
676628,GOLDMAN.TARP.REPAY.DEC09,Goldman Sachs to repay all TARP funds by midnight ET on 31 Dec 2009,2009-06-02,0.0,0.0,0.0,80.0,26,0,80.0,58.0
676628,GOLDMAN.TARP.REPAY.DEC09,Goldman Sachs to repay all TARP funds by midnight ET on 31 Dec 2009,2009-06-03,0.0,0.0,0.0,80.0,26,0,80.0,58.0
676628,GOLDMAN.TARP.REPAY.DEC09,Goldman Sachs to repay all TARP funds by midnight ET on 31 Dec 2009,2009-06-04,0.0,0.0,0.0,80.0,26,0,80.0,58.0
676628,GOLDMAN.TARP.REPAY.DEC09,Goldman Sachs to repay all TARP funds by midnight ET on 31 Dec 2009,2009-06-05,0.0,0.0,0.0,80.0,26,0,80.0,58.0
676628,GOLDMAN.TARP.REPAY.DEC09,Goldman Sachs to repay all TARP funds by midnight ET on 31 Dec 2009,2009-06-06,0.0,0.0,0.0,80.0,26,0,80.0,58.0
676628,GOLDMAN.TARP.REPAY.DEC09,Goldman Sachs to repay all TARP funds by midnight ET on 31 Dec 2009,2009-06-07,0.0,0.0,0.0,80.0,26,0,80.0,58.0
676628,GOLDMAN.TARP.REPAY.DEC09,Goldman Sachs to repay all TARP funds by midnight ET on 31 Dec 2009,2009-06-08,0.0,0.0,0.0,80.0,26,0,80.0,58.0
676628,GOLDMAN.TARP.REPAY.DEC09,Goldman Sachs to repay all TARP funds by midnight ET on 31 Dec 2009,2009-06-09,0.0,0.0,0.0,80.0,26,0,80.0,58.0
676628,GOLDMAN.TARP.REPAY.DEC09,Goldman Sachs to repay all TARP funds by midnight ET on 31 Dec 2009,2009-06-10,0.0,0.0,0.0,80.0,26,0,80.0,58.0
676628,GOLDMAN.TARP.REPAY.DEC09,Goldman Sachs to repay all TARP funds by midnight ET on 31 Dec 2009,2009-06-11,0.0,0.0,0.0,80.0,26,0,80.0,58.0
676628,GOLDMAN.TARP.REPAY.DEC09,Goldman Sachs to repay all TARP funds by midnight ET on 31 Dec 2009,2009-06-12,0.0,0.0,0.0,80.0,26,0,80.0,58.0
676628,GOLDMAN.TARP.REPAY.DEC09,Goldman Sachs to repay all TARP funds by midnight ET on 31 Dec 2009,2009-06-13,0.0,0.0,0.0,80.0,26,0,80.0,58.0
676628,GOLDMAN.TARP.REPAY.DEC09,Goldman Sachs to repay all TARP funds by midnight ET on 31 Dec 2009,2009-06-14,0.0,0.0,0.0,80.0,26,0,80.0,58.0
676628,GOLDMAN.TARP.REPAY.DEC09,Goldman Sachs to repay all TARP funds by midnight ET on 31 Dec 2009,2009-06-15,95.1,95.1,95.1,95.1,26,10,95.1,58.0
676628,GOLDMAN.TARP.REPAY.DEC09,Goldman Sachs to repay all TARP funds by midnight ET on 31 Dec 2009,2009-06-16,0.0,0.0,0.0,95.1,26,0,95.1,58.0
676628,GOLDMAN.TARP.REPAY.DEC09,Goldman Sachs to repay all TARP funds by midnight ET on 31 Dec 2009,2009-06-17,0.0,0.0,0.0,95.1,26,0,95.1,58.0
