market id,market symbol,market name,business day,session open,session high,session low,closing price,open interest,session trade volume,lifetime high,lifetime low
704639,TIGER.SPONSORSHIP.MAR10,Tiger Woods to lose any major sponsorship deal (see contract rules) before midnight ET 31 Mar 2010,2009-12-08,35.0,89.9,35.0,74.0,118,168,89.9,35.0
704639,TIGER.SPONSORSHIP.MAR10,Tiger Woods to lose any major sponsorship deal (see contract rules) before midnight ET 31 Mar 2010,2009-12-09,74.9,90.0,50.0,56.1,176,186,90.0,35.0
704639,TIGER.SPONSORSHIP.MAR10,Tiger Woods to lose any major sponsorship deal (see contract rules) before midnight ET 31 Mar 2010,2009-12-10,62.9,65.0,56.1,65.0,187,35,90.0,35.0
704639,TIGER.SPONSORSHIP.MAR10,Tiger Woods to lose any major sponsorship deal (see contract rules) before midnight ET 31 Mar 2010,2009-12-11,63.6,79.9,60.0,79.9,236,70,90.0,35.0
704639,TIGER.SPONSORSHIP.MAR10,Tiger Woods to lose any major sponsorship deal (see contract rules) before midnight ET 31 Mar 2010,2009-12-12,66.1,75.8,65.0,75.8,231,30,90.0,35.0
704639,TIGER.SPONSORSHIP.MAR10,Tiger Woods to lose any major sponsorship deal (see contract rules) before midnight ET 31 Mar 2010,2009-12-13,79.9,99.9,74.8,99.9,230,78,99.9,35.0
