market id,market symbol,market name,trade quantity,trade price,date/time [utc]
752017,MIN.ARCTIC.ICE:2012>2007,Minimum Arctic ice extent for 2012 to be greater than 2007,1,6.9,Dec/03/2011 16:20:57
752017,MIN.ARCTIC.ICE:2012>2007,Minimum Arctic ice extent for 2012 to be greater than 2007,1,69.0,Jan/02/2012 16:12:42
752017,MIN.ARCTIC.ICE:2012>2007,Minimum Arctic ice extent for 2012 to be greater than 2007,2,68.0,Jan/07/2012 04:23:40
752017,MIN.ARCTIC.ICE:2012>2007,Minimum Arctic ice extent for 2012 to be greater than 2007,3,68.0,Jan/15/2012 01:52:19
752017,MIN.ARCTIC.ICE:2012>2007,Minimum Arctic ice extent for 2012 to be greater than 2007,1,70.0,Jan/17/2012 16:06:54
752017,MIN.ARCTIC.ICE:2012>2007,Minimum Arctic ice extent for 2012 to be greater than 2007,10,75.0,Jan/18/2012 16:43:49
