market id,market symbol,market name,business day,session open,session high,session low,closing price,open interest,session trade volume,lifetime high,lifetime low
752017,MIN.ARCTIC.ICE:2012>2007,Minimum Arctic ice extent for 2012 to be greater than 2007,2011-09-13,0.0,0.0,0.0,0.0,0,0,0.0,0.0
752017,MIN.ARCTIC.ICE:2012>2007,Minimum Arctic ice extent for 2012 to be greater than 2007,2011-09-14,0.0,0.0,0.0,0.0,0,0,0.0,0.0
752017,MIN.ARCTIC.ICE:2012>2007,Minimum Arctic ice extent for 2012 to be greater than 2007,2011-09-15,0.0,0.0,0.0,0.0,0,0,0.0,0.0
752017,MIN.ARCTIC.ICE:2012>2007,Minimum Arctic ice extent for 2012 to be greater than 2007,2011-09-16,0.0,0.0,0.0,0.0,0,0,0.0,0.0
752017,MIN.ARCTIC.ICE:2012>2007,Minimum Arctic ice extent for 2012 to be greater than 2007,2011-09-17,0.0,0.0,0.0,0.0,0,0,0.0,0.0
752017,MIN.ARCTIC.ICE:2012>2007,Minimum Arctic ice extent for 2012 to be greater than 2007,2011-09-18,0.0,0.0,0.0,0.0,0,0,0.0,0.0
752017,MIN.ARCTIC.ICE:2012>2007,Minimum Arctic ice extent for 2012 to be greater than 2007,2011-09-19,0.0,0.0,0.0,0.0,0,0,0.0,0.0
752017,MIN.ARCTIC.ICE:2012>2007,Minimum Arctic ice extent for 2012 to be greater than 2007,2011-09-20,0.0,0.0,0.0,0.0,0,0,0.0,0.0
752017,MIN.ARCTIC.ICE:2012>2007,Minimum Arctic ice extent for 2012 to be greater than 2007,2011-09-21,0.0,0.0,0.0,0.0,0,0,0.0,0.0
752017,MIN.ARCTIC.ICE:2012>2007,Minimum Arctic ice extent for 2012 to be greater than 2007,2011-09-22,0.0,0.0,0.0,0.0,0,0,0.0,0.0
752017,MIN.ARCTIC.ICE:2012>2007,Minimum Arctic ice extent for 2012 to be greater than 2007,2011-09-23,0.0,0.0,0.0,0.0,0,0,0.0,0.0
752017,MIN.ARCTIC.ICE:2012>2007,Minimum Arctic ice extent for 2012 to be greater than 2007,2011-09-24,0.0,0.0,0.0,0.0,0,0,0.0,0.0
752017,MIN.ARCTIC.ICE:2012>2007,Minimum Arctic ice extent for 2012 to be greater than 2007,2011-09-25,0.0,0.0,0.0,0.0,0,0,0.0,0.0
752017,MIN.ARCTIC.ICE:2012>2007,Minimum Arctic ice extent for 2012 to be greater than 2007,2011-09-26,0.0,0.0,0.0,0.0,0,0,0.0,0.0
752017,MIN.ARCTIC.ICE:2012>2007,Minimum Arctic ice extent for 2012 to be greater than 2007,2011-09-27,0.0,0.0,0.0,0.0,0,0,0.0,0.0
752017,MIN.ARCTIC.ICE:2012>2007,Minimum Arctic ice extent for 2012 to be greater than 2007,2011-09-28,0.0,0.0,0.0,0.0,0,0,0.0,0.0
752017,MIN.ARCTIC.ICE:2012>2007,Minimum Arctic ice extent for 2012 to be greater than 2007,2011-09-29,0.0,0.0,0.0,0.0,0,0,0.0,0.0
752017,MIN.ARCTIC.ICE:2012>2007,Minimum Arctic ice extent for 2012 to be greater than 2007,2011-09-30,0.0,0.0,0.0,0.0,0,0,0.0,0.0
752017,MIN.ARCTIC.ICE:2012>2007,Minimum Arctic ice extent for 2012 to be greater than 2007,2011-10-01,0.0,0.0,0.0,0.0,0,0,0.0,0.0
752017,MIN.ARCTIC.ICE:2012>2007,Minimum Arctic ice extent for 2012 to be greater than 2007,2011-10-02,0.0,0.0,0.0,0.0,0,0,0.0,0.0
752017,MIN.ARCTIC.ICE:2012>2007,Minimum Arctic ice extent for 2012 to be greater than 2007,2011-10-03,0.0,0.0,0.0,0.0,0,0,0.0,0.0
752017,MIN.ARCTIC.ICE:2012>2007,Minimum Arctic ice extent for 2012 to be greater than 2007,2011-10-04,0.0,0.0,0.0,0.0,0,0,0.0,0.0
752017,MIN.ARCTIC.ICE:2012>2007,Minimum Arctic ice extent for 2012 to be greater than 2007,2011-10-05,0.0,0.0,0.0,0.0,0,0,0.0,0.0
752017,MIN.ARCTIC.ICE:2012>2007,Minimum Arctic ice extent for 2012 to be greater than 2007,2011-10-06,0.0,0.0,0.0,0.0,0,0,0.0,0.0
752017,MIN.ARCTIC.ICE:2012>2007,Minimum Arctic ice extent for 2012 to be greater than 2007,2011-10-07,0.0,0.0,0.0,0.0,0,0,0.0,0.0
752017,MIN.ARCTIC.ICE:2012>2007,Minimum Arctic ice extent for 2012 to be greater than 2007,2011-10-08,0.0,0.0,0.0,0.0,0,0,0.0,0.0
752017,MIN.ARCTIC.ICE:2012>2007,Minimum Arctic ice extent for 2012 to be greater than 2007,2011-10-09,0.0,0.0,0.0,0.0,0,0,0.0,0.0
752017,MIN.ARCTIC.ICE:2012>2007,Minimum Arctic ice extent for 2012 to be greater than 2007,2011-10-10,0.0,0.0,0.0,0.0,0,0,0.0,0.0
752017,MIN.ARCTIC.ICE:2012>2007,Minimum Arctic ice extent for 2012 to be greater than 2007,2011-10-12,0.0,0.0,0.0,0.0,0,0,0.0,0.0
752017,MIN.ARCTIC.ICE:2012>2007,Minimum Arctic ice extent for 2012 to be greater than 2007,2011-10-13,0.0,0.0,0.0,0.0,0,0,0.0,0.0
752017,MIN.ARCTIC.ICE:2012>2007,Minimum Arctic ice extent for 2012 to be greater than 2007,2011-10-14,0.0,0.0,0.0,0.0,0,0,0.0,0.0
752017,MIN.ARCTIC.ICE:2012>2007,Minimum Arctic ice extent for 2012 to be greater than 2007,2011-10-15,0.0,0.0,0.0,0.0,0,0,0.0,0.0
752017,MIN.ARCTIC.ICE:2012>2007,Minimum Arctic ice extent for 2012 to be greater than 2007,2011-10-16,0.0,0.0,0.0,0.0,0,0,0.0,0.0
752017,MIN.ARCTIC.ICE:2012>2007,Minimum Arctic ice extent for 2012 to be greater than 2007,2011-10-17,0.0,0.0,0.0,0.0,0,0,0.0,0.0
752017,MIN.ARCTIC.ICE:2012>2007,Minimum Arctic ice extent for 2012 to be greater than 2007,2011-10-18,0.0,0.0,0.0,0.0,0,0,0.0,0.0
752017,MIN.ARCTIC.ICE:2012>2007,Minimum Arctic ice extent for 2012 to be greater than 2007,2011-10-19,0.0,0.0,0.0,0.0,0,0,0.0,0.0
752017,MIN.ARCTIC.ICE:2012>2007,Minimum Arctic ice extent for 2012 to be greater than 2007,2011-10-20,0.0,0.0,0.0,0.0,0,0,0.0,0.0
752017,MIN.ARCTIC.ICE:2012>2007,Minimum Arctic ice extent for 2012 to be greater than 2007,2011-10-21,0.0,0.0,0.0,0.0,0,0,0.0,0.0
752017,MIN.ARCTIC.ICE:2012>2007,Minimum Arctic ice extent for 2012 to be greater than 2007,2011-10-22,0.0,0.0,0.0,0.0,0,0,0.0,0.0
752017,MIN.ARCTIC.ICE:2012>2007,Minimum Arctic ice extent for 2012 to be greater than 2007,2011-10-23,0.0,0.0,0.0,0.0,0,0,0.0,0.0
752017,MIN.ARCTIC.ICE:2012>2007,Minimum Arctic ice extent for 2012 to be greater than 2007,2011-10-24,0.0,0.0,0.0,0.0,0,0,0.0,0.0
752017,MIN.ARCTIC.ICE:2012>2007,Minimum Arctic ice extent for 2012 to be greater than 2007,2011-10-25,0.0,0.0,0.0,0.0,0,0,0.0,0.0
752017,MIN.ARCTIC.ICE:2012>2007,Minimum Arctic ice extent for 2012 to be greater than 2007,2011-10-26,0.0,0.0,0.0,0.0,0,0,0.0,0.0
752017,MIN.ARCTIC.ICE:2012>2007,Minimum Arctic ice extent for 2012 to be greater than 2007,2011-10-27,0.0,0.0,0.0,0.0,0,0,0.0,0.0
752017,MIN.ARCTIC.ICE:2012>2007,Minimum Arctic ice extent for 2012 to be greater than 2007,2011-10-28,0.0,0.0,0.0,0.0,0,0,0.0,0.0
752017,MIN.ARCTIC.ICE:2012>2007,Minimum Arctic ice extent for 2012 to be greater than 2007,2011-10-29,0.0,0.0,0.0,0.0,0,0,0.0,0.0
752017,MIN.ARCTIC.ICE:2012>2007,Minimum Arctic ice extent for 2012 to be greater than 2007,2011-10-30,0.0,0.0,0.0,0.0,0,0,0.0,0.0
752017,MIN.ARCTIC.ICE:2012>2007,Minimum Arctic ice extent for 2012 to be greater than 2007,2011-10-31,0.0,0.0,0.0,0.0,0,0,0.0,0.0
752017,MIN.ARCTIC.ICE:2012>2007,Minimum Arctic ice extent for 2012 to be greater than 2007,2011-11-01,0.0,0.0,0.0,0.0,0,0,0.0,0.0
752017,MIN.ARCTIC.ICE:2012>2007,Minimum Arctic ice extent for 2012 to be greater than 2007,2011-11-02,0.0,0.0,0.0,0.0,0,0,0.0,0.0
752017,MIN.ARCTIC.ICE:2012>2007,Minimum Arctic ice extent for 2012 to be greater than 2007,2011-11-03,0.0,0.0,0.0,0.0,0,0,0.0,0.0
752017,MIN.ARCTIC.ICE:2012>2007,Minimum Arctic ice extent for 2012 to be greater than 2007,2011-11-04,0.0,0.0,0.0,0.0,0,0,0.0,0.0
752017,MIN.ARCTIC.ICE:2012>2007,Minimum Arctic ice extent for 2012 to be greater than 2007,2011-11-05,0.0,0.0,0.0,0.0,0,0,0.0,0.0
752017,MIN.ARCTIC.ICE:2012>2007,Minimum Arctic ice extent for 2012 to be greater than 2007,2011-11-06,0.0,0.0,0.0,0.0,0,0,0.0,0.0
752017,MIN.ARCTIC.ICE:2012>2007,Minimum Arctic ice extent for 2012 to be greater than 2007,2011-11-07,0.0,0.0,0.0,0.0,0,0,0.0,0.0
752017,MIN.ARCTIC.ICE:2012>2007,Minimum Arctic ice extent for 2012 to be greater than 2007,2011-11-08,0.0,0.0,0.0,0.0,0,0,0.0,0.0
752017,MIN.ARCTIC.ICE:2012>2007,Minimum Arctic ice extent for 2012 to be greater than 2007,2011-11-09,0.0,0.0,0.0,0.0,0,0,0.0,0.0
752017,MIN.ARCTIC.ICE:2012>2007,Minimum Arctic ice extent for 2012 to be greater than 2007,2011-11-10,0.0,0.0,0.0,0.0,0,0,0.0,0.0
752017,MIN.ARCTIC.ICE:2012>2007,Minimum Arctic ice extent for 2012 to be greater than 2007,2011-11-11,0.0,0.0,0.0,0.0,0,0,0.0,0.0
752017,MIN.ARCTIC.ICE:2012>2007,Minimum Arctic ice extent for 2012 to be greater than 2007,2011-11-12,0.0,0.0,0.0,0.0,0,0,0.0,0.0
752017,MIN.ARCTIC.ICE:2012>2007,Minimum Arctic ice extent for 2012 to be greater than 2007,2011-11-13,0.0,0.0,0.0,0.0,0,0,0.0,0.0
752017,MIN.ARCTIC.ICE:2012>2007,Minimum Arctic ice extent for 2012 to be greater than 2007,2011-11-14,0.0,0.0,0.0,0.0,0,0,0.0,0.0
752017,MIN.ARCTIC.ICE:2012>2007,Minimum Arctic ice extent for 2012 to be greater than 2007,2011-11-15,0.0,0.0,0.0,0.0,0,0,0.0,0.0
752017,MIN.ARCTIC.ICE:2012>2007,Minimum Arctic ice extent for 2012 to be greater than 2007,2011-11-16,0.0,0.0,0.0,0.0,0,0,0.0,0.0
752017,MIN.ARCTIC.ICE:2012>2007,Minimum Arctic ice extent for 2012 to be greater than 2007,2011-11-17,0.0,0.0,0.0,0.0,0,0,0.0,0.0
752017,MIN.ARCTIC.ICE:2012>2007,Minimum Arctic ice extent for 2012 to be greater than 2007,2011-11-18,0.0,0.0,0.0,0.0,0,0,0.0,0.0
752017,MIN.ARCTIC.ICE:2012>2007,Minimum Arctic ice extent for 2012 to be greater than 2007,2011-11-19,0.0,0.0,0.0,0.0,0,0,0.0,0.0
752017,MIN.ARCTIC.ICE:2012>2007,Minimum Arctic ice extent for 2012 to be greater than 2007,2011-11-20,0.0,0.0,0.0,0.0,0,0,0.0,0.0
752017,MIN.ARCTIC.ICE:2012>2007,Minimum Arctic ice extent for 2012 to be greater than 2007,2011-11-21,0.0,0.0,0.0,0.0,0,0,0.0,0.0
752017,MIN.ARCTIC.ICE:2012>2007,Minimum Arctic ice extent for 2012 to be greater than 2007,2011-11-22,0.0,0.0,0.0,0.0,0,0,0.0,0.0
752017,MIN.ARCTIC.ICE:2012>2007,Minimum Arctic ice extent for 2012 to be greater than 2007,2011-11-23,0.0,0.0,0.0,0.0,0,0,0.0,0.0
752017,MIN.ARCTIC.ICE:2012>2007,Minimum Arctic ice extent for 2012 to be greater than 2007,2011-11-24,0.0,0.0,0.0,0.0,0,0,0.0,0.0
752017,MIN.ARCTIC.ICE:2012>2007,Minimum Arctic ice extent for 2012 to be greater than 2007,2011-11-25,0.0,0.0,0.0,0.0,0,0,0.0,0.0
752017,MIN.ARCTIC.ICE:2012>2007,Minimum Arctic ice extent for 2012 to be greater than 2007,2011-11-26,0.0,0.0,0.0,0.0,0,0,0.0,0.0
752017,MIN.ARCTIC.ICE:2012>2007,Minimum Arctic ice extent for 2012 to be greater than 2007,2011-11-27,0.0,0.0,0.0,0.0,0,0,0.0,0.0
752017,MIN.ARCTIC.ICE:2012>2007,Minimum Arctic ice extent for 2012 to be greater than 2007,2011-11-28,0.0,0.0,0.0,0.0,0,0,0.0,0.0
752017,MIN.ARCTIC.ICE:2012>2007,Minimum Arctic ice extent for 2012 to be greater than 2007,2011-11-29,0.0,0.0,0.0,0.0,0,0,0.0,0.0
752017,MIN.ARCTIC.ICE:2012>2007,Minimum Arctic ice extent for 2012 to be greater than 2007,2011-11-30,0.0,0.0,0.0,0.0,0,0,0.0,0.0
752017,MIN.ARCTIC.ICE:2012>2007,Minimum Arctic ice extent for 2012 to be greater than 2007,2011-12-01,0.0,0.0,0.0,0.0,0,0,0.0,0.0
752017,MIN.ARCTIC.ICE:2012>2007,Minimum Arctic ice extent for 2012 to be greater than 2007,2011-12-02,0.0,0.0,0.0,0.0,0,0,0.0,0.0
752017,MIN.ARCTIC.ICE:2012>2007,Minimum Arctic ice extent for 2012 to be greater than 2007,2011-12-03,6.9,6.9,6.9,6.9,1,1,6.9,6.9
752017,MIN.ARCTIC.ICE:2012>2007,Minimum Arctic ice extent for 2012 to be greater than 2007,2011-12-04,0.0,0.0,0.0,6.9,1,0,6.9,6.9
752017,MIN.ARCTIC.ICE:2012>2007,Minimum Arctic ice extent for 2012 to be greater than 2007,2011-12-05,0.0,0.0,0.0,6.9,1,0,6.9,6.9
752017,MIN.ARCTIC.ICE:2012>2007,Minimum Arctic ice extent for 2012 to be greater than 2007,2011-12-06,0.0,0.0,0.0,6.9,1,0,6.9,6.9
752017,MIN.ARCTIC.ICE:2012>2007,Minimum Arctic ice extent for 2012 to be greater than 2007,2011-12-07,0.0,0.0,0.0,6.9,1,0,6.9,6.9
752017,MIN.ARCTIC.ICE:2012>2007,Minimum Arctic ice extent for 2012 to be greater than 2007,2011-12-08,0.0,0.0,0.0,6.9,1,0,6.9,6.9
752017,MIN.ARCTIC.ICE:2012>2007,Minimum Arctic ice extent for 2012 to be greater than 2007,2011-12-09,0.0,0.0,0.0,6.9,1,0,6.9,6.9
752017,MIN.ARCTIC.ICE:2012>2007,Minimum Arctic ice extent for 2012 to be greater than 2007,2011-12-10,0.0,0.0,0.0,6.9,1,0,6.9,6.9
752017,MIN.ARCTIC.ICE:2012>2007,Minimum Arctic ice extent for 2012 to be greater than 2007,2011-12-11,0.0,0.0,0.0,6.9,1,0,6.9,6.9
752017,MIN.ARCTIC.ICE:2012>2007,Minimum Arctic ice extent for 2012 to be greater than 2007,2011-12-12,0.0,0.0,0.0,6.9,1,0,6.9,6.9
752017,MIN.ARCTIC.ICE:2012>2007,Minimum Arctic ice extent for 2012 to be greater than 2007,2011-12-13,0.0,0.0,0.0,6.9,1,0,6.9,6.9
752017,MIN.ARCTIC.ICE:2012>2007,Minimum Arctic ice extent for 2012 to be greater than 2007,2011-12-14,0.0,0.0,0.0,6.9,1,0,6.9,6.9
752017,MIN.ARCTIC.ICE:2012>2007,Minimum Arctic ice extent for 2012 to be greater than 2007,2011-12-15,0.0,0.0,0.0,6.9,1,0,6.9,6.9
752017,MIN.ARCTIC.ICE:2012>2007,Minimum Arctic ice extent for 2012 to be greater than 2007,2011-12-16,0.0,0.0,0.0,6.9,1,0,6.9,6.9
752017,MIN.ARCTIC.ICE:2012>2007,Minimum Arctic ice extent for 2012 to be greater than 2007,2011-12-17,0.0,0.0,0.0,6.9,1,0,6.9,6.9
752017,MIN.ARCTIC.ICE:2012>2007,Minimum Arctic ice extent for 2012 to be greater than 2007,2011-12-18,0.0,0.0,0.0,6.9,1,0,6.9,6.9
752017,MIN.ARCTIC.ICE:2012>2007,Minimum Arctic ice extent for 2012 to be greater than 2007,2011-12-19,0.0,0.0,0.0,6.9,1,0,6.9,6.9
752017,MIN.ARCTIC.ICE:2012>2007,Minimum Arctic ice extent for 2012 to be greater than 2007,2011-12-20,0.0,0.0,0.0,6.9,1,0,6.9,6.9
752017,MIN.ARCTIC.ICE:2012>2007,Minimum Arctic ice extent for 2012 to be greater than 2007,2011-12-21,0.0,0.0,0.0,6.9,1,0,6.9,6.9
752017,MIN.ARCTIC.ICE:2012>2007,Minimum Arctic ice extent for 2012 to be greater than 2007,2011-12-22,0.0,0.0,0.0,6.9,1,0,6.9,6.9
752017,MIN.ARCTIC.ICE:2012>2007,Minimum Arctic ice extent for 2012 to be greater than 2007,2011-12-23,0.0,0.0,0.0,6.9,1,0,6.9,6.9
752017,MIN.ARCTIC.ICE:2012>2007,Minimum Arctic ice extent for 2012 to be greater than 2007,2011-12-24,0.0,0.0,0.0,6.9,1,0,6.9,6.9
752017,MIN.ARCTIC.ICE:2012>2007,Minimum Arctic ice extent for 2012 to be greater than 2007,2011-12-25,0.0,0.0,0.0,6.9,1,0,6.9,6.9
752017,MIN.ARCTIC.ICE:2012>2007,Minimum Arctic ice extent for 2012 to be greater than 2007,2011-12-26,0.0,0.0,0.0,6.9,1,0,6.9,6.9
752017,MIN.ARCTIC.ICE:2012>2007,Minimum Arctic ice extent for 2012 to be greater than 2007,2011-12-27,0.0,0.0,0.0,6.9,1,0,6.9,6.9
752017,MIN.ARCTIC.ICE:2012>2007,Minimum Arctic ice extent for 2012 to be greater than 2007,2011-12-28,0.0,0.0,0.0,6.9,1,0,6.9,6.9
752017,MIN.ARCTIC.ICE:2012>2007,Minimum Arctic ice extent for 2012 to be greater than 2007,2011-12-29,0.0,0.0,0.0,6.9,1,0,6.9,6.9
752017,MIN.ARCTIC.ICE:2012>2007,Minimum Arctic ice extent for 2012 to be greater than 2007,2011-12-30,0.0,0.0,0.0,6.9,1,0,6.9,6.9
752017,MIN.ARCTIC.ICE:2012>2007,Minimum Arctic ice extent for 2012 to be greater than 2007,2011-12-31,0.0,0.0,0.0,6.9,1,0,6.9,6.9
752017,MIN.ARCTIC.ICE:2012>2007,Minimum Arctic ice extent for 2012 to be greater than 2007,2012-01-01,0.0,0.0,0.0,6.9,1,0,6.9,6.9
752017,MIN.ARCTIC.ICE:2012>2007,Minimum Arctic ice extent for 2012 to be greater than 2007,2012-01-02,69.0,69.0,69.0,69.0,2,1,69.0,6.9
752017,MIN.ARCTIC.ICE:2012>2007,Minimum Arctic ice extent for 2012 to be greater than 2007,2012-01-03,0.0,0.0,0.0,69.0,2,0,69.0,6.9
752017,MIN.ARCTIC.ICE:2012>2007,Minimum Arctic ice extent for 2012 to be greater than 2007,2012-01-04,0.0,0.0,0.0,69.0,2,0,69.0,6.9
752017,MIN.ARCTIC.ICE:2012>2007,Minimum Arctic ice extent for 2012 to be greater than 2007,2012-01-05,0.0,0.0,0.0,69.0,2,0,69.0,6.9
752017,MIN.ARCTIC.ICE:2012>2007,Minimum Arctic ice extent for 2012 to be greater than 2007,2012-01-06,68.0,68.0,68.0,68.0,4,2,69.0,6.9
752017,MIN.ARCTIC.ICE:2012>2007,Minimum Arctic ice extent for 2012 to be greater than 2007,2012-01-07,0.0,0.0,0.0,68.0,4,0,69.0,6.9
752017,MIN.ARCTIC.ICE:2012>2007,Minimum Arctic ice extent for 2012 to be greater than 2007,2012-01-08,0.0,0.0,0.0,68.0,4,0,69.0,6.9
752017,MIN.ARCTIC.ICE:2012>2007,Minimum Arctic ice extent for 2012 to be greater than 2007,2012-01-09,0.0,0.0,0.0,68.0,4,0,69.0,6.9
752017,MIN.ARCTIC.ICE:2012>2007,Minimum Arctic ice extent for 2012 to be greater than 2007,2012-01-10,0.0,0.0,0.0,68.0,4,0,69.0,6.9
752017,MIN.ARCTIC.ICE:2012>2007,Minimum Arctic ice extent for 2012 to be greater than 2007,2012-01-11,0.0,0.0,0.0,68.0,4,0,69.0,6.9
752017,MIN.ARCTIC.ICE:2012>2007,Minimum Arctic ice extent for 2012 to be greater than 2007,2012-01-12,0.0,0.0,0.0,68.0,4,0,69.0,6.9
752017,MIN.ARCTIC.ICE:2012>2007,Minimum Arctic ice extent for 2012 to be greater than 2007,2012-01-13,0.0,0.0,0.0,68.0,4,0,69.0,6.9
752017,MIN.ARCTIC.ICE:2012>2007,Minimum Arctic ice extent for 2012 to be greater than 2007,2012-01-14,68.0,68.0,68.0,68.0,7,3,69.0,6.9
752017,MIN.ARCTIC.ICE:2012>2007,Minimum Arctic ice extent for 2012 to be greater than 2007,2012-01-15,0.0,0.0,0.0,68.0,7,0,69.0,6.9
752017,MIN.ARCTIC.ICE:2012>2007,Minimum Arctic ice extent for 2012 to be greater than 2007,2012-01-16,0.0,0.0,0.0,68.0,7,0,69.0,6.9
752017,MIN.ARCTIC.ICE:2012>2007,Minimum Arctic ice extent for 2012 to be greater than 2007,2012-01-17,70.0,70.0,70.0,70.0,8,1,70.0,6.9
752017,MIN.ARCTIC.ICE:2012>2007,Minimum Arctic ice extent for 2012 to be greater than 2007,2012-01-18,75.0,75.0,75.0,75.0,18,10,75.0,6.9
