market id,market symbol,market name,trade quantity,trade price,date/time [utc]
729021,BP.CHAP11.DEC2011,BP to announce before midnight ET 31 Dec 2011 it will file for Chapter 11 Bankruptcy,1,17.0,Jul/24/2010 23:58:30
729021,BP.CHAP11.DEC2011,BP to announce before midnight ET 31 Dec 2011 it will file for Chapter 11 Bankruptcy,1,1.0,Mar/28/2011 02:15:26
729021,BP.CHAP11.DEC2011,BP to announce before midnight ET 31 Dec 2011 it will file for Chapter 11 Bankruptcy,1,0.2,Dec/09/2011 06:42:09
729021,BP.CHAP11.DEC2011,BP to announce before midnight ET 31 Dec 2011 it will file for Chapter 11 Bankruptcy,1,0.1,Dec/26/2011 23:51:00
729021,BP.CHAP11.DEC2011,BP to announce before midnight ET 31 Dec 2011 it will file for Chapter 11 Bankruptcy,2,0.1,Dec/29/2011 20:11:52
729021,BP.CHAP11.DEC2011,BP to announce before midnight ET 31 Dec 2011 it will file for Chapter 11 Bankruptcy,5,0.1,Dec/31/2011 17:47:58
729021,BP.CHAP11.DEC2011,BP to announce before midnight ET 31 Dec 2011 it will file for Chapter 11 Bankruptcy,5,0.1,Dec/31/2011 23:25:39
