market id,market symbol,market name,business day,session open,session high,session low,closing price,open interest,session trade volume,lifetime high,lifetime low
726974,BP.CHAP11.DEC2010,BP to announce before midnight ET 31 Dec 2010 it will file for Chapter 11 Bankruptcy,2010-06-17,0.0,0.0,0.0,0.0,0,0,0.0,0.0
726974,BP.CHAP11.DEC2010,BP to announce before midnight ET 31 Dec 2010 it will file for Chapter 11 Bankruptcy,2010-06-18,0.0,0.0,0.0,0.0,0,0,0.0,0.0
726974,BP.CHAP11.DEC2010,BP to announce before midnight ET 31 Dec 2010 it will file for Chapter 11 Bankruptcy,2010-06-19,0.0,0.0,0.0,0.0,0,0,0.0,0.0
726974,BP.CHAP11.DEC2010,BP to announce before midnight ET 31 Dec 2010 it will file for Chapter 11 Bankruptcy,2010-06-20,10.0,10.1,10.0,10.0,11,11,10.1,10.0
726974,BP.CHAP11.DEC2010,BP to announce before midnight ET 31 Dec 2010 it will file for Chapter 11 Bankruptcy,2010-06-21,0.0,0.0,0.0,10.0,11,0,10.1,10.0
726974,BP.CHAP11.DEC2010,BP to announce before midnight ET 31 Dec 2010 it will file for Chapter 11 Bankruptcy,2010-06-22,14.0,14.0,10.1,10.1,37,26,14.0,10.0
726974,BP.CHAP11.DEC2010,BP to announce before midnight ET 31 Dec 2010 it will file for Chapter 11 Bankruptcy,2010-06-23,10.1,15.0,10.1,15.0,113,76,15.0,10.0
726974,BP.CHAP11.DEC2010,BP to announce before midnight ET 31 Dec 2010 it will file for Chapter 11 Bankruptcy,2010-06-24,15.8,15.9,12.0,12.0,132,19,15.9,10.0
726974,BP.CHAP11.DEC2010,BP to announce before midnight ET 31 Dec 2010 it will file for Chapter 11 Bankruptcy,2010-06-25,16.0,16.0,16.0,16.0,134,2,16.0,10.0
726974,BP.CHAP11.DEC2010,BP to announce before midnight ET 31 Dec 2010 it will file for Chapter 11 Bankruptcy,2010-06-26,0.0,0.0,0.0,16.0,134,0,16.0,10.0
726974,BP.CHAP11.DEC2010,BP to announce before midnight ET 31 Dec 2010 it will file for Chapter 11 Bankruptcy,2010-06-27,0.0,0.0,0.0,16.0,134,0,16.0,10.0
726974,BP.CHAP11.DEC2010,BP to announce before midnight ET 31 Dec 2010 it will file for Chapter 11 Bankruptcy,2010-06-28,17.0,17.0,17.0,17.0,160,26,17.0,10.0
726974,BP.CHAP11.DEC2010,BP to announce before midnight ET 31 Dec 2010 it will file for Chapter 11 Bankruptcy,2010-06-29,0.0,0.0,0.0,17.0,160,0,17.0,10.0
726974,BP.CHAP11.DEC2010,BP to announce before midnight ET 31 Dec 2010 it will file for Chapter 11 Bankruptcy,2010-06-30,0.0,0.0,0.0,17.0,160,0,17.0,10.0
726974,BP.CHAP11.DEC2010,BP to announce before midnight ET 31 Dec 2010 it will file for Chapter 11 Bankruptcy,2010-07-01,12.0,12.0,12.0,12.0,180,20,17.0,10.0
726974,BP.CHAP11.DEC2010,BP to announce before midnight ET 31 Dec 2010 it will file for Chapter 11 Bankruptcy,2010-07-02,12.0,12.0,12.0,12.0,200,20,17.0,10.0
726974,BP.CHAP11.DEC2010,BP to announce before midnight ET 31 Dec 2010 it will file for Chapter 11 Bankruptcy,2010-07-03,0.0,0.0,0.0,12.0,200,0,17.0,10.0
726974,BP.CHAP11.DEC2010,BP to announce before midnight ET 31 Dec 2010 it will file for Chapter 11 Bankruptcy,2010-07-04,0.0,0.0,0.0,12.0,200,0,17.0,10.0
726974,BP.CHAP11.DEC2010,BP to announce before midnight ET 31 Dec 2010 it will file for Chapter 11 Bankruptcy,2010-07-05,11.0,11.0,11.0,11.0,200,1,17.0,10.0
726974,BP.CHAP11.DEC2010,BP to announce before midnight ET 31 Dec 2010 it will file for Chapter 11 Bankruptcy,2010-07-06,8.2,8.2,8.2,8.2,202,2,17.0,8.2
726974,BP.CHAP11.DEC2010,BP to announce before midnight ET 31 Dec 2010 it will file for Chapter 11 Bankruptcy,2010-07-07,0.0,0.0,0.0,8.2,202,0,17.0,8.2
726974,BP.CHAP11.DEC2010,BP to announce before midnight ET 31 Dec 2010 it will file for Chapter 11 Bankruptcy,2010-07-08,10.0,10.0,8.1,8.1,202,6,17.0,8.1
726974,BP.CHAP11.DEC2010,BP to announce before midnight ET 31 Dec 2010 it will file for Chapter 11 Bankruptcy,2010-07-09,0.0,0.0,0.0,8.1,202,0,17.0,8.1
726974,BP.CHAP11.DEC2010,BP to announce before midnight ET 31 Dec 2010 it will file for Chapter 11 Bankruptcy,2010-07-10,0.0,0.0,0.0,8.1,202,0,17.0,8.1
726974,BP.CHAP11.DEC2010,BP to announce before midnight ET 31 Dec 2010 it will file for Chapter 11 Bankruptcy,2010-07-11,0.0,0.0,0.0,8.1,202,0,17.0,8.1
726974,BP.CHAP11.DEC2010,BP to announce before midnight ET 31 Dec 2010 it will file for Chapter 11 Bankruptcy,2010-07-12,8.0,8.0,8.0,8.0,212,10,17.0,8.0
726974,BP.CHAP11.DEC2010,BP to announce before midnight ET 31 Dec 2010 it will file for Chapter 11 Bankruptcy,2010-07-13,0.0,0.0,0.0,8.0,212,0,17.0,8.0
726974,BP.CHAP11.DEC2010,BP to announce before midnight ET 31 Dec 2010 it will file for Chapter 11 Bankruptcy,2010-07-14,0.0,0.0,0.0,8.0,212,0,17.0,8.0
726974,BP.CHAP11.DEC2010,BP to announce before midnight ET 31 Dec 2010 it will file for Chapter 11 Bankruptcy,2010-07-15,7.0,7.0,7.0,7.0,217,5,17.0,7.0
726974,BP.CHAP11.DEC2010,BP to announce before midnight ET 31 Dec 2010 it will file for Chapter 11 Bankruptcy,2010-07-16,7.0,7.0,7.0,7.0,222,5,17.0,7.0
726974,BP.CHAP11.DEC2010,BP to announce before midnight ET 31 Dec 2010 it will file for Chapter 11 Bankruptcy,2010-07-17,0.0,0.0,0.0,7.0,222,0,17.0,7.0
726974,BP.CHAP11.DEC2010,BP to announce before midnight ET 31 Dec 2010 it will file for Chapter 11 Bankruptcy,2010-07-18,0.0,0.0,0.0,7.0,222,0,17.0,7.0
726974,BP.CHAP11.DEC2010,BP to announce before midnight ET 31 Dec 2010 it will file for Chapter 11 Bankruptcy,2010-07-19,0.0,0.0,0.0,7.0,222,0,17.0,7.0
726974,BP.CHAP11.DEC2010,BP to announce before midnight ET 31 Dec 2010 it will file for Chapter 11 Bankruptcy,2010-07-20,0.0,0.0,0.0,7.0,222,0,17.0,7.0
726974,BP.CHAP11.DEC2010,BP to announce before midnight ET 31 Dec 2010 it will file for Chapter 11 Bankruptcy,2010-07-21,4.1,4.1,4.1,4.1,233,11,17.0,4.1
726974,BP.CHAP11.DEC2010,BP to announce before midnight ET 31 Dec 2010 it will file for Chapter 11 Bankruptcy,2010-07-22,0.0,0.0,0.0,4.1,233,0,17.0,4.1
726974,BP.CHAP11.DEC2010,BP to announce before midnight ET 31 Dec 2010 it will file for Chapter 11 Bankruptcy,2010-07-23,0.0,0.0,0.0,4.1,233,0,17.0,4.1
726974,BP.CHAP11.DEC2010,BP to announce before midnight ET 31 Dec 2010 it will file for Chapter 11 Bankruptcy,2010-07-24,0.0,0.0,0.0,4.1,233,0,17.0,4.1
726974,BP.CHAP11.DEC2010,BP to announce before midnight ET 31 Dec 2010 it will file for Chapter 11 Bankruptcy,2010-07-25,5.0,7.0,5.0,7.0,233,11,17.0,4.1
726974,BP.CHAP11.DEC2010,BP to announce before midnight ET 31 Dec 2010 it will file for Chapter 11 Bankruptcy,2010-07-26,0.0,0.0,0.0,7.0,233,0,17.0,4.1
726974,BP.CHAP11.DEC2010,BP to announce before midnight ET 31 Dec 2010 it will file for Chapter 11 Bankruptcy,2010-07-27,0.0,0.0,0.0,7.0,233,0,17.0,4.1
726974,BP.CHAP11.DEC2010,BP to announce before midnight ET 31 Dec 2010 it will file for Chapter 11 Bankruptcy,2010-07-28,4.2,4.2,4.2,4.2,233,1,17.0,4.1
726974,BP.CHAP11.DEC2010,BP to announce before midnight ET 31 Dec 2010 it will file for Chapter 11 Bankruptcy,2010-07-29,0.0,0.0,0.0,4.2,233,0,17.0,4.1
726974,BP.CHAP11.DEC2010,BP to announce before midnight ET 31 Dec 2010 it will file for Chapter 11 Bankruptcy,2010-07-30,0.0,0.0,0.0,4.2,233,0,17.0,4.1
726974,BP.CHAP11.DEC2010,BP to announce before midnight ET 31 Dec 2010 it will file for Chapter 11 Bankruptcy,2010-07-31,0.0,0.0,0.0,4.2,233,0,17.0,4.1
726974,BP.CHAP11.DEC2010,BP to announce before midnight ET 31 Dec 2010 it will file for Chapter 11 Bankruptcy,2010-08-01,0.0,0.0,0.0,4.2,233,0,17.0,4.1
726974,BP.CHAP11.DEC2010,BP to announce before midnight ET 31 Dec 2010 it will file for Chapter 11 Bankruptcy,2010-08-02,0.0,0.0,0.0,4.2,233,0,17.0,4.1
726974,BP.CHAP11.DEC2010,BP to announce before midnight ET 31 Dec 2010 it will file for Chapter 11 Bankruptcy,2010-08-03,0.0,0.0,0.0,4.2,233,0,17.0,4.1
726974,BP.CHAP11.DEC2010,BP to announce before midnight ET 31 Dec 2010 it will file for Chapter 11 Bankruptcy,2010-08-04,0.0,0.0,0.0,4.2,233,0,17.0,4.1
726974,BP.CHAP11.DEC2010,BP to announce before midnight ET 31 Dec 2010 it will file for Chapter 11 Bankruptcy,2010-08-05,0.0,0.0,0.0,4.2,233,0,17.0,4.1
726974,BP.CHAP11.DEC2010,BP to announce before midnight ET 31 Dec 2010 it will file for Chapter 11 Bankruptcy,2010-08-06,0.0,0.0,0.0,4.2,233,0,17.0,4.1
726974,BP.CHAP11.DEC2010,BP to announce before midnight ET 31 Dec 2010 it will file for Chapter 11 Bankruptcy,2010-08-07,0.0,0.0,0.0,4.2,233,0,17.0,4.1
726974,BP.CHAP11.DEC2010,BP to announce before midnight ET 31 Dec 2010 it will file for Chapter 11 Bankruptcy,2010-08-08,0.0,0.0,0.0,4.2,233,0,17.0,4.1
726974,BP.CHAP11.DEC2010,BP to announce before midnight ET 31 Dec 2010 it will file for Chapter 11 Bankruptcy,2010-08-09,0.0,0.0,0.0,4.2,233,0,17.0,4.1
726974,BP.CHAP11.DEC2010,BP to announce before midnight ET 31 Dec 2010 it will file for Chapter 11 Bankruptcy,2010-08-10,4.1,4.1,4.1,4.1,233,1,17.0,4.1
726974,BP.CHAP11.DEC2010,BP to announce before midnight ET 31 Dec 2010 it will file for Chapter 11 Bankruptcy,2010-08-11,4.1,4.1,4.1,4.1,233,2,17.0,4.1
726974,BP.CHAP11.DEC2010,BP to announce before midnight ET 31 Dec 2010 it will file for Chapter 11 Bankruptcy,2010-08-12,0.0,0.0,0.0,4.1,233,0,17.0,4.1
726974,BP.CHAP11.DEC2010,BP to announce before midnight ET 31 Dec 2010 it will file for Chapter 11 Bankruptcy,2010-08-13,0.0,0.0,0.0,4.1,233,0,17.0,4.1
726974,BP.CHAP11.DEC2010,BP to announce before midnight ET 31 Dec 2010 it will file for Chapter 11 Bankruptcy,2010-08-14,0.0,0.0,0.0,4.1,233,0,17.0,4.1
726974,BP.CHAP11.DEC2010,BP to announce before midnight ET 31 Dec 2010 it will file for Chapter 11 Bankruptcy,2010-08-15,0.0,0.0,0.0,4.1,233,0,17.0,4.1
726974,BP.CHAP11.DEC2010,BP to announce before midnight ET 31 Dec 2010 it will file for Chapter 11 Bankruptcy,2010-08-16,0.0,0.0,0.0,4.1,233,0,17.0,4.1
726974,BP.CHAP11.DEC2010,BP to announce before midnight ET 31 Dec 2010 it will file for Chapter 11 Bankruptcy,2010-08-17,0.0,0.0,0.0,4.1,233,0,17.0,4.1
726974,BP.CHAP11.DEC2010,BP to announce before midnight ET 31 Dec 2010 it will file for Chapter 11 Bankruptcy,2010-08-18,0.0,0.0,0.0,4.1,233,0,17.0,4.1
726974,BP.CHAP11.DEC2010,BP to announce before midnight ET 31 Dec 2010 it will file for Chapter 11 Bankruptcy,2010-08-19,0.0,0.0,0.0,4.1,233,0,17.0,4.1
726974,BP.CHAP11.DEC2010,BP to announce before midnight ET 31 Dec 2010 it will file for Chapter 11 Bankruptcy,2010-08-20,0.0,0.0,0.0,4.1,233,0,17.0,4.1
726974,BP.CHAP11.DEC2010,BP to announce before midnight ET 31 Dec 2010 it will file for Chapter 11 Bankruptcy,2010-08-21,0.0,0.0,0.0,4.1,233,0,17.0,4.1
726974,BP.CHAP11.DEC2010,BP to announce before midnight ET 31 Dec 2010 it will file for Chapter 11 Bankruptcy,2010-08-22,4.2,4.2,4.2,4.2,233,4,17.0,4.1
726974,BP.CHAP11.DEC2010,BP to announce before midnight ET 31 Dec 2010 it will file for Chapter 11 Bankruptcy,2010-08-23,4.2,4.2,4.2,4.2,233,1,17.0,4.1
726974,BP.CHAP11.DEC2010,BP to announce before midnight ET 31 Dec 2010 it will file for Chapter 11 Bankruptcy,2010-08-24,0.0,0.0,0.0,4.2,233,0,17.0,4.1
726974,BP.CHAP11.DEC2010,BP to announce before midnight ET 31 Dec 2010 it will file for Chapter 11 Bankruptcy,2010-08-25,0.0,0.0,0.0,4.2,233,0,17.0,4.1
726974,BP.CHAP11.DEC2010,BP to announce before midnight ET 31 Dec 2010 it will file for Chapter 11 Bankruptcy,2010-08-26,0.0,0.0,0.0,4.2,233,0,17.0,4.1
726974,BP.CHAP11.DEC2010,BP to announce before midnight ET 31 Dec 2010 it will file for Chapter 11 Bankruptcy,2010-08-27,0.0,0.0,0.0,4.2,233,0,17.0,4.1
726974,BP.CHAP11.DEC2010,BP to announce before midnight ET 31 Dec 2010 it will file for Chapter 11 Bankruptcy,2010-08-28,0.0,0.0,0.0,4.2,233,0,17.0,4.1
726974,BP.CHAP11.DEC2010,BP to announce before midnight ET 31 Dec 2010 it will file for Chapter 11 Bankruptcy,2010-08-29,0.0,0.0,0.0,4.2,233,0,17.0,4.1
726974,BP.CHAP11.DEC2010,BP to announce before midnight ET 31 Dec 2010 it will file for Chapter 11 Bankruptcy,2010-08-30,0.0,0.0,0.0,4.2,233,0,17.0,4.1
726974,BP.CHAP11.DEC2010,BP to announce before midnight ET 31 Dec 2010 it will file for Chapter 11 Bankruptcy,2010-08-31,4.1,4.1,4.0,4.0,233,2,17.0,4.0
726974,BP.CHAP11.DEC2010,BP to announce before midnight ET 31 Dec 2010 it will file for Chapter 11 Bankruptcy,2010-09-01,0.0,0.0,0.0,4.0,233,0,17.0,4.0
726974,BP.CHAP11.DEC2010,BP to announce before midnight ET 31 Dec 2010 it will file for Chapter 11 Bankruptcy,2010-09-02,0.0,0.0,0.0,4.0,233,0,17.0,4.0
726974,BP.CHAP11.DEC2010,BP to announce before midnight ET 31 Dec 2010 it will file for Chapter 11 Bankruptcy,2010-09-03,0.0,0.0,0.0,4.0,233,0,17.0,4.0
726974,BP.CHAP11.DEC2010,BP to announce before midnight ET 31 Dec 2010 it will file for Chapter 11 Bankruptcy,2010-09-04,0.0,0.0,0.0,4.0,233,0,17.0,4.0
726974,BP.CHAP11.DEC2010,BP to announce before midnight ET 31 Dec 2010 it will file for Chapter 11 Bankruptcy,2010-09-05,0.0,0.0,0.0,4.0,233,0,17.0,4.0
726974,BP.CHAP11.DEC2010,BP to announce before midnight ET 31 Dec 2010 it will file for Chapter 11 Bankruptcy,2010-09-06,4.0,4.0,4.0,4.0,233,42,17.0,4.0
726974,BP.CHAP11.DEC2010,BP to announce before midnight ET 31 Dec 2010 it will file for Chapter 11 Bankruptcy,2010-09-07,0.0,0.0,0.0,4.0,233,0,17.0,4.0
726974,BP.CHAP11.DEC2010,BP to announce before midnight ET 31 Dec 2010 it will file for Chapter 11 Bankruptcy,2010-09-08,2.7,2.7,2.7,2.7,233,2,17.0,2.7
726974,BP.CHAP11.DEC2010,BP to announce before midnight ET 31 Dec 2010 it will file for Chapter 11 Bankruptcy,2010-09-09,0.0,0.0,0.0,2.7,233,0,17.0,2.7
726974,BP.CHAP11.DEC2010,BP to announce before midnight ET 31 Dec 2010 it will file for Chapter 11 Bankruptcy,2010-09-10,0.0,0.0,0.0,2.7,233,0,17.0,2.7
726974,BP.CHAP11.DEC2010,BP to announce before midnight ET 31 Dec 2010 it will file for Chapter 11 Bankruptcy,2010-09-11,0.0,0.0,0.0,2.7,233,0,17.0,2.7
726974,BP.CHAP11.DEC2010,BP to announce before midnight ET 31 Dec 2010 it will file for Chapter 11 Bankruptcy,2010-09-12,0.0,0.0,0.0,2.7,233,0,17.0,2.7
726974,BP.CHAP11.DEC2010,BP to announce before midnight ET 31 Dec 2010 it will file for Chapter 11 Bankruptcy,2010-09-13,0.0,0.0,0.0,2.7,233,0,17.0,2.7
726974,BP.CHAP11.DEC2010,BP to announce before midnight ET 31 Dec 2010 it will file for Chapter 11 Bankruptcy,2010-09-14,0.0,0.0,0.0,2.7,233,0,17.0,2.7
726974,BP.CHAP11.DEC2010,BP to announce before midnight ET 31 Dec 2010 it will file for Chapter 11 Bankruptcy,2010-09-15,2.5,2.5,2.5,2.5,233,50,17.0,2.5
726974,BP.CHAP11.DEC2010,BP to announce before midnight ET 31 Dec 2010 it will file for Chapter 11 Bankruptcy,2010-09-16,0.0,0.0,0.0,2.5,233,0,17.0,2.5
726974,BP.CHAP11.DEC2010,BP to announce before midnight ET 31 Dec 2010 it will file for Chapter 11 Bankruptcy,2010-09-17,0.0,0.0,0.0,2.5,233,0,17.0,2.5
726974,BP.CHAP11.DEC2010,BP to announce before midnight ET 31 Dec 2010 it will file for Chapter 11 Bankruptcy,2010-09-18,0.0,0.0,0.0,2.5,233,0,17.0,2.5
726974,BP.CHAP11.DEC2010,BP to announce before midnight ET 31 Dec 2010 it will file for Chapter 11 Bankruptcy,2010-09-19,0.0,0.0,0.0,2.5,233,0,17.0,2.5
726974,BP.CHAP11.DEC2010,BP to announce before midnight ET 31 Dec 2010 it will file for Chapter 11 Bankruptcy,2010-09-20,0.0,0.0,0.0,2.5,233,0,17.0,2.5
726974,BP.CHAP11.DEC2010,BP to announce before midnight ET 31 Dec 2010 it will file for Chapter 11 Bankruptcy,2010-09-21,0.0,0.0,0.0,2.5,233,0,17.0,2.5
726974,BP.CHAP11.DEC2010,BP to announce before midnight ET 31 Dec 2010 it will file for Chapter 11 Bankruptcy,2010-09-22,0.0,0.0,0.0,2.5,233,0,17.0,2.5
726974,BP.CHAP11.DEC2010,BP to announce before midnight ET 31 Dec 2010 it will file for Chapter 11 Bankruptcy,2010-09-23,0.0,0.0,0.0,2.5,233,0,17.0,2.5
726974,BP.CHAP11.DEC2010,BP to announce before midnight ET 31 Dec 2010 it will file for Chapter 11 Bankruptcy,2010-09-24,0.0,0.0,0.0,2.5,233,0,17.0,2.5
726974,BP.CHAP11.DEC2010,BP to announce before midnight ET 31 Dec 2010 it will file for Chapter 11 Bankruptcy,2010-09-25,0.0,0.0,0.0,2.5,233,0,17.0,2.5
726974,BP.CHAP11.DEC2010,BP to announce before midnight ET 31 Dec 2010 it will file for Chapter 11 Bankruptcy,2010-09-26,0.0,0.0,0.0,2.5,233,0,17.0,2.5
726974,BP.CHAP11.DEC2010,BP to announce before midnight ET 31 Dec 2010 it will file for Chapter 11 Bankruptcy,2010-09-27,0.0,0.0,0.0,2.5,233,0,17.0,2.5
726974,BP.CHAP11.DEC2010,BP to announce before midnight ET 31 Dec 2010 it will file for Chapter 11 Bankruptcy,2010-09-28,0.0,0.0,0.0,2.5,233,0,17.0,2.5
726974,BP.CHAP11.DEC2010,BP to announce before midnight ET 31 Dec 2010 it will file for Chapter 11 Bankruptcy,2010-09-29,0.0,0.0,0.0,2.5,233,0,17.0,2.5
726974,BP.CHAP11.DEC2010,BP to announce before midnight ET 31 Dec 2010 it will file for Chapter 11 Bankruptcy,2010-09-30,0.0,0.0,0.0,2.5,233,0,17.0,2.5
726974,BP.CHAP11.DEC2010,BP to announce before midnight ET 31 Dec 2010 it will file for Chapter 11 Bankruptcy,2010-10-01,0.0,0.0,0.0,2.5,233,0,17.0,2.5
726974,BP.CHAP11.DEC2010,BP to announce before midnight ET 31 Dec 2010 it will file for Chapter 11 Bankruptcy,2010-10-02,0.0,0.0,0.0,2.5,233,0,17.0,2.5
726974,BP.CHAP11.DEC2010,BP to announce before midnight ET 31 Dec 2010 it will file for Chapter 11 Bankruptcy,2010-10-03,0.0,0.0,0.0,2.5,233,0,17.0,2.5
726974,BP.CHAP11.DEC2010,BP to announce before midnight ET 31 Dec 2010 it will file for Chapter 11 Bankruptcy,2010-10-04,0.0,0.0,0.0,2.5,233,0,17.0,2.5
726974,BP.CHAP11.DEC2010,BP to announce before midnight ET 31 Dec 2010 it will file for Chapter 11 Bankruptcy,2010-10-05,0.0,0.0,0.0,2.5,233,0,17.0,2.5
726974,BP.CHAP11.DEC2010,BP to announce before midnight ET 31 Dec 2010 it will file for Chapter 11 Bankruptcy,2010-10-06,0.0,0.0,0.0,2.5,233,0,17.0,2.5
726974,BP.CHAP11.DEC2010,BP to announce before midnight ET 31 Dec 2010 it will file for Chapter 11 Bankruptcy,2010-10-07,0.0,0.0,0.0,2.5,233,0,17.0,2.5
726974,BP.CHAP11.DEC2010,BP to announce before midnight ET 31 Dec 2010 it will file for Chapter 11 Bankruptcy,2010-10-08,0.0,0.0,0.0,2.5,233,0,17.0,2.5
726974,BP.CHAP11.DEC2010,BP to announce before midnight ET 31 Dec 2010 it will file for Chapter 11 Bankruptcy,2010-10-09,0.0,0.0,0.0,2.5,233,0,17.0,2.5
726974,BP.CHAP11.DEC2010,BP to announce before midnight ET 31 Dec 2010 it will file for Chapter 11 Bankruptcy,2010-10-10,0.0,0.0,0.0,2.5,233,0,17.0,2.5
726974,BP.CHAP11.DEC2010,BP to announce before midnight ET 31 Dec 2010 it will file for Chapter 11 Bankruptcy,2010-10-11,0.0,0.0,0.0,2.5,233,0,17.0,2.5
726974,BP.CHAP11.DEC2010,BP to announce before midnight ET 31 Dec 2010 it will file for Chapter 11 Bankruptcy,2010-10-12,0.0,0.0,0.0,2.5,233,0,17.0,2.5
726974,BP.CHAP11.DEC2010,BP to announce before midnight ET 31 Dec 2010 it will file for Chapter 11 Bankruptcy,2010-10-13,0.0,0.0,0.0,2.5,233,0,17.0,2.5
726974,BP.CHAP11.DEC2010,BP to announce before midnight ET 31 Dec 2010 it will file for Chapter 11 Bankruptcy,2010-10-14,0.0,0.0,0.0,2.5,233,0,17.0,2.5
726974,BP.CHAP11.DEC2010,BP to announce before midnight ET 31 Dec 2010 it will file for Chapter 11 Bankruptcy,2010-10-15,0.0,0.0,0.0,2.5,233,0,17.0,2.5
726974,BP.CHAP11.DEC2010,BP to announce before midnight ET 31 Dec 2010 it will file for Chapter 11 Bankruptcy,2010-10-16,0.0,0.0,0.0,2.5,233,0,17.0,2.5
726974,BP.CHAP11.DEC2010,BP to announce before midnight ET 31 Dec 2010 it will file for Chapter 11 Bankruptcy,2010-10-17,0.0,0.0,0.0,2.5,233,0,17.0,2.5
726974,BP.CHAP11.DEC2010,BP to announce before midnight ET 31 Dec 2010 it will file for Chapter 11 Bankruptcy,2010-10-18,0.0,0.0,0.0,2.5,233,0,17.0,2.5
726974,BP.CHAP11.DEC2010,BP to announce before midnight ET 31 Dec 2010 it will file for Chapter 11 Bankruptcy,2010-10-19,0.0,0.0,0.0,2.5,233,0,17.0,2.5
726974,BP.CHAP11.DEC2010,BP to announce before midnight ET 31 Dec 2010 it will file for Chapter 11 Bankruptcy,2010-10-20,0.0,0.0,0.0,2.5,233,0,17.0,2.5
726974,BP.CHAP11.DEC2010,BP to announce before midnight ET 31 Dec 2010 it will file for Chapter 11 Bankruptcy,2010-10-21,0.0,0.0,0.0,2.5,233,0,17.0,2.5
726974,BP.CHAP11.DEC2010,BP to announce before midnight ET 31 Dec 2010 it will file for Chapter 11 Bankruptcy,2010-10-22,0.0,0.0,0.0,2.5,233,0,17.0,2.5
726974,BP.CHAP11.DEC2010,BP to announce before midnight ET 31 Dec 2010 it will file for Chapter 11 Bankruptcy,2010-10-23,0.0,0.0,0.0,2.5,233,0,17.0,2.5
726974,BP.CHAP11.DEC2010,BP to announce before midnight ET 31 Dec 2010 it will file for Chapter 11 Bankruptcy,2010-10-24,0.0,0.0,0.0,2.5,233,0,17.0,2.5
726974,BP.CHAP11.DEC2010,BP to announce before midnight ET 31 Dec 2010 it will file for Chapter 11 Bankruptcy,2010-10-25,0.0,0.0,0.0,2.5,233,0,17.0,2.5
726974,BP.CHAP11.DEC2010,BP to announce before midnight ET 31 Dec 2010 it will file for Chapter 11 Bankruptcy,2010-10-26,0.0,0.0,0.0,2.5,233,0,17.0,2.5
726974,BP.CHAP11.DEC2010,BP to announce before midnight ET 31 Dec 2010 it will file for Chapter 11 Bankruptcy,2010-10-27,0.0,0.0,0.0,2.5,233,0,17.0,2.5
726974,BP.CHAP11.DEC2010,BP to announce before midnight ET 31 Dec 2010 it will file for Chapter 11 Bankruptcy,2010-10-28,0.0,0.0,0.0,2.5,233,0,17.0,2.5
726974,BP.CHAP11.DEC2010,BP to announce before midnight ET 31 Dec 2010 it will file for Chapter 11 Bankruptcy,2010-10-29,0.0,0.0,0.0,2.5,233,0,17.0,2.5
726974,BP.CHAP11.DEC2010,BP to announce before midnight ET 31 Dec 2010 it will file for Chapter 11 Bankruptcy,2010-10-30,0.0,0.0,0.0,2.5,233,0,17.0,2.5
726974,BP.CHAP11.DEC2010,BP to announce before midnight ET 31 Dec 2010 it will file for Chapter 11 Bankruptcy,2010-10-31,0.0,0.0,0.0,2.5,233,0,17.0,2.5
726974,BP.CHAP11.DEC2010,BP to announce before midnight ET 31 Dec 2010 it will file for Chapter 11 Bankruptcy,2010-11-01,0.0,0.0,0.0,2.5,233,0,17.0,2.5
726974,BP.CHAP11.DEC2010,BP to announce before midnight ET 31 Dec 2010 it will file for Chapter 11 Bankruptcy,2010-11-02,0.0,0.0,0.0,2.5,233,0,17.0,2.5
726974,BP.CHAP11.DEC2010,BP to announce before midnight ET 31 Dec 2010 it will file for Chapter 11 Bankruptcy,2010-11-03,0.0,0.0,0.0,2.5,233,0,17.0,2.5
726974,BP.CHAP11.DEC2010,BP to announce before midnight ET 31 Dec 2010 it will file for Chapter 11 Bankruptcy,2010-11-04,0.0,0.0,0.0,2.5,233,0,17.0,2.5
726974,BP.CHAP11.DEC2010,BP to announce before midnight ET 31 Dec 2010 it will file for Chapter 11 Bankruptcy,2010-11-05,0.0,0.0,0.0,2.5,233,0,17.0,2.5
726974,BP.CHAP11.DEC2010,BP to announce before midnight ET 31 Dec 2010 it will file for Chapter 11 Bankruptcy,2010-11-06,0.0,0.0,0.0,2.5,233,0,17.0,2.5
726974,BP.CHAP11.DEC2010,BP to announce before midnight ET 31 Dec 2010 it will file for Chapter 11 Bankruptcy,2010-11-07,0.0,0.0,0.0,2.5,233,0,17.0,2.5
726974,BP.CHAP11.DEC2010,BP to announce before midnight ET 31 Dec 2010 it will file for Chapter 11 Bankruptcy,2010-11-08,0.0,0.0,0.0,2.5,233,0,17.0,2.5
726974,BP.CHAP11.DEC2010,BP to announce before midnight ET 31 Dec 2010 it will file for Chapter 11 Bankruptcy,2010-11-09,0.0,0.0,0.0,2.5,233,0,17.0,2.5
726974,BP.CHAP11.DEC2010,BP to announce before midnight ET 31 Dec 2010 it will file for Chapter 11 Bankruptcy,2010-11-10,0.0,0.0,0.0,2.5,233,0,17.0,2.5
726974,BP.CHAP11.DEC2010,BP to announce before midnight ET 31 Dec 2010 it will file for Chapter 11 Bankruptcy,2010-11-11,0.0,0.0,0.0,2.5,233,0,17.0,2.5
726974,BP.CHAP11.DEC2010,BP to announce before midnight ET 31 Dec 2010 it will file for Chapter 11 Bankruptcy,2010-11-12,0.0,0.0,0.0,2.5,233,0,17.0,2.5
726974,BP.CHAP11.DEC2010,BP to announce before midnight ET 31 Dec 2010 it will file for Chapter 11 Bankruptcy,2010-11-13,0.0,0.0,0.0,2.5,233,0,17.0,2.5
726974,BP.CHAP11.DEC2010,BP to announce before midnight ET 31 Dec 2010 it will file for Chapter 11 Bankruptcy,2010-11-14,0.0,0.0,0.0,2.5,233,0,17.0,2.5
726974,BP.CHAP11.DEC2010,BP to announce before midnight ET 31 Dec 2010 it will file for Chapter 11 Bankruptcy,2010-11-15,0.0,0.0,0.0,2.5,233,0,17.0,2.5
726974,BP.CHAP11.DEC2010,BP to announce before midnight ET 31 Dec 2010 it will file for Chapter 11 Bankruptcy,2010-11-16,0.0,0.0,0.0,2.5,233,0,17.0,2.5
726974,BP.CHAP11.DEC2010,BP to announce before midnight ET 31 Dec 2010 it will file for Chapter 11 Bankruptcy,2010-11-17,0.0,0.0,0.0,2.5,233,0,17.0,2.5
726974,BP.CHAP11.DEC2010,BP to announce before midnight ET 31 Dec 2010 it will file for Chapter 11 Bankruptcy,2010-11-18,0.0,0.0,0.0,2.5,233,0,17.0,2.5
726974,BP.CHAP11.DEC2010,BP to announce before midnight ET 31 Dec 2010 it will file for Chapter 11 Bankruptcy,2010-11-19,0.0,0.0,0.0,2.5,233,0,17.0,2.5
726974,BP.CHAP11.DEC2010,BP to announce before midnight ET 31 Dec 2010 it will file for Chapter 11 Bankruptcy,2010-11-20,0.0,0.0,0.0,2.5,233,0,17.0,2.5
726974,BP.CHAP11.DEC2010,BP to announce before midnight ET 31 Dec 2010 it will file for Chapter 11 Bankruptcy,2010-11-21,0.0,0.0,0.0,2.5,233,0,17.0,2.5
726974,BP.CHAP11.DEC2010,BP to announce before midnight ET 31 Dec 2010 it will file for Chapter 11 Bankruptcy,2010-11-22,0.0,0.0,0.0,2.5,233,0,17.0,2.5
726974,BP.CHAP11.DEC2010,BP to announce before midnight ET 31 Dec 2010 it will file for Chapter 11 Bankruptcy,2010-11-23,,,,2.5,233,0,17.0,2.5
726974,BP.CHAP11.DEC2010,BP to announce before midnight ET 31 Dec 2010 it will file for Chapter 11 Bankruptcy,2010-11-24,,,,2.5,233,0,17.0,2.5
726974,BP.CHAP11.DEC2010,BP to announce before midnight ET 31 Dec 2010 it will file for Chapter 11 Bankruptcy,2010-11-25,,,,2.5,233,0,17.0,2.5
726974,BP.CHAP11.DEC2010,BP to announce before midnight ET 31 Dec 2010 it will file for Chapter 11 Bankruptcy,2010-11-26,,,,2.5,233,0,17.0,2.5
726974,BP.CHAP11.DEC2010,BP to announce before midnight ET 31 Dec 2010 it will file for Chapter 11 Bankruptcy,2010-11-27,2.2,2.2,2.0,2.2,253,31,17.0,2.0
726974,BP.CHAP11.DEC2010,BP to announce before midnight ET 31 Dec 2010 it will file for Chapter 11 Bankruptcy,2010-11-28,,,,2.2,253,0,17.0,2.0
726974,BP.CHAP11.DEC2010,BP to announce before midnight ET 31 Dec 2010 it will file for Chapter 11 Bankruptcy,2010-11-29,,,,2.2,253,0,17.0,2.0
726974,BP.CHAP11.DEC2010,BP to announce before midnight ET 31 Dec 2010 it will file for Chapter 11 Bankruptcy,2010-11-30,,,,2.2,253,0,17.0,2.0
726974,BP.CHAP11.DEC2010,BP to announce before midnight ET 31 Dec 2010 it will file for Chapter 11 Bankruptcy,2010-12-01,,,,2.2,253,0,17.0,2.0
726974,BP.CHAP11.DEC2010,BP to announce before midnight ET 31 Dec 2010 it will file for Chapter 11 Bankruptcy,2010-12-02,,,,2.2,253,0,17.0,2.0
726974,BP.CHAP11.DEC2010,BP to announce before midnight ET 31 Dec 2010 it will file for Chapter 11 Bankruptcy,2010-12-03,,,,2.2,253,0,17.0,2.0
726974,BP.CHAP11.DEC2010,BP to announce before midnight ET 31 Dec 2010 it will file for Chapter 11 Bankruptcy,2010-12-04,,,,2.2,253,0,17.0,2.0
726974,BP.CHAP11.DEC2010,BP to announce before midnight ET 31 Dec 2010 it will file for Chapter 11 Bankruptcy,2010-12-05,,,,2.2,253,0,17.0,2.0
726974,BP.CHAP11.DEC2010,BP to announce before midnight ET 31 Dec 2010 it will file for Chapter 11 Bankruptcy,2010-12-06,,,,2.2,253,0,17.0,2.0
726974,BP.CHAP11.DEC2010,BP to announce before midnight ET 31 Dec 2010 it will file for Chapter 11 Bankruptcy,2010-12-07,,,,2.2,253,0,17.0,2.0
726974,BP.CHAP11.DEC2010,BP to announce before midnight ET 31 Dec 2010 it will file for Chapter 11 Bankruptcy,2010-12-08,,,,2.2,253,0,17.0,2.0
726974,BP.CHAP11.DEC2010,BP to announce before midnight ET 31 Dec 2010 it will file for Chapter 11 Bankruptcy,2010-12-09,,,,2.2,253,0,17.0,2.0
726974,BP.CHAP11.DEC2010,BP to announce before midnight ET 31 Dec 2010 it will file for Chapter 11 Bankruptcy,2010-12-10,,,,2.2,253,0,17.0,2.0
726974,BP.CHAP11.DEC2010,BP to announce before midnight ET 31 Dec 2010 it will file for Chapter 11 Bankruptcy,2010-12-11,,,,2.2,253,0,17.0,2.0
726974,BP.CHAP11.DEC2010,BP to announce before midnight ET 31 Dec 2010 it will file for Chapter 11 Bankruptcy,2010-12-12,,,,2.2,253,0,17.0,2.0
726974,BP.CHAP11.DEC2010,BP to announce before midnight ET 31 Dec 2010 it will file for Chapter 11 Bankruptcy,2010-12-13,,,,2.2,253,0,17.0,2.0
726974,BP.CHAP11.DEC2010,BP to announce before midnight ET 31 Dec 2010 it will file for Chapter 11 Bankruptcy,2010-12-14,,,,2.2,253,0,17.0,2.0
726974,BP.CHAP11.DEC2010,BP to announce before midnight ET 31 Dec 2010 it will file for Chapter 11 Bankruptcy,2010-12-15,1.7,1.7,0.9,0.9,251,5,17.0,0.9
726974,BP.CHAP11.DEC2010,BP to announce before midnight ET 31 Dec 2010 it will file for Chapter 11 Bankruptcy,2010-12-16,,,,0.9,251,0,17.0,0.9
726974,BP.CHAP11.DEC2010,BP to announce before midnight ET 31 Dec 2010 it will file for Chapter 11 Bankruptcy,2010-12-17,,,,0.9,251,0,17.0,0.9
726974,BP.CHAP11.DEC2010,BP to announce before midnight ET 31 Dec 2010 it will file for Chapter 11 Bankruptcy,2010-12-18,,,,0.9,251,0,17.0,0.9
726974,BP.CHAP11.DEC2010,BP to announce before midnight ET 31 Dec 2010 it will file for Chapter 11 Bankruptcy,2010-12-19,,,,0.9,251,0,17.0,0.9
726974,BP.CHAP11.DEC2010,BP to announce before midnight ET 31 Dec 2010 it will file for Chapter 11 Bankruptcy,2010-12-20,,,,0.9,251,0,17.0,0.9
726974,BP.CHAP11.DEC2010,BP to announce before midnight ET 31 Dec 2010 it will file for Chapter 11 Bankruptcy,2010-12-21,,,,0.9,251,0,17.0,0.9
726974,BP.CHAP11.DEC2010,BP to announce before midnight ET 31 Dec 2010 it will file for Chapter 11 Bankruptcy,2010-12-22,,,,0.9,251,0,17.0,0.9
726974,BP.CHAP11.DEC2010,BP to announce before midnight ET 31 Dec 2010 it will file for Chapter 11 Bankruptcy,2010-12-23,,,,0.9,251,0,17.0,0.9
726974,BP.CHAP11.DEC2010,BP to announce before midnight ET 31 Dec 2010 it will file for Chapter 11 Bankruptcy,2010-12-24,0.9,0.9,0.9,0.9,228,23,17.0,0.9
726974,BP.CHAP11.DEC2010,BP to announce before midnight ET 31 Dec 2010 it will file for Chapter 11 Bankruptcy,2010-12-25,,,,0.9,228,0,17.0,0.9
726974,BP.CHAP11.DEC2010,BP to announce before midnight ET 31 Dec 2010 it will file for Chapter 11 Bankruptcy,2010-12-26,,,,0.9,228,0,17.0,0.9
726974,BP.CHAP11.DEC2010,BP to announce before midnight ET 31 Dec 2010 it will file for Chapter 11 Bankruptcy,2010-12-27,0.0,0.0,0.0,0.9,228,0,17.0,0.9
726974,BP.CHAP11.DEC2010,BP to announce before midnight ET 31 Dec 2010 it will file for Chapter 11 Bankruptcy,2010-12-28,0.0,0.0,0.0,0.9,228,0,17.0,0.9
726974,BP.CHAP11.DEC2010,BP to announce before midnight ET 31 Dec 2010 it will file for Chapter 11 Bankruptcy,2010-12-29,0.0,0.0,0.0,0.9,228,0,17.0,0.9
726974,BP.CHAP11.DEC2010,BP to announce before midnight ET 31 Dec 2010 it will file for Chapter 11 Bankruptcy,2010-12-30,0.0,0.0,0.0,0.9,228,0,17.0,0.9
