market id,market symbol,market name,business day,session open,session high,session low,closing price,open interest,session trade volume,lifetime high,lifetime low
758776,SEP12.ICE.EXTENT.<4.3m,Arctic sea ice extent for Sep 2012 to be less than 4.3 million square kilometres,2012-03-13,,,,,0,0,,
758776,SEP12.ICE.EXTENT.<4.3m,Arctic sea ice extent for Sep 2012 to be less than 4.3 million square kilometres,2012-03-14,,,,,0,0,,
758776,SEP12.ICE.EXTENT.<4.3m,Arctic sea ice extent for Sep 2012 to be less than 4.3 million square kilometres,2012-03-15,,,,,0,0,,
758776,SEP12.ICE.EXTENT.<4.3m,Arctic sea ice extent for Sep 2012 to be less than 4.3 million square kilometres,2012-03-16,,,,,0,0,,
758776,SEP12.ICE.EXTENT.<4.3m,Arctic sea ice extent for Sep 2012 to be less than 4.3 million square kilometres,2012-03-17,,,,,0,0,,
758776,SEP12.ICE.EXTENT.<4.3m,Arctic sea ice extent for Sep 2012 to be less than 4.3 million square kilometres,2012-03-18,,,,,0,0,,
758776,SEP12.ICE.EXTENT.<4.3m,Arctic sea ice extent for Sep 2012 to be less than 4.3 million square kilometres,2012-03-19,,,,,0,0,,
758776,SEP12.ICE.EXTENT.<4.3m,Arctic sea ice extent for Sep 2012 to be less than 4.3 million square kilometres,2012-03-20,,,,,0,0,,
758776,SEP12.ICE.EXTENT.<4.3m,Arctic sea ice extent for Sep 2012 to be less than 4.3 million square kilometres,2012-03-21,,,,,0,0,,
758776,SEP12.ICE.EXTENT.<4.3m,Arctic sea ice extent for Sep 2012 to be less than 4.3 million square kilometres,2012-03-22,,,,,0,0,,
758776,SEP12.ICE.EXTENT.<4.3m,Arctic sea ice extent for Sep 2012 to be less than 4.3 million square kilometres,2012-03-23,,,,,0,0,,
758776,SEP12.ICE.EXTENT.<4.3m,Arctic sea ice extent for Sep 2012 to be less than 4.3 million square kilometres,2012-03-24,,,,,0,0,,
758776,SEP12.ICE.EXTENT.<4.3m,Arctic sea ice extent for Sep 2012 to be less than 4.3 million square kilometres,2012-03-25,,,,,0,0,,
758776,SEP12.ICE.EXTENT.<4.3m,Arctic sea ice extent for Sep 2012 to be less than 4.3 million square kilometres,2012-03-26,,,,,0,0,,
758776,SEP12.ICE.EXTENT.<4.3m,Arctic sea ice extent for Sep 2012 to be less than 4.3 million square kilometres,2012-03-27,,,,,0,0,,
758776,SEP12.ICE.EXTENT.<4.3m,Arctic sea ice extent for Sep 2012 to be less than 4.3 million square kilometres,2012-03-28,40.0,40.0,40.0,40.0,1,1,40.0,40.0
758776,SEP12.ICE.EXTENT.<4.3m,Arctic sea ice extent for Sep 2012 to be less than 4.3 million square kilometres,2012-03-29,,,,40.0,1,0,40.0,40.0
758776,SEP12.ICE.EXTENT.<4.3m,Arctic sea ice extent for Sep 2012 to be less than 4.3 million square kilometres,2012-03-30,,,,40.0,1,0,40.0,40.0
758776,SEP12.ICE.EXTENT.<4.3m,Arctic sea ice extent for Sep 2012 to be less than 4.3 million square kilometres,2012-03-31,,,,40.0,1,0,40.0,40.0
758776,SEP12.ICE.EXTENT.<4.3m,Arctic sea ice extent for Sep 2012 to be less than 4.3 million square kilometres,2012-04-01,,,,40.0,1,0,40.0,40.0
758776,SEP12.ICE.EXTENT.<4.3m,Arctic sea ice extent for Sep 2012 to be less than 4.3 million square kilometres,2012-04-02,,,,40.0,1,0,40.0,40.0
758776,SEP12.ICE.EXTENT.<4.3m,Arctic sea ice extent for Sep 2012 to be less than 4.3 million square kilometres,2012-04-03,,,,40.0,1,0,40.0,40.0
758776,SEP12.ICE.EXTENT.<4.3m,Arctic sea ice extent for Sep 2012 to be less than 4.3 million square kilometres,2012-04-04,,,,40.0,1,0,40.0,40.0
758776,SEP12.ICE.EXTENT.<4.3m,Arctic sea ice extent for Sep 2012 to be less than 4.3 million square kilometres,2012-04-05,,,,40.0,1,0,40.0,40.0
758776,SEP12.ICE.EXTENT.<4.3m,Arctic sea ice extent for Sep 2012 to be less than 4.3 million square kilometres,2012-04-06,,,,40.0,1,0,40.0,40.0
758776,SEP12.ICE.EXTENT.<4.3m,Arctic sea ice extent for Sep 2012 to be less than 4.3 million square kilometres,2012-04-07,39.8,40.0,39.8,40.0,12,11,40.0,39.8
758776,SEP12.ICE.EXTENT.<4.3m,Arctic sea ice extent for Sep 2012 to be less than 4.3 million square kilometres,2012-04-08,,,,40.0,12,0,40.0,39.8
758776,SEP12.ICE.EXTENT.<4.3m,Arctic sea ice extent for Sep 2012 to be less than 4.3 million square kilometres,2012-04-09,,,,40.0,12,0,40.0,39.8
758776,SEP12.ICE.EXTENT.<4.3m,Arctic sea ice extent for Sep 2012 to be less than 4.3 million square kilometres,2012-04-10,,,,40.0,12,0,40.0,39.8
758776,SEP12.ICE.EXTENT.<4.3m,Arctic sea ice extent for Sep 2012 to be less than 4.3 million square kilometres,2012-04-11,,,,40.0,12,0,40.0,39.8
758776,SEP12.ICE.EXTENT.<4.3m,Arctic sea ice extent for Sep 2012 to be less than 4.3 million square kilometres,2012-04-12,,,,40.0,12,0,40.0,39.8
758776,SEP12.ICE.EXTENT.<4.3m,Arctic sea ice extent for Sep 2012 to be less than 4.3 million square kilometres,2012-04-13,30.0,30.0,30.0,30.0,13,1,40.0,30.0
758776,SEP12.ICE.EXTENT.<4.3m,Arctic sea ice extent for Sep 2012 to be less than 4.3 million square kilometres,2012-04-14,,,,30.0,13,0,40.0,30.0
758776,SEP12.ICE.EXTENT.<4.3m,Arctic sea ice extent for Sep 2012 to be less than 4.3 million square kilometres,2012-04-15,,,,30.0,13,0,40.0,30.0
758776,SEP12.ICE.EXTENT.<4.3m,Arctic sea ice extent for Sep 2012 to be less than 4.3 million square kilometres,2012-04-16,,,,30.0,13,0,40.0,30.0
758776,SEP12.ICE.EXTENT.<4.3m,Arctic sea ice extent for Sep 2012 to be less than 4.3 million square kilometres,2012-04-17,,,,30.0,13,0,40.0,30.0
758776,SEP12.ICE.EXTENT.<4.3m,Arctic sea ice extent for Sep 2012 to be less than 4.3 million square kilometres,2012-04-18,,,,30.0,13,0,40.0,30.0
758776,SEP12.ICE.EXTENT.<4.3m,Arctic sea ice extent for Sep 2012 to be less than 4.3 million square kilometres,2012-04-19,,,,30.0,13,0,40.0,30.0
758776,SEP12.ICE.EXTENT.<4.3m,Arctic sea ice extent for Sep 2012 to be less than 4.3 million square kilometres,2012-04-20,,,,30.0,13,0,40.0,30.0
758776,SEP12.ICE.EXTENT.<4.3m,Arctic sea ice extent for Sep 2012 to be less than 4.3 million square kilometres,2012-04-21,34.9,34.9,34.9,34.9,14,1,40.0,30.0
758776,SEP12.ICE.EXTENT.<4.3m,Arctic sea ice extent for Sep 2012 to be less than 4.3 million square kilometres,2012-04-22,,,,34.9,14,0,40.0,30.0
758776,SEP12.ICE.EXTENT.<4.3m,Arctic sea ice extent for Sep 2012 to be less than 4.3 million square kilometres,2012-04-23,,,,34.9,14,0,40.0,30.0
758776,SEP12.ICE.EXTENT.<4.3m,Arctic sea ice extent for Sep 2012 to be less than 4.3 million square kilometres,2012-04-24,95.0,95.0,95.0,95.0,14,1,95.0,30.0
758776,SEP12.ICE.EXTENT.<4.3m,Arctic sea ice extent for Sep 2012 to be less than 4.3 million square kilometres,2012-04-25,,,,95.0,14,0,95.0,30.0
758776,SEP12.ICE.EXTENT.<4.3m,Arctic sea ice extent for Sep 2012 to be less than 4.3 million square kilometres,2012-04-26,,,,95.0,14,0,95.0,30.0
758776,SEP12.ICE.EXTENT.<4.3m,Arctic sea ice extent for Sep 2012 to be less than 4.3 million square kilometres,2012-04-27,35.0,35.0,35.0,35.0,14,1,95.0,30.0
758776,SEP12.ICE.EXTENT.<4.3m,Arctic sea ice extent for Sep 2012 to be less than 4.3 million square kilometres,2012-04-28,,,,35.0,14,0,95.0,30.0
758776,SEP12.ICE.EXTENT.<4.3m,Arctic sea ice extent for Sep 2012 to be less than 4.3 million square kilometres,2012-04-29,30.0,30.0,25.0,25.0,43,29,95.0,25.0
758776,SEP12.ICE.EXTENT.<4.3m,Arctic sea ice extent for Sep 2012 to be less than 4.3 million square kilometres,2012-04-30,29.0,29.0,29.0,29.0,47,4,95.0,25.0
758776,SEP12.ICE.EXTENT.<4.3m,Arctic sea ice extent for Sep 2012 to be less than 4.3 million square kilometres,2012-05-01,,,,29.0,47,0,95.0,25.0
758776,SEP12.ICE.EXTENT.<4.3m,Arctic sea ice extent for Sep 2012 to be less than 4.3 million square kilometres,2012-05-02,,,,29.0,47,0,95.0,25.0
758776,SEP12.ICE.EXTENT.<4.3m,Arctic sea ice extent for Sep 2012 to be less than 4.3 million square kilometres,2012-05-03,28.9,34.0,28.9,34.0,61,14,95.0,25.0
758776,SEP12.ICE.EXTENT.<4.3m,Arctic sea ice extent for Sep 2012 to be less than 4.3 million square kilometres,2012-05-04,34.9,35.0,34.9,35.0,73,12,95.0,25.0
758776,SEP12.ICE.EXTENT.<4.3m,Arctic sea ice extent for Sep 2012 to be less than 4.3 million square kilometres,2012-05-05,21.0,21.0,21.0,21.0,75,2,95.0,21.0
758776,SEP12.ICE.EXTENT.<4.3m,Arctic sea ice extent for Sep 2012 to be less than 4.3 million square kilometres,2012-05-06,,,,21.0,75,0,95.0,21.0
758776,SEP12.ICE.EXTENT.<4.3m,Arctic sea ice extent for Sep 2012 to be less than 4.3 million square kilometres,2012-05-07,,,,21.0,75,0,95.0,21.0
758776,SEP12.ICE.EXTENT.<4.3m,Arctic sea ice extent for Sep 2012 to be less than 4.3 million square kilometres,2012-05-08,20.0,20.0,19.0,19.0,86,11,95.0,19.0
758776,SEP12.ICE.EXTENT.<4.3m,Arctic sea ice extent for Sep 2012 to be less than 4.3 million square kilometres,2012-05-09,20.0,20.0,20.0,20.0,91,5,95.0,19.0
758776,SEP12.ICE.EXTENT.<4.3m,Arctic sea ice extent for Sep 2012 to be less than 4.3 million square kilometres,2012-05-10,20.0,21.0,20.0,21.0,116,25,95.0,19.0
758776,SEP12.ICE.EXTENT.<4.3m,Arctic sea ice extent for Sep 2012 to be less than 4.3 million square kilometres,2012-05-11,20.0,20.0,20.0,20.0,117,1,95.0,19.0
758776,SEP12.ICE.EXTENT.<4.3m,Arctic sea ice extent for Sep 2012 to be less than 4.3 million square kilometres,2012-05-12,,,,20.0,117,0,95.0,19.0
758776,SEP12.ICE.EXTENT.<4.3m,Arctic sea ice extent for Sep 2012 to be less than 4.3 million square kilometres,2012-05-13,,,,20.0,117,0,95.0,19.0
758776,SEP12.ICE.EXTENT.<4.3m,Arctic sea ice extent for Sep 2012 to be less than 4.3 million square kilometres,2012-05-14,,,,20.0,117,0,95.0,19.0
758776,SEP12.ICE.EXTENT.<4.3m,Arctic sea ice extent for Sep 2012 to be less than 4.3 million square kilometres,2012-05-15,19.0,19.0,19.0,19.0,120,3,95.0,19.0
758776,SEP12.ICE.EXTENT.<4.3m,Arctic sea ice extent for Sep 2012 to be less than 4.3 million square kilometres,2012-05-16,20.0,20.0,19.9,20.0,137,17,95.0,19.0
758776,SEP12.ICE.EXTENT.<4.3m,Arctic sea ice extent for Sep 2012 to be less than 4.3 million square kilometres,2012-05-17,,,,20.0,137,0,95.0,19.0
758776,SEP12.ICE.EXTENT.<4.3m,Arctic sea ice extent for Sep 2012 to be less than 4.3 million square kilometres,2012-05-18,,,,20.0,137,0,95.0,19.0
758776,SEP12.ICE.EXTENT.<4.3m,Arctic sea ice extent for Sep 2012 to be less than 4.3 million square kilometres,2012-05-19,33.5,34.0,33.5,34.0,152,15,95.0,19.0
758776,SEP12.ICE.EXTENT.<4.3m,Arctic sea ice extent for Sep 2012 to be less than 4.3 million square kilometres,2012-05-20,,,,34.0,152,0,95.0,19.0
758776,SEP12.ICE.EXTENT.<4.3m,Arctic sea ice extent for Sep 2012 to be less than 4.3 million square kilometres,2012-05-21,,,,34.0,152,0,95.0,19.0
758776,SEP12.ICE.EXTENT.<4.3m,Arctic sea ice extent for Sep 2012 to be less than 4.3 million square kilometres,2012-05-22,,,,34.0,152,0,95.0,19.0
758776,SEP12.ICE.EXTENT.<4.3m,Arctic sea ice extent for Sep 2012 to be less than 4.3 million square kilometres,2012-05-23,,,,34.0,152,0,95.0,19.0
758776,SEP12.ICE.EXTENT.<4.3m,Arctic sea ice extent for Sep 2012 to be less than 4.3 million square kilometres,2012-05-24,,,,34.0,152,0,95.0,19.0
758776,SEP12.ICE.EXTENT.<4.3m,Arctic sea ice extent for Sep 2012 to be less than 4.3 million square kilometres,2012-05-25,,,,34.0,152,0,95.0,19.0
758776,SEP12.ICE.EXTENT.<4.3m,Arctic sea ice extent for Sep 2012 to be less than 4.3 million square kilometres,2012-05-26,,,,34.0,152,0,95.0,19.0
758776,SEP12.ICE.EXTENT.<4.3m,Arctic sea ice extent for Sep 2012 to be less than 4.3 million square kilometres,2012-05-27,,,,34.0,152,0,95.0,19.0
758776,SEP12.ICE.EXTENT.<4.3m,Arctic sea ice extent for Sep 2012 to be less than 4.3 million square kilometres,2012-05-28,32.8,32.9,32.8,32.9,156,4,95.0,19.0
758776,SEP12.ICE.EXTENT.<4.3m,Arctic sea ice extent for Sep 2012 to be less than 4.3 million square kilometres,2012-05-29,,,,32.9,156,0,95.0,19.0
758776,SEP12.ICE.EXTENT.<4.3m,Arctic sea ice extent for Sep 2012 to be less than 4.3 million square kilometres,2012-05-30,22.5,34.0,22.5,34.0,170,15,95.0,19.0
758776,SEP12.ICE.EXTENT.<4.3m,Arctic sea ice extent for Sep 2012 to be less than 4.3 million square kilometres,2012-05-31,,,,34.0,170,0,95.0,19.0
758776,SEP12.ICE.EXTENT.<4.3m,Arctic sea ice extent for Sep 2012 to be less than 4.3 million square kilometres,2012-06-01,22.8,22.8,22.6,22.6,176,8,95.0,19.0
758776,SEP12.ICE.EXTENT.<4.3m,Arctic sea ice extent for Sep 2012 to be less than 4.3 million square kilometres,2012-06-02,,,,22.6,176,0,95.0,19.0
758776,SEP12.ICE.EXTENT.<4.3m,Arctic sea ice extent for Sep 2012 to be less than 4.3 million square kilometres,2012-06-03,,,,22.6,176,0,95.0,19.0
758776,SEP12.ICE.EXTENT.<4.3m,Arctic sea ice extent for Sep 2012 to be less than 4.3 million square kilometres,2012-06-04,,,,22.6,176,0,95.0,19.0
758776,SEP12.ICE.EXTENT.<4.3m,Arctic sea ice extent for Sep 2012 to be less than 4.3 million square kilometres,2012-06-05,,,,22.6,176,0,95.0,19.0
758776,SEP12.ICE.EXTENT.<4.3m,Arctic sea ice extent for Sep 2012 to be less than 4.3 million square kilometres,2012-06-06,29.8,30.0,24.0,24.0,254,80,95.0,19.0
758776,SEP12.ICE.EXTENT.<4.3m,Arctic sea ice extent for Sep 2012 to be less than 4.3 million square kilometres,2012-06-07,20.0,20.0,20.0,20.0,258,4,95.0,19.0
758776,SEP12.ICE.EXTENT.<4.3m,Arctic sea ice extent for Sep 2012 to be less than 4.3 million square kilometres,2012-06-08,33.5,34.0,33.5,33.9,273,15,95.0,19.0
758776,SEP12.ICE.EXTENT.<4.3m,Arctic sea ice extent for Sep 2012 to be less than 4.3 million square kilometres,2012-06-09,33.9,37.3,33.9,37.3,286,14,95.0,19.0
758776,SEP12.ICE.EXTENT.<4.3m,Arctic sea ice extent for Sep 2012 to be less than 4.3 million square kilometres,2012-06-10,,,,37.3,286,0,95.0,19.0
758776,SEP12.ICE.EXTENT.<4.3m,Arctic sea ice extent for Sep 2012 to be less than 4.3 million square kilometres,2012-06-11,39.9,46.0,39.9,46.0,300,14,95.0,19.0
758776,SEP12.ICE.EXTENT.<4.3m,Arctic sea ice extent for Sep 2012 to be less than 4.3 million square kilometres,2012-06-12,40.1,40.1,40.1,40.1,300,1,95.0,19.0
758776,SEP12.ICE.EXTENT.<4.3m,Arctic sea ice extent for Sep 2012 to be less than 4.3 million square kilometres,2012-06-13,,,,40.1,300,0,95.0,19.0
758776,SEP12.ICE.EXTENT.<4.3m,Arctic sea ice extent for Sep 2012 to be less than 4.3 million square kilometres,2012-06-14,,,,40.1,300,0,95.0,19.0
758776,SEP12.ICE.EXTENT.<4.3m,Arctic sea ice extent for Sep 2012 to be less than 4.3 million square kilometres,2012-06-15,,,,40.1,300,0,95.0,19.0
758776,SEP12.ICE.EXTENT.<4.3m,Arctic sea ice extent for Sep 2012 to be less than 4.3 million square kilometres,2012-06-16,,,,40.1,300,0,95.0,19.0
758776,SEP12.ICE.EXTENT.<4.3m,Arctic sea ice extent for Sep 2012 to be less than 4.3 million square kilometres,2012-06-17,48.0,48.0,45.0,48.0,302,5,95.0,19.0
758776,SEP12.ICE.EXTENT.<4.3m,Arctic sea ice extent for Sep 2012 to be less than 4.3 million square kilometres,2012-06-18,49.7,50.0,25.0,50.0,344,44,95.0,19.0
758776,SEP12.ICE.EXTENT.<4.3m,Arctic sea ice extent for Sep 2012 to be less than 4.3 million square kilometres,2012-06-19,,,,50.0,344,0,95.0,19.0
758776,SEP12.ICE.EXTENT.<4.3m,Arctic sea ice extent for Sep 2012 to be less than 4.3 million square kilometres,2012-06-20,,,,50.0,344,0,95.0,19.0
758776,SEP12.ICE.EXTENT.<4.3m,Arctic sea ice extent for Sep 2012 to be less than 4.3 million square kilometres,2012-06-21,48.7,48.7,48.7,48.7,345,1,95.0,19.0
758776,SEP12.ICE.EXTENT.<4.3m,Arctic sea ice extent for Sep 2012 to be less than 4.3 million square kilometres,2012-06-22,,,,48.7,345,0,95.0,19.0
758776,SEP12.ICE.EXTENT.<4.3m,Arctic sea ice extent for Sep 2012 to be less than 4.3 million square kilometres,2012-06-23,,,,48.7,345,0,95.0,19.0
758776,SEP12.ICE.EXTENT.<4.3m,Arctic sea ice extent for Sep 2012 to be less than 4.3 million square kilometres,2012-06-24,45.7,45.7,45.7,45.7,344,1,95.0,19.0
758776,SEP12.ICE.EXTENT.<4.3m,Arctic sea ice extent for Sep 2012 to be less than 4.3 million square kilometres,2012-06-25,45.6,45.6,44.6,44.6,354,10,95.0,19.0
758776,SEP12.ICE.EXTENT.<4.3m,Arctic sea ice extent for Sep 2012 to be less than 4.3 million square kilometres,2012-06-26,44.6,44.6,44.6,44.6,357,3,95.0,19.0
758776,SEP12.ICE.EXTENT.<4.3m,Arctic sea ice extent for Sep 2012 to be less than 4.3 million square kilometres,2012-06-27,,,,44.6,357,0,95.0,19.0
758776,SEP12.ICE.EXTENT.<4.3m,Arctic sea ice extent for Sep 2012 to be less than 4.3 million square kilometres,2012-06-28,37.4,50.0,37.4,50.0,470,124,95.0,19.0
758776,SEP12.ICE.EXTENT.<4.3m,Arctic sea ice extent for Sep 2012 to be less than 4.3 million square kilometres,2012-06-29,40.0,49.9,40.0,49.9,476,6,95.0,19.0
758776,SEP12.ICE.EXTENT.<4.3m,Arctic sea ice extent for Sep 2012 to be less than 4.3 million square kilometres,2012-06-30,,,,49.9,476,0,95.0,19.0
758776,SEP12.ICE.EXTENT.<4.3m,Arctic sea ice extent for Sep 2012 to be less than 4.3 million square kilometres,2012-07-01,35.1,35.1,35.1,35.1,476,1,95.0,19.0
758776,SEP12.ICE.EXTENT.<4.3m,Arctic sea ice extent for Sep 2012 to be less than 4.3 million square kilometres,2012-07-02,,,,35.1,476,0,95.0,19.0
758776,SEP12.ICE.EXTENT.<4.3m,Arctic sea ice extent for Sep 2012 to be less than 4.3 million square kilometres,2012-07-03,46.0,46.0,45.2,45.2,486,16,95.0,19.0
758776,SEP12.ICE.EXTENT.<4.3m,Arctic sea ice extent for Sep 2012 to be less than 4.3 million square kilometres,2012-07-04,45.3,45.3,44.9,44.9,494,22,95.0,19.0
758776,SEP12.ICE.EXTENT.<4.3m,Arctic sea ice extent for Sep 2012 to be less than 4.3 million square kilometres,2012-07-05,37.6,37.6,34.4,34.5,509,25,95.0,19.0
758776,SEP12.ICE.EXTENT.<4.3m,Arctic sea ice extent for Sep 2012 to be less than 4.3 million square kilometres,2012-07-06,39.5,39.5,39.5,39.5,531,22,95.0,19.0
758776,SEP12.ICE.EXTENT.<4.3m,Arctic sea ice extent for Sep 2012 to be less than 4.3 million square kilometres,2012-07-07,39.0,39.0,39.0,39.0,546,15,95.0,19.0
758776,SEP12.ICE.EXTENT.<4.3m,Arctic sea ice extent for Sep 2012 to be less than 4.3 million square kilometres,2012-07-08,,,,39.0,546,0,95.0,19.0
758776,SEP12.ICE.EXTENT.<4.3m,Arctic sea ice extent for Sep 2012 to be less than 4.3 million square kilometres,2012-07-09,39.8,39.8,39.8,39.8,549,3,95.0,19.0
758776,SEP12.ICE.EXTENT.<4.3m,Arctic sea ice extent for Sep 2012 to be less than 4.3 million square kilometres,2012-07-10,39.6,39.7,39.6,39.7,546,4,95.0,19.0
758776,SEP12.ICE.EXTENT.<4.3m,Arctic sea ice extent for Sep 2012 to be less than 4.3 million square kilometres,2012-07-11,,,,39.7,546,0,95.0,19.0
758776,SEP12.ICE.EXTENT.<4.3m,Arctic sea ice extent for Sep 2012 to be less than 4.3 million square kilometres,2012-07-12,39.7,40.0,39.7,40.0,552,6,95.0,19.0
758776,SEP12.ICE.EXTENT.<4.3m,Arctic sea ice extent for Sep 2012 to be less than 4.3 million square kilometres,2012-07-13,,,,40.0,552,0,95.0,19.0
758776,SEP12.ICE.EXTENT.<4.3m,Arctic sea ice extent for Sep 2012 to be less than 4.3 million square kilometres,2012-07-14,39.0,44.3,39.0,44.3,574,23,95.0,19.0
758776,SEP12.ICE.EXTENT.<4.3m,Arctic sea ice extent for Sep 2012 to be less than 4.3 million square kilometres,2012-07-15,38.1,38.1,37.1,37.1,585,11,95.0,19.0
758776,SEP12.ICE.EXTENT.<4.3m,Arctic sea ice extent for Sep 2012 to be less than 4.3 million square kilometres,2012-07-16,39.9,39.9,39.9,39.9,586,1,95.0,19.0
758776,SEP12.ICE.EXTENT.<4.3m,Arctic sea ice extent for Sep 2012 to be less than 4.3 million square kilometres,2012-07-17,39.7,42.9,39.7,42.9,608,33,95.0,19.0
758776,SEP12.ICE.EXTENT.<4.3m,Arctic sea ice extent for Sep 2012 to be less than 4.3 million square kilometres,2012-07-18,44.3,44.4,40.0,40.0,611,4,95.0,19.0
758776,SEP12.ICE.EXTENT.<4.3m,Arctic sea ice extent for Sep 2012 to be less than 4.3 million square kilometres,2012-07-19,37.2,37.2,37.0,37.0,622,11,95.0,19.0
758776,SEP12.ICE.EXTENT.<4.3m,Arctic sea ice extent for Sep 2012 to be less than 4.3 million square kilometres,2012-07-20,39.8,39.9,39.8,39.9,623,2,95.0,19.0
758776,SEP12.ICE.EXTENT.<4.3m,Arctic sea ice extent for Sep 2012 to be less than 4.3 million square kilometres,2012-07-21,35.3,39.9,32.5,39.9,649,27,95.0,19.0
758776,SEP12.ICE.EXTENT.<4.3m,Arctic sea ice extent for Sep 2012 to be less than 4.3 million square kilometres,2012-07-22,30.3,37.7,30.3,37.0,677,29,95.0,19.0
758776,SEP12.ICE.EXTENT.<4.3m,Arctic sea ice extent for Sep 2012 to be less than 4.3 million square kilometres,2012-07-23,31.5,31.5,31.5,31.5,685,8,95.0,19.0
758776,SEP12.ICE.EXTENT.<4.3m,Arctic sea ice extent for Sep 2012 to be less than 4.3 million square kilometres,2012-07-24,,,,31.5,685,0,95.0,19.0
758776,SEP12.ICE.EXTENT.<4.3m,Arctic sea ice extent for Sep 2012 to be less than 4.3 million square kilometres,2012-07-25,,,,31.5,685,0,95.0,19.0
758776,SEP12.ICE.EXTENT.<4.3m,Arctic sea ice extent for Sep 2012 to be less than 4.3 million square kilometres,2012-07-26,,,,31.5,685,0,95.0,19.0
758776,SEP12.ICE.EXTENT.<4.3m,Arctic sea ice extent for Sep 2012 to be less than 4.3 million square kilometres,2012-07-27,,,,31.5,685,0,95.0,19.0
758776,SEP12.ICE.EXTENT.<4.3m,Arctic sea ice extent for Sep 2012 to be less than 4.3 million square kilometres,2012-07-28,,,,31.5,685,0,95.0,19.0
758776,SEP12.ICE.EXTENT.<4.3m,Arctic sea ice extent for Sep 2012 to be less than 4.3 million square kilometres,2012-07-29,,,,31.5,685,0,95.0,19.0
758776,SEP12.ICE.EXTENT.<4.3m,Arctic sea ice extent for Sep 2012 to be less than 4.3 million square kilometres,2012-07-30,34.9,35.8,34.8,34.8,682,30,95.0,19.0
758776,SEP12.ICE.EXTENT.<4.3m,Arctic sea ice extent for Sep 2012 to be less than 4.3 million square kilometres,2012-07-31,34.7,34.7,34.7,34.7,681,1,95.0,19.0
758776,SEP12.ICE.EXTENT.<4.3m,Arctic sea ice extent for Sep 2012 to be less than 4.3 million square kilometres,2012-08-01,33.6,33.9,33.6,33.6,677,4,95.0,19.0
758776,SEP12.ICE.EXTENT.<4.3m,Arctic sea ice extent for Sep 2012 to be less than 4.3 million square kilometres,2012-08-02,31.0,31.0,30.0,30.0,689,12,95.0,19.0
758776,SEP12.ICE.EXTENT.<4.3m,Arctic sea ice extent for Sep 2012 to be less than 4.3 million square kilometres,2012-08-03,,,,30.0,689,0,95.0,19.0
758776,SEP12.ICE.EXTENT.<4.3m,Arctic sea ice extent for Sep 2012 to be less than 4.3 million square kilometres,2012-08-04,,,,30.0,689,0,95.0,19.0
758776,SEP12.ICE.EXTENT.<4.3m,Arctic sea ice extent for Sep 2012 to be less than 4.3 million square kilometres,2012-08-05,36.3,37.8,36.3,37.8,692,13,95.0,19.0
758776,SEP12.ICE.EXTENT.<4.3m,Arctic sea ice extent for Sep 2012 to be less than 4.3 million square kilometres,2012-08-06,38.8,49.9,38.8,49.8,740,59,95.0,19.0
758776,SEP12.ICE.EXTENT.<4.3m,Arctic sea ice extent for Sep 2012 to be less than 4.3 million square kilometres,2012-08-07,49.8,49.8,49.8,49.8,748,14,95.0,19.0
758776,SEP12.ICE.EXTENT.<4.3m,Arctic sea ice extent for Sep 2012 to be less than 4.3 million square kilometres,2012-08-08,,,,49.8,748,0,95.0,19.0
758776,SEP12.ICE.EXTENT.<4.3m,Arctic sea ice extent for Sep 2012 to be less than 4.3 million square kilometres,2012-08-09,49.8,49.8,49.8,49.8,750,2,95.0,19.0
758776,SEP12.ICE.EXTENT.<4.3m,Arctic sea ice extent for Sep 2012 to be less than 4.3 million square kilometres,2012-08-10,50.0,60.0,49.8,60.0,783,34,95.0,19.0
758776,SEP12.ICE.EXTENT.<4.3m,Arctic sea ice extent for Sep 2012 to be less than 4.3 million square kilometres,2012-08-11,60.1,60.1,60.0,60.0,794,11,95.0,19.0
758776,SEP12.ICE.EXTENT.<4.3m,Arctic sea ice extent for Sep 2012 to be less than 4.3 million square kilometres,2012-08-12,69.9,70.0,69.9,70.0,815,22,95.0,19.0
758776,SEP12.ICE.EXTENT.<4.3m,Arctic sea ice extent for Sep 2012 to be less than 4.3 million square kilometres,2012-08-13,70.0,70.0,69.9,69.9,822,16,95.0,19.0
758776,SEP12.ICE.EXTENT.<4.3m,Arctic sea ice extent for Sep 2012 to be less than 4.3 million square kilometres,2012-08-14,70.0,70.0,70.0,70.0,831,9,95.0,19.0
758776,SEP12.ICE.EXTENT.<4.3m,Arctic sea ice extent for Sep 2012 to be less than 4.3 million square kilometres,2012-08-15,69.9,69.9,67.5,67.5,833,8,95.0,19.0
758776,SEP12.ICE.EXTENT.<4.3m,Arctic sea ice extent for Sep 2012 to be less than 4.3 million square kilometres,2012-08-16,69.9,69.9,60.0,60.0,830,85,95.0,19.0
758776,SEP12.ICE.EXTENT.<4.3m,Arctic sea ice extent for Sep 2012 to be less than 4.3 million square kilometres,2012-08-17,70.0,71.9,70.0,71.9,885,57,95.0,19.0
758776,SEP12.ICE.EXTENT.<4.3m,Arctic sea ice extent for Sep 2012 to be less than 4.3 million square kilometres,2012-08-18,71.9,87.5,71.9,87.5,807,162,95.0,19.0
758776,SEP12.ICE.EXTENT.<4.3m,Arctic sea ice extent for Sep 2012 to be less than 4.3 million square kilometres,2012-08-19,86.6,90.0,86.6,90.0,822,20,95.0,19.0
758776,SEP12.ICE.EXTENT.<4.3m,Arctic sea ice extent for Sep 2012 to be less than 4.3 million square kilometres,2012-08-20,,,,90.0,822,0,95.0,19.0
758776,SEP12.ICE.EXTENT.<4.3m,Arctic sea ice extent for Sep 2012 to be less than 4.3 million square kilometres,2012-08-21,90.0,90.0,90.0,90.0,823,1,95.0,19.0
758776,SEP12.ICE.EXTENT.<4.3m,Arctic sea ice extent for Sep 2012 to be less than 4.3 million square kilometres,2012-08-22,,,,90.0,823,0,95.0,19.0
758776,SEP12.ICE.EXTENT.<4.3m,Arctic sea ice extent for Sep 2012 to be less than 4.3 million square kilometres,2012-08-23,92.5,92.5,92.5,92.5,824,1,95.0,19.0
758776,SEP12.ICE.EXTENT.<4.3m,Arctic sea ice extent for Sep 2012 to be less than 4.3 million square kilometres,2012-08-24,94.8,94.9,94.8,94.9,849,25,95.0,19.0
758776,SEP12.ICE.EXTENT.<4.3m,Arctic sea ice extent for Sep 2012 to be less than 4.3 million square kilometres,2012-08-25,91.1,96.0,91.1,95.8,865,20,96.0,19.0
758776,SEP12.ICE.EXTENT.<4.3m,Arctic sea ice extent for Sep 2012 to be less than 4.3 million square kilometres,2012-08-26,95.8,95.8,95.8,95.8,866,1,96.0,19.0
758776,SEP12.ICE.EXTENT.<4.3m,Arctic sea ice extent for Sep 2012 to be less than 4.3 million square kilometres,2012-08-27,95.0,96.9,95.0,96.9,891,36,96.9,19.0
758776,SEP12.ICE.EXTENT.<4.3m,Arctic sea ice extent for Sep 2012 to be less than 4.3 million square kilometres,2012-08-28,97.1,98.5,97.1,98.5,922,35,98.5,19.0
758776,SEP12.ICE.EXTENT.<4.3m,Arctic sea ice extent for Sep 2012 to be less than 4.3 million square kilometres,2012-08-29,98.1,98.1,96.0,96.0,919,15,98.5,19.0
758776,SEP12.ICE.EXTENT.<4.3m,Arctic sea ice extent for Sep 2012 to be less than 4.3 million square kilometres,2012-08-30,,,,96.0,919,0,98.5,19.0
758776,SEP12.ICE.EXTENT.<4.3m,Arctic sea ice extent for Sep 2012 to be less than 4.3 million square kilometres,2012-08-31,94.1,98.3,94.1,98.3,919,40,98.5,19.0
758776,SEP12.ICE.EXTENT.<4.3m,Arctic sea ice extent for Sep 2012 to be less than 4.3 million square kilometres,2012-09-01,98.5,98.5,93.1,93.1,926,15,98.5,19.0
758776,SEP12.ICE.EXTENT.<4.3m,Arctic sea ice extent for Sep 2012 to be less than 4.3 million square kilometres,2012-09-02,97.5,98.5,93.1,98.5,933,9,98.5,19.0
758776,SEP12.ICE.EXTENT.<4.3m,Arctic sea ice extent for Sep 2012 to be less than 4.3 million square kilometres,2012-09-03,98.5,98.9,98.5,98.9,945,13,98.9,19.0
758776,SEP12.ICE.EXTENT.<4.3m,Arctic sea ice extent for Sep 2012 to be less than 4.3 million square kilometres,2012-09-04,,,,98.9,945,0,98.9,19.0
758776,SEP12.ICE.EXTENT.<4.3m,Arctic sea ice extent for Sep 2012 to be less than 4.3 million square kilometres,2012-09-05,,,,98.9,945,0,98.9,19.0
758776,SEP12.ICE.EXTENT.<4.3m,Arctic sea ice extent for Sep 2012 to be less than 4.3 million square kilometres,2012-09-06,99.1,99.1,98.0,99.0,944,23,99.1,19.0
758776,SEP12.ICE.EXTENT.<4.3m,Arctic sea ice extent for Sep 2012 to be less than 4.3 million square kilometres,2012-09-07,99.0,99.0,98.8,98.8,938,18,99.1,19.0
758776,SEP12.ICE.EXTENT.<4.3m,Arctic sea ice extent for Sep 2012 to be less than 4.3 million square kilometres,2012-09-08,99.4,99.7,99.4,99.7,938,2,99.7,19.0
758776,SEP12.ICE.EXTENT.<4.3m,Arctic sea ice extent for Sep 2012 to be less than 4.3 million square kilometres,2012-09-09,99.4,99.4,99.4,99.4,938,1,99.7,19.0
758776,SEP12.ICE.EXTENT.<4.3m,Arctic sea ice extent for Sep 2012 to be less than 4.3 million square kilometres,2012-09-10,99.8,99.8,99.5,99.5,936,10,99.8,19.0
758776,SEP12.ICE.EXTENT.<4.3m,Arctic sea ice extent for Sep 2012 to be less than 4.3 million square kilometres,2012-09-11,99.5,99.5,99.5,99.5,934,2,99.8,19.0
758776,SEP12.ICE.EXTENT.<4.3m,Arctic sea ice extent for Sep 2012 to be less than 4.3 million square kilometres,2012-09-12,99.6,99.6,99.6,99.6,927,10,99.8,19.0
758776,SEP12.ICE.EXTENT.<4.3m,Arctic sea ice extent for Sep 2012 to be less than 4.3 million square kilometres,2012-09-13,,,,99.6,927,0,99.8,19.0
758776,SEP12.ICE.EXTENT.<4.3m,Arctic sea ice extent for Sep 2012 to be less than 4.3 million square kilometres,2012-09-14,99.6,99.6,99.5,99.5,925,20,99.8,19.0
758776,SEP12.ICE.EXTENT.<4.3m,Arctic sea ice extent for Sep 2012 to be less than 4.3 million square kilometres,2012-09-15,99.6,99.9,99.5,99.5,794,152,99.9,19.0
758776,SEP12.ICE.EXTENT.<4.3m,Arctic sea ice extent for Sep 2012 to be less than 4.3 million square kilometres,2012-09-16,99.9,99.9,99.9,99.9,794,14,99.9,19.0
758776,SEP12.ICE.EXTENT.<4.3m,Arctic sea ice extent for Sep 2012 to be less than 4.3 million square kilometres,2012-09-17,99.9,99.9,99.9,99.9,794,1,99.9,19.0
758776,SEP12.ICE.EXTENT.<4.3m,Arctic sea ice extent for Sep 2012 to be less than 4.3 million square kilometres,2012-09-18,,,,99.9,794,0,99.9,19.0
758776,SEP12.ICE.EXTENT.<4.3m,Arctic sea ice extent for Sep 2012 to be less than 4.3 million square kilometres,2012-09-19,99.6,99.6,99.6,99.6,793,21,99.9,19.0
758776,SEP12.ICE.EXTENT.<4.3m,Arctic sea ice extent for Sep 2012 to be less than 4.3 million square kilometres,2012-09-20,99.9,99.9,99.9,99.9,793,2,99.9,19.0
758776,SEP12.ICE.EXTENT.<4.3m,Arctic sea ice extent for Sep 2012 to be less than 4.3 million square kilometres,2012-09-21,,,,99.9,793,0,99.9,19.0
758776,SEP12.ICE.EXTENT.<4.3m,Arctic sea ice extent for Sep 2012 to be less than 4.3 million square kilometres,2012-09-22,,,,99.9,793,0,99.9,19.0
758776,SEP12.ICE.EXTENT.<4.3m,Arctic sea ice extent for Sep 2012 to be less than 4.3 million square kilometres,2012-09-23,99.6,99.6,99.6,99.6,792,1,99.9,19.0
758776,SEP12.ICE.EXTENT.<4.3m,Arctic sea ice extent for Sep 2012 to be less than 4.3 million square kilometres,2012-09-24,,,,99.6,792,0,99.9,19.0
758776,SEP12.ICE.EXTENT.<4.3m,Arctic sea ice extent for Sep 2012 to be less than 4.3 million square kilometres,2012-09-25,,,,99.6,792,0,99.9,19.0
758776,SEP12.ICE.EXTENT.<4.3m,Arctic sea ice extent for Sep 2012 to be less than 4.3 million square kilometres,2012-09-26,,,,99.6,792,0,99.9,19.0
758776,SEP12.ICE.EXTENT.<4.3m,Arctic sea ice extent for Sep 2012 to be less than 4.3 million square kilometres,2012-09-27,,,,99.6,792,0,99.9,19.0
758776,SEP12.ICE.EXTENT.<4.3m,Arctic sea ice extent for Sep 2012 to be less than 4.3 million square kilometres,2012-09-28,98.6,98.6,98.6,98.6,791,1,99.9,19.0
758776,SEP12.ICE.EXTENT.<4.3m,Arctic sea ice extent for Sep 2012 to be less than 4.3 million square kilometres,2012-09-29,,,,98.6,791,0,99.9,19.0
758776,SEP12.ICE.EXTENT.<4.3m,Arctic sea ice extent for Sep 2012 to be less than 4.3 million square kilometres,2012-09-30,,,,98.6,791,0,99.9,19.0
