market id,market symbol,market name,trade quantity,trade price,date/time [utc]
744206,MIN.ARCTIC.ICE:2011>2007,Minimum Arctic ice extent for 2011 to be greater than 2007,1,40.0,Dec/28/2010 15:42:01
744206,MIN.ARCTIC.ICE:2011>2007,Minimum Arctic ice extent for 2011 to be greater than 2007,36,39.9,Jan/02/2011 17:49:08
744206,MIN.ARCTIC.ICE:2011>2007,Minimum Arctic ice extent for 2011 to be greater than 2007,62,40.0,Jan/04/2011 00:21:53
744206,MIN.ARCTIC.ICE:2011>2007,Minimum Arctic ice extent for 2011 to be greater than 2007,188,40.0,Jan/04/2011 23:21:00
744206,MIN.ARCTIC.ICE:2011>2007,Minimum Arctic ice extent for 2011 to be greater than 2007,10,38.0,Jan/05/2011 13:27:52
744206,MIN.ARCTIC.ICE:2011>2007,Minimum Arctic ice extent for 2011 to be greater than 2007,50,40.0,Jan/06/2011 18:01:46
744206,MIN.ARCTIC.ICE:2011>2007,Minimum Arctic ice extent for 2011 to be greater than 2007,100,40.0,Jan/06/2011 18:09:18
744206,MIN.ARCTIC.ICE:2011>2007,Minimum Arctic ice extent for 2011 to be greater than 2007,25,40.0,Jan/06/2011 18:39:59
744206,MIN.ARCTIC.ICE:2011>2007,Minimum Arctic ice extent for 2011 to be greater than 2007,20,35.0,Jan/14/2011 12:52:52
744206,MIN.ARCTIC.ICE:2011>2007,Minimum Arctic ice extent for 2011 to be greater than 2007,12,35.0,Jan/14/2011 22:57:27
744206,MIN.ARCTIC.ICE:2011>2007,Minimum Arctic ice extent for 2011 to be greater than 2007,10,35.0,Jan/15/2011 16:58:25
744206,MIN.ARCTIC.ICE:2011>2007,Minimum Arctic ice extent for 2011 to be greater than 2007,10,35.0,Jan/15/2011 16:59:14
744206,MIN.ARCTIC.ICE:2011>2007,Minimum Arctic ice extent for 2011 to be greater than 2007,4,32.0,Jan/21/2011 06:44:10
744206,MIN.ARCTIC.ICE:2011>2007,Minimum Arctic ice extent for 2011 to be greater than 2007,38,35.0,Jan/21/2011 20:19:44
744206,MIN.ARCTIC.ICE:2011>2007,Minimum Arctic ice extent for 2011 to be greater than 2007,2,35.0,Jan/22/2011 14:26:47
744206,MIN.ARCTIC.ICE:2011>2007,Minimum Arctic ice extent for 2011 to be greater than 2007,2,35.0,Jan/22/2011 14:27:50
744206,MIN.ARCTIC.ICE:2011>2007,Minimum Arctic ice extent for 2011 to be greater than 2007,5,35.1,Jan/24/2011 07:12:33
744206,MIN.ARCTIC.ICE:2011>2007,Minimum Arctic ice extent for 2011 to be greater than 2007,58,35.0,Jan/24/2011 07:12:49
744206,MIN.ARCTIC.ICE:2011>2007,Minimum Arctic ice extent for 2011 to be greater than 2007,36,32.0,Jan/24/2011 07:13:11
744206,MIN.ARCTIC.ICE:2011>2007,Minimum Arctic ice extent for 2011 to be greater than 2007,20,33.0,Jan/27/2011 18:59:15
744206,MIN.ARCTIC.ICE:2011>2007,Minimum Arctic ice extent for 2011 to be greater than 2007,249,39.0,Jan/30/2011 11:59:11
744206,MIN.ARCTIC.ICE:2011>2007,Minimum Arctic ice extent for 2011 to be greater than 2007,1,43.8,Feb/04/2011 00:33:43
744206,MIN.ARCTIC.ICE:2011>2007,Minimum Arctic ice extent for 2011 to be greater than 2007,2,35.1,Feb/08/2011 21:09:27
744206,MIN.ARCTIC.ICE:2011>2007,Minimum Arctic ice extent for 2011 to be greater than 2007,5,35.0,Feb/08/2011 21:09:27
744206,MIN.ARCTIC.ICE:2011>2007,Minimum Arctic ice extent for 2011 to be greater than 2007,8,32.0,Feb/08/2011 21:20:58
744206,MIN.ARCTIC.ICE:2011>2007,Minimum Arctic ice extent for 2011 to be greater than 2007,96,38.0,Feb/09/2011 05:51:40
744206,MIN.ARCTIC.ICE:2011>2007,Minimum Arctic ice extent for 2011 to be greater than 2007,4,37.9,Feb/09/2011 05:51:40
744206,MIN.ARCTIC.ICE:2011>2007,Minimum Arctic ice extent for 2011 to be greater than 2007,10,35.0,Feb/10/2011 00:12:07
744206,MIN.ARCTIC.ICE:2011>2007,Minimum Arctic ice extent for 2011 to be greater than 2007,10,37.0,Feb/10/2011 17:19:34
744206,MIN.ARCTIC.ICE:2011>2007,Minimum Arctic ice extent for 2011 to be greater than 2007,10,38.0,Feb/10/2011 18:58:34
744206,MIN.ARCTIC.ICE:2011>2007,Minimum Arctic ice extent for 2011 to be greater than 2007,9,33.0,Feb/11/2011 00:08:23
744206,MIN.ARCTIC.ICE:2011>2007,Minimum Arctic ice extent for 2011 to be greater than 2007,1,34.0,Feb/11/2011 12:52:43
744206,MIN.ARCTIC.ICE:2011>2007,Minimum Arctic ice extent for 2011 to be greater than 2007,1,38.0,Feb/15/2011 00:38:13
744206,MIN.ARCTIC.ICE:2011>2007,Minimum Arctic ice extent for 2011 to be greater than 2007,10,38.0,Feb/15/2011 06:08:13
744206,MIN.ARCTIC.ICE:2011>2007,Minimum Arctic ice extent for 2011 to be greater than 2007,10,38.0,Feb/16/2011 15:53:55
744206,MIN.ARCTIC.ICE:2011>2007,Minimum Arctic ice extent for 2011 to be greater than 2007,10,38.0,Feb/17/2011 02:24:51
744206,MIN.ARCTIC.ICE:2011>2007,Minimum Arctic ice extent for 2011 to be greater than 2007,1,44.0,Feb/18/2011 00:44:28
744206,MIN.ARCTIC.ICE:2011>2007,Minimum Arctic ice extent for 2011 to be greater than 2007,5,45.0,Feb/18/2011 00:44:35
744206,MIN.ARCTIC.ICE:2011>2007,Minimum Arctic ice extent for 2011 to be greater than 2007,1,52.0,Feb/19/2011 00:56:42
744206,MIN.ARCTIC.ICE:2011>2007,Minimum Arctic ice extent for 2011 to be greater than 2007,5,52.0,Feb/19/2011 05:35:21
744206,MIN.ARCTIC.ICE:2011>2007,Minimum Arctic ice extent for 2011 to be greater than 2007,10,51.0,Feb/19/2011 19:03:44
744206,MIN.ARCTIC.ICE:2011>2007,Minimum Arctic ice extent for 2011 to be greater than 2007,10,50.0,Feb/20/2011 16:22:38
744206,MIN.ARCTIC.ICE:2011>2007,Minimum Arctic ice extent for 2011 to be greater than 2007,10,49.0,Feb/21/2011 01:23:02
744206,MIN.ARCTIC.ICE:2011>2007,Minimum Arctic ice extent for 2011 to be greater than 2007,5,48.0,Feb/21/2011 03:09:31
744206,MIN.ARCTIC.ICE:2011>2007,Minimum Arctic ice extent for 2011 to be greater than 2007,5,48.0,Feb/21/2011 14:54:21
744206,MIN.ARCTIC.ICE:2011>2007,Minimum Arctic ice extent for 2011 to be greater than 2007,5,48.0,Feb/21/2011 14:54:21
744206,MIN.ARCTIC.ICE:2011>2007,Minimum Arctic ice extent for 2011 to be greater than 2007,5,48.0,Feb/21/2011 22:35:41
744206,MIN.ARCTIC.ICE:2011>2007,Minimum Arctic ice extent for 2011 to be greater than 2007,5,48.0,Feb/21/2011 22:48:26
744206,MIN.ARCTIC.ICE:2011>2007,Minimum Arctic ice extent for 2011 to be greater than 2007,10,47.0,Feb/21/2011 22:55:22
744206,MIN.ARCTIC.ICE:2011>2007,Minimum Arctic ice extent for 2011 to be greater than 2007,10,46.0,Feb/21/2011 22:55:42
744206,MIN.ARCTIC.ICE:2011>2007,Minimum Arctic ice extent for 2011 to be greater than 2007,10,45.0,Feb/22/2011 16:15:57
744206,MIN.ARCTIC.ICE:2011>2007,Minimum Arctic ice extent for 2011 to be greater than 2007,1,45.1,Feb/22/2011 16:15:57
744206,MIN.ARCTIC.ICE:2011>2007,Minimum Arctic ice extent for 2011 to be greater than 2007,1,45.0,Feb/23/2011 01:16:23
744206,MIN.ARCTIC.ICE:2011>2007,Minimum Arctic ice extent for 2011 to be greater than 2007,5,41.0,Feb/25/2011 15:52:52
744206,MIN.ARCTIC.ICE:2011>2007,Minimum Arctic ice extent for 2011 to be greater than 2007,5,41.0,Feb/25/2011 22:37:12
744206,MIN.ARCTIC.ICE:2011>2007,Minimum Arctic ice extent for 2011 to be greater than 2007,5,41.0,Feb/26/2011 14:11:46
744206,MIN.ARCTIC.ICE:2011>2007,Minimum Arctic ice extent for 2011 to be greater than 2007,4,41.0,Feb/26/2011 16:24:27
744206,MIN.ARCTIC.ICE:2011>2007,Minimum Arctic ice extent for 2011 to be greater than 2007,5,41.0,Feb/26/2011 23:02:58
744206,MIN.ARCTIC.ICE:2011>2007,Minimum Arctic ice extent for 2011 to be greater than 2007,5,41.0,Feb/27/2011 01:12:26
744206,MIN.ARCTIC.ICE:2011>2007,Minimum Arctic ice extent for 2011 to be greater than 2007,10,42.0,Feb/27/2011 03:21:34
744206,MIN.ARCTIC.ICE:2011>2007,Minimum Arctic ice extent for 2011 to be greater than 2007,7,42.0,Feb/27/2011 04:07:53
744206,MIN.ARCTIC.ICE:2011>2007,Minimum Arctic ice extent for 2011 to be greater than 2007,4,41.5,Feb/27/2011 10:39:17
744206,MIN.ARCTIC.ICE:2011>2007,Minimum Arctic ice extent for 2011 to be greater than 2007,5,38.0,Feb/27/2011 11:53:23
744206,MIN.ARCTIC.ICE:2011>2007,Minimum Arctic ice extent for 2011 to be greater than 2007,4,41.5,Feb/27/2011 23:40:16
744206,MIN.ARCTIC.ICE:2011>2007,Minimum Arctic ice extent for 2011 to be greater than 2007,9,42.0,Feb/27/2011 23:40:56
744206,MIN.ARCTIC.ICE:2011>2007,Minimum Arctic ice extent for 2011 to be greater than 2007,2,42.0,Feb/27/2011 23:41:26
744206,MIN.ARCTIC.ICE:2011>2007,Minimum Arctic ice extent for 2011 to be greater than 2007,14,42.0,Feb/28/2011 03:05:28
744206,MIN.ARCTIC.ICE:2011>2007,Minimum Arctic ice extent for 2011 to be greater than 2007,10,42.0,Feb/28/2011 11:50:39
744206,MIN.ARCTIC.ICE:2011>2007,Minimum Arctic ice extent for 2011 to be greater than 2007,10,43.0,Feb/28/2011 12:08:24
744206,MIN.ARCTIC.ICE:2011>2007,Minimum Arctic ice extent for 2011 to be greater than 2007,25,43.0,Feb/28/2011 12:20:08
744206,MIN.ARCTIC.ICE:2011>2007,Minimum Arctic ice extent for 2011 to be greater than 2007,10,42.0,Feb/28/2011 14:09:55
744206,MIN.ARCTIC.ICE:2011>2007,Minimum Arctic ice extent for 2011 to be greater than 2007,8,41.5,Feb/28/2011 18:15:45
744206,MIN.ARCTIC.ICE:2011>2007,Minimum Arctic ice extent for 2011 to be greater than 2007,10,42.5,Feb/28/2011 19:16:10
744206,MIN.ARCTIC.ICE:2011>2007,Minimum Arctic ice extent for 2011 to be greater than 2007,10,42.5,Feb/28/2011 21:23:10
744206,MIN.ARCTIC.ICE:2011>2007,Minimum Arctic ice extent for 2011 to be greater than 2007,10,42.5,Feb/28/2011 21:25:35
744206,MIN.ARCTIC.ICE:2011>2007,Minimum Arctic ice extent for 2011 to be greater than 2007,12,42.5,Feb/28/2011 23:30:20
744206,MIN.ARCTIC.ICE:2011>2007,Minimum Arctic ice extent for 2011 to be greater than 2007,1,41.5,Mar/01/2011 20:37:08
744206,MIN.ARCTIC.ICE:2011>2007,Minimum Arctic ice extent for 2011 to be greater than 2007,10,42.0,Mar/01/2011 22:08:56
744206,MIN.ARCTIC.ICE:2011>2007,Minimum Arctic ice extent for 2011 to be greater than 2007,10,42.0,Mar/02/2011 13:59:40
744206,MIN.ARCTIC.ICE:2011>2007,Minimum Arctic ice extent for 2011 to be greater than 2007,5,42.5,Mar/02/2011 20:12:58
744206,MIN.ARCTIC.ICE:2011>2007,Minimum Arctic ice extent for 2011 to be greater than 2007,5,42.5,Mar/02/2011 20:14:07
744206,MIN.ARCTIC.ICE:2011>2007,Minimum Arctic ice extent for 2011 to be greater than 2007,10,40.0,Mar/02/2011 21:02:18
744206,MIN.ARCTIC.ICE:2011>2007,Minimum Arctic ice extent for 2011 to be greater than 2007,1,41.0,Mar/02/2011 21:02:18
744206,MIN.ARCTIC.ICE:2011>2007,Minimum Arctic ice extent for 2011 to be greater than 2007,9,41.0,Mar/02/2011 21:02:18
744206,MIN.ARCTIC.ICE:2011>2007,Minimum Arctic ice extent for 2011 to be greater than 2007,10,39.0,Mar/03/2011 12:53:40
744206,MIN.ARCTIC.ICE:2011>2007,Minimum Arctic ice extent for 2011 to be greater than 2007,5,39.0,Mar/03/2011 15:35:28
744206,MIN.ARCTIC.ICE:2011>2007,Minimum Arctic ice extent for 2011 to be greater than 2007,5,38.0,Mar/04/2011 04:19:45
744206,MIN.ARCTIC.ICE:2011>2007,Minimum Arctic ice extent for 2011 to be greater than 2007,10,39.0,Mar/06/2011 05:38:18
744206,MIN.ARCTIC.ICE:2011>2007,Minimum Arctic ice extent for 2011 to be greater than 2007,9,42.0,Mar/08/2011 14:58:33
744206,MIN.ARCTIC.ICE:2011>2007,Minimum Arctic ice extent for 2011 to be greater than 2007,1,42.0,Mar/08/2011 14:59:23
744206,MIN.ARCTIC.ICE:2011>2007,Minimum Arctic ice extent for 2011 to be greater than 2007,6,42.5,Mar/10/2011 01:19:19
744206,MIN.ARCTIC.ICE:2011>2007,Minimum Arctic ice extent for 2011 to be greater than 2007,4,42.5,Mar/11/2011 03:28:19
744206,MIN.ARCTIC.ICE:2011>2007,Minimum Arctic ice extent for 2011 to be greater than 2007,6,42.5,Mar/11/2011 03:28:19
744206,MIN.ARCTIC.ICE:2011>2007,Minimum Arctic ice extent for 2011 to be greater than 2007,5,41.0,Mar/11/2011 23:15:11
744206,MIN.ARCTIC.ICE:2011>2007,Minimum Arctic ice extent for 2011 to be greater than 2007,10,41.0,Mar/13/2011 14:40:12
744206,MIN.ARCTIC.ICE:2011>2007,Minimum Arctic ice extent for 2011 to be greater than 2007,50,42.5,Mar/15/2011 02:46:09
744206,MIN.ARCTIC.ICE:2011>2007,Minimum Arctic ice extent for 2011 to be greater than 2007,30,43.0,Mar/15/2011 14:17:02
744206,MIN.ARCTIC.ICE:2011>2007,Minimum Arctic ice extent for 2011 to be greater than 2007,10,46.0,Mar/21/2011 18:01:20
744206,MIN.ARCTIC.ICE:2011>2007,Minimum Arctic ice extent for 2011 to be greater than 2007,20,44.0,Mar/22/2011 19:43:46
744206,MIN.ARCTIC.ICE:2011>2007,Minimum Arctic ice extent for 2011 to be greater than 2007,5,43.0,Mar/22/2011 23:32:33
744206,MIN.ARCTIC.ICE:2011>2007,Minimum Arctic ice extent for 2011 to be greater than 2007,10,42.0,Mar/22/2011 23:58:46
744206,MIN.ARCTIC.ICE:2011>2007,Minimum Arctic ice extent for 2011 to be greater than 2007,3,41.0,Mar/23/2011 16:09:33
744206,MIN.ARCTIC.ICE:2011>2007,Minimum Arctic ice extent for 2011 to be greater than 2007,2,41.0,Mar/23/2011 16:09:33
744206,MIN.ARCTIC.ICE:2011>2007,Minimum Arctic ice extent for 2011 to be greater than 2007,5,41.0,Mar/23/2011 16:09:33
744206,MIN.ARCTIC.ICE:2011>2007,Minimum Arctic ice extent for 2011 to be greater than 2007,5,40.0,Mar/24/2011 17:07:10
744206,MIN.ARCTIC.ICE:2011>2007,Minimum Arctic ice extent for 2011 to be greater than 2007,30,40.0,Mar/24/2011 17:19:36
744206,MIN.ARCTIC.ICE:2011>2007,Minimum Arctic ice extent for 2011 to be greater than 2007,5,40.0,Mar/25/2011 14:42:06
744206,MIN.ARCTIC.ICE:2011>2007,Minimum Arctic ice extent for 2011 to be greater than 2007,5,40.0,Mar/25/2011 14:42:06
744206,MIN.ARCTIC.ICE:2011>2007,Minimum Arctic ice extent for 2011 to be greater than 2007,14,41.0,Mar/25/2011 15:00:46
744206,MIN.ARCTIC.ICE:2011>2007,Minimum Arctic ice extent for 2011 to be greater than 2007,10,42.0,Mar/28/2011 02:18:47
744206,MIN.ARCTIC.ICE:2011>2007,Minimum Arctic ice extent for 2011 to be greater than 2007,1,42.0,Mar/29/2011 07:50:52
744206,MIN.ARCTIC.ICE:2011>2007,Minimum Arctic ice extent for 2011 to be greater than 2007,10,39.1,Mar/30/2011 02:29:51
744206,MIN.ARCTIC.ICE:2011>2007,Minimum Arctic ice extent for 2011 to be greater than 2007,1,41.0,Mar/30/2011 02:29:51
744206,MIN.ARCTIC.ICE:2011>2007,Minimum Arctic ice extent for 2011 to be greater than 2007,10,39.0,Mar/30/2011 02:29:51
744206,MIN.ARCTIC.ICE:2011>2007,Minimum Arctic ice extent for 2011 to be greater than 2007,5,39.0,Apr/01/2011 20:31:57
744206,MIN.ARCTIC.ICE:2011>2007,Minimum Arctic ice extent for 2011 to be greater than 2007,9,42.0,Apr/02/2011 02:04:59
744206,MIN.ARCTIC.ICE:2011>2007,Minimum Arctic ice extent for 2011 to be greater than 2007,1,41.9,Apr/02/2011 02:04:59
744206,MIN.ARCTIC.ICE:2011>2007,Minimum Arctic ice extent for 2011 to be greater than 2007,10,42.0,Apr/02/2011 02:05:56
744206,MIN.ARCTIC.ICE:2011>2007,Minimum Arctic ice extent for 2011 to be greater than 2007,1,41.0,Apr/02/2011 16:03:10
744206,MIN.ARCTIC.ICE:2011>2007,Minimum Arctic ice extent for 2011 to be greater than 2007,1,41.0,Apr/02/2011 16:03:36
744206,MIN.ARCTIC.ICE:2011>2007,Minimum Arctic ice extent for 2011 to be greater than 2007,10,39.5,Apr/05/2011 01:42:13
744206,MIN.ARCTIC.ICE:2011>2007,Minimum Arctic ice extent for 2011 to be greater than 2007,2,45.0,Apr/06/2011 16:22:47
744206,MIN.ARCTIC.ICE:2011>2007,Minimum Arctic ice extent for 2011 to be greater than 2007,2,43.0,Apr/06/2011 16:22:47
744206,MIN.ARCTIC.ICE:2011>2007,Minimum Arctic ice extent for 2011 to be greater than 2007,2,42.0,Apr/06/2011 16:22:47
744206,MIN.ARCTIC.ICE:2011>2007,Minimum Arctic ice extent for 2011 to be greater than 2007,15,41.0,Apr/06/2011 16:22:47
744206,MIN.ARCTIC.ICE:2011>2007,Minimum Arctic ice extent for 2011 to be greater than 2007,2,47.0,Apr/08/2011 03:21:57
744206,MIN.ARCTIC.ICE:2011>2007,Minimum Arctic ice extent for 2011 to be greater than 2007,1,47.8,Apr/08/2011 03:30:13
744206,MIN.ARCTIC.ICE:2011>2007,Minimum Arctic ice extent for 2011 to be greater than 2007,1,47.9,Apr/08/2011 03:30:24
744206,MIN.ARCTIC.ICE:2011>2007,Minimum Arctic ice extent for 2011 to be greater than 2007,5,48.0,Apr/08/2011 03:32:02
744206,MIN.ARCTIC.ICE:2011>2007,Minimum Arctic ice extent for 2011 to be greater than 2007,5,66.7,Apr/18/2011 15:51:19
744206,MIN.ARCTIC.ICE:2011>2007,Minimum Arctic ice extent for 2011 to be greater than 2007,1,74.0,Apr/18/2011 20:40:39
744206,MIN.ARCTIC.ICE:2011>2007,Minimum Arctic ice extent for 2011 to be greater than 2007,1,68.0,Apr/19/2011 02:59:59
744206,MIN.ARCTIC.ICE:2011>2007,Minimum Arctic ice extent for 2011 to be greater than 2007,5,69.0,Apr/19/2011 23:50:55
744206,MIN.ARCTIC.ICE:2011>2007,Minimum Arctic ice extent for 2011 to be greater than 2007,1,65.0,Apr/21/2011 19:53:37
744206,MIN.ARCTIC.ICE:2011>2007,Minimum Arctic ice extent for 2011 to be greater than 2007,1,64.0,Apr/24/2011 14:09:20
744206,MIN.ARCTIC.ICE:2011>2007,Minimum Arctic ice extent for 2011 to be greater than 2007,5,64.0,Apr/24/2011 14:15:24
744206,MIN.ARCTIC.ICE:2011>2007,Minimum Arctic ice extent for 2011 to be greater than 2007,2,64.0,Apr/24/2011 14:16:28
744206,MIN.ARCTIC.ICE:2011>2007,Minimum Arctic ice extent for 2011 to be greater than 2007,1,62.0,Apr/24/2011 23:27:26
744206,MIN.ARCTIC.ICE:2011>2007,Minimum Arctic ice extent for 2011 to be greater than 2007,50,50.0,Apr/30/2011 14:12:00
744206,MIN.ARCTIC.ICE:2011>2007,Minimum Arctic ice extent for 2011 to be greater than 2007,25,50.0,May/02/2011 23:36:03
744206,MIN.ARCTIC.ICE:2011>2007,Minimum Arctic ice extent for 2011 to be greater than 2007,2,49.8,May/03/2011 21:02:31
744206,MIN.ARCTIC.ICE:2011>2007,Minimum Arctic ice extent for 2011 to be greater than 2007,10,47.9,May/06/2011 00:18:12
744206,MIN.ARCTIC.ICE:2011>2007,Minimum Arctic ice extent for 2011 to be greater than 2007,30,45.0,May/10/2011 05:36:00
744206,MIN.ARCTIC.ICE:2011>2007,Minimum Arctic ice extent for 2011 to be greater than 2007,20,50.0,May/13/2011 03:12:43
744206,MIN.ARCTIC.ICE:2011>2007,Minimum Arctic ice extent for 2011 to be greater than 2007,1,44.0,May/15/2011 10:13:37
744206,MIN.ARCTIC.ICE:2011>2007,Minimum Arctic ice extent for 2011 to be greater than 2007,1,42.0,May/15/2011 10:14:48
744206,MIN.ARCTIC.ICE:2011>2007,Minimum Arctic ice extent for 2011 to be greater than 2007,1,20.0,May/15/2011 10:15:13
744206,MIN.ARCTIC.ICE:2011>2007,Minimum Arctic ice extent for 2011 to be greater than 2007,1,35.0,May/15/2011 15:36:20
744206,MIN.ARCTIC.ICE:2011>2007,Minimum Arctic ice extent for 2011 to be greater than 2007,1,31.0,May/15/2011 15:36:30
744206,MIN.ARCTIC.ICE:2011>2007,Minimum Arctic ice extent for 2011 to be greater than 2007,1,30.0,May/15/2011 15:36:40
744206,MIN.ARCTIC.ICE:2011>2007,Minimum Arctic ice extent for 2011 to be greater than 2007,1,31.0,May/15/2011 17:33:58
744206,MIN.ARCTIC.ICE:2011>2007,Minimum Arctic ice extent for 2011 to be greater than 2007,1,30.0,May/15/2011 17:34:53
744206,MIN.ARCTIC.ICE:2011>2007,Minimum Arctic ice extent for 2011 to be greater than 2007,4,30.0,May/15/2011 17:34:53
744206,MIN.ARCTIC.ICE:2011>2007,Minimum Arctic ice extent for 2011 to be greater than 2007,1,33.0,May/17/2011 09:20:28
744206,MIN.ARCTIC.ICE:2011>2007,Minimum Arctic ice extent for 2011 to be greater than 2007,4,33.0,May/17/2011 09:20:58
744206,MIN.ARCTIC.ICE:2011>2007,Minimum Arctic ice extent for 2011 to be greater than 2007,1,32.0,May/17/2011 09:21:16
744206,MIN.ARCTIC.ICE:2011>2007,Minimum Arctic ice extent for 2011 to be greater than 2007,6,32.0,May/17/2011 09:21:51
744206,MIN.ARCTIC.ICE:2011>2007,Minimum Arctic ice extent for 2011 to be greater than 2007,2,31.1,May/17/2011 09:23:16
744206,MIN.ARCTIC.ICE:2011>2007,Minimum Arctic ice extent for 2011 to be greater than 2007,1,32.0,May/17/2011 16:24:53
744206,MIN.ARCTIC.ICE:2011>2007,Minimum Arctic ice extent for 2011 to be greater than 2007,1,31.1,May/17/2011 16:31:13
744206,MIN.ARCTIC.ICE:2011>2007,Minimum Arctic ice extent for 2011 to be greater than 2007,1,31.1,May/17/2011 16:31:27
744206,MIN.ARCTIC.ICE:2011>2007,Minimum Arctic ice extent for 2011 to be greater than 2007,5,30.0,May/17/2011 16:32:04
744206,MIN.ARCTIC.ICE:2011>2007,Minimum Arctic ice extent for 2011 to be greater than 2007,3,34.0,May/19/2011 20:56:07
744206,MIN.ARCTIC.ICE:2011>2007,Minimum Arctic ice extent for 2011 to be greater than 2007,1,33.3,May/24/2011 21:07:48
744206,MIN.ARCTIC.ICE:2011>2007,Minimum Arctic ice extent for 2011 to be greater than 2007,10,38.0,May/26/2011 17:02:48
744206,MIN.ARCTIC.ICE:2011>2007,Minimum Arctic ice extent for 2011 to be greater than 2007,10,36.0,May/27/2011 01:08:37
744206,MIN.ARCTIC.ICE:2011>2007,Minimum Arctic ice extent for 2011 to be greater than 2007,10,35.0,May/27/2011 01:08:37
744206,MIN.ARCTIC.ICE:2011>2007,Minimum Arctic ice extent for 2011 to be greater than 2007,10,39.9,May/30/2011 19:52:21
744206,MIN.ARCTIC.ICE:2011>2007,Minimum Arctic ice extent for 2011 to be greater than 2007,5,39.9,May/30/2011 19:58:10
744206,MIN.ARCTIC.ICE:2011>2007,Minimum Arctic ice extent for 2011 to be greater than 2007,1,40.0,May/30/2011 19:58:18
744206,MIN.ARCTIC.ICE:2011>2007,Minimum Arctic ice extent for 2011 to be greater than 2007,5,40.0,May/31/2011 08:31:39
744206,MIN.ARCTIC.ICE:2011>2007,Minimum Arctic ice extent for 2011 to be greater than 2007,5,39.5,May/31/2011 08:31:39
744206,MIN.ARCTIC.ICE:2011>2007,Minimum Arctic ice extent for 2011 to be greater than 2007,5,38.0,May/31/2011 08:31:39
744206,MIN.ARCTIC.ICE:2011>2007,Minimum Arctic ice extent for 2011 to be greater than 2007,5,38.5,May/31/2011 08:31:39
744206,MIN.ARCTIC.ICE:2011>2007,Minimum Arctic ice extent for 2011 to be greater than 2007,5,39.0,May/31/2011 08:31:39
744206,MIN.ARCTIC.ICE:2011>2007,Minimum Arctic ice extent for 2011 to be greater than 2007,1,42.7,Jun/01/2011 22:25:04
744206,MIN.ARCTIC.ICE:2011>2007,Minimum Arctic ice extent for 2011 to be greater than 2007,25,50.0,Jun/02/2011 01:11:49
744206,MIN.ARCTIC.ICE:2011>2007,Minimum Arctic ice extent for 2011 to be greater than 2007,5,48.0,Jun/02/2011 01:11:49
744206,MIN.ARCTIC.ICE:2011>2007,Minimum Arctic ice extent for 2011 to be greater than 2007,1,47.9,Jun/02/2011 01:11:49
744206,MIN.ARCTIC.ICE:2011>2007,Minimum Arctic ice extent for 2011 to be greater than 2007,1,45.4,Jun/02/2011 01:11:49
744206,MIN.ARCTIC.ICE:2011>2007,Minimum Arctic ice extent for 2011 to be greater than 2007,10,50.0,Jun/02/2011 02:08:40
744206,MIN.ARCTIC.ICE:2011>2007,Minimum Arctic ice extent for 2011 to be greater than 2007,5,50.0,Jun/02/2011 03:28:43
744206,MIN.ARCTIC.ICE:2011>2007,Minimum Arctic ice extent for 2011 to be greater than 2007,40,50.0,Jun/04/2011 14:37:51
744206,MIN.ARCTIC.ICE:2011>2007,Minimum Arctic ice extent for 2011 to be greater than 2007,5,46.0,Jun/07/2011 14:19:07
744206,MIN.ARCTIC.ICE:2011>2007,Minimum Arctic ice extent for 2011 to be greater than 2007,5,50.0,Jun/08/2011 10:28:33
744206,MIN.ARCTIC.ICE:2011>2007,Minimum Arctic ice extent for 2011 to be greater than 2007,2,48.0,Jun/09/2011 13:27:19
744206,MIN.ARCTIC.ICE:2011>2007,Minimum Arctic ice extent for 2011 to be greater than 2007,2,48.0,Jun/09/2011 13:36:52
744206,MIN.ARCTIC.ICE:2011>2007,Minimum Arctic ice extent for 2011 to be greater than 2007,1,48.0,Jun/09/2011 14:02:58
744206,MIN.ARCTIC.ICE:2011>2007,Minimum Arctic ice extent for 2011 to be greater than 2007,30,50.0,Jun/09/2011 19:43:13
744206,MIN.ARCTIC.ICE:2011>2007,Minimum Arctic ice extent for 2011 to be greater than 2007,5,51.0,Jun/09/2011 21:28:19
744206,MIN.ARCTIC.ICE:2011>2007,Minimum Arctic ice extent for 2011 to be greater than 2007,35,57.5,Jun/09/2011 22:28:10
744206,MIN.ARCTIC.ICE:2011>2007,Minimum Arctic ice extent for 2011 to be greater than 2007,5,58.0,Jun/09/2011 22:28:28
744206,MIN.ARCTIC.ICE:2011>2007,Minimum Arctic ice extent for 2011 to be greater than 2007,56,59.0,Jun/09/2011 22:29:25
744206,MIN.ARCTIC.ICE:2011>2007,Minimum Arctic ice extent for 2011 to be greater than 2007,2,56.5,Jun/10/2011 03:02:01
744206,MIN.ARCTIC.ICE:2011>2007,Minimum Arctic ice extent for 2011 to be greater than 2007,2,59.5,Jun/10/2011 08:32:56
744206,MIN.ARCTIC.ICE:2011>2007,Minimum Arctic ice extent for 2011 to be greater than 2007,5,60.0,Jun/10/2011 08:34:10
744206,MIN.ARCTIC.ICE:2011>2007,Minimum Arctic ice extent for 2011 to be greater than 2007,2,60.0,Jun/10/2011 09:14:35
744206,MIN.ARCTIC.ICE:2011>2007,Minimum Arctic ice extent for 2011 to be greater than 2007,5,61.0,Jun/10/2011 11:22:41
744206,MIN.ARCTIC.ICE:2011>2007,Minimum Arctic ice extent for 2011 to be greater than 2007,2,61.0,Jun/10/2011 12:34:02
744206,MIN.ARCTIC.ICE:2011>2007,Minimum Arctic ice extent for 2011 to be greater than 2007,6,60.5,Jun/10/2011 13:07:39
744206,MIN.ARCTIC.ICE:2011>2007,Minimum Arctic ice extent for 2011 to be greater than 2007,3,59.5,Jun/10/2011 13:07:39
744206,MIN.ARCTIC.ICE:2011>2007,Minimum Arctic ice extent for 2011 to be greater than 2007,3,60.0,Jun/10/2011 13:07:39
744206,MIN.ARCTIC.ICE:2011>2007,Minimum Arctic ice extent for 2011 to be greater than 2007,1,61.0,Jun/10/2011 13:07:39
744206,MIN.ARCTIC.ICE:2011>2007,Minimum Arctic ice extent for 2011 to be greater than 2007,7,59.5,Jun/11/2011 08:02:22
744206,MIN.ARCTIC.ICE:2011>2007,Minimum Arctic ice extent for 2011 to be greater than 2007,2,47.5,Jun/15/2011 23:24:49
744206,MIN.ARCTIC.ICE:2011>2007,Minimum Arctic ice extent for 2011 to be greater than 2007,3,47.0,Jun/15/2011 23:24:49
744206,MIN.ARCTIC.ICE:2011>2007,Minimum Arctic ice extent for 2011 to be greater than 2007,3,46.0,Jun/15/2011 23:24:49
744206,MIN.ARCTIC.ICE:2011>2007,Minimum Arctic ice extent for 2011 to be greater than 2007,3,46.5,Jun/15/2011 23:24:49
744206,MIN.ARCTIC.ICE:2011>2007,Minimum Arctic ice extent for 2011 to be greater than 2007,5,48.0,Jun/15/2011 23:24:49
744206,MIN.ARCTIC.ICE:2011>2007,Minimum Arctic ice extent for 2011 to be greater than 2007,3,48.0,Jun/15/2011 23:24:49
744206,MIN.ARCTIC.ICE:2011>2007,Minimum Arctic ice extent for 2011 to be greater than 2007,1,47.5,Jun/15/2011 23:24:49
744206,MIN.ARCTIC.ICE:2011>2007,Minimum Arctic ice extent for 2011 to be greater than 2007,5,47.5,Jun/15/2011 23:24:49
744206,MIN.ARCTIC.ICE:2011>2007,Minimum Arctic ice extent for 2011 to be greater than 2007,5,47.0,Jun/15/2011 23:24:49
744206,MIN.ARCTIC.ICE:2011>2007,Minimum Arctic ice extent for 2011 to be greater than 2007,5,46.5,Jun/15/2011 23:24:49
744206,MIN.ARCTIC.ICE:2011>2007,Minimum Arctic ice extent for 2011 to be greater than 2007,4,46.0,Jun/15/2011 23:24:49
744206,MIN.ARCTIC.ICE:2011>2007,Minimum Arctic ice extent for 2011 to be greater than 2007,1,47.0,Jun/15/2011 23:24:49
744206,MIN.ARCTIC.ICE:2011>2007,Minimum Arctic ice extent for 2011 to be greater than 2007,1,46.0,Jun/15/2011 23:24:49
744206,MIN.ARCTIC.ICE:2011>2007,Minimum Arctic ice extent for 2011 to be greater than 2007,5,45.0,Jun/15/2011 23:25:24
744206,MIN.ARCTIC.ICE:2011>2007,Minimum Arctic ice extent for 2011 to be greater than 2007,5,45.0,Jun/17/2011 03:27:41
744206,MIN.ARCTIC.ICE:2011>2007,Minimum Arctic ice extent for 2011 to be greater than 2007,5,45.0,Jun/17/2011 03:27:41
744206,MIN.ARCTIC.ICE:2011>2007,Minimum Arctic ice extent for 2011 to be greater than 2007,10,48.0,Jun/19/2011 15:22:10
744206,MIN.ARCTIC.ICE:2011>2007,Minimum Arctic ice extent for 2011 to be greater than 2007,5,51.0,Jun/19/2011 17:33:46
744206,MIN.ARCTIC.ICE:2011>2007,Minimum Arctic ice extent for 2011 to be greater than 2007,30,55.0,Jun/20/2011 10:29:32
744206,MIN.ARCTIC.ICE:2011>2007,Minimum Arctic ice extent for 2011 to be greater than 2007,150,55.0,Jun/21/2011 15:15:59
744206,MIN.ARCTIC.ICE:2011>2007,Minimum Arctic ice extent for 2011 to be greater than 2007,50,55.0,Jun/21/2011 15:17:06
744206,MIN.ARCTIC.ICE:2011>2007,Minimum Arctic ice extent for 2011 to be greater than 2007,70,55.0,Jun/21/2011 17:08:00
744206,MIN.ARCTIC.ICE:2011>2007,Minimum Arctic ice extent for 2011 to be greater than 2007,5,47.5,Jun/22/2011 03:52:44
744206,MIN.ARCTIC.ICE:2011>2007,Minimum Arctic ice extent for 2011 to be greater than 2007,2,47.5,Jun/22/2011 03:52:44
744206,MIN.ARCTIC.ICE:2011>2007,Minimum Arctic ice extent for 2011 to be greater than 2007,3,63.0,Jun/24/2011 22:00:38
744206,MIN.ARCTIC.ICE:2011>2007,Minimum Arctic ice extent for 2011 to be greater than 2007,93,64.0,Jun/28/2011 14:19:38
744206,MIN.ARCTIC.ICE:2011>2007,Minimum Arctic ice extent for 2011 to be greater than 2007,28,70.0,Jun/28/2011 16:01:20
744206,MIN.ARCTIC.ICE:2011>2007,Minimum Arctic ice extent for 2011 to be greater than 2007,2,67.0,Jun/30/2011 21:05:23
744206,MIN.ARCTIC.ICE:2011>2007,Minimum Arctic ice extent for 2011 to be greater than 2007,19,69.0,Jul/01/2011 09:23:27
744206,MIN.ARCTIC.ICE:2011>2007,Minimum Arctic ice extent for 2011 to be greater than 2007,2,67.0,Jul/02/2011 18:18:15
744206,MIN.ARCTIC.ICE:2011>2007,Minimum Arctic ice extent for 2011 to be greater than 2007,50,66.0,Jul/04/2011 03:16:10
744206,MIN.ARCTIC.ICE:2011>2007,Minimum Arctic ice extent for 2011 to be greater than 2007,5,55.0,Jul/04/2011 17:05:41
744206,MIN.ARCTIC.ICE:2011>2007,Minimum Arctic ice extent for 2011 to be greater than 2007,5,54.0,Jul/04/2011 17:06:17
744206,MIN.ARCTIC.ICE:2011>2007,Minimum Arctic ice extent for 2011 to be greater than 2007,5,53.0,Jul/04/2011 17:07:34
744206,MIN.ARCTIC.ICE:2011>2007,Minimum Arctic ice extent for 2011 to be greater than 2007,5,52.0,Jul/04/2011 17:08:03
744206,MIN.ARCTIC.ICE:2011>2007,Minimum Arctic ice extent for 2011 to be greater than 2007,10,63.0,Jul/05/2011 22:02:54
744206,MIN.ARCTIC.ICE:2011>2007,Minimum Arctic ice extent for 2011 to be greater than 2007,10,65.0,Jul/05/2011 22:02:59
744206,MIN.ARCTIC.ICE:2011>2007,Minimum Arctic ice extent for 2011 to be greater than 2007,5,61.0,Jul/05/2011 22:14:12
744206,MIN.ARCTIC.ICE:2011>2007,Minimum Arctic ice extent for 2011 to be greater than 2007,2,61.0,Jul/07/2011 10:12:25
744206,MIN.ARCTIC.ICE:2011>2007,Minimum Arctic ice extent for 2011 to be greater than 2007,10,62.0,Jul/08/2011 10:28:59
744206,MIN.ARCTIC.ICE:2011>2007,Minimum Arctic ice extent for 2011 to be greater than 2007,2,59.0,Jul/08/2011 10:29:23
744206,MIN.ARCTIC.ICE:2011>2007,Minimum Arctic ice extent for 2011 to be greater than 2007,2,58.0,Jul/08/2011 10:29:23
744206,MIN.ARCTIC.ICE:2011>2007,Minimum Arctic ice extent for 2011 to be greater than 2007,2,57.0,Jul/08/2011 10:29:23
744206,MIN.ARCTIC.ICE:2011>2007,Minimum Arctic ice extent for 2011 to be greater than 2007,1,54.0,Jul/08/2011 10:29:23
744206,MIN.ARCTIC.ICE:2011>2007,Minimum Arctic ice extent for 2011 to be greater than 2007,5,57.5,Jul/09/2011 07:49:03
744206,MIN.ARCTIC.ICE:2011>2007,Minimum Arctic ice extent for 2011 to be greater than 2007,4,57.0,Jul/09/2011 07:49:19
744206,MIN.ARCTIC.ICE:2011>2007,Minimum Arctic ice extent for 2011 to be greater than 2007,5,57.0,Jul/09/2011 07:49:19
744206,MIN.ARCTIC.ICE:2011>2007,Minimum Arctic ice extent for 2011 to be greater than 2007,5,56.5,Jul/09/2011 14:21:00
744206,MIN.ARCTIC.ICE:2011>2007,Minimum Arctic ice extent for 2011 to be greater than 2007,5,56.0,Jul/09/2011 15:00:47
744206,MIN.ARCTIC.ICE:2011>2007,Minimum Arctic ice extent for 2011 to be greater than 2007,5,55.5,Jul/09/2011 15:00:47
744206,MIN.ARCTIC.ICE:2011>2007,Minimum Arctic ice extent for 2011 to be greater than 2007,2,53.0,Jul/09/2011 16:02:16
744206,MIN.ARCTIC.ICE:2011>2007,Minimum Arctic ice extent for 2011 to be greater than 2007,10,50.0,Jul/09/2011 16:02:16
744206,MIN.ARCTIC.ICE:2011>2007,Minimum Arctic ice extent for 2011 to be greater than 2007,2,52.0,Jul/09/2011 16:02:16
744206,MIN.ARCTIC.ICE:2011>2007,Minimum Arctic ice extent for 2011 to be greater than 2007,5,50.0,Jul/09/2011 22:19:14
744206,MIN.ARCTIC.ICE:2011>2007,Minimum Arctic ice extent for 2011 to be greater than 2007,5,50.0,Jul/10/2011 07:26:59
744206,MIN.ARCTIC.ICE:2011>2007,Minimum Arctic ice extent for 2011 to be greater than 2007,5,45.5,Jul/10/2011 12:41:17
744206,MIN.ARCTIC.ICE:2011>2007,Minimum Arctic ice extent for 2011 to be greater than 2007,5,45.5,Jul/10/2011 12:41:17
744206,MIN.ARCTIC.ICE:2011>2007,Minimum Arctic ice extent for 2011 to be greater than 2007,6,44.5,Jul/10/2011 12:41:17
744206,MIN.ARCTIC.ICE:2011>2007,Minimum Arctic ice extent for 2011 to be greater than 2007,5,44.0,Jul/10/2011 12:41:17
744206,MIN.ARCTIC.ICE:2011>2007,Minimum Arctic ice extent for 2011 to be greater than 2007,4,43.5,Jul/10/2011 12:41:17
744206,MIN.ARCTIC.ICE:2011>2007,Minimum Arctic ice extent for 2011 to be greater than 2007,5,45.5,Jul/11/2011 11:52:58
744206,MIN.ARCTIC.ICE:2011>2007,Minimum Arctic ice extent for 2011 to be greater than 2007,5,45.0,Jul/11/2011 11:52:58
744206,MIN.ARCTIC.ICE:2011>2007,Minimum Arctic ice extent for 2011 to be greater than 2007,5,44.5,Jul/11/2011 11:52:58
744206,MIN.ARCTIC.ICE:2011>2007,Minimum Arctic ice extent for 2011 to be greater than 2007,6,44.0,Jul/11/2011 11:52:58
744206,MIN.ARCTIC.ICE:2011>2007,Minimum Arctic ice extent for 2011 to be greater than 2007,4,43.5,Jul/11/2011 11:52:58
744206,MIN.ARCTIC.ICE:2011>2007,Minimum Arctic ice extent for 2011 to be greater than 2007,2,46.0,Jul/11/2011 22:17:06
744206,MIN.ARCTIC.ICE:2011>2007,Minimum Arctic ice extent for 2011 to be greater than 2007,4,46.0,Jul/12/2011 12:59:25
744206,MIN.ARCTIC.ICE:2011>2007,Minimum Arctic ice extent for 2011 to be greater than 2007,17,45.0,Jul/12/2011 14:05:57
744206,MIN.ARCTIC.ICE:2011>2007,Minimum Arctic ice extent for 2011 to be greater than 2007,3,47.0,Jul/12/2011 20:06:25
744206,MIN.ARCTIC.ICE:2011>2007,Minimum Arctic ice extent for 2011 to be greater than 2007,5,40.0,Jul/13/2011 04:28:16
744206,MIN.ARCTIC.ICE:2011>2007,Minimum Arctic ice extent for 2011 to be greater than 2007,2,40.5,Jul/13/2011 04:28:16
744206,MIN.ARCTIC.ICE:2011>2007,Minimum Arctic ice extent for 2011 to be greater than 2007,5,40.5,Jul/13/2011 04:28:16
744206,MIN.ARCTIC.ICE:2011>2007,Minimum Arctic ice extent for 2011 to be greater than 2007,2,50.0,Jul/15/2011 16:07:18
744206,MIN.ARCTIC.ICE:2011>2007,Minimum Arctic ice extent for 2011 to be greater than 2007,10,47.5,Jul/16/2011 03:37:58
744206,MIN.ARCTIC.ICE:2011>2007,Minimum Arctic ice extent for 2011 to be greater than 2007,2,47.5,Jul/16/2011 06:20:05
744206,MIN.ARCTIC.ICE:2011>2007,Minimum Arctic ice extent for 2011 to be greater than 2007,5,53.0,Jul/17/2011 14:38:18
744206,MIN.ARCTIC.ICE:2011>2007,Minimum Arctic ice extent for 2011 to be greater than 2007,5,60.0,Jul/18/2011 12:12:48
744206,MIN.ARCTIC.ICE:2011>2007,Minimum Arctic ice extent for 2011 to be greater than 2007,5,53.5,Jul/19/2011 08:32:00
744206,MIN.ARCTIC.ICE:2011>2007,Minimum Arctic ice extent for 2011 to be greater than 2007,5,54.5,Jul/19/2011 08:32:00
744206,MIN.ARCTIC.ICE:2011>2007,Minimum Arctic ice extent for 2011 to be greater than 2007,5,55.0,Jul/19/2011 08:32:00
744206,MIN.ARCTIC.ICE:2011>2007,Minimum Arctic ice extent for 2011 to be greater than 2007,5,55.5,Jul/19/2011 08:32:00
744206,MIN.ARCTIC.ICE:2011>2007,Minimum Arctic ice extent for 2011 to be greater than 2007,5,55.0,Jul/19/2011 08:32:00
744206,MIN.ARCTIC.ICE:2011>2007,Minimum Arctic ice extent for 2011 to be greater than 2007,5,52.2,Jul/19/2011 08:32:00
744206,MIN.ARCTIC.ICE:2011>2007,Minimum Arctic ice extent for 2011 to be greater than 2007,5,55.0,Jul/19/2011 08:32:00
744206,MIN.ARCTIC.ICE:2011>2007,Minimum Arctic ice extent for 2011 to be greater than 2007,5,54.0,Jul/19/2011 08:32:00
744206,MIN.ARCTIC.ICE:2011>2007,Minimum Arctic ice extent for 2011 to be greater than 2007,10,46.0,Jul/19/2011 08:32:00
744206,MIN.ARCTIC.ICE:2011>2007,Minimum Arctic ice extent for 2011 to be greater than 2007,5,51.5,Jul/19/2011 08:32:00
744206,MIN.ARCTIC.ICE:2011>2007,Minimum Arctic ice extent for 2011 to be greater than 2007,5,51.0,Jul/19/2011 08:32:00
744206,MIN.ARCTIC.ICE:2011>2007,Minimum Arctic ice extent for 2011 to be greater than 2007,5,50.5,Jul/19/2011 08:32:00
744206,MIN.ARCTIC.ICE:2011>2007,Minimum Arctic ice extent for 2011 to be greater than 2007,5,50.0,Jul/19/2011 08:32:00
744206,MIN.ARCTIC.ICE:2011>2007,Minimum Arctic ice extent for 2011 to be greater than 2007,5,49.5,Jul/19/2011 08:32:00
744206,MIN.ARCTIC.ICE:2011>2007,Minimum Arctic ice extent for 2011 to be greater than 2007,5,49.0,Jul/19/2011 08:32:00
744206,MIN.ARCTIC.ICE:2011>2007,Minimum Arctic ice extent for 2011 to be greater than 2007,10,48.0,Jul/19/2011 08:32:00
744206,MIN.ARCTIC.ICE:2011>2007,Minimum Arctic ice extent for 2011 to be greater than 2007,10,47.0,Jul/19/2011 08:32:00
744206,MIN.ARCTIC.ICE:2011>2007,Minimum Arctic ice extent for 2011 to be greater than 2007,20,59.5,Jul/21/2011 15:30:27
744206,MIN.ARCTIC.ICE:2011>2007,Minimum Arctic ice extent for 2011 to be greater than 2007,10,61.5,Jul/21/2011 15:32:34
744206,MIN.ARCTIC.ICE:2011>2007,Minimum Arctic ice extent for 2011 to be greater than 2007,1,61.9,Jul/21/2011 15:32:58
744206,MIN.ARCTIC.ICE:2011>2007,Minimum Arctic ice extent for 2011 to be greater than 2007,17,62.0,Jul/21/2011 15:33:25
744206,MIN.ARCTIC.ICE:2011>2007,Minimum Arctic ice extent for 2011 to be greater than 2007,10,56.0,Jul/22/2011 03:04:13
744206,MIN.ARCTIC.ICE:2011>2007,Minimum Arctic ice extent for 2011 to be greater than 2007,10,57.0,Jul/22/2011 17:26:51
744206,MIN.ARCTIC.ICE:2011>2007,Minimum Arctic ice extent for 2011 to be greater than 2007,10,58.0,Jul/22/2011 17:27:07
744206,MIN.ARCTIC.ICE:2011>2007,Minimum Arctic ice extent for 2011 to be greater than 2007,20,59.5,Jul/22/2011 19:22:47
744206,MIN.ARCTIC.ICE:2011>2007,Minimum Arctic ice extent for 2011 to be greater than 2007,8,59.0,Jul/22/2011 23:36:37
744206,MIN.ARCTIC.ICE:2011>2007,Minimum Arctic ice extent for 2011 to be greater than 2007,2,60.0,Jul/22/2011 23:36:37
744206,MIN.ARCTIC.ICE:2011>2007,Minimum Arctic ice extent for 2011 to be greater than 2007,4,60.0,Jul/23/2011 06:24:06
744206,MIN.ARCTIC.ICE:2011>2007,Minimum Arctic ice extent for 2011 to be greater than 2007,2,60.0,Jul/23/2011 06:32:55
744206,MIN.ARCTIC.ICE:2011>2007,Minimum Arctic ice extent for 2011 to be greater than 2007,8,61.0,Jul/23/2011 06:33:17
744206,MIN.ARCTIC.ICE:2011>2007,Minimum Arctic ice extent for 2011 to be greater than 2007,8,61.7,Jul/23/2011 06:33:34
744206,MIN.ARCTIC.ICE:2011>2007,Minimum Arctic ice extent for 2011 to be greater than 2007,1,61.8,Jul/23/2011 06:33:59
744206,MIN.ARCTIC.ICE:2011>2007,Minimum Arctic ice extent for 2011 to be greater than 2007,3,62.0,Jul/23/2011 06:34:20
744206,MIN.ARCTIC.ICE:2011>2007,Minimum Arctic ice extent for 2011 to be greater than 2007,3,62.0,Jul/23/2011 10:08:01
744206,MIN.ARCTIC.ICE:2011>2007,Minimum Arctic ice extent for 2011 to be greater than 2007,4,62.0,Jul/23/2011 10:14:26
744206,MIN.ARCTIC.ICE:2011>2007,Minimum Arctic ice extent for 2011 to be greater than 2007,4,62.0,Jul/23/2011 10:14:48
744206,MIN.ARCTIC.ICE:2011>2007,Minimum Arctic ice extent for 2011 to be greater than 2007,3,62.0,Jul/24/2011 18:22:05
744206,MIN.ARCTIC.ICE:2011>2007,Minimum Arctic ice extent for 2011 to be greater than 2007,6,61.9,Jul/27/2011 17:19:00
744206,MIN.ARCTIC.ICE:2011>2007,Minimum Arctic ice extent for 2011 to be greater than 2007,4,62.0,Jul/27/2011 17:19:00
744206,MIN.ARCTIC.ICE:2011>2007,Minimum Arctic ice extent for 2011 to be greater than 2007,1,62.0,Jul/27/2011 19:36:24
744206,MIN.ARCTIC.ICE:2011>2007,Minimum Arctic ice extent for 2011 to be greater than 2007,1,62.0,Jul/27/2011 19:36:43
744206,MIN.ARCTIC.ICE:2011>2007,Minimum Arctic ice extent for 2011 to be greater than 2007,1,62.0,Jul/27/2011 19:51:08
744206,MIN.ARCTIC.ICE:2011>2007,Minimum Arctic ice extent for 2011 to be greater than 2007,1,62.0,Jul/27/2011 19:51:24
744206,MIN.ARCTIC.ICE:2011>2007,Minimum Arctic ice extent for 2011 to be greater than 2007,16,62.0,Jul/28/2011 16:34:18
744206,MIN.ARCTIC.ICE:2011>2007,Minimum Arctic ice extent for 2011 to be greater than 2007,141,62.0,Jul/29/2011 03:03:50
744206,MIN.ARCTIC.ICE:2011>2007,Minimum Arctic ice extent for 2011 to be greater than 2007,3,65.0,Jul/29/2011 22:52:28
744206,MIN.ARCTIC.ICE:2011>2007,Minimum Arctic ice extent for 2011 to be greater than 2007,5,67.0,Jul/30/2011 06:26:07
744206,MIN.ARCTIC.ICE:2011>2007,Minimum Arctic ice extent for 2011 to be greater than 2007,8,68.0,Jul/30/2011 06:26:41
744206,MIN.ARCTIC.ICE:2011>2007,Minimum Arctic ice extent for 2011 to be greater than 2007,2,68.0,Jul/30/2011 10:10:56
744206,MIN.ARCTIC.ICE:2011>2007,Minimum Arctic ice extent for 2011 to be greater than 2007,2,71.0,Jul/30/2011 18:52:24
744206,MIN.ARCTIC.ICE:2011>2007,Minimum Arctic ice extent for 2011 to be greater than 2007,8,71.0,Jul/31/2011 02:02:07
744206,MIN.ARCTIC.ICE:2011>2007,Minimum Arctic ice extent for 2011 to be greater than 2007,2,71.0,Jul/31/2011 02:02:07
744206,MIN.ARCTIC.ICE:2011>2007,Minimum Arctic ice extent for 2011 to be greater than 2007,10,70.0,Jul/31/2011 02:03:20
744206,MIN.ARCTIC.ICE:2011>2007,Minimum Arctic ice extent for 2011 to be greater than 2007,10,72.0,Jul/31/2011 20:31:52
744206,MIN.ARCTIC.ICE:2011>2007,Minimum Arctic ice extent for 2011 to be greater than 2007,8,72.0,Jul/31/2011 20:31:52
744206,MIN.ARCTIC.ICE:2011>2007,Minimum Arctic ice extent for 2011 to be greater than 2007,10,85.0,Aug/02/2011 03:03:26
744206,MIN.ARCTIC.ICE:2011>2007,Minimum Arctic ice extent for 2011 to be greater than 2007,5,93.0,Aug/02/2011 03:04:20
744206,MIN.ARCTIC.ICE:2011>2007,Minimum Arctic ice extent for 2011 to be greater than 2007,19,84.0,Aug/02/2011 07:48:58
744206,MIN.ARCTIC.ICE:2011>2007,Minimum Arctic ice extent for 2011 to be greater than 2007,2,76.0,Aug/02/2011 13:54:09
744206,MIN.ARCTIC.ICE:2011>2007,Minimum Arctic ice extent for 2011 to be greater than 2007,10,87.0,Aug/02/2011 18:28:54
744206,MIN.ARCTIC.ICE:2011>2007,Minimum Arctic ice extent for 2011 to be greater than 2007,8,87.0,Aug/02/2011 18:28:54
744206,MIN.ARCTIC.ICE:2011>2007,Minimum Arctic ice extent for 2011 to be greater than 2007,5,87.0,Aug/02/2011 18:43:20
744206,MIN.ARCTIC.ICE:2011>2007,Minimum Arctic ice extent for 2011 to be greater than 2007,10,85.0,Aug/02/2011 18:43:20
744206,MIN.ARCTIC.ICE:2011>2007,Minimum Arctic ice extent for 2011 to be greater than 2007,10,87.0,Aug/02/2011 18:44:00
744206,MIN.ARCTIC.ICE:2011>2007,Minimum Arctic ice extent for 2011 to be greater than 2007,15,84.5,Aug/03/2011 03:02:33
744206,MIN.ARCTIC.ICE:2011>2007,Minimum Arctic ice extent for 2011 to be greater than 2007,8,85.0,Aug/03/2011 03:17:37
744206,MIN.ARCTIC.ICE:2011>2007,Minimum Arctic ice extent for 2011 to be greater than 2007,8,86.0,Aug/03/2011 03:31:20
744206,MIN.ARCTIC.ICE:2011>2007,Minimum Arctic ice extent for 2011 to be greater than 2007,14,86.0,Aug/04/2011 08:21:10
744206,MIN.ARCTIC.ICE:2011>2007,Minimum Arctic ice extent for 2011 to be greater than 2007,1,86.0,Aug/04/2011 08:49:35
744206,MIN.ARCTIC.ICE:2011>2007,Minimum Arctic ice extent for 2011 to be greater than 2007,8,86.0,Aug/04/2011 11:01:35
744206,MIN.ARCTIC.ICE:2011>2007,Minimum Arctic ice extent for 2011 to be greater than 2007,5,86.0,Aug/04/2011 11:01:35
744206,MIN.ARCTIC.ICE:2011>2007,Minimum Arctic ice extent for 2011 to be greater than 2007,5,88.0,Aug/04/2011 14:10:17
744206,MIN.ARCTIC.ICE:2011>2007,Minimum Arctic ice extent for 2011 to be greater than 2007,6,88.0,Aug/04/2011 14:10:17
744206,MIN.ARCTIC.ICE:2011>2007,Minimum Arctic ice extent for 2011 to be greater than 2007,3,86.0,Aug/04/2011 19:14:56
744206,MIN.ARCTIC.ICE:2011>2007,Minimum Arctic ice extent for 2011 to be greater than 2007,20,86.0,Aug/04/2011 19:14:56
744206,MIN.ARCTIC.ICE:2011>2007,Minimum Arctic ice extent for 2011 to be greater than 2007,20,80.5,Aug/05/2011 08:55:59
744206,MIN.ARCTIC.ICE:2011>2007,Minimum Arctic ice extent for 2011 to be greater than 2007,20,80.0,Aug/05/2011 08:56:07
744206,MIN.ARCTIC.ICE:2011>2007,Minimum Arctic ice extent for 2011 to be greater than 2007,3,77.5,Aug/05/2011 17:01:47
744206,MIN.ARCTIC.ICE:2011>2007,Minimum Arctic ice extent for 2011 to be greater than 2007,5,77.5,Aug/05/2011 17:01:47
744206,MIN.ARCTIC.ICE:2011>2007,Minimum Arctic ice extent for 2011 to be greater than 2007,7,77.5,Aug/05/2011 17:01:47
744206,MIN.ARCTIC.ICE:2011>2007,Minimum Arctic ice extent for 2011 to be greater than 2007,9,73.1,Aug/05/2011 17:02:50
744206,MIN.ARCTIC.ICE:2011>2007,Minimum Arctic ice extent for 2011 to be greater than 2007,11,73.1,Aug/05/2011 17:02:50
744206,MIN.ARCTIC.ICE:2011>2007,Minimum Arctic ice extent for 2011 to be greater than 2007,7,70.0,Aug/05/2011 17:12:25
744206,MIN.ARCTIC.ICE:2011>2007,Minimum Arctic ice extent for 2011 to be greater than 2007,7,66.5,Aug/05/2011 17:12:56
744206,MIN.ARCTIC.ICE:2011>2007,Minimum Arctic ice extent for 2011 to be greater than 2007,1,84.0,Aug/05/2011 21:22:54
744206,MIN.ARCTIC.ICE:2011>2007,Minimum Arctic ice extent for 2011 to be greater than 2007,15,82.5,Aug/07/2011 17:36:48
744206,MIN.ARCTIC.ICE:2011>2007,Minimum Arctic ice extent for 2011 to be greater than 2007,19,84.0,Aug/07/2011 18:02:03
744206,MIN.ARCTIC.ICE:2011>2007,Minimum Arctic ice extent for 2011 to be greater than 2007,5,79.0,Aug/08/2011 16:12:56
744206,MIN.ARCTIC.ICE:2011>2007,Minimum Arctic ice extent for 2011 to be greater than 2007,5,78.0,Aug/08/2011 16:12:56
744206,MIN.ARCTIC.ICE:2011>2007,Minimum Arctic ice extent for 2011 to be greater than 2007,5,77.0,Aug/08/2011 16:12:56
744206,MIN.ARCTIC.ICE:2011>2007,Minimum Arctic ice extent for 2011 to be greater than 2007,10,73.0,Aug/09/2011 12:40:09
744206,MIN.ARCTIC.ICE:2011>2007,Minimum Arctic ice extent for 2011 to be greater than 2007,5,72.0,Aug/09/2011 12:40:49
744206,MIN.ARCTIC.ICE:2011>2007,Minimum Arctic ice extent for 2011 to be greater than 2007,5,72.0,Aug/09/2011 12:40:49
744206,MIN.ARCTIC.ICE:2011>2007,Minimum Arctic ice extent for 2011 to be greater than 2007,5,72.0,Aug/09/2011 12:42:15
744206,MIN.ARCTIC.ICE:2011>2007,Minimum Arctic ice extent for 2011 to be greater than 2007,10,83.9,Aug/12/2011 03:33:33
744206,MIN.ARCTIC.ICE:2011>2007,Minimum Arctic ice extent for 2011 to be greater than 2007,1,73.0,Aug/12/2011 13:49:59
744206,MIN.ARCTIC.ICE:2011>2007,Minimum Arctic ice extent for 2011 to be greater than 2007,4,76.0,Aug/12/2011 22:15:39
744206,MIN.ARCTIC.ICE:2011>2007,Minimum Arctic ice extent for 2011 to be greater than 2007,4,76.0,Aug/12/2011 22:15:39
744206,MIN.ARCTIC.ICE:2011>2007,Minimum Arctic ice extent for 2011 to be greater than 2007,5,82.5,Aug/13/2011 17:19:43
744206,MIN.ARCTIC.ICE:2011>2007,Minimum Arctic ice extent for 2011 to be greater than 2007,4,82.0,Aug/14/2011 14:31:01
744206,MIN.ARCTIC.ICE:2011>2007,Minimum Arctic ice extent for 2011 to be greater than 2007,5,81.5,Aug/14/2011 14:42:58
744206,MIN.ARCTIC.ICE:2011>2007,Minimum Arctic ice extent for 2011 to be greater than 2007,5,81.0,Aug/14/2011 14:43:36
744206,MIN.ARCTIC.ICE:2011>2007,Minimum Arctic ice extent for 2011 to be greater than 2007,5,80.5,Aug/14/2011 14:43:36
744206,MIN.ARCTIC.ICE:2011>2007,Minimum Arctic ice extent for 2011 to be greater than 2007,5,80.0,Aug/14/2011 14:43:36
744206,MIN.ARCTIC.ICE:2011>2007,Minimum Arctic ice extent for 2011 to be greater than 2007,5,79.5,Aug/14/2011 17:30:06
744206,MIN.ARCTIC.ICE:2011>2007,Minimum Arctic ice extent for 2011 to be greater than 2007,5,79.0,Aug/14/2011 17:30:06
744206,MIN.ARCTIC.ICE:2011>2007,Minimum Arctic ice extent for 2011 to be greater than 2007,5,78.5,Aug/14/2011 17:30:06
744206,MIN.ARCTIC.ICE:2011>2007,Minimum Arctic ice extent for 2011 to be greater than 2007,5,78.0,Aug/14/2011 17:30:06
744206,MIN.ARCTIC.ICE:2011>2007,Minimum Arctic ice extent for 2011 to be greater than 2007,5,77.0,Aug/14/2011 17:30:06
744206,MIN.ARCTIC.ICE:2011>2007,Minimum Arctic ice extent for 2011 to be greater than 2007,1,77.0,Aug/15/2011 01:29:32
744206,MIN.ARCTIC.ICE:2011>2007,Minimum Arctic ice extent for 2011 to be greater than 2007,7,75.0,Aug/15/2011 01:30:37
744206,MIN.ARCTIC.ICE:2011>2007,Minimum Arctic ice extent for 2011 to be greater than 2007,10,71.2,Aug/15/2011 01:31:17
744206,MIN.ARCTIC.ICE:2011>2007,Minimum Arctic ice extent for 2011 to be greater than 2007,5,71.0,Aug/15/2011 03:39:33
744206,MIN.ARCTIC.ICE:2011>2007,Minimum Arctic ice extent for 2011 to be greater than 2007,6,70.0,Aug/15/2011 03:40:00
744206,MIN.ARCTIC.ICE:2011>2007,Minimum Arctic ice extent for 2011 to be greater than 2007,1,67.0,Aug/15/2011 07:09:32
744206,MIN.ARCTIC.ICE:2011>2007,Minimum Arctic ice extent for 2011 to be greater than 2007,30,79.5,Aug/15/2011 15:36:17
744206,MIN.ARCTIC.ICE:2011>2007,Minimum Arctic ice extent for 2011 to be greater than 2007,21,82.0,Aug/15/2011 15:36:52
744206,MIN.ARCTIC.ICE:2011>2007,Minimum Arctic ice extent for 2011 to be greater than 2007,10,81.5,Aug/15/2011 16:41:54
744206,MIN.ARCTIC.ICE:2011>2007,Minimum Arctic ice extent for 2011 to be greater than 2007,20,81.5,Aug/16/2011 03:03:11
744206,MIN.ARCTIC.ICE:2011>2007,Minimum Arctic ice extent for 2011 to be greater than 2007,20,84.5,Aug/16/2011 15:59:29
744206,MIN.ARCTIC.ICE:2011>2007,Minimum Arctic ice extent for 2011 to be greater than 2007,10,76.0,Aug/16/2011 17:59:32
744206,MIN.ARCTIC.ICE:2011>2007,Minimum Arctic ice extent for 2011 to be greater than 2007,10,76.0,Aug/16/2011 17:59:32
744206,MIN.ARCTIC.ICE:2011>2007,Minimum Arctic ice extent for 2011 to be greater than 2007,1,76.5,Aug/16/2011 22:06:00
744206,MIN.ARCTIC.ICE:2011>2007,Minimum Arctic ice extent for 2011 to be greater than 2007,5,86.0,Aug/17/2011 07:51:06
744206,MIN.ARCTIC.ICE:2011>2007,Minimum Arctic ice extent for 2011 to be greater than 2007,13,86.0,Aug/17/2011 08:00:40
744206,MIN.ARCTIC.ICE:2011>2007,Minimum Arctic ice extent for 2011 to be greater than 2007,5,89.5,Aug/17/2011 10:23:06
744206,MIN.ARCTIC.ICE:2011>2007,Minimum Arctic ice extent for 2011 to be greater than 2007,8,90.5,Aug/17/2011 17:12:11
744206,MIN.ARCTIC.ICE:2011>2007,Minimum Arctic ice extent for 2011 to be greater than 2007,9,87.0,Aug/17/2011 17:40:19
744206,MIN.ARCTIC.ICE:2011>2007,Minimum Arctic ice extent for 2011 to be greater than 2007,1,86.0,Aug/18/2011 00:59:15
744206,MIN.ARCTIC.ICE:2011>2007,Minimum Arctic ice extent for 2011 to be greater than 2007,4,86.0,Aug/18/2011 00:59:53
744206,MIN.ARCTIC.ICE:2011>2007,Minimum Arctic ice extent for 2011 to be greater than 2007,1,79.5,Aug/20/2011 12:23:40
744206,MIN.ARCTIC.ICE:2011>2007,Minimum Arctic ice extent for 2011 to be greater than 2007,5,79.5,Aug/20/2011 12:23:40
744206,MIN.ARCTIC.ICE:2011>2007,Minimum Arctic ice extent for 2011 to be greater than 2007,2,79.0,Aug/20/2011 12:24:15
744206,MIN.ARCTIC.ICE:2011>2007,Minimum Arctic ice extent for 2011 to be greater than 2007,1,86.5,Aug/21/2011 03:03:16
744206,MIN.ARCTIC.ICE:2011>2007,Minimum Arctic ice extent for 2011 to be greater than 2007,5,87.0,Aug/21/2011 08:02:44
744206,MIN.ARCTIC.ICE:2011>2007,Minimum Arctic ice extent for 2011 to be greater than 2007,10,87.5,Aug/21/2011 12:34:38
744206,MIN.ARCTIC.ICE:2011>2007,Minimum Arctic ice extent for 2011 to be greater than 2007,5,87.5,Aug/21/2011 12:35:05
744206,MIN.ARCTIC.ICE:2011>2007,Minimum Arctic ice extent for 2011 to be greater than 2007,1,91.5,Aug/21/2011 18:25:26
744206,MIN.ARCTIC.ICE:2011>2007,Minimum Arctic ice extent for 2011 to be greater than 2007,4,84.0,Aug/22/2011 18:08:28
744206,MIN.ARCTIC.ICE:2011>2007,Minimum Arctic ice extent for 2011 to be greater than 2007,15,82.6,Aug/22/2011 18:36:45
744206,MIN.ARCTIC.ICE:2011>2007,Minimum Arctic ice extent for 2011 to be greater than 2007,3,82.6,Aug/23/2011 10:01:24
744206,MIN.ARCTIC.ICE:2011>2007,Minimum Arctic ice extent for 2011 to be greater than 2007,5,82.7,Aug/23/2011 10:01:24
744206,MIN.ARCTIC.ICE:2011>2007,Minimum Arctic ice extent for 2011 to be greater than 2007,1,84.1,Aug/23/2011 10:01:24
744206,MIN.ARCTIC.ICE:2011>2007,Minimum Arctic ice extent for 2011 to be greater than 2007,1,84.0,Aug/23/2011 10:01:24
744206,MIN.ARCTIC.ICE:2011>2007,Minimum Arctic ice extent for 2011 to be greater than 2007,7,82.6,Aug/23/2011 10:54:51
744206,MIN.ARCTIC.ICE:2011>2007,Minimum Arctic ice extent for 2011 to be greater than 2007,3,82.6,Aug/23/2011 10:54:51
744206,MIN.ARCTIC.ICE:2011>2007,Minimum Arctic ice extent for 2011 to be greater than 2007,1,83.5,Aug/23/2011 12:47:47
744206,MIN.ARCTIC.ICE:2011>2007,Minimum Arctic ice extent for 2011 to be greater than 2007,1,82.5,Aug/23/2011 22:34:22
744206,MIN.ARCTIC.ICE:2011>2007,Minimum Arctic ice extent for 2011 to be greater than 2007,3,80.0,Aug/23/2011 22:36:49
744206,MIN.ARCTIC.ICE:2011>2007,Minimum Arctic ice extent for 2011 to be greater than 2007,1,82.0,Aug/23/2011 22:36:49
744206,MIN.ARCTIC.ICE:2011>2007,Minimum Arctic ice extent for 2011 to be greater than 2007,2,80.0,Aug/23/2011 22:36:49
744206,MIN.ARCTIC.ICE:2011>2007,Minimum Arctic ice extent for 2011 to be greater than 2007,5,80.0,Aug/23/2011 22:36:49
744206,MIN.ARCTIC.ICE:2011>2007,Minimum Arctic ice extent for 2011 to be greater than 2007,5,81.0,Aug/23/2011 22:36:49
744206,MIN.ARCTIC.ICE:2011>2007,Minimum Arctic ice extent for 2011 to be greater than 2007,5,78.0,Aug/24/2011 05:06:48
744206,MIN.ARCTIC.ICE:2011>2007,Minimum Arctic ice extent for 2011 to be greater than 2007,5,78.5,Aug/24/2011 05:06:48
744206,MIN.ARCTIC.ICE:2011>2007,Minimum Arctic ice extent for 2011 to be greater than 2007,4,75.0,Aug/24/2011 05:06:48
744206,MIN.ARCTIC.ICE:2011>2007,Minimum Arctic ice extent for 2011 to be greater than 2007,1,75.0,Aug/24/2011 07:14:49
744206,MIN.ARCTIC.ICE:2011>2007,Minimum Arctic ice extent for 2011 to be greater than 2007,2,75.0,Aug/24/2011 11:41:26
744206,MIN.ARCTIC.ICE:2011>2007,Minimum Arctic ice extent for 2011 to be greater than 2007,1,76.0,Aug/24/2011 11:41:26
744206,MIN.ARCTIC.ICE:2011>2007,Minimum Arctic ice extent for 2011 to be greater than 2007,1,76.0,Aug/24/2011 15:59:28
744206,MIN.ARCTIC.ICE:2011>2007,Minimum Arctic ice extent for 2011 to be greater than 2007,1,76.5,Aug/24/2011 15:59:28
744206,MIN.ARCTIC.ICE:2011>2007,Minimum Arctic ice extent for 2011 to be greater than 2007,1,77.0,Aug/24/2011 15:59:28
744206,MIN.ARCTIC.ICE:2011>2007,Minimum Arctic ice extent for 2011 to be greater than 2007,1,75.0,Aug/24/2011 21:03:59
744206,MIN.ARCTIC.ICE:2011>2007,Minimum Arctic ice extent for 2011 to be greater than 2007,6,75.0,Aug/24/2011 21:25:58
744206,MIN.ARCTIC.ICE:2011>2007,Minimum Arctic ice extent for 2011 to be greater than 2007,15,79.5,Aug/25/2011 03:03:02
744206,MIN.ARCTIC.ICE:2011>2007,Minimum Arctic ice extent for 2011 to be greater than 2007,14,75.0,Aug/25/2011 07:05:33
744206,MIN.ARCTIC.ICE:2011>2007,Minimum Arctic ice extent for 2011 to be greater than 2007,6,75.0,Aug/25/2011 07:05:33
744206,MIN.ARCTIC.ICE:2011>2007,Minimum Arctic ice extent for 2011 to be greater than 2007,5,75.0,Aug/25/2011 10:34:28
744206,MIN.ARCTIC.ICE:2011>2007,Minimum Arctic ice extent for 2011 to be greater than 2007,5,76.0,Aug/26/2011 03:03:27
744206,MIN.ARCTIC.ICE:2011>2007,Minimum Arctic ice extent for 2011 to be greater than 2007,1,80.0,Aug/27/2011 18:55:07
744206,MIN.ARCTIC.ICE:2011>2007,Minimum Arctic ice extent for 2011 to be greater than 2007,1,80.0,Aug/27/2011 19:50:18
744206,MIN.ARCTIC.ICE:2011>2007,Minimum Arctic ice extent for 2011 to be greater than 2007,1,79.0,Aug/27/2011 19:56:05
744206,MIN.ARCTIC.ICE:2011>2007,Minimum Arctic ice extent for 2011 to be greater than 2007,1,79.5,Aug/27/2011 19:56:05
744206,MIN.ARCTIC.ICE:2011>2007,Minimum Arctic ice extent for 2011 to be greater than 2007,5,80.0,Aug/27/2011 20:18:56
744206,MIN.ARCTIC.ICE:2011>2007,Minimum Arctic ice extent for 2011 to be greater than 2007,15,83.5,Aug/27/2011 20:19:07
744206,MIN.ARCTIC.ICE:2011>2007,Minimum Arctic ice extent for 2011 to be greater than 2007,5,84.0,Aug/28/2011 03:03:18
744206,MIN.ARCTIC.ICE:2011>2007,Minimum Arctic ice extent for 2011 to be greater than 2007,15,84.9,Aug/28/2011 03:03:18
744206,MIN.ARCTIC.ICE:2011>2007,Minimum Arctic ice extent for 2011 to be greater than 2007,5,87.5,Aug/28/2011 14:03:25
744206,MIN.ARCTIC.ICE:2011>2007,Minimum Arctic ice extent for 2011 to be greater than 2007,5,86.5,Aug/28/2011 14:03:25
744206,MIN.ARCTIC.ICE:2011>2007,Minimum Arctic ice extent for 2011 to be greater than 2007,5,89.0,Aug/28/2011 14:05:39
744206,MIN.ARCTIC.ICE:2011>2007,Minimum Arctic ice extent for 2011 to be greater than 2007,5,87.5,Aug/29/2011 03:03:45
744206,MIN.ARCTIC.ICE:2011>2007,Minimum Arctic ice extent for 2011 to be greater than 2007,10,89.0,Aug/29/2011 14:24:56
744206,MIN.ARCTIC.ICE:2011>2007,Minimum Arctic ice extent for 2011 to be greater than 2007,2,89.0,Aug/29/2011 16:25:26
744206,MIN.ARCTIC.ICE:2011>2007,Minimum Arctic ice extent for 2011 to be greater than 2007,10,92.0,Aug/30/2011 07:28:57
744206,MIN.ARCTIC.ICE:2011>2007,Minimum Arctic ice extent for 2011 to be greater than 2007,1,90.0,Aug/30/2011 08:43:53
744206,MIN.ARCTIC.ICE:2011>2007,Minimum Arctic ice extent for 2011 to be greater than 2007,1,89.5,Aug/30/2011 08:44:01
744206,MIN.ARCTIC.ICE:2011>2007,Minimum Arctic ice extent for 2011 to be greater than 2007,1,90.0,Aug/30/2011 15:32:21
744206,MIN.ARCTIC.ICE:2011>2007,Minimum Arctic ice extent for 2011 to be greater than 2007,1,90.0,Aug/30/2011 18:18:41
744206,MIN.ARCTIC.ICE:2011>2007,Minimum Arctic ice extent for 2011 to be greater than 2007,1,90.0,Aug/30/2011 19:37:23
744206,MIN.ARCTIC.ICE:2011>2007,Minimum Arctic ice extent for 2011 to be greater than 2007,3,90.0,Aug/30/2011 19:46:34
744206,MIN.ARCTIC.ICE:2011>2007,Minimum Arctic ice extent for 2011 to be greater than 2007,1,90.0,Aug/30/2011 20:13:01
744206,MIN.ARCTIC.ICE:2011>2007,Minimum Arctic ice extent for 2011 to be greater than 2007,1,90.0,Aug/30/2011 21:36:06
744206,MIN.ARCTIC.ICE:2011>2007,Minimum Arctic ice extent for 2011 to be greater than 2007,1,89.5,Aug/30/2011 21:36:40
744206,MIN.ARCTIC.ICE:2011>2007,Minimum Arctic ice extent for 2011 to be greater than 2007,9,89.5,Aug/30/2011 21:36:40
744206,MIN.ARCTIC.ICE:2011>2007,Minimum Arctic ice extent for 2011 to be greater than 2007,1,89.0,Aug/30/2011 21:37:34
744206,MIN.ARCTIC.ICE:2011>2007,Minimum Arctic ice extent for 2011 to be greater than 2007,1,87.5,Aug/31/2011 03:05:36
744206,MIN.ARCTIC.ICE:2011>2007,Minimum Arctic ice extent for 2011 to be greater than 2007,1,87.0,Aug/31/2011 03:05:36
744206,MIN.ARCTIC.ICE:2011>2007,Minimum Arctic ice extent for 2011 to be greater than 2007,1,88.0,Aug/31/2011 03:05:36
744206,MIN.ARCTIC.ICE:2011>2007,Minimum Arctic ice extent for 2011 to be greater than 2007,6,85.4,Aug/31/2011 03:05:36
744206,MIN.ARCTIC.ICE:2011>2007,Minimum Arctic ice extent for 2011 to be greater than 2007,1,88.5,Aug/31/2011 03:05:36
744206,MIN.ARCTIC.ICE:2011>2007,Minimum Arctic ice extent for 2011 to be greater than 2007,1,86.0,Aug/31/2011 10:48:28
744206,MIN.ARCTIC.ICE:2011>2007,Minimum Arctic ice extent for 2011 to be greater than 2007,10,86.0,Aug/31/2011 10:48:28
744206,MIN.ARCTIC.ICE:2011>2007,Minimum Arctic ice extent for 2011 to be greater than 2007,1,86.5,Sep/01/2011 07:51:38
744206,MIN.ARCTIC.ICE:2011>2007,Minimum Arctic ice extent for 2011 to be greater than 2007,1,84.5,Sep/01/2011 07:51:38
744206,MIN.ARCTIC.ICE:2011>2007,Minimum Arctic ice extent for 2011 to be greater than 2007,1,83.5,Sep/01/2011 14:17:44
744206,MIN.ARCTIC.ICE:2011>2007,Minimum Arctic ice extent for 2011 to be greater than 2007,1,83.0,Sep/01/2011 14:17:56
744206,MIN.ARCTIC.ICE:2011>2007,Minimum Arctic ice extent for 2011 to be greater than 2007,1,82.5,Sep/01/2011 14:18:09
744206,MIN.ARCTIC.ICE:2011>2007,Minimum Arctic ice extent for 2011 to be greater than 2007,5,84.0,Sep/01/2011 17:46:16
744206,MIN.ARCTIC.ICE:2011>2007,Minimum Arctic ice extent for 2011 to be greater than 2007,6,84.5,Sep/01/2011 17:46:22
744206,MIN.ARCTIC.ICE:2011>2007,Minimum Arctic ice extent for 2011 to be greater than 2007,1,82.5,Sep/01/2011 17:58:56
744206,MIN.ARCTIC.ICE:2011>2007,Minimum Arctic ice extent for 2011 to be greater than 2007,4,82.0,Sep/01/2011 17:59:39
744206,MIN.ARCTIC.ICE:2011>2007,Minimum Arctic ice extent for 2011 to be greater than 2007,9,84.5,Sep/01/2011 18:18:44
744206,MIN.ARCTIC.ICE:2011>2007,Minimum Arctic ice extent for 2011 to be greater than 2007,1,82.0,Sep/01/2011 19:21:59
744206,MIN.ARCTIC.ICE:2011>2007,Minimum Arctic ice extent for 2011 to be greater than 2007,6,82.0,Sep/01/2011 19:21:59
744206,MIN.ARCTIC.ICE:2011>2007,Minimum Arctic ice extent for 2011 to be greater than 2007,5,81.0,Sep/01/2011 19:22:28
744206,MIN.ARCTIC.ICE:2011>2007,Minimum Arctic ice extent for 2011 to be greater than 2007,1,81.0,Sep/01/2011 19:22:28
744206,MIN.ARCTIC.ICE:2011>2007,Minimum Arctic ice extent for 2011 to be greater than 2007,1,81.5,Sep/01/2011 19:22:28
744206,MIN.ARCTIC.ICE:2011>2007,Minimum Arctic ice extent for 2011 to be greater than 2007,1,81.5,Sep/01/2011 21:09:21
744206,MIN.ARCTIC.ICE:2011>2007,Minimum Arctic ice extent for 2011 to be greater than 2007,1,88.0,Sep/02/2011 00:30:13
744206,MIN.ARCTIC.ICE:2011>2007,Minimum Arctic ice extent for 2011 to be greater than 2007,5,83.0,Sep/02/2011 04:21:19
744206,MIN.ARCTIC.ICE:2011>2007,Minimum Arctic ice extent for 2011 to be greater than 2007,9,82.0,Sep/02/2011 04:31:13
744206,MIN.ARCTIC.ICE:2011>2007,Minimum Arctic ice extent for 2011 to be greater than 2007,1,84.0,Sep/02/2011 19:45:36
744206,MIN.ARCTIC.ICE:2011>2007,Minimum Arctic ice extent for 2011 to be greater than 2007,1,83.5,Sep/02/2011 19:45:36
744206,MIN.ARCTIC.ICE:2011>2007,Minimum Arctic ice extent for 2011 to be greater than 2007,10,88.0,Sep/03/2011 14:03:17
744206,MIN.ARCTIC.ICE:2011>2007,Minimum Arctic ice extent for 2011 to be greater than 2007,5,85.0,Sep/03/2011 16:06:45
744206,MIN.ARCTIC.ICE:2011>2007,Minimum Arctic ice extent for 2011 to be greater than 2007,5,85.0,Sep/03/2011 16:06:45
744206,MIN.ARCTIC.ICE:2011>2007,Minimum Arctic ice extent for 2011 to be greater than 2007,5,86.0,Sep/04/2011 04:04:34
744206,MIN.ARCTIC.ICE:2011>2007,Minimum Arctic ice extent for 2011 to be greater than 2007,5,83.6,Sep/06/2011 03:05:38
744206,MIN.ARCTIC.ICE:2011>2007,Minimum Arctic ice extent for 2011 to be greater than 2007,1,83.6,Sep/06/2011 05:04:39
744206,MIN.ARCTIC.ICE:2011>2007,Minimum Arctic ice extent for 2011 to be greater than 2007,5,85.0,Sep/06/2011 12:29:09
744206,MIN.ARCTIC.ICE:2011>2007,Minimum Arctic ice extent for 2011 to be greater than 2007,1,83.6,Sep/06/2011 13:53:20
744206,MIN.ARCTIC.ICE:2011>2007,Minimum Arctic ice extent for 2011 to be greater than 2007,1,81.5,Sep/06/2011 13:53:53
744206,MIN.ARCTIC.ICE:2011>2007,Minimum Arctic ice extent for 2011 to be greater than 2007,1,81.5,Sep/06/2011 13:54:46
744206,MIN.ARCTIC.ICE:2011>2007,Minimum Arctic ice extent for 2011 to be greater than 2007,1,81.5,Sep/06/2011 13:55:13
744206,MIN.ARCTIC.ICE:2011>2007,Minimum Arctic ice extent for 2011 to be greater than 2007,5,80.0,Sep/06/2011 13:56:53
744206,MIN.ARCTIC.ICE:2011>2007,Minimum Arctic ice extent for 2011 to be greater than 2007,10,79.0,Sep/06/2011 13:58:10
744206,MIN.ARCTIC.ICE:2011>2007,Minimum Arctic ice extent for 2011 to be greater than 2007,10,78.0,Sep/06/2011 13:58:48
744206,MIN.ARCTIC.ICE:2011>2007,Minimum Arctic ice extent for 2011 to be greater than 2007,1,78.0,Sep/06/2011 15:04:23
744206,MIN.ARCTIC.ICE:2011>2007,Minimum Arctic ice extent for 2011 to be greater than 2007,4,79.0,Sep/06/2011 15:53:04
744206,MIN.ARCTIC.ICE:2011>2007,Minimum Arctic ice extent for 2011 to be greater than 2007,1,78.0,Sep/06/2011 18:00:55
744206,MIN.ARCTIC.ICE:2011>2007,Minimum Arctic ice extent for 2011 to be greater than 2007,5,78.0,Sep/06/2011 19:05:30
744206,MIN.ARCTIC.ICE:2011>2007,Minimum Arctic ice extent for 2011 to be greater than 2007,25,78.0,Sep/06/2011 20:15:10
744206,MIN.ARCTIC.ICE:2011>2007,Minimum Arctic ice extent for 2011 to be greater than 2007,1,75.2,Sep/06/2011 20:40:17
744206,MIN.ARCTIC.ICE:2011>2007,Minimum Arctic ice extent for 2011 to be greater than 2007,2,75.2,Sep/06/2011 20:40:17
744206,MIN.ARCTIC.ICE:2011>2007,Minimum Arctic ice extent for 2011 to be greater than 2007,2,78.0,Sep/06/2011 20:46:44
744206,MIN.ARCTIC.ICE:2011>2007,Minimum Arctic ice extent for 2011 to be greater than 2007,3,73.1,Sep/07/2011 14:09:55
744206,MIN.ARCTIC.ICE:2011>2007,Minimum Arctic ice extent for 2011 to be greater than 2007,9,73.0,Sep/07/2011 14:22:32
744206,MIN.ARCTIC.ICE:2011>2007,Minimum Arctic ice extent for 2011 to be greater than 2007,1,73.1,Sep/07/2011 14:22:32
744206,MIN.ARCTIC.ICE:2011>2007,Minimum Arctic ice extent for 2011 to be greater than 2007,4,73.0,Sep/07/2011 21:04:02
744206,MIN.ARCTIC.ICE:2011>2007,Minimum Arctic ice extent for 2011 to be greater than 2007,4,73.0,Sep/07/2011 21:04:59
744206,MIN.ARCTIC.ICE:2011>2007,Minimum Arctic ice extent for 2011 to be greater than 2007,3,73.0,Sep/07/2011 21:12:47
744206,MIN.ARCTIC.ICE:2011>2007,Minimum Arctic ice extent for 2011 to be greater than 2007,5,73.0,Sep/08/2011 01:21:09
744206,MIN.ARCTIC.ICE:2011>2007,Minimum Arctic ice extent for 2011 to be greater than 2007,1,71.1,Sep/08/2011 01:25:57
744206,MIN.ARCTIC.ICE:2011>2007,Minimum Arctic ice extent for 2011 to be greater than 2007,1,71.0,Sep/08/2011 01:26:46
744206,MIN.ARCTIC.ICE:2011>2007,Minimum Arctic ice extent for 2011 to be greater than 2007,6,77.0,Sep/08/2011 03:21:22
744206,MIN.ARCTIC.ICE:2011>2007,Minimum Arctic ice extent for 2011 to be greater than 2007,6,78.0,Sep/08/2011 03:21:37
744206,MIN.ARCTIC.ICE:2011>2007,Minimum Arctic ice extent for 2011 to be greater than 2007,1,71.1,Sep/08/2011 03:25:16
744206,MIN.ARCTIC.ICE:2011>2007,Minimum Arctic ice extent for 2011 to be greater than 2007,2,77.0,Sep/08/2011 08:13:56
744206,MIN.ARCTIC.ICE:2011>2007,Minimum Arctic ice extent for 2011 to be greater than 2007,2,77.0,Sep/08/2011 12:35:24
744206,MIN.ARCTIC.ICE:2011>2007,Minimum Arctic ice extent for 2011 to be greater than 2007,1,75.0,Sep/08/2011 15:21:38
744206,MIN.ARCTIC.ICE:2011>2007,Minimum Arctic ice extent for 2011 to be greater than 2007,4,76.0,Sep/08/2011 15:21:38
744206,MIN.ARCTIC.ICE:2011>2007,Minimum Arctic ice extent for 2011 to be greater than 2007,1,74.0,Sep/08/2011 15:21:38
744206,MIN.ARCTIC.ICE:2011>2007,Minimum Arctic ice extent for 2011 to be greater than 2007,1,73.0,Sep/08/2011 15:21:38
744206,MIN.ARCTIC.ICE:2011>2007,Minimum Arctic ice extent for 2011 to be greater than 2007,1,71.1,Sep/08/2011 15:21:54
744206,MIN.ARCTIC.ICE:2011>2007,Minimum Arctic ice extent for 2011 to be greater than 2007,1,71.1,Sep/08/2011 16:39:28
744206,MIN.ARCTIC.ICE:2011>2007,Minimum Arctic ice extent for 2011 to be greater than 2007,5,71.1,Sep/08/2011 16:39:54
744206,MIN.ARCTIC.ICE:2011>2007,Minimum Arctic ice extent for 2011 to be greater than 2007,3,71.0,Sep/08/2011 16:40:30
744206,MIN.ARCTIC.ICE:2011>2007,Minimum Arctic ice extent for 2011 to be greater than 2007,4,72.0,Sep/08/2011 22:08:49
744206,MIN.ARCTIC.ICE:2011>2007,Minimum Arctic ice extent for 2011 to be greater than 2007,1,71.0,Sep/08/2011 22:09:25
744206,MIN.ARCTIC.ICE:2011>2007,Minimum Arctic ice extent for 2011 to be greater than 2007,1,71.0,Sep/08/2011 22:51:55
744206,MIN.ARCTIC.ICE:2011>2007,Minimum Arctic ice extent for 2011 to be greater than 2007,5,72.0,Sep/08/2011 22:51:55
744206,MIN.ARCTIC.ICE:2011>2007,Minimum Arctic ice extent for 2011 to be greater than 2007,5,75.0,Sep/09/2011 03:07:47
744206,MIN.ARCTIC.ICE:2011>2007,Minimum Arctic ice extent for 2011 to be greater than 2007,4,72.0,Sep/09/2011 17:20:58
744206,MIN.ARCTIC.ICE:2011>2007,Minimum Arctic ice extent for 2011 to be greater than 2007,1,72.0,Sep/09/2011 17:20:58
744206,MIN.ARCTIC.ICE:2011>2007,Minimum Arctic ice extent for 2011 to be greater than 2007,5,75.0,Sep/09/2011 18:43:28
744206,MIN.ARCTIC.ICE:2011>2007,Minimum Arctic ice extent for 2011 to be greater than 2007,5,75.0,Sep/09/2011 21:21:48
744206,MIN.ARCTIC.ICE:2011>2007,Minimum Arctic ice extent for 2011 to be greater than 2007,5,77.0,Sep/10/2011 03:04:11
744206,MIN.ARCTIC.ICE:2011>2007,Minimum Arctic ice extent for 2011 to be greater than 2007,1,77.0,Sep/10/2011 03:04:11
744206,MIN.ARCTIC.ICE:2011>2007,Minimum Arctic ice extent for 2011 to be greater than 2007,1,80.0,Sep/10/2011 03:35:25
744206,MIN.ARCTIC.ICE:2011>2007,Minimum Arctic ice extent for 2011 to be greater than 2007,5,87.0,Sep/10/2011 20:46:35
744206,MIN.ARCTIC.ICE:2011>2007,Minimum Arctic ice extent for 2011 to be greater than 2007,6,88.0,Sep/10/2011 20:46:47
744206,MIN.ARCTIC.ICE:2011>2007,Minimum Arctic ice extent for 2011 to be greater than 2007,3,84.0,Sep/10/2011 22:31:05
744206,MIN.ARCTIC.ICE:2011>2007,Minimum Arctic ice extent for 2011 to be greater than 2007,1,84.0,Sep/10/2011 23:10:50
744206,MIN.ARCTIC.ICE:2011>2007,Minimum Arctic ice extent for 2011 to be greater than 2007,6,84.0,Sep/10/2011 23:13:57
744206,MIN.ARCTIC.ICE:2011>2007,Minimum Arctic ice extent for 2011 to be greater than 2007,3,84.0,Sep/10/2011 23:13:57
744206,MIN.ARCTIC.ICE:2011>2007,Minimum Arctic ice extent for 2011 to be greater than 2007,10,82.0,Sep/10/2011 23:15:33
744206,MIN.ARCTIC.ICE:2011>2007,Minimum Arctic ice extent for 2011 to be greater than 2007,7,82.0,Sep/10/2011 23:16:00
744206,MIN.ARCTIC.ICE:2011>2007,Minimum Arctic ice extent for 2011 to be greater than 2007,1,83.0,Sep/10/2011 23:19:05
744206,MIN.ARCTIC.ICE:2011>2007,Minimum Arctic ice extent for 2011 to be greater than 2007,10,82.0,Sep/10/2011 23:21:19
744206,MIN.ARCTIC.ICE:2011>2007,Minimum Arctic ice extent for 2011 to be greater than 2007,5,88.0,Sep/11/2011 03:02:51
744206,MIN.ARCTIC.ICE:2011>2007,Minimum Arctic ice extent for 2011 to be greater than 2007,1,83.0,Sep/11/2011 04:15:00
744206,MIN.ARCTIC.ICE:2011>2007,Minimum Arctic ice extent for 2011 to be greater than 2007,1,83.0,Sep/11/2011 04:15:45
744206,MIN.ARCTIC.ICE:2011>2007,Minimum Arctic ice extent for 2011 to be greater than 2007,1,83.0,Sep/11/2011 04:15:59
744206,MIN.ARCTIC.ICE:2011>2007,Minimum Arctic ice extent for 2011 to be greater than 2007,7,83.0,Sep/11/2011 04:25:04
744206,MIN.ARCTIC.ICE:2011>2007,Minimum Arctic ice extent for 2011 to be greater than 2007,3,80.0,Sep/11/2011 04:28:01
744206,MIN.ARCTIC.ICE:2011>2007,Minimum Arctic ice extent for 2011 to be greater than 2007,6,80.0,Sep/11/2011 04:28:18
744206,MIN.ARCTIC.ICE:2011>2007,Minimum Arctic ice extent for 2011 to be greater than 2007,1,90.0,Sep/11/2011 21:26:32
744206,MIN.ARCTIC.ICE:2011>2007,Minimum Arctic ice extent for 2011 to be greater than 2007,5,90.0,Sep/11/2011 21:26:49
744206,MIN.ARCTIC.ICE:2011>2007,Minimum Arctic ice extent for 2011 to be greater than 2007,4,90.0,Sep/11/2011 21:59:54
744206,MIN.ARCTIC.ICE:2011>2007,Minimum Arctic ice extent for 2011 to be greater than 2007,4,91.0,Sep/11/2011 22:04:02
744206,MIN.ARCTIC.ICE:2011>2007,Minimum Arctic ice extent for 2011 to be greater than 2007,3,92.0,Sep/11/2011 22:55:53
744206,MIN.ARCTIC.ICE:2011>2007,Minimum Arctic ice extent for 2011 to be greater than 2007,4,92.0,Sep/11/2011 22:58:27
744206,MIN.ARCTIC.ICE:2011>2007,Minimum Arctic ice extent for 2011 to be greater than 2007,3,85.0,Sep/12/2011 02:52:01
744206,MIN.ARCTIC.ICE:2011>2007,Minimum Arctic ice extent for 2011 to be greater than 2007,1,90.0,Sep/12/2011 08:35:12
744206,MIN.ARCTIC.ICE:2011>2007,Minimum Arctic ice extent for 2011 to be greater than 2007,1,90.2,Sep/12/2011 12:42:55
744206,MIN.ARCTIC.ICE:2011>2007,Minimum Arctic ice extent for 2011 to be greater than 2007,1,90.5,Sep/12/2011 12:43:05
744206,MIN.ARCTIC.ICE:2011>2007,Minimum Arctic ice extent for 2011 to be greater than 2007,1,90.8,Sep/12/2011 12:43:15
744206,MIN.ARCTIC.ICE:2011>2007,Minimum Arctic ice extent for 2011 to be greater than 2007,1,91.0,Sep/12/2011 12:43:22
744206,MIN.ARCTIC.ICE:2011>2007,Minimum Arctic ice extent for 2011 to be greater than 2007,1,91.2,Sep/12/2011 12:43:29
744206,MIN.ARCTIC.ICE:2011>2007,Minimum Arctic ice extent for 2011 to be greater than 2007,1,91.3,Sep/12/2011 12:43:38
744206,MIN.ARCTIC.ICE:2011>2007,Minimum Arctic ice extent for 2011 to be greater than 2007,1,91.5,Sep/12/2011 12:43:47
744206,MIN.ARCTIC.ICE:2011>2007,Minimum Arctic ice extent for 2011 to be greater than 2007,1,91.7,Sep/12/2011 12:43:58
744206,MIN.ARCTIC.ICE:2011>2007,Minimum Arctic ice extent for 2011 to be greater than 2007,1,91.8,Sep/12/2011 12:44:24
744206,MIN.ARCTIC.ICE:2011>2007,Minimum Arctic ice extent for 2011 to be greater than 2007,3,92.0,Sep/12/2011 12:44:33
744206,MIN.ARCTIC.ICE:2011>2007,Minimum Arctic ice extent for 2011 to be greater than 2007,1,92.0,Sep/12/2011 14:46:06
744206,MIN.ARCTIC.ICE:2011>2007,Minimum Arctic ice extent for 2011 to be greater than 2007,1,92.0,Sep/12/2011 14:52:26
744206,MIN.ARCTIC.ICE:2011>2007,Minimum Arctic ice extent for 2011 to be greater than 2007,3,92.0,Sep/12/2011 15:10:29
744206,MIN.ARCTIC.ICE:2011>2007,Minimum Arctic ice extent for 2011 to be greater than 2007,5,90.0,Sep/12/2011 18:22:39
744206,MIN.ARCTIC.ICE:2011>2007,Minimum Arctic ice extent for 2011 to be greater than 2007,2,92.0,Sep/12/2011 20:05:10
744206,MIN.ARCTIC.ICE:2011>2007,Minimum Arctic ice extent for 2011 to be greater than 2007,1,92.0,Sep/12/2011 20:05:31
744206,MIN.ARCTIC.ICE:2011>2007,Minimum Arctic ice extent for 2011 to be greater than 2007,2,92.0,Sep/12/2011 22:26:40
744206,MIN.ARCTIC.ICE:2011>2007,Minimum Arctic ice extent for 2011 to be greater than 2007,5,90.0,Sep/13/2011 02:44:29
744206,MIN.ARCTIC.ICE:2011>2007,Minimum Arctic ice extent for 2011 to be greater than 2007,5,90.0,Sep/13/2011 02:44:29
744206,MIN.ARCTIC.ICE:2011>2007,Minimum Arctic ice extent for 2011 to be greater than 2007,3,93.0,Sep/13/2011 13:28:25
744206,MIN.ARCTIC.ICE:2011>2007,Minimum Arctic ice extent for 2011 to be greater than 2007,7,93.0,Sep/13/2011 22:58:59
744206,MIN.ARCTIC.ICE:2011>2007,Minimum Arctic ice extent for 2011 to be greater than 2007,2,94.0,Sep/14/2011 02:11:04
744206,MIN.ARCTIC.ICE:2011>2007,Minimum Arctic ice extent for 2011 to be greater than 2007,8,94.0,Sep/14/2011 03:03:16
744206,MIN.ARCTIC.ICE:2011>2007,Minimum Arctic ice extent for 2011 to be greater than 2007,5,89.0,Sep/14/2011 09:57:35
744206,MIN.ARCTIC.ICE:2011>2007,Minimum Arctic ice extent for 2011 to be greater than 2007,1,89.0,Sep/14/2011 09:57:35
744206,MIN.ARCTIC.ICE:2011>2007,Minimum Arctic ice extent for 2011 to be greater than 2007,30,94.8,Sep/14/2011 19:53:40
744206,MIN.ARCTIC.ICE:2011>2007,Minimum Arctic ice extent for 2011 to be greater than 2007,15,96.7,Sep/15/2011 03:22:29
744206,MIN.ARCTIC.ICE:2011>2007,Minimum Arctic ice extent for 2011 to be greater than 2007,10,96.8,Sep/15/2011 03:22:29
744206,MIN.ARCTIC.ICE:2011>2007,Minimum Arctic ice extent for 2011 to be greater than 2007,14,97.0,Sep/15/2011 03:22:29
744206,MIN.ARCTIC.ICE:2011>2007,Minimum Arctic ice extent for 2011 to be greater than 2007,1,96.0,Sep/15/2011 22:20:28
744206,MIN.ARCTIC.ICE:2011>2007,Minimum Arctic ice extent for 2011 to be greater than 2007,1,96.1,Sep/15/2011 22:20:34
744206,MIN.ARCTIC.ICE:2011>2007,Minimum Arctic ice extent for 2011 to be greater than 2007,1,96.1,Sep/15/2011 22:20:34
744206,MIN.ARCTIC.ICE:2011>2007,Minimum Arctic ice extent for 2011 to be greater than 2007,1,96.2,Sep/15/2011 22:20:45
744206,MIN.ARCTIC.ICE:2011>2007,Minimum Arctic ice extent for 2011 to be greater than 2007,1,96.3,Sep/15/2011 22:20:49
744206,MIN.ARCTIC.ICE:2011>2007,Minimum Arctic ice extent for 2011 to be greater than 2007,5,96.4,Sep/15/2011 22:20:54
744206,MIN.ARCTIC.ICE:2011>2007,Minimum Arctic ice extent for 2011 to be greater than 2007,6,96.7,Sep/16/2011 03:37:08
744206,MIN.ARCTIC.ICE:2011>2007,Minimum Arctic ice extent for 2011 to be greater than 2007,26,96.9,Sep/16/2011 10:56:48
744206,MIN.ARCTIC.ICE:2011>2007,Minimum Arctic ice extent for 2011 to be greater than 2007,3,96.0,Sep/16/2011 13:33:13
744206,MIN.ARCTIC.ICE:2011>2007,Minimum Arctic ice extent for 2011 to be greater than 2007,1,95.5,Sep/16/2011 14:50:22
744206,MIN.ARCTIC.ICE:2011>2007,Minimum Arctic ice extent for 2011 to be greater than 2007,4,95.5,Sep/17/2011 19:20:05
744206,MIN.ARCTIC.ICE:2011>2007,Minimum Arctic ice extent for 2011 to be greater than 2007,1,97.0,Sep/17/2011 23:51:54
744206,MIN.ARCTIC.ICE:2011>2007,Minimum Arctic ice extent for 2011 to be greater than 2007,3,97.0,Sep/18/2011 04:16:36
744206,MIN.ARCTIC.ICE:2011>2007,Minimum Arctic ice extent for 2011 to be greater than 2007,1,96.0,Sep/18/2011 07:21:57
744206,MIN.ARCTIC.ICE:2011>2007,Minimum Arctic ice extent for 2011 to be greater than 2007,1,97.0,Sep/18/2011 13:52:13
744206,MIN.ARCTIC.ICE:2011>2007,Minimum Arctic ice extent for 2011 to be greater than 2007,1,97.0,Sep/19/2011 07:05:43
744206,MIN.ARCTIC.ICE:2011>2007,Minimum Arctic ice extent for 2011 to be greater than 2007,8,97.0,Sep/19/2011 07:05:43
744206,MIN.ARCTIC.ICE:2011>2007,Minimum Arctic ice extent for 2011 to be greater than 2007,1,97.0,Sep/19/2011 07:05:50
744206,MIN.ARCTIC.ICE:2011>2007,Minimum Arctic ice extent for 2011 to be greater than 2007,1,97.0,Sep/19/2011 07:05:56
744206,MIN.ARCTIC.ICE:2011>2007,Minimum Arctic ice extent for 2011 to be greater than 2007,1,97.0,Sep/19/2011 07:06:03
744206,MIN.ARCTIC.ICE:2011>2007,Minimum Arctic ice extent for 2011 to be greater than 2007,1,97.0,Sep/19/2011 07:06:09
744206,MIN.ARCTIC.ICE:2011>2007,Minimum Arctic ice extent for 2011 to be greater than 2007,1,97.0,Sep/19/2011 07:06:33
744206,MIN.ARCTIC.ICE:2011>2007,Minimum Arctic ice extent for 2011 to be greater than 2007,1,97.0,Sep/19/2011 07:06:39
744206,MIN.ARCTIC.ICE:2011>2007,Minimum Arctic ice extent for 2011 to be greater than 2007,2,96.1,Sep/19/2011 14:25:16
744206,MIN.ARCTIC.ICE:2011>2007,Minimum Arctic ice extent for 2011 to be greater than 2007,1,96.0,Sep/19/2011 14:25:16
744206,MIN.ARCTIC.ICE:2011>2007,Minimum Arctic ice extent for 2011 to be greater than 2007,2,96.2,Sep/19/2011 14:25:16
744206,MIN.ARCTIC.ICE:2011>2007,Minimum Arctic ice extent for 2011 to be greater than 2007,1,98.7,Sep/20/2011 03:27:05
744206,MIN.ARCTIC.ICE:2011>2007,Minimum Arctic ice extent for 2011 to be greater than 2007,1,98.7,Sep/20/2011 03:28:04
744206,MIN.ARCTIC.ICE:2011>2007,Minimum Arctic ice extent for 2011 to be greater than 2007,8,98.7,Sep/20/2011 12:35:10
744206,MIN.ARCTIC.ICE:2011>2007,Minimum Arctic ice extent for 2011 to be greater than 2007,2,98.7,Sep/20/2011 14:30:14
744206,MIN.ARCTIC.ICE:2011>2007,Minimum Arctic ice extent for 2011 to be greater than 2007,2,98.8,Sep/21/2011 03:37:54
744206,MIN.ARCTIC.ICE:2011>2007,Minimum Arctic ice extent for 2011 to be greater than 2007,1,98.8,Sep/21/2011 03:47:19
744206,MIN.ARCTIC.ICE:2011>2007,Minimum Arctic ice extent for 2011 to be greater than 2007,15,98.0,Sep/24/2011 15:30:32
744206,MIN.ARCTIC.ICE:2011>2007,Minimum Arctic ice extent for 2011 to be greater than 2007,4,97.0,Sep/24/2011 15:30:50
744206,MIN.ARCTIC.ICE:2011>2007,Minimum Arctic ice extent for 2011 to be greater than 2007,5,98.0,Sep/26/2011 19:44:25
744206,MIN.ARCTIC.ICE:2011>2007,Minimum Arctic ice extent for 2011 to be greater than 2007,1,98.8,Sep/27/2011 02:25:55
744206,MIN.ARCTIC.ICE:2011>2007,Minimum Arctic ice extent for 2011 to be greater than 2007,1,98.9,Sep/27/2011 12:36:27
744206,MIN.ARCTIC.ICE:2011>2007,Minimum Arctic ice extent for 2011 to be greater than 2007,1,99.0,Sep/27/2011 12:36:37
744206,MIN.ARCTIC.ICE:2011>2007,Minimum Arctic ice extent for 2011 to be greater than 2007,1,99.1,Sep/27/2011 12:36:47
744206,MIN.ARCTIC.ICE:2011>2007,Minimum Arctic ice extent for 2011 to be greater than 2007,47,99.2,Sep/27/2011 13:12:17
744206,MIN.ARCTIC.ICE:2011>2007,Minimum Arctic ice extent for 2011 to be greater than 2007,4,99.1,Sep/27/2011 13:12:17
744206,MIN.ARCTIC.ICE:2011>2007,Minimum Arctic ice extent for 2011 to be greater than 2007,5,98.5,Sep/27/2011 13:36:46
744206,MIN.ARCTIC.ICE:2011>2007,Minimum Arctic ice extent for 2011 to be greater than 2007,10,98.7,Sep/28/2011 04:21:06
744206,MIN.ARCTIC.ICE:2011>2007,Minimum Arctic ice extent for 2011 to be greater than 2007,8,98.6,Sep/28/2011 04:21:19
744206,MIN.ARCTIC.ICE:2011>2007,Minimum Arctic ice extent for 2011 to be greater than 2007,22,98.6,Sep/28/2011 14:06:39
744206,MIN.ARCTIC.ICE:2011>2007,Minimum Arctic ice extent for 2011 to be greater than 2007,20,98.6,Sep/28/2011 14:06:39
744206,MIN.ARCTIC.ICE:2011>2007,Minimum Arctic ice extent for 2011 to be greater than 2007,45,98.5,Sep/28/2011 14:07:00
744206,MIN.ARCTIC.ICE:2011>2007,Minimum Arctic ice extent for 2011 to be greater than 2007,11,97.0,Sep/28/2011 14:08:01
744206,MIN.ARCTIC.ICE:2011>2007,Minimum Arctic ice extent for 2011 to be greater than 2007,10,98.0,Sep/29/2011 13:27:58
744206,MIN.ARCTIC.ICE:2011>2007,Minimum Arctic ice extent for 2011 to be greater than 2007,1,99.0,Sep/30/2011 14:31:33
744206,MIN.ARCTIC.ICE:2011>2007,Minimum Arctic ice extent for 2011 to be greater than 2007,8,99.1,Sep/30/2011 14:32:18
744206,MIN.ARCTIC.ICE:2011>2007,Minimum Arctic ice extent for 2011 to be greater than 2007,23,99.2,Sep/30/2011 14:32:42
744206,MIN.ARCTIC.ICE:2011>2007,Minimum Arctic ice extent for 2011 to be greater than 2007,2,98.8,Oct/02/2011 14:17:56
744206,MIN.ARCTIC.ICE:2011>2007,Minimum Arctic ice extent for 2011 to be greater than 2007,1,98.9,Oct/03/2011 21:34:41
744206,MIN.ARCTIC.ICE:2011>2007,Minimum Arctic ice extent for 2011 to be greater than 2007,3,99.4,Oct/06/2011 16:10:36
744206,MIN.ARCTIC.ICE:2011>2007,Minimum Arctic ice extent for 2011 to be greater than 2007,78,99.4,Oct/07/2011 01:46:21
744206,MIN.ARCTIC.ICE:2011>2007,Minimum Arctic ice extent for 2011 to be greater than 2007,20,99.4,Oct/07/2011 08:49:22
744206,MIN.ARCTIC.ICE:2011>2007,Minimum Arctic ice extent for 2011 to be greater than 2007,5,99.3,Oct/08/2011 15:22:25
744206,MIN.ARCTIC.ICE:2011>2007,Minimum Arctic ice extent for 2011 to be greater than 2007,1,99.3,Oct/08/2011 15:22:25
744206,MIN.ARCTIC.ICE:2011>2007,Minimum Arctic ice extent for 2011 to be greater than 2007,31,99.5,Oct/11/2011 09:37:51
744206,MIN.ARCTIC.ICE:2011>2007,Minimum Arctic ice extent for 2011 to be greater than 2007,18,99.5,Oct/11/2011 17:22:34
744206,MIN.ARCTIC.ICE:2011>2007,Minimum Arctic ice extent for 2011 to be greater than 2007,1,99.3,Oct/12/2011 19:23:32
744206,MIN.ARCTIC.ICE:2011>2007,Minimum Arctic ice extent for 2011 to be greater than 2007,9,99.3,Oct/12/2011 19:24:01
744206,MIN.ARCTIC.ICE:2011>2007,Minimum Arctic ice extent for 2011 to be greater than 2007,10,99.6,Oct/14/2011 12:24:36
744206,MIN.ARCTIC.ICE:2011>2007,Minimum Arctic ice extent for 2011 to be greater than 2007,11,99.6,Oct/14/2011 12:24:36
744206,MIN.ARCTIC.ICE:2011>2007,Minimum Arctic ice extent for 2011 to be greater than 2007,70,99.4,Oct/17/2011 18:45:13
744206,MIN.ARCTIC.ICE:2011>2007,Minimum Arctic ice extent for 2011 to be greater than 2007,40,99.8,Oct/19/2011 10:39:41
744206,MIN.ARCTIC.ICE:2011>2007,Minimum Arctic ice extent for 2011 to be greater than 2007,10,99.4,Oct/19/2011 19:26:56
744206,MIN.ARCTIC.ICE:2011>2007,Minimum Arctic ice extent for 2011 to be greater than 2007,5,99.7,Oct/21/2011 22:07:08
744206,MIN.ARCTIC.ICE:2011>2007,Minimum Arctic ice extent for 2011 to be greater than 2007,40,99.7,Oct/23/2011 18:45:14
744206,MIN.ARCTIC.ICE:2011>2007,Minimum Arctic ice extent for 2011 to be greater than 2007,6,99.7,Oct/24/2011 10:29:18
744206,MIN.ARCTIC.ICE:2011>2007,Minimum Arctic ice extent for 2011 to be greater than 2007,20,99.7,Oct/25/2011 00:54:45
744206,MIN.ARCTIC.ICE:2011>2007,Minimum Arctic ice extent for 2011 to be greater than 2007,1,99.6,Oct/25/2011 02:43:24
744206,MIN.ARCTIC.ICE:2011>2007,Minimum Arctic ice extent for 2011 to be greater than 2007,20,99.8,Oct/27/2011 04:38:46
744206,MIN.ARCTIC.ICE:2011>2007,Minimum Arctic ice extent for 2011 to be greater than 2007,5,99.8,Oct/27/2011 04:38:46
744206,MIN.ARCTIC.ICE:2011>2007,Minimum Arctic ice extent for 2011 to be greater than 2007,5,99.9,Oct/27/2011 04:39:12
744206,MIN.ARCTIC.ICE:2011>2007,Minimum Arctic ice extent for 2011 to be greater than 2007,9,99.9,Oct/27/2011 04:39:12
744206,MIN.ARCTIC.ICE:2011>2007,Minimum Arctic ice extent for 2011 to be greater than 2007,20,99.8,Oct/27/2011 16:17:05
744206,MIN.ARCTIC.ICE:2011>2007,Minimum Arctic ice extent for 2011 to be greater than 2007,10,99.7,Oct/31/2011 02:02:56
