market id,market symbol,market name,business day,session open,session high,session low,closing price,open interest,session trade volume,lifetime high,lifetime low
751686,2012.TEMP.ANOMOLY.0.55+,Global Temperature Anomaly for 2012 (Jan-Dec) to be 0.55 or more,2011-09-08,0.0,0.0,0.0,0.0,0,0,0.0,0.0
751686,2012.TEMP.ANOMOLY.0.55+,Global Temperature Anomaly for 2012 (Jan-Dec) to be 0.55 or more,2011-09-09,0.0,0.0,0.0,0.0,0,0,0.0,0.0
751686,2012.TEMP.ANOMOLY.0.55+,Global Temperature Anomaly for 2012 (Jan-Dec) to be 0.55 or more,2011-09-10,0.0,0.0,0.0,0.0,0,0,0.0,0.0
751686,2012.TEMP.ANOMOLY.0.55+,Global Temperature Anomaly for 2012 (Jan-Dec) to be 0.55 or more,2011-09-11,0.0,0.0,0.0,0.0,0,0,0.0,0.0
751686,2012.TEMP.ANOMOLY.0.55+,Global Temperature Anomaly for 2012 (Jan-Dec) to be 0.55 or more,2011-09-12,0.0,0.0,0.0,0.0,0,0,0.0,0.0
751686,2012.TEMP.ANOMOLY.0.55+,Global Temperature Anomaly for 2012 (Jan-Dec) to be 0.55 or more,2011-09-13,0.0,0.0,0.0,0.0,0,0,0.0,0.0
751686,2012.TEMP.ANOMOLY.0.55+,Global Temperature Anomaly for 2012 (Jan-Dec) to be 0.55 or more,2011-09-14,0.0,0.0,0.0,0.0,0,0,0.0,0.0
751686,2012.TEMP.ANOMOLY.0.55+,Global Temperature Anomaly for 2012 (Jan-Dec) to be 0.55 or more,2011-09-15,0.0,0.0,0.0,0.0,0,0,0.0,0.0
751686,2012.TEMP.ANOMOLY.0.55+,Global Temperature Anomaly for 2012 (Jan-Dec) to be 0.55 or more,2011-09-16,0.0,0.0,0.0,0.0,0,0,0.0,0.0
751686,2012.TEMP.ANOMOLY.0.55+,Global Temperature Anomaly for 2012 (Jan-Dec) to be 0.55 or more,2011-09-17,0.0,0.0,0.0,0.0,0,0,0.0,0.0
751686,2012.TEMP.ANOMOLY.0.55+,Global Temperature Anomaly for 2012 (Jan-Dec) to be 0.55 or more,2011-09-18,0.0,0.0,0.0,0.0,0,0,0.0,0.0
751686,2012.TEMP.ANOMOLY.0.55+,Global Temperature Anomaly for 2012 (Jan-Dec) to be 0.55 or more,2011-09-19,0.0,0.0,0.0,0.0,0,0,0.0,0.0
751686,2012.TEMP.ANOMOLY.0.55+,Global Temperature Anomaly for 2012 (Jan-Dec) to be 0.55 or more,2011-09-20,0.0,0.0,0.0,0.0,0,0,0.0,0.0
751686,2012.TEMP.ANOMOLY.0.55+,Global Temperature Anomaly for 2012 (Jan-Dec) to be 0.55 or more,2011-09-21,0.0,0.0,0.0,0.0,0,0,0.0,0.0
751686,2012.TEMP.ANOMOLY.0.55+,Global Temperature Anomaly for 2012 (Jan-Dec) to be 0.55 or more,2011-09-22,0.0,0.0,0.0,0.0,0,0,0.0,0.0
751686,2012.TEMP.ANOMOLY.0.55+,Global Temperature Anomaly for 2012 (Jan-Dec) to be 0.55 or more,2011-09-23,0.0,0.0,0.0,0.0,0,0,0.0,0.0
751686,2012.TEMP.ANOMOLY.0.55+,Global Temperature Anomaly for 2012 (Jan-Dec) to be 0.55 or more,2011-09-24,0.0,0.0,0.0,0.0,0,0,0.0,0.0
751686,2012.TEMP.ANOMOLY.0.55+,Global Temperature Anomaly for 2012 (Jan-Dec) to be 0.55 or more,2011-09-25,0.0,0.0,0.0,0.0,0,0,0.0,0.0
751686,2012.TEMP.ANOMOLY.0.55+,Global Temperature Anomaly for 2012 (Jan-Dec) to be 0.55 or more,2011-09-26,0.0,0.0,0.0,0.0,0,0,0.0,0.0
751686,2012.TEMP.ANOMOLY.0.55+,Global Temperature Anomaly for 2012 (Jan-Dec) to be 0.55 or more,2011-09-27,0.0,0.0,0.0,0.0,0,0,0.0,0.0
751686,2012.TEMP.ANOMOLY.0.55+,Global Temperature Anomaly for 2012 (Jan-Dec) to be 0.55 or more,2011-09-28,0.0,0.0,0.0,0.0,0,0,0.0,0.0
751686,2012.TEMP.ANOMOLY.0.55+,Global Temperature Anomaly for 2012 (Jan-Dec) to be 0.55 or more,2011-09-29,0.0,0.0,0.0,0.0,0,0,0.0,0.0
751686,2012.TEMP.ANOMOLY.0.55+,Global Temperature Anomaly for 2012 (Jan-Dec) to be 0.55 or more,2011-09-30,0.0,0.0,0.0,0.0,0,0,0.0,0.0
751686,2012.TEMP.ANOMOLY.0.55+,Global Temperature Anomaly for 2012 (Jan-Dec) to be 0.55 or more,2011-10-01,0.0,0.0,0.0,0.0,0,0,0.0,0.0
751686,2012.TEMP.ANOMOLY.0.55+,Global Temperature Anomaly for 2012 (Jan-Dec) to be 0.55 or more,2011-10-02,0.0,0.0,0.0,0.0,0,0,0.0,0.0
751686,2012.TEMP.ANOMOLY.0.55+,Global Temperature Anomaly for 2012 (Jan-Dec) to be 0.55 or more,2011-10-03,0.0,0.0,0.0,0.0,0,0,0.0,0.0
751686,2012.TEMP.ANOMOLY.0.55+,Global Temperature Anomaly for 2012 (Jan-Dec) to be 0.55 or more,2011-10-04,0.0,0.0,0.0,0.0,0,0,0.0,0.0
751686,2012.TEMP.ANOMOLY.0.55+,Global Temperature Anomaly for 2012 (Jan-Dec) to be 0.55 or more,2011-10-05,0.0,0.0,0.0,0.0,0,0,0.0,0.0
751686,2012.TEMP.ANOMOLY.0.55+,Global Temperature Anomaly for 2012 (Jan-Dec) to be 0.55 or more,2011-10-06,0.0,0.0,0.0,0.0,0,0,0.0,0.0
751686,2012.TEMP.ANOMOLY.0.55+,Global Temperature Anomaly for 2012 (Jan-Dec) to be 0.55 or more,2011-10-07,0.0,0.0,0.0,0.0,0,0,0.0,0.0
751686,2012.TEMP.ANOMOLY.0.55+,Global Temperature Anomaly for 2012 (Jan-Dec) to be 0.55 or more,2011-10-08,0.0,0.0,0.0,0.0,0,0,0.0,0.0
751686,2012.TEMP.ANOMOLY.0.55+,Global Temperature Anomaly for 2012 (Jan-Dec) to be 0.55 or more,2011-10-09,82.0,82.0,82.0,82.0,1,1,82.0,82.0
751686,2012.TEMP.ANOMOLY.0.55+,Global Temperature Anomaly for 2012 (Jan-Dec) to be 0.55 or more,2011-10-10,0.0,0.0,0.0,82.0,1,0,82.0,82.0
751686,2012.TEMP.ANOMOLY.0.55+,Global Temperature Anomaly for 2012 (Jan-Dec) to be 0.55 or more,2011-10-11,0.0,0.0,0.0,82.0,1,0,82.0,82.0
751686,2012.TEMP.ANOMOLY.0.55+,Global Temperature Anomaly for 2012 (Jan-Dec) to be 0.55 or more,2011-10-12,0.0,0.0,0.0,82.0,1,0,82.0,82.0
751686,2012.TEMP.ANOMOLY.0.55+,Global Temperature Anomaly for 2012 (Jan-Dec) to be 0.55 or more,2011-10-13,0.0,0.0,0.0,82.0,1,0,82.0,82.0
751686,2012.TEMP.ANOMOLY.0.55+,Global Temperature Anomaly for 2012 (Jan-Dec) to be 0.55 or more,2011-10-14,0.0,0.0,0.0,82.0,1,0,82.0,82.0
751686,2012.TEMP.ANOMOLY.0.55+,Global Temperature Anomaly for 2012 (Jan-Dec) to be 0.55 or more,2011-10-15,0.0,0.0,0.0,82.0,1,0,82.0,82.0
751686,2012.TEMP.ANOMOLY.0.55+,Global Temperature Anomaly for 2012 (Jan-Dec) to be 0.55 or more,2011-10-16,0.0,0.0,0.0,82.0,1,0,82.0,82.0
751686,2012.TEMP.ANOMOLY.0.55+,Global Temperature Anomaly for 2012 (Jan-Dec) to be 0.55 or more,2011-10-17,0.0,0.0,0.0,82.0,1,0,82.0,82.0
751686,2012.TEMP.ANOMOLY.0.55+,Global Temperature Anomaly for 2012 (Jan-Dec) to be 0.55 or more,2011-10-18,0.0,0.0,0.0,82.0,1,0,82.0,82.0
751686,2012.TEMP.ANOMOLY.0.55+,Global Temperature Anomaly for 2012 (Jan-Dec) to be 0.55 or more,2011-10-19,0.0,0.0,0.0,82.0,1,0,82.0,82.0
751686,2012.TEMP.ANOMOLY.0.55+,Global Temperature Anomaly for 2012 (Jan-Dec) to be 0.55 or more,2011-10-20,0.0,0.0,0.0,82.0,1,0,82.0,82.0
751686,2012.TEMP.ANOMOLY.0.55+,Global Temperature Anomaly for 2012 (Jan-Dec) to be 0.55 or more,2011-10-21,0.0,0.0,0.0,82.0,1,0,82.0,82.0
751686,2012.TEMP.ANOMOLY.0.55+,Global Temperature Anomaly for 2012 (Jan-Dec) to be 0.55 or more,2011-10-22,0.0,0.0,0.0,82.0,1,0,82.0,82.0
751686,2012.TEMP.ANOMOLY.0.55+,Global Temperature Anomaly for 2012 (Jan-Dec) to be 0.55 or more,2011-10-23,0.0,0.0,0.0,82.0,1,0,82.0,82.0
751686,2012.TEMP.ANOMOLY.0.55+,Global Temperature Anomaly for 2012 (Jan-Dec) to be 0.55 or more,2011-10-24,0.0,0.0,0.0,82.0,1,0,82.0,82.0
751686,2012.TEMP.ANOMOLY.0.55+,Global Temperature Anomaly for 2012 (Jan-Dec) to be 0.55 or more,2011-10-25,0.0,0.0,0.0,82.0,1,0,82.0,82.0
751686,2012.TEMP.ANOMOLY.0.55+,Global Temperature Anomaly for 2012 (Jan-Dec) to be 0.55 or more,2011-10-26,0.0,0.0,0.0,82.0,1,0,82.0,82.0
751686,2012.TEMP.ANOMOLY.0.55+,Global Temperature Anomaly for 2012 (Jan-Dec) to be 0.55 or more,2011-10-27,0.0,0.0,0.0,82.0,1,0,82.0,82.0
751686,2012.TEMP.ANOMOLY.0.55+,Global Temperature Anomaly for 2012 (Jan-Dec) to be 0.55 or more,2011-10-28,0.0,0.0,0.0,82.0,1,0,82.0,82.0
751686,2012.TEMP.ANOMOLY.0.55+,Global Temperature Anomaly for 2012 (Jan-Dec) to be 0.55 or more,2011-10-29,0.0,0.0,0.0,82.0,1,0,82.0,82.0
751686,2012.TEMP.ANOMOLY.0.55+,Global Temperature Anomaly for 2012 (Jan-Dec) to be 0.55 or more,2011-10-30,0.0,0.0,0.0,82.0,1,0,82.0,82.0
751686,2012.TEMP.ANOMOLY.0.55+,Global Temperature Anomaly for 2012 (Jan-Dec) to be 0.55 or more,2011-10-31,0.0,0.0,0.0,82.0,1,0,82.0,82.0
751686,2012.TEMP.ANOMOLY.0.55+,Global Temperature Anomaly for 2012 (Jan-Dec) to be 0.55 or more,2011-11-01,0.0,0.0,0.0,82.0,1,0,82.0,82.0
751686,2012.TEMP.ANOMOLY.0.55+,Global Temperature Anomaly for 2012 (Jan-Dec) to be 0.55 or more,2011-11-02,0.0,0.0,0.0,82.0,1,0,82.0,82.0
751686,2012.TEMP.ANOMOLY.0.55+,Global Temperature Anomaly for 2012 (Jan-Dec) to be 0.55 or more,2011-11-03,0.0,0.0,0.0,82.0,1,0,82.0,82.0
751686,2012.TEMP.ANOMOLY.0.55+,Global Temperature Anomaly for 2012 (Jan-Dec) to be 0.55 or more,2011-11-04,0.0,0.0,0.0,82.0,1,0,82.0,82.0
751686,2012.TEMP.ANOMOLY.0.55+,Global Temperature Anomaly for 2012 (Jan-Dec) to be 0.55 or more,2011-11-05,0.0,0.0,0.0,82.0,1,0,82.0,82.0
751686,2012.TEMP.ANOMOLY.0.55+,Global Temperature Anomaly for 2012 (Jan-Dec) to be 0.55 or more,2011-11-06,0.0,0.0,0.0,82.0,1,0,82.0,82.0
751686,2012.TEMP.ANOMOLY.0.55+,Global Temperature Anomaly for 2012 (Jan-Dec) to be 0.55 or more,2011-11-07,0.0,0.0,0.0,82.0,1,0,82.0,82.0
751686,2012.TEMP.ANOMOLY.0.55+,Global Temperature Anomaly for 2012 (Jan-Dec) to be 0.55 or more,2011-11-08,0.0,0.0,0.0,82.0,1,0,82.0,82.0
751686,2012.TEMP.ANOMOLY.0.55+,Global Temperature Anomaly for 2012 (Jan-Dec) to be 0.55 or more,2011-11-09,0.0,0.0,0.0,82.0,1,0,82.0,82.0
751686,2012.TEMP.ANOMOLY.0.55+,Global Temperature Anomaly for 2012 (Jan-Dec) to be 0.55 or more,2011-11-10,0.0,0.0,0.0,82.0,1,0,82.0,82.0
751686,2012.TEMP.ANOMOLY.0.55+,Global Temperature Anomaly for 2012 (Jan-Dec) to be 0.55 or more,2011-11-11,0.0,0.0,0.0,82.0,1,0,82.0,82.0
751686,2012.TEMP.ANOMOLY.0.55+,Global Temperature Anomaly for 2012 (Jan-Dec) to be 0.55 or more,2011-11-12,85.0,85.0,85.0,85.0,6,5,85.0,82.0
751686,2012.TEMP.ANOMOLY.0.55+,Global Temperature Anomaly for 2012 (Jan-Dec) to be 0.55 or more,2011-11-13,0.0,0.0,0.0,85.0,6,0,85.0,82.0
751686,2012.TEMP.ANOMOLY.0.55+,Global Temperature Anomaly for 2012 (Jan-Dec) to be 0.55 or more,2011-11-14,0.0,0.0,0.0,85.0,6,0,85.0,82.0
751686,2012.TEMP.ANOMOLY.0.55+,Global Temperature Anomaly for 2012 (Jan-Dec) to be 0.55 or more,2011-11-15,0.0,0.0,0.0,85.0,6,0,85.0,82.0
751686,2012.TEMP.ANOMOLY.0.55+,Global Temperature Anomaly for 2012 (Jan-Dec) to be 0.55 or more,2011-11-16,0.0,0.0,0.0,85.0,6,0,85.0,82.0
751686,2012.TEMP.ANOMOLY.0.55+,Global Temperature Anomaly for 2012 (Jan-Dec) to be 0.55 or more,2011-11-17,0.0,0.0,0.0,85.0,6,0,85.0,82.0
751686,2012.TEMP.ANOMOLY.0.55+,Global Temperature Anomaly for 2012 (Jan-Dec) to be 0.55 or more,2011-11-18,0.0,0.0,0.0,85.0,6,0,85.0,82.0
751686,2012.TEMP.ANOMOLY.0.55+,Global Temperature Anomaly for 2012 (Jan-Dec) to be 0.55 or more,2011-11-19,0.0,0.0,0.0,85.0,6,0,85.0,82.0
751686,2012.TEMP.ANOMOLY.0.55+,Global Temperature Anomaly for 2012 (Jan-Dec) to be 0.55 or more,2011-11-20,0.0,0.0,0.0,85.0,6,0,85.0,82.0
751686,2012.TEMP.ANOMOLY.0.55+,Global Temperature Anomaly for 2012 (Jan-Dec) to be 0.55 or more,2011-11-21,0.0,0.0,0.0,85.0,6,0,85.0,82.0
751686,2012.TEMP.ANOMOLY.0.55+,Global Temperature Anomaly for 2012 (Jan-Dec) to be 0.55 or more,2011-11-22,0.0,0.0,0.0,85.0,6,0,85.0,82.0
751686,2012.TEMP.ANOMOLY.0.55+,Global Temperature Anomaly for 2012 (Jan-Dec) to be 0.55 or more,2011-11-23,0.0,0.0,0.0,85.0,6,0,85.0,82.0
751686,2012.TEMP.ANOMOLY.0.55+,Global Temperature Anomaly for 2012 (Jan-Dec) to be 0.55 or more,2011-11-24,60.0,60.0,60.0,60.0,11,5,85.0,60.0
751686,2012.TEMP.ANOMOLY.0.55+,Global Temperature Anomaly for 2012 (Jan-Dec) to be 0.55 or more,2011-11-25,0.0,0.0,0.0,60.0,11,0,85.0,60.0
751686,2012.TEMP.ANOMOLY.0.55+,Global Temperature Anomaly for 2012 (Jan-Dec) to be 0.55 or more,2011-11-26,0.0,0.0,0.0,60.0,11,0,85.0,60.0
751686,2012.TEMP.ANOMOLY.0.55+,Global Temperature Anomaly for 2012 (Jan-Dec) to be 0.55 or more,2011-11-27,0.0,0.0,0.0,60.0,11,0,85.0,60.0
751686,2012.TEMP.ANOMOLY.0.55+,Global Temperature Anomaly for 2012 (Jan-Dec) to be 0.55 or more,2011-11-28,0.0,0.0,0.0,60.0,11,0,85.0,60.0
751686,2012.TEMP.ANOMOLY.0.55+,Global Temperature Anomaly for 2012 (Jan-Dec) to be 0.55 or more,2011-11-29,0.0,0.0,0.0,60.0,11,0,85.0,60.0
751686,2012.TEMP.ANOMOLY.0.55+,Global Temperature Anomaly for 2012 (Jan-Dec) to be 0.55 or more,2011-11-30,0.0,0.0,0.0,60.0,11,0,85.0,60.0
751686,2012.TEMP.ANOMOLY.0.55+,Global Temperature Anomaly for 2012 (Jan-Dec) to be 0.55 or more,2011-12-01,0.0,0.0,0.0,60.0,11,0,85.0,60.0
751686,2012.TEMP.ANOMOLY.0.55+,Global Temperature Anomaly for 2012 (Jan-Dec) to be 0.55 or more,2011-12-02,0.0,0.0,0.0,60.0,11,0,85.0,60.0
751686,2012.TEMP.ANOMOLY.0.55+,Global Temperature Anomaly for 2012 (Jan-Dec) to be 0.55 or more,2011-12-03,0.0,0.0,0.0,60.0,11,0,85.0,60.0
751686,2012.TEMP.ANOMOLY.0.55+,Global Temperature Anomaly for 2012 (Jan-Dec) to be 0.55 or more,2011-12-04,0.0,0.0,0.0,60.0,11,0,85.0,60.0
751686,2012.TEMP.ANOMOLY.0.55+,Global Temperature Anomaly for 2012 (Jan-Dec) to be 0.55 or more,2011-12-05,0.0,0.0,0.0,60.0,11,0,85.0,60.0
751686,2012.TEMP.ANOMOLY.0.55+,Global Temperature Anomaly for 2012 (Jan-Dec) to be 0.55 or more,2011-12-06,0.0,0.0,0.0,60.0,11,0,85.0,60.0
751686,2012.TEMP.ANOMOLY.0.55+,Global Temperature Anomaly for 2012 (Jan-Dec) to be 0.55 or more,2011-12-07,0.0,0.0,0.0,60.0,11,0,85.0,60.0
751686,2012.TEMP.ANOMOLY.0.55+,Global Temperature Anomaly for 2012 (Jan-Dec) to be 0.55 or more,2011-12-08,0.0,0.0,0.0,60.0,11,0,85.0,60.0
751686,2012.TEMP.ANOMOLY.0.55+,Global Temperature Anomaly for 2012 (Jan-Dec) to be 0.55 or more,2011-12-09,0.0,0.0,0.0,60.0,11,0,85.0,60.0
751686,2012.TEMP.ANOMOLY.0.55+,Global Temperature Anomaly for 2012 (Jan-Dec) to be 0.55 or more,2011-12-10,0.0,0.0,0.0,60.0,11,0,85.0,60.0
751686,2012.TEMP.ANOMOLY.0.55+,Global Temperature Anomaly for 2012 (Jan-Dec) to be 0.55 or more,2011-12-11,0.0,0.0,0.0,60.0,11,0,85.0,60.0
751686,2012.TEMP.ANOMOLY.0.55+,Global Temperature Anomaly for 2012 (Jan-Dec) to be 0.55 or more,2011-12-12,0.0,0.0,0.0,60.0,11,0,85.0,60.0
751686,2012.TEMP.ANOMOLY.0.55+,Global Temperature Anomaly for 2012 (Jan-Dec) to be 0.55 or more,2011-12-13,0.0,0.0,0.0,60.0,11,0,85.0,60.0
751686,2012.TEMP.ANOMOLY.0.55+,Global Temperature Anomaly for 2012 (Jan-Dec) to be 0.55 or more,2011-12-14,0.0,0.0,0.0,60.0,11,0,85.0,60.0
751686,2012.TEMP.ANOMOLY.0.55+,Global Temperature Anomaly for 2012 (Jan-Dec) to be 0.55 or more,2011-12-15,0.0,0.0,0.0,60.0,11,0,85.0,60.0
751686,2012.TEMP.ANOMOLY.0.55+,Global Temperature Anomaly for 2012 (Jan-Dec) to be 0.55 or more,2011-12-16,0.0,0.0,0.0,60.0,11,0,85.0,60.0
751686,2012.TEMP.ANOMOLY.0.55+,Global Temperature Anomaly for 2012 (Jan-Dec) to be 0.55 or more,2011-12-17,0.0,0.0,0.0,60.0,11,0,85.0,60.0
751686,2012.TEMP.ANOMOLY.0.55+,Global Temperature Anomaly for 2012 (Jan-Dec) to be 0.55 or more,2011-12-18,0.0,0.0,0.0,60.0,11,0,85.0,60.0
751686,2012.TEMP.ANOMOLY.0.55+,Global Temperature Anomaly for 2012 (Jan-Dec) to be 0.55 or more,2011-12-19,0.0,0.0,0.0,60.0,11,0,85.0,60.0
751686,2012.TEMP.ANOMOLY.0.55+,Global Temperature Anomaly for 2012 (Jan-Dec) to be 0.55 or more,2011-12-20,0.0,0.0,0.0,60.0,11,0,85.0,60.0
751686,2012.TEMP.ANOMOLY.0.55+,Global Temperature Anomaly for 2012 (Jan-Dec) to be 0.55 or more,2011-12-21,0.0,0.0,0.0,60.0,11,0,85.0,60.0
751686,2012.TEMP.ANOMOLY.0.55+,Global Temperature Anomaly for 2012 (Jan-Dec) to be 0.55 or more,2011-12-22,75.0,75.0,75.0,75.0,11,5,85.0,60.0
751686,2012.TEMP.ANOMOLY.0.55+,Global Temperature Anomaly for 2012 (Jan-Dec) to be 0.55 or more,2011-12-23,0.0,0.0,0.0,75.0,11,0,85.0,60.0
751686,2012.TEMP.ANOMOLY.0.55+,Global Temperature Anomaly for 2012 (Jan-Dec) to be 0.55 or more,2011-12-24,0.0,0.0,0.0,75.0,11,0,85.0,60.0
751686,2012.TEMP.ANOMOLY.0.55+,Global Temperature Anomaly for 2012 (Jan-Dec) to be 0.55 or more,2011-12-25,0.0,0.0,0.0,75.0,11,0,85.0,60.0
751686,2012.TEMP.ANOMOLY.0.55+,Global Temperature Anomaly for 2012 (Jan-Dec) to be 0.55 or more,2011-12-26,0.0,0.0,0.0,75.0,11,0,85.0,60.0
751686,2012.TEMP.ANOMOLY.0.55+,Global Temperature Anomaly for 2012 (Jan-Dec) to be 0.55 or more,2011-12-27,0.0,0.0,0.0,75.0,11,0,85.0,60.0
751686,2012.TEMP.ANOMOLY.0.55+,Global Temperature Anomaly for 2012 (Jan-Dec) to be 0.55 or more,2011-12-28,0.0,0.0,0.0,75.0,11,0,85.0,60.0
751686,2012.TEMP.ANOMOLY.0.55+,Global Temperature Anomaly for 2012 (Jan-Dec) to be 0.55 or more,2011-12-29,0.0,0.0,0.0,75.0,11,0,85.0,60.0
751686,2012.TEMP.ANOMOLY.0.55+,Global Temperature Anomaly for 2012 (Jan-Dec) to be 0.55 or more,2011-12-30,0.0,0.0,0.0,75.0,11,0,85.0,60.0
751686,2012.TEMP.ANOMOLY.0.55+,Global Temperature Anomaly for 2012 (Jan-Dec) to be 0.55 or more,2011-12-31,0.0,0.0,0.0,75.0,11,0,85.0,60.0
751686,2012.TEMP.ANOMOLY.0.55+,Global Temperature Anomaly for 2012 (Jan-Dec) to be 0.55 or more,2012-01-01,0.0,0.0,0.0,75.0,11,0,85.0,60.0
751686,2012.TEMP.ANOMOLY.0.55+,Global Temperature Anomaly for 2012 (Jan-Dec) to be 0.55 or more,2012-01-02,0.0,0.0,0.0,75.0,11,0,85.0,60.0
751686,2012.TEMP.ANOMOLY.0.55+,Global Temperature Anomaly for 2012 (Jan-Dec) to be 0.55 or more,2012-01-03,0.0,0.0,0.0,75.0,11,0,85.0,60.0
751686,2012.TEMP.ANOMOLY.0.55+,Global Temperature Anomaly for 2012 (Jan-Dec) to be 0.55 or more,2012-01-04,0.0,0.0,0.0,75.0,11,0,85.0,60.0
751686,2012.TEMP.ANOMOLY.0.55+,Global Temperature Anomaly for 2012 (Jan-Dec) to be 0.55 or more,2012-01-05,0.0,0.0,0.0,75.0,11,0,85.0,60.0
751686,2012.TEMP.ANOMOLY.0.55+,Global Temperature Anomaly for 2012 (Jan-Dec) to be 0.55 or more,2012-01-06,0.0,0.0,0.0,75.0,11,0,85.0,60.0
751686,2012.TEMP.ANOMOLY.0.55+,Global Temperature Anomaly for 2012 (Jan-Dec) to be 0.55 or more,2012-01-07,0.0,0.0,0.0,75.0,11,0,85.0,60.0
751686,2012.TEMP.ANOMOLY.0.55+,Global Temperature Anomaly for 2012 (Jan-Dec) to be 0.55 or more,2012-01-08,0.0,0.0,0.0,75.0,11,0,85.0,60.0
751686,2012.TEMP.ANOMOLY.0.55+,Global Temperature Anomaly for 2012 (Jan-Dec) to be 0.55 or more,2012-01-09,0.0,0.0,0.0,75.0,11,0,85.0,60.0
751686,2012.TEMP.ANOMOLY.0.55+,Global Temperature Anomaly for 2012 (Jan-Dec) to be 0.55 or more,2012-01-10,0.0,0.0,0.0,75.0,11,0,85.0,60.0
751686,2012.TEMP.ANOMOLY.0.55+,Global Temperature Anomaly for 2012 (Jan-Dec) to be 0.55 or more,2012-01-11,0.0,0.0,0.0,75.0,11,0,85.0,60.0
751686,2012.TEMP.ANOMOLY.0.55+,Global Temperature Anomaly for 2012 (Jan-Dec) to be 0.55 or more,2012-01-12,0.0,0.0,0.0,75.0,11,0,85.0,60.0
751686,2012.TEMP.ANOMOLY.0.55+,Global Temperature Anomaly for 2012 (Jan-Dec) to be 0.55 or more,2012-01-13,0.0,0.0,0.0,75.0,11,0,85.0,60.0
751686,2012.TEMP.ANOMOLY.0.55+,Global Temperature Anomaly for 2012 (Jan-Dec) to be 0.55 or more,2012-01-14,0.0,0.0,0.0,75.0,11,0,85.0,60.0
751686,2012.TEMP.ANOMOLY.0.55+,Global Temperature Anomaly for 2012 (Jan-Dec) to be 0.55 or more,2012-01-15,0.0,0.0,0.0,75.0,11,0,85.0,60.0
751686,2012.TEMP.ANOMOLY.0.55+,Global Temperature Anomaly for 2012 (Jan-Dec) to be 0.55 or more,2012-01-16,0.0,0.0,0.0,75.0,11,0,85.0,60.0
751686,2012.TEMP.ANOMOLY.0.55+,Global Temperature Anomaly for 2012 (Jan-Dec) to be 0.55 or more,2012-01-17,0.0,0.0,0.0,75.0,11,0,85.0,60.0
751686,2012.TEMP.ANOMOLY.0.55+,Global Temperature Anomaly for 2012 (Jan-Dec) to be 0.55 or more,2012-01-18,0.0,0.0,0.0,75.0,11,0,85.0,60.0
751686,2012.TEMP.ANOMOLY.0.55+,Global Temperature Anomaly for 2012 (Jan-Dec) to be 0.55 or more,2012-01-19,0.0,0.0,0.0,75.0,11,0,85.0,60.0
751686,2012.TEMP.ANOMOLY.0.55+,Global Temperature Anomaly for 2012 (Jan-Dec) to be 0.55 or more,2012-01-20,55.0,55.0,55.0,55.0,31,20,85.0,55.0
751686,2012.TEMP.ANOMOLY.0.55+,Global Temperature Anomaly for 2012 (Jan-Dec) to be 0.55 or more,2012-01-21,0.0,0.0,0.0,55.0,31,0,85.0,55.0
751686,2012.TEMP.ANOMOLY.0.55+,Global Temperature Anomaly for 2012 (Jan-Dec) to be 0.55 or more,2012-01-22,0.0,0.0,0.0,55.0,31,0,85.0,55.0
751686,2012.TEMP.ANOMOLY.0.55+,Global Temperature Anomaly for 2012 (Jan-Dec) to be 0.55 or more,2012-01-23,0.0,0.0,0.0,55.0,31,0,85.0,55.0
751686,2012.TEMP.ANOMOLY.0.55+,Global Temperature Anomaly for 2012 (Jan-Dec) to be 0.55 or more,2012-01-24,0.0,0.0,0.0,55.0,31,0,85.0,55.0
751686,2012.TEMP.ANOMOLY.0.55+,Global Temperature Anomaly for 2012 (Jan-Dec) to be 0.55 or more,2012-01-25,0.0,0.0,0.0,55.0,31,0,85.0,55.0
751686,2012.TEMP.ANOMOLY.0.55+,Global Temperature Anomaly for 2012 (Jan-Dec) to be 0.55 or more,2012-01-26,0.0,0.0,0.0,55.0,31,0,85.0,55.0
751686,2012.TEMP.ANOMOLY.0.55+,Global Temperature Anomaly for 2012 (Jan-Dec) to be 0.55 or more,2012-01-27,0.0,0.0,0.0,55.0,31,0,85.0,55.0
751686,2012.TEMP.ANOMOLY.0.55+,Global Temperature Anomaly for 2012 (Jan-Dec) to be 0.55 or more,2012-01-28,0.0,0.0,0.0,55.0,31,0,85.0,55.0
751686,2012.TEMP.ANOMOLY.0.55+,Global Temperature Anomaly for 2012 (Jan-Dec) to be 0.55 or more,2012-01-29,0.0,0.0,0.0,55.0,31,0,85.0,55.0
751686,2012.TEMP.ANOMOLY.0.55+,Global Temperature Anomaly for 2012 (Jan-Dec) to be 0.55 or more,2012-01-30,0.0,0.0,0.0,55.0,31,0,85.0,55.0
751686,2012.TEMP.ANOMOLY.0.55+,Global Temperature Anomaly for 2012 (Jan-Dec) to be 0.55 or more,2012-01-31,0.0,0.0,0.0,55.0,31,0,85.0,55.0
751686,2012.TEMP.ANOMOLY.0.55+,Global Temperature Anomaly for 2012 (Jan-Dec) to be 0.55 or more,2012-02-01,0.0,0.0,0.0,55.0,31,0,85.0,55.0
751686,2012.TEMP.ANOMOLY.0.55+,Global Temperature Anomaly for 2012 (Jan-Dec) to be 0.55 or more,2012-02-02,0.0,0.0,0.0,55.0,31,0,85.0,55.0
751686,2012.TEMP.ANOMOLY.0.55+,Global Temperature Anomaly for 2012 (Jan-Dec) to be 0.55 or more,2012-02-03,0.0,0.0,0.0,55.0,31,0,85.0,55.0
751686,2012.TEMP.ANOMOLY.0.55+,Global Temperature Anomaly for 2012 (Jan-Dec) to be 0.55 or more,2012-02-04,0.0,0.0,0.0,55.0,31,0,85.0,55.0
751686,2012.TEMP.ANOMOLY.0.55+,Global Temperature Anomaly for 2012 (Jan-Dec) to be 0.55 or more,2012-02-05,0.0,0.0,0.0,55.0,31,0,85.0,55.0
751686,2012.TEMP.ANOMOLY.0.55+,Global Temperature Anomaly for 2012 (Jan-Dec) to be 0.55 or more,2012-02-06,0.0,0.0,0.0,55.0,31,0,85.0,55.0
751686,2012.TEMP.ANOMOLY.0.55+,Global Temperature Anomaly for 2012 (Jan-Dec) to be 0.55 or more,2012-02-07,0.0,0.0,0.0,55.0,31,0,85.0,55.0
751686,2012.TEMP.ANOMOLY.0.55+,Global Temperature Anomaly for 2012 (Jan-Dec) to be 0.55 or more,2012-02-08,0.0,0.0,0.0,55.0,31,0,85.0,55.0
751686,2012.TEMP.ANOMOLY.0.55+,Global Temperature Anomaly for 2012 (Jan-Dec) to be 0.55 or more,2012-02-09,0.0,0.0,0.0,55.0,31,0,85.0,55.0
751686,2012.TEMP.ANOMOLY.0.55+,Global Temperature Anomaly for 2012 (Jan-Dec) to be 0.55 or more,2012-02-10,0.0,0.0,0.0,55.0,31,0,85.0,55.0
751686,2012.TEMP.ANOMOLY.0.55+,Global Temperature Anomaly for 2012 (Jan-Dec) to be 0.55 or more,2012-02-11,0.0,0.0,0.0,55.0,31,0,85.0,55.0
751686,2012.TEMP.ANOMOLY.0.55+,Global Temperature Anomaly for 2012 (Jan-Dec) to be 0.55 or more,2012-02-12,0.0,0.0,0.0,55.0,31,0,85.0,55.0
751686,2012.TEMP.ANOMOLY.0.55+,Global Temperature Anomaly for 2012 (Jan-Dec) to be 0.55 or more,2012-02-13,0.0,0.0,0.0,55.0,31,0,85.0,55.0
751686,2012.TEMP.ANOMOLY.0.55+,Global Temperature Anomaly for 2012 (Jan-Dec) to be 0.55 or more,2012-02-14,0.0,0.0,0.0,55.0,31,0,85.0,55.0
751686,2012.TEMP.ANOMOLY.0.55+,Global Temperature Anomaly for 2012 (Jan-Dec) to be 0.55 or more,2012-02-15,0.0,0.0,0.0,55.0,31,0,85.0,55.0
751686,2012.TEMP.ANOMOLY.0.55+,Global Temperature Anomaly for 2012 (Jan-Dec) to be 0.55 or more,2012-02-16,0.0,0.0,0.0,55.0,31,0,85.0,55.0
751686,2012.TEMP.ANOMOLY.0.55+,Global Temperature Anomaly for 2012 (Jan-Dec) to be 0.55 or more,2012-02-17,0.0,0.0,0.0,55.0,31,0,85.0,55.0
751686,2012.TEMP.ANOMOLY.0.55+,Global Temperature Anomaly for 2012 (Jan-Dec) to be 0.55 or more,2012-02-18,0.0,0.0,0.0,55.0,31,0,85.0,55.0
751686,2012.TEMP.ANOMOLY.0.55+,Global Temperature Anomaly for 2012 (Jan-Dec) to be 0.55 or more,2012-02-19,0.0,0.0,0.0,55.0,31,0,85.0,55.0
751686,2012.TEMP.ANOMOLY.0.55+,Global Temperature Anomaly for 2012 (Jan-Dec) to be 0.55 or more,2012-02-20,0.0,0.0,0.0,55.0,31,0,85.0,55.0
751686,2012.TEMP.ANOMOLY.0.55+,Global Temperature Anomaly for 2012 (Jan-Dec) to be 0.55 or more,2012-02-21,0.0,0.0,0.0,55.0,31,0,85.0,55.0
751686,2012.TEMP.ANOMOLY.0.55+,Global Temperature Anomaly for 2012 (Jan-Dec) to be 0.55 or more,2012-02-22,0.0,0.0,0.0,55.0,31,0,85.0,55.0
751686,2012.TEMP.ANOMOLY.0.55+,Global Temperature Anomaly for 2012 (Jan-Dec) to be 0.55 or more,2012-02-23,0.0,0.0,0.0,55.0,31,0,85.0,55.0
751686,2012.TEMP.ANOMOLY.0.55+,Global Temperature Anomaly for 2012 (Jan-Dec) to be 0.55 or more,2012-02-24,0.0,0.0,0.0,55.0,31,0,85.0,55.0
751686,2012.TEMP.ANOMOLY.0.55+,Global Temperature Anomaly for 2012 (Jan-Dec) to be 0.55 or more,2012-02-25,0.0,0.0,0.0,55.0,31,0,85.0,55.0
751686,2012.TEMP.ANOMOLY.0.55+,Global Temperature Anomaly for 2012 (Jan-Dec) to be 0.55 or more,2012-02-26,0.0,0.0,0.0,55.0,31,0,85.0,55.0
751686,2012.TEMP.ANOMOLY.0.55+,Global Temperature Anomaly for 2012 (Jan-Dec) to be 0.55 or more,2012-02-27,50.0,50.0,50.0,50.0,31,5,85.0,50.0
751686,2012.TEMP.ANOMOLY.0.55+,Global Temperature Anomaly for 2012 (Jan-Dec) to be 0.55 or more,2012-02-28,0.0,0.0,0.0,50.0,31,0,85.0,50.0
751686,2012.TEMP.ANOMOLY.0.55+,Global Temperature Anomaly for 2012 (Jan-Dec) to be 0.55 or more,2012-02-29,0.0,0.0,0.0,50.0,31,0,85.0,50.0
751686,2012.TEMP.ANOMOLY.0.55+,Global Temperature Anomaly for 2012 (Jan-Dec) to be 0.55 or more,2012-03-01,0.0,0.0,0.0,50.0,31,0,85.0,50.0
751686,2012.TEMP.ANOMOLY.0.55+,Global Temperature Anomaly for 2012 (Jan-Dec) to be 0.55 or more,2012-03-02,,,,50.0,31,0,85.0,50.0
751686,2012.TEMP.ANOMOLY.0.55+,Global Temperature Anomaly for 2012 (Jan-Dec) to be 0.55 or more,2012-03-03,,,,50.0,31,0,85.0,50.0
751686,2012.TEMP.ANOMOLY.0.55+,Global Temperature Anomaly for 2012 (Jan-Dec) to be 0.55 or more,2012-03-04,,,,50.0,31,0,85.0,50.0
751686,2012.TEMP.ANOMOLY.0.55+,Global Temperature Anomaly for 2012 (Jan-Dec) to be 0.55 or more,2012-03-05,41.0,41.0,41.0,41.0,49,18,85.0,41.0
751686,2012.TEMP.ANOMOLY.0.55+,Global Temperature Anomaly for 2012 (Jan-Dec) to be 0.55 or more,2012-03-06,,,,41.0,49,0,85.0,41.0
751686,2012.TEMP.ANOMOLY.0.55+,Global Temperature Anomaly for 2012 (Jan-Dec) to be 0.55 or more,2012-03-07,,,,,49,0,85.0,41.0
751686,2012.TEMP.ANOMOLY.0.55+,Global Temperature Anomaly for 2012 (Jan-Dec) to be 0.55 or more,2012-03-08,41.0,,,41.0,49,0,85.0,41.0
751686,2012.TEMP.ANOMOLY.0.55+,Global Temperature Anomaly for 2012 (Jan-Dec) to be 0.55 or more,2012-03-09,,,,41.0,49,0,85.0,41.0
751686,2012.TEMP.ANOMOLY.0.55+,Global Temperature Anomaly for 2012 (Jan-Dec) to be 0.55 or more,2012-03-10,,,,41.0,49,0,85.0,41.0
751686,2012.TEMP.ANOMOLY.0.55+,Global Temperature Anomaly for 2012 (Jan-Dec) to be 0.55 or more,2012-03-11,,,,41.0,49,0,85.0,41.0
751686,2012.TEMP.ANOMOLY.0.55+,Global Temperature Anomaly for 2012 (Jan-Dec) to be 0.55 or more,2012-03-12,41.5,41.5,41.5,41.5,79,30,85.0,41.0
751686,2012.TEMP.ANOMOLY.0.55+,Global Temperature Anomaly for 2012 (Jan-Dec) to be 0.55 or more,2012-03-13,,,,41.5,79,0,85.0,41.0
751686,2012.TEMP.ANOMOLY.0.55+,Global Temperature Anomaly for 2012 (Jan-Dec) to be 0.55 or more,2012-03-14,,,,41.5,79,0,85.0,41.0
751686,2012.TEMP.ANOMOLY.0.55+,Global Temperature Anomaly for 2012 (Jan-Dec) to be 0.55 or more,2012-03-15,,,,41.5,79,0,85.0,41.0
751686,2012.TEMP.ANOMOLY.0.55+,Global Temperature Anomaly for 2012 (Jan-Dec) to be 0.55 or more,2012-03-16,,,,41.5,79,0,85.0,41.0
751686,2012.TEMP.ANOMOLY.0.55+,Global Temperature Anomaly for 2012 (Jan-Dec) to be 0.55 or more,2012-03-17,,,,41.5,79,0,85.0,41.0
751686,2012.TEMP.ANOMOLY.0.55+,Global Temperature Anomaly for 2012 (Jan-Dec) to be 0.55 or more,2012-03-18,,,,41.5,79,0,85.0,41.0
751686,2012.TEMP.ANOMOLY.0.55+,Global Temperature Anomaly for 2012 (Jan-Dec) to be 0.55 or more,2012-03-19,,,,41.5,79,0,85.0,41.0
751686,2012.TEMP.ANOMOLY.0.55+,Global Temperature Anomaly for 2012 (Jan-Dec) to be 0.55 or more,2012-03-20,,,,41.5,79,0,85.0,41.0
751686,2012.TEMP.ANOMOLY.0.55+,Global Temperature Anomaly for 2012 (Jan-Dec) to be 0.55 or more,2012-03-21,,,,41.5,79,0,85.0,41.0
751686,2012.TEMP.ANOMOLY.0.55+,Global Temperature Anomaly for 2012 (Jan-Dec) to be 0.55 or more,2012-03-22,,,,41.5,79,0,85.0,41.0
751686,2012.TEMP.ANOMOLY.0.55+,Global Temperature Anomaly for 2012 (Jan-Dec) to be 0.55 or more,2012-03-23,,,,41.5,79,0,85.0,41.0
751686,2012.TEMP.ANOMOLY.0.55+,Global Temperature Anomaly for 2012 (Jan-Dec) to be 0.55 or more,2012-03-24,,,,41.5,79,0,85.0,41.0
751686,2012.TEMP.ANOMOLY.0.55+,Global Temperature Anomaly for 2012 (Jan-Dec) to be 0.55 or more,2012-03-25,,,,41.5,79,0,85.0,41.0
751686,2012.TEMP.ANOMOLY.0.55+,Global Temperature Anomaly for 2012 (Jan-Dec) to be 0.55 or more,2012-03-26,,,,41.5,79,0,85.0,41.0
751686,2012.TEMP.ANOMOLY.0.55+,Global Temperature Anomaly for 2012 (Jan-Dec) to be 0.55 or more,2012-03-27,,,,41.5,79,0,85.0,41.0
751686,2012.TEMP.ANOMOLY.0.55+,Global Temperature Anomaly for 2012 (Jan-Dec) to be 0.55 or more,2012-03-28,,,,41.5,79,0,85.0,41.0
751686,2012.TEMP.ANOMOLY.0.55+,Global Temperature Anomaly for 2012 (Jan-Dec) to be 0.55 or more,2012-03-29,,,,41.5,79,0,85.0,41.0
751686,2012.TEMP.ANOMOLY.0.55+,Global Temperature Anomaly for 2012 (Jan-Dec) to be 0.55 or more,2012-03-30,,,,41.5,79,0,85.0,41.0
751686,2012.TEMP.ANOMOLY.0.55+,Global Temperature Anomaly for 2012 (Jan-Dec) to be 0.55 or more,2012-03-31,,,,41.5,79,0,85.0,41.0
751686,2012.TEMP.ANOMOLY.0.55+,Global Temperature Anomaly for 2012 (Jan-Dec) to be 0.55 or more,2012-04-01,,,,41.5,79,0,85.0,41.0
751686,2012.TEMP.ANOMOLY.0.55+,Global Temperature Anomaly for 2012 (Jan-Dec) to be 0.55 or more,2012-04-02,,,,41.5,79,0,85.0,41.0
751686,2012.TEMP.ANOMOLY.0.55+,Global Temperature Anomaly for 2012 (Jan-Dec) to be 0.55 or more,2012-04-03,,,,41.5,79,0,85.0,41.0
751686,2012.TEMP.ANOMOLY.0.55+,Global Temperature Anomaly for 2012 (Jan-Dec) to be 0.55 or more,2012-04-04,,,,41.5,79,0,85.0,41.0
751686,2012.TEMP.ANOMOLY.0.55+,Global Temperature Anomaly for 2012 (Jan-Dec) to be 0.55 or more,2012-04-05,,,,41.5,79,0,85.0,41.0
751686,2012.TEMP.ANOMOLY.0.55+,Global Temperature Anomaly for 2012 (Jan-Dec) to be 0.55 or more,2012-04-06,,,,41.5,79,0,85.0,41.0
751686,2012.TEMP.ANOMOLY.0.55+,Global Temperature Anomaly for 2012 (Jan-Dec) to be 0.55 or more,2012-04-07,,,,41.5,79,0,85.0,41.0
751686,2012.TEMP.ANOMOLY.0.55+,Global Temperature Anomaly for 2012 (Jan-Dec) to be 0.55 or more,2012-04-08,,,,41.5,79,0,85.0,41.0
751686,2012.TEMP.ANOMOLY.0.55+,Global Temperature Anomaly for 2012 (Jan-Dec) to be 0.55 or more,2012-04-09,,,,41.5,79,0,85.0,41.0
751686,2012.TEMP.ANOMOLY.0.55+,Global Temperature Anomaly for 2012 (Jan-Dec) to be 0.55 or more,2012-04-10,,,,41.5,79,0,85.0,41.0
751686,2012.TEMP.ANOMOLY.0.55+,Global Temperature Anomaly for 2012 (Jan-Dec) to be 0.55 or more,2012-04-11,,,,41.5,79,0,85.0,41.0
751686,2012.TEMP.ANOMOLY.0.55+,Global Temperature Anomaly for 2012 (Jan-Dec) to be 0.55 or more,2012-04-12,,,,41.5,79,0,85.0,41.0
751686,2012.TEMP.ANOMOLY.0.55+,Global Temperature Anomaly for 2012 (Jan-Dec) to be 0.55 or more,2012-04-13,,,,41.5,79,0,85.0,41.0
751686,2012.TEMP.ANOMOLY.0.55+,Global Temperature Anomaly for 2012 (Jan-Dec) to be 0.55 or more,2012-04-14,,,,41.5,79,0,85.0,41.0
751686,2012.TEMP.ANOMOLY.0.55+,Global Temperature Anomaly for 2012 (Jan-Dec) to be 0.55 or more,2012-04-15,,,,41.5,79,0,85.0,41.0
751686,2012.TEMP.ANOMOLY.0.55+,Global Temperature Anomaly for 2012 (Jan-Dec) to be 0.55 or more,2012-04-16,,,,41.5,79,0,85.0,41.0
751686,2012.TEMP.ANOMOLY.0.55+,Global Temperature Anomaly for 2012 (Jan-Dec) to be 0.55 or more,2012-04-17,,,,41.5,79,0,85.0,41.0
751686,2012.TEMP.ANOMOLY.0.55+,Global Temperature Anomaly for 2012 (Jan-Dec) to be 0.55 or more,2012-04-18,,,,41.5,79,0,85.0,41.0
751686,2012.TEMP.ANOMOLY.0.55+,Global Temperature Anomaly for 2012 (Jan-Dec) to be 0.55 or more,2012-04-19,,,,41.5,79,0,85.0,41.0
751686,2012.TEMP.ANOMOLY.0.55+,Global Temperature Anomaly for 2012 (Jan-Dec) to be 0.55 or more,2012-04-20,,,,41.5,79,0,85.0,41.0
751686,2012.TEMP.ANOMOLY.0.55+,Global Temperature Anomaly for 2012 (Jan-Dec) to be 0.55 or more,2012-04-21,,,,41.5,79,0,85.0,41.0
751686,2012.TEMP.ANOMOLY.0.55+,Global Temperature Anomaly for 2012 (Jan-Dec) to be 0.55 or more,2012-04-22,,,,41.5,79,0,85.0,41.0
751686,2012.TEMP.ANOMOLY.0.55+,Global Temperature Anomaly for 2012 (Jan-Dec) to be 0.55 or more,2012-04-23,,,,41.5,79,0,85.0,41.0
751686,2012.TEMP.ANOMOLY.0.55+,Global Temperature Anomaly for 2012 (Jan-Dec) to be 0.55 or more,2012-04-24,,,,41.5,79,0,85.0,41.0
751686,2012.TEMP.ANOMOLY.0.55+,Global Temperature Anomaly for 2012 (Jan-Dec) to be 0.55 or more,2012-04-25,,,,41.5,79,0,85.0,41.0
751686,2012.TEMP.ANOMOLY.0.55+,Global Temperature Anomaly for 2012 (Jan-Dec) to be 0.55 or more,2012-04-26,,,,41.5,79,0,85.0,41.0
751686,2012.TEMP.ANOMOLY.0.55+,Global Temperature Anomaly for 2012 (Jan-Dec) to be 0.55 or more,2012-04-27,,,,41.5,79,0,85.0,41.0
751686,2012.TEMP.ANOMOLY.0.55+,Global Temperature Anomaly for 2012 (Jan-Dec) to be 0.55 or more,2012-04-28,,,,41.5,79,0,85.0,41.0
751686,2012.TEMP.ANOMOLY.0.55+,Global Temperature Anomaly for 2012 (Jan-Dec) to be 0.55 or more,2012-04-29,,,,41.5,79,0,85.0,41.0
751686,2012.TEMP.ANOMOLY.0.55+,Global Temperature Anomaly for 2012 (Jan-Dec) to be 0.55 or more,2012-04-30,,,,41.5,79,0,85.0,41.0
751686,2012.TEMP.ANOMOLY.0.55+,Global Temperature Anomaly for 2012 (Jan-Dec) to be 0.55 or more,2012-05-01,,,,41.5,79,0,85.0,41.0
751686,2012.TEMP.ANOMOLY.0.55+,Global Temperature Anomaly for 2012 (Jan-Dec) to be 0.55 or more,2012-05-02,,,,41.5,79,0,85.0,41.0
751686,2012.TEMP.ANOMOLY.0.55+,Global Temperature Anomaly for 2012 (Jan-Dec) to be 0.55 or more,2012-05-03,,,,41.5,79,0,85.0,41.0
751686,2012.TEMP.ANOMOLY.0.55+,Global Temperature Anomaly for 2012 (Jan-Dec) to be 0.55 or more,2012-05-04,,,,41.5,79,0,85.0,41.0
751686,2012.TEMP.ANOMOLY.0.55+,Global Temperature Anomaly for 2012 (Jan-Dec) to be 0.55 or more,2012-05-05,,,,41.5,79,0,85.0,41.0
751686,2012.TEMP.ANOMOLY.0.55+,Global Temperature Anomaly for 2012 (Jan-Dec) to be 0.55 or more,2012-05-06,,,,41.5,79,0,85.0,41.0
751686,2012.TEMP.ANOMOLY.0.55+,Global Temperature Anomaly for 2012 (Jan-Dec) to be 0.55 or more,2012-05-07,40.5,40.5,40.0,40.0,101,22,85.0,40.0
751686,2012.TEMP.ANOMOLY.0.55+,Global Temperature Anomaly for 2012 (Jan-Dec) to be 0.55 or more,2012-05-08,35.0,35.0,35.0,35.0,111,10,85.0,35.0
751686,2012.TEMP.ANOMOLY.0.55+,Global Temperature Anomaly for 2012 (Jan-Dec) to be 0.55 or more,2012-05-09,,,,35.0,111,0,85.0,35.0
751686,2012.TEMP.ANOMOLY.0.55+,Global Temperature Anomaly for 2012 (Jan-Dec) to be 0.55 or more,2012-05-10,,,,35.0,111,0,85.0,35.0
751686,2012.TEMP.ANOMOLY.0.55+,Global Temperature Anomaly for 2012 (Jan-Dec) to be 0.55 or more,2012-05-11,,,,35.0,111,0,85.0,35.0
751686,2012.TEMP.ANOMOLY.0.55+,Global Temperature Anomaly for 2012 (Jan-Dec) to be 0.55 or more,2012-05-12,,,,35.0,111,0,85.0,35.0
751686,2012.TEMP.ANOMOLY.0.55+,Global Temperature Anomaly for 2012 (Jan-Dec) to be 0.55 or more,2012-05-13,,,,35.0,111,0,85.0,35.0
751686,2012.TEMP.ANOMOLY.0.55+,Global Temperature Anomaly for 2012 (Jan-Dec) to be 0.55 or more,2012-05-14,,,,35.0,111,0,85.0,35.0
751686,2012.TEMP.ANOMOLY.0.55+,Global Temperature Anomaly for 2012 (Jan-Dec) to be 0.55 or more,2012-05-15,,,,35.0,111,0,85.0,35.0
751686,2012.TEMP.ANOMOLY.0.55+,Global Temperature Anomaly for 2012 (Jan-Dec) to be 0.55 or more,2012-05-16,,,,35.0,111,0,85.0,35.0
751686,2012.TEMP.ANOMOLY.0.55+,Global Temperature Anomaly for 2012 (Jan-Dec) to be 0.55 or more,2012-05-17,,,,35.0,111,0,85.0,35.0
751686,2012.TEMP.ANOMOLY.0.55+,Global Temperature Anomaly for 2012 (Jan-Dec) to be 0.55 or more,2012-05-18,,,,35.0,111,0,85.0,35.0
751686,2012.TEMP.ANOMOLY.0.55+,Global Temperature Anomaly for 2012 (Jan-Dec) to be 0.55 or more,2012-05-19,,,,35.0,111,0,85.0,35.0
751686,2012.TEMP.ANOMOLY.0.55+,Global Temperature Anomaly for 2012 (Jan-Dec) to be 0.55 or more,2012-05-20,45.0,45.0,45.0,45.0,121,10,85.0,35.0
751686,2012.TEMP.ANOMOLY.0.55+,Global Temperature Anomaly for 2012 (Jan-Dec) to be 0.55 or more,2012-05-21,,,,45.0,121,0,85.0,35.0
751686,2012.TEMP.ANOMOLY.0.55+,Global Temperature Anomaly for 2012 (Jan-Dec) to be 0.55 or more,2012-05-22,,,,45.0,121,0,85.0,35.0
751686,2012.TEMP.ANOMOLY.0.55+,Global Temperature Anomaly for 2012 (Jan-Dec) to be 0.55 or more,2012-05-23,,,,45.0,121,0,85.0,35.0
751686,2012.TEMP.ANOMOLY.0.55+,Global Temperature Anomaly for 2012 (Jan-Dec) to be 0.55 or more,2012-05-24,,,,45.0,121,0,85.0,35.0
751686,2012.TEMP.ANOMOLY.0.55+,Global Temperature Anomaly for 2012 (Jan-Dec) to be 0.55 or more,2012-05-25,,,,45.0,121,0,85.0,35.0
751686,2012.TEMP.ANOMOLY.0.55+,Global Temperature Anomaly for 2012 (Jan-Dec) to be 0.55 or more,2012-05-26,,,,45.0,121,0,85.0,35.0
751686,2012.TEMP.ANOMOLY.0.55+,Global Temperature Anomaly for 2012 (Jan-Dec) to be 0.55 or more,2012-05-27,,,,45.0,121,0,85.0,35.0
751686,2012.TEMP.ANOMOLY.0.55+,Global Temperature Anomaly for 2012 (Jan-Dec) to be 0.55 or more,2012-05-28,,,,45.0,121,0,85.0,35.0
751686,2012.TEMP.ANOMOLY.0.55+,Global Temperature Anomaly for 2012 (Jan-Dec) to be 0.55 or more,2012-05-29,,,,45.0,121,0,85.0,35.0
751686,2012.TEMP.ANOMOLY.0.55+,Global Temperature Anomaly for 2012 (Jan-Dec) to be 0.55 or more,2012-05-30,,,,45.0,121,0,85.0,35.0
751686,2012.TEMP.ANOMOLY.0.55+,Global Temperature Anomaly for 2012 (Jan-Dec) to be 0.55 or more,2012-05-31,,,,45.0,121,0,85.0,35.0
751686,2012.TEMP.ANOMOLY.0.55+,Global Temperature Anomaly for 2012 (Jan-Dec) to be 0.55 or more,2012-06-01,,,,45.0,121,0,85.0,35.0
751686,2012.TEMP.ANOMOLY.0.55+,Global Temperature Anomaly for 2012 (Jan-Dec) to be 0.55 or more,2012-06-02,,,,45.0,121,0,85.0,35.0
751686,2012.TEMP.ANOMOLY.0.55+,Global Temperature Anomaly for 2012 (Jan-Dec) to be 0.55 or more,2012-06-03,,,,45.0,121,0,85.0,35.0
751686,2012.TEMP.ANOMOLY.0.55+,Global Temperature Anomaly for 2012 (Jan-Dec) to be 0.55 or more,2012-06-04,,,,45.0,121,0,85.0,35.0
751686,2012.TEMP.ANOMOLY.0.55+,Global Temperature Anomaly for 2012 (Jan-Dec) to be 0.55 or more,2012-06-05,,,,45.0,121,0,85.0,35.0
751686,2012.TEMP.ANOMOLY.0.55+,Global Temperature Anomaly for 2012 (Jan-Dec) to be 0.55 or more,2012-06-06,,,,45.0,121,0,85.0,35.0
751686,2012.TEMP.ANOMOLY.0.55+,Global Temperature Anomaly for 2012 (Jan-Dec) to be 0.55 or more,2012-06-07,,,,45.0,121,0,85.0,35.0
751686,2012.TEMP.ANOMOLY.0.55+,Global Temperature Anomaly for 2012 (Jan-Dec) to be 0.55 or more,2012-06-08,,,,45.0,121,0,85.0,35.0
751686,2012.TEMP.ANOMOLY.0.55+,Global Temperature Anomaly for 2012 (Jan-Dec) to be 0.55 or more,2012-06-09,,,,45.0,121,0,85.0,35.0
751686,2012.TEMP.ANOMOLY.0.55+,Global Temperature Anomaly for 2012 (Jan-Dec) to be 0.55 or more,2012-06-10,,,,45.0,121,0,85.0,35.0
751686,2012.TEMP.ANOMOLY.0.55+,Global Temperature Anomaly for 2012 (Jan-Dec) to be 0.55 or more,2012-06-11,,,,45.0,121,0,85.0,35.0
751686,2012.TEMP.ANOMOLY.0.55+,Global Temperature Anomaly for 2012 (Jan-Dec) to be 0.55 or more,2012-06-12,,,,45.0,121,0,85.0,35.0
751686,2012.TEMP.ANOMOLY.0.55+,Global Temperature Anomaly for 2012 (Jan-Dec) to be 0.55 or more,2012-06-13,,,,45.0,121,0,85.0,35.0
751686,2012.TEMP.ANOMOLY.0.55+,Global Temperature Anomaly for 2012 (Jan-Dec) to be 0.55 or more,2012-06-14,49.0,49.0,45.0,49.0,137,16,85.0,35.0
751686,2012.TEMP.ANOMOLY.0.55+,Global Temperature Anomaly for 2012 (Jan-Dec) to be 0.55 or more,2012-06-15,,,,49.0,137,0,85.0,35.0
751686,2012.TEMP.ANOMOLY.0.55+,Global Temperature Anomaly for 2012 (Jan-Dec) to be 0.55 or more,2012-06-16,68.0,68.0,68.0,68.0,136,1,85.0,35.0
751686,2012.TEMP.ANOMOLY.0.55+,Global Temperature Anomaly for 2012 (Jan-Dec) to be 0.55 or more,2012-06-17,,,,68.0,136,0,85.0,35.0
751686,2012.TEMP.ANOMOLY.0.55+,Global Temperature Anomaly for 2012 (Jan-Dec) to be 0.55 or more,2012-06-18,,,,68.0,136,0,85.0,35.0
751686,2012.TEMP.ANOMOLY.0.55+,Global Temperature Anomaly for 2012 (Jan-Dec) to be 0.55 or more,2012-06-19,,,,68.0,136,0,85.0,35.0
751686,2012.TEMP.ANOMOLY.0.55+,Global Temperature Anomaly for 2012 (Jan-Dec) to be 0.55 or more,2012-06-20,,,,68.0,136,0,85.0,35.0
751686,2012.TEMP.ANOMOLY.0.55+,Global Temperature Anomaly for 2012 (Jan-Dec) to be 0.55 or more,2012-06-21,,,,68.0,136,0,85.0,35.0
751686,2012.TEMP.ANOMOLY.0.55+,Global Temperature Anomaly for 2012 (Jan-Dec) to be 0.55 or more,2012-06-22,,,,68.0,136,0,85.0,35.0
751686,2012.TEMP.ANOMOLY.0.55+,Global Temperature Anomaly for 2012 (Jan-Dec) to be 0.55 or more,2012-06-23,,,,68.0,136,0,85.0,35.0
751686,2012.TEMP.ANOMOLY.0.55+,Global Temperature Anomaly for 2012 (Jan-Dec) to be 0.55 or more,2012-06-24,,,,68.0,136,0,85.0,35.0
751686,2012.TEMP.ANOMOLY.0.55+,Global Temperature Anomaly for 2012 (Jan-Dec) to be 0.55 or more,2012-06-25,,,,68.0,136,0,85.0,35.0
751686,2012.TEMP.ANOMOLY.0.55+,Global Temperature Anomaly for 2012 (Jan-Dec) to be 0.55 or more,2012-06-26,,,,68.0,136,0,85.0,35.0
751686,2012.TEMP.ANOMOLY.0.55+,Global Temperature Anomaly for 2012 (Jan-Dec) to be 0.55 or more,2012-06-27,,,,68.0,136,0,85.0,35.0
751686,2012.TEMP.ANOMOLY.0.55+,Global Temperature Anomaly for 2012 (Jan-Dec) to be 0.55 or more,2012-06-28,,,,68.0,136,0,85.0,35.0
751686,2012.TEMP.ANOMOLY.0.55+,Global Temperature Anomaly for 2012 (Jan-Dec) to be 0.55 or more,2012-06-29,,,,68.0,136,0,85.0,35.0
751686,2012.TEMP.ANOMOLY.0.55+,Global Temperature Anomaly for 2012 (Jan-Dec) to be 0.55 or more,2012-06-30,,,,68.0,136,0,85.0,35.0
751686,2012.TEMP.ANOMOLY.0.55+,Global Temperature Anomaly for 2012 (Jan-Dec) to be 0.55 or more,2012-07-01,,,,68.0,136,0,85.0,35.0
751686,2012.TEMP.ANOMOLY.0.55+,Global Temperature Anomaly for 2012 (Jan-Dec) to be 0.55 or more,2012-07-02,,,,68.0,136,0,85.0,35.0
751686,2012.TEMP.ANOMOLY.0.55+,Global Temperature Anomaly for 2012 (Jan-Dec) to be 0.55 or more,2012-07-03,,,,68.0,136,0,85.0,35.0
751686,2012.TEMP.ANOMOLY.0.55+,Global Temperature Anomaly for 2012 (Jan-Dec) to be 0.55 or more,2012-07-04,,,,68.0,136,0,85.0,35.0
751686,2012.TEMP.ANOMOLY.0.55+,Global Temperature Anomaly for 2012 (Jan-Dec) to be 0.55 or more,2012-07-05,,,,68.0,136,0,85.0,35.0
751686,2012.TEMP.ANOMOLY.0.55+,Global Temperature Anomaly for 2012 (Jan-Dec) to be 0.55 or more,2012-07-06,,,,68.0,136,0,85.0,35.0
751686,2012.TEMP.ANOMOLY.0.55+,Global Temperature Anomaly for 2012 (Jan-Dec) to be 0.55 or more,2012-07-07,,,,68.0,136,0,85.0,35.0
751686,2012.TEMP.ANOMOLY.0.55+,Global Temperature Anomaly for 2012 (Jan-Dec) to be 0.55 or more,2012-07-08,,,,68.0,136,0,85.0,35.0
751686,2012.TEMP.ANOMOLY.0.55+,Global Temperature Anomaly for 2012 (Jan-Dec) to be 0.55 or more,2012-07-09,,,,68.0,136,0,85.0,35.0
751686,2012.TEMP.ANOMOLY.0.55+,Global Temperature Anomaly for 2012 (Jan-Dec) to be 0.55 or more,2012-07-10,,,,68.0,136,0,85.0,35.0
751686,2012.TEMP.ANOMOLY.0.55+,Global Temperature Anomaly for 2012 (Jan-Dec) to be 0.55 or more,2012-07-11,,,,68.0,136,0,85.0,35.0
751686,2012.TEMP.ANOMOLY.0.55+,Global Temperature Anomaly for 2012 (Jan-Dec) to be 0.55 or more,2012-07-12,,,,68.0,136,0,85.0,35.0
751686,2012.TEMP.ANOMOLY.0.55+,Global Temperature Anomaly for 2012 (Jan-Dec) to be 0.55 or more,2012-07-13,,,,68.0,136,0,85.0,35.0
751686,2012.TEMP.ANOMOLY.0.55+,Global Temperature Anomaly for 2012 (Jan-Dec) to be 0.55 or more,2012-07-14,,,,68.0,136,0,85.0,35.0
751686,2012.TEMP.ANOMOLY.0.55+,Global Temperature Anomaly for 2012 (Jan-Dec) to be 0.55 or more,2012-07-15,,,,68.0,136,0,85.0,35.0
751686,2012.TEMP.ANOMOLY.0.55+,Global Temperature Anomaly for 2012 (Jan-Dec) to be 0.55 or more,2012-07-16,,,,68.0,136,0,85.0,35.0
751686,2012.TEMP.ANOMOLY.0.55+,Global Temperature Anomaly for 2012 (Jan-Dec) to be 0.55 or more,2012-07-17,,,,68.0,136,0,85.0,35.0
751686,2012.TEMP.ANOMOLY.0.55+,Global Temperature Anomaly for 2012 (Jan-Dec) to be 0.55 or more,2012-07-18,,,,68.0,136,0,85.0,35.0
751686,2012.TEMP.ANOMOLY.0.55+,Global Temperature Anomaly for 2012 (Jan-Dec) to be 0.55 or more,2012-07-19,,,,68.0,136,0,85.0,35.0
751686,2012.TEMP.ANOMOLY.0.55+,Global Temperature Anomaly for 2012 (Jan-Dec) to be 0.55 or more,2012-07-20,,,,68.0,136,0,85.0,35.0
751686,2012.TEMP.ANOMOLY.0.55+,Global Temperature Anomaly for 2012 (Jan-Dec) to be 0.55 or more,2012-07-21,,,,68.0,136,0,85.0,35.0
751686,2012.TEMP.ANOMOLY.0.55+,Global Temperature Anomaly for 2012 (Jan-Dec) to be 0.55 or more,2012-07-22,,,,68.0,136,0,85.0,35.0
751686,2012.TEMP.ANOMOLY.0.55+,Global Temperature Anomaly for 2012 (Jan-Dec) to be 0.55 or more,2012-07-23,,,,68.0,136,0,85.0,35.0
751686,2012.TEMP.ANOMOLY.0.55+,Global Temperature Anomaly for 2012 (Jan-Dec) to be 0.55 or more,2012-07-24,,,,68.0,136,0,85.0,35.0
751686,2012.TEMP.ANOMOLY.0.55+,Global Temperature Anomaly for 2012 (Jan-Dec) to be 0.55 or more,2012-07-25,,,,68.0,136,0,85.0,35.0
751686,2012.TEMP.ANOMOLY.0.55+,Global Temperature Anomaly for 2012 (Jan-Dec) to be 0.55 or more,2012-07-26,,,,68.0,136,0,85.0,35.0
751686,2012.TEMP.ANOMOLY.0.55+,Global Temperature Anomaly for 2012 (Jan-Dec) to be 0.55 or more,2012-07-27,,,,68.0,136,0,85.0,35.0
751686,2012.TEMP.ANOMOLY.0.55+,Global Temperature Anomaly for 2012 (Jan-Dec) to be 0.55 or more,2012-07-28,,,,68.0,136,0,85.0,35.0
751686,2012.TEMP.ANOMOLY.0.55+,Global Temperature Anomaly for 2012 (Jan-Dec) to be 0.55 or more,2012-07-29,,,,68.0,136,0,85.0,35.0
751686,2012.TEMP.ANOMOLY.0.55+,Global Temperature Anomaly for 2012 (Jan-Dec) to be 0.55 or more,2012-07-30,,,,68.0,136,0,85.0,35.0
751686,2012.TEMP.ANOMOLY.0.55+,Global Temperature Anomaly for 2012 (Jan-Dec) to be 0.55 or more,2012-07-31,,,,68.0,136,0,85.0,35.0
751686,2012.TEMP.ANOMOLY.0.55+,Global Temperature Anomaly for 2012 (Jan-Dec) to be 0.55 or more,2012-08-01,,,,68.0,136,0,85.0,35.0
751686,2012.TEMP.ANOMOLY.0.55+,Global Temperature Anomaly for 2012 (Jan-Dec) to be 0.55 or more,2012-08-02,,,,68.0,136,0,85.0,35.0
751686,2012.TEMP.ANOMOLY.0.55+,Global Temperature Anomaly for 2012 (Jan-Dec) to be 0.55 or more,2012-08-03,,,,68.0,136,0,85.0,35.0
751686,2012.TEMP.ANOMOLY.0.55+,Global Temperature Anomaly for 2012 (Jan-Dec) to be 0.55 or more,2012-08-04,,,,68.0,136,0,85.0,35.0
751686,2012.TEMP.ANOMOLY.0.55+,Global Temperature Anomaly for 2012 (Jan-Dec) to be 0.55 or more,2012-08-05,,,,68.0,136,0,85.0,35.0
751686,2012.TEMP.ANOMOLY.0.55+,Global Temperature Anomaly for 2012 (Jan-Dec) to be 0.55 or more,2012-08-06,,,,68.0,136,0,85.0,35.0
751686,2012.TEMP.ANOMOLY.0.55+,Global Temperature Anomaly for 2012 (Jan-Dec) to be 0.55 or more,2012-08-07,,,,68.0,136,0,85.0,35.0
751686,2012.TEMP.ANOMOLY.0.55+,Global Temperature Anomaly for 2012 (Jan-Dec) to be 0.55 or more,2012-08-08,,,,68.0,136,0,85.0,35.0
751686,2012.TEMP.ANOMOLY.0.55+,Global Temperature Anomaly for 2012 (Jan-Dec) to be 0.55 or more,2012-08-09,,,,68.0,136,0,85.0,35.0
751686,2012.TEMP.ANOMOLY.0.55+,Global Temperature Anomaly for 2012 (Jan-Dec) to be 0.55 or more,2012-08-10,,,,68.0,136,0,85.0,35.0
751686,2012.TEMP.ANOMOLY.0.55+,Global Temperature Anomaly for 2012 (Jan-Dec) to be 0.55 or more,2012-08-11,65.0,65.5,65.0,65.0,137,6,85.0,35.0
751686,2012.TEMP.ANOMOLY.0.55+,Global Temperature Anomaly for 2012 (Jan-Dec) to be 0.55 or more,2012-08-12,,,,65.0,137,0,85.0,35.0
751686,2012.TEMP.ANOMOLY.0.55+,Global Temperature Anomaly for 2012 (Jan-Dec) to be 0.55 or more,2012-08-13,40.0,40.0,40.0,40.0,137,5,85.0,35.0
751686,2012.TEMP.ANOMOLY.0.55+,Global Temperature Anomaly for 2012 (Jan-Dec) to be 0.55 or more,2012-08-14,,,,40.0,137,0,85.0,35.0
751686,2012.TEMP.ANOMOLY.0.55+,Global Temperature Anomaly for 2012 (Jan-Dec) to be 0.55 or more,2012-08-15,,,,40.0,137,0,85.0,35.0
751686,2012.TEMP.ANOMOLY.0.55+,Global Temperature Anomaly for 2012 (Jan-Dec) to be 0.55 or more,2012-08-16,,,,40.0,137,0,85.0,35.0
751686,2012.TEMP.ANOMOLY.0.55+,Global Temperature Anomaly for 2012 (Jan-Dec) to be 0.55 or more,2012-08-17,,,,40.0,137,0,85.0,35.0
751686,2012.TEMP.ANOMOLY.0.55+,Global Temperature Anomaly for 2012 (Jan-Dec) to be 0.55 or more,2012-08-18,40.0,40.0,40.0,40.0,137,10,85.0,35.0
751686,2012.TEMP.ANOMOLY.0.55+,Global Temperature Anomaly for 2012 (Jan-Dec) to be 0.55 or more,2012-08-19,42.5,42.5,42.5,42.5,137,20,85.0,35.0
751686,2012.TEMP.ANOMOLY.0.55+,Global Temperature Anomaly for 2012 (Jan-Dec) to be 0.55 or more,2012-08-20,,,,42.5,137,0,85.0,35.0
751686,2012.TEMP.ANOMOLY.0.55+,Global Temperature Anomaly for 2012 (Jan-Dec) to be 0.55 or more,2012-08-21,35.0,35.0,35.0,35.0,138,1,85.0,35.0
751686,2012.TEMP.ANOMOLY.0.55+,Global Temperature Anomaly for 2012 (Jan-Dec) to be 0.55 or more,2012-08-22,,,,35.0,138,0,85.0,35.0
751686,2012.TEMP.ANOMOLY.0.55+,Global Temperature Anomaly for 2012 (Jan-Dec) to be 0.55 or more,2012-08-23,,,,35.0,138,0,85.0,35.0
751686,2012.TEMP.ANOMOLY.0.55+,Global Temperature Anomaly for 2012 (Jan-Dec) to be 0.55 or more,2012-08-24,,,,35.0,138,0,85.0,35.0
751686,2012.TEMP.ANOMOLY.0.55+,Global Temperature Anomaly for 2012 (Jan-Dec) to be 0.55 or more,2012-08-25,,,,35.0,138,0,85.0,35.0
751686,2012.TEMP.ANOMOLY.0.55+,Global Temperature Anomaly for 2012 (Jan-Dec) to be 0.55 or more,2012-08-26,,,,35.0,138,0,85.0,35.0
751686,2012.TEMP.ANOMOLY.0.55+,Global Temperature Anomaly for 2012 (Jan-Dec) to be 0.55 or more,2012-08-27,,,,35.0,138,0,85.0,35.0
751686,2012.TEMP.ANOMOLY.0.55+,Global Temperature Anomaly for 2012 (Jan-Dec) to be 0.55 or more,2012-08-28,,,,35.0,138,0,85.0,35.0
751686,2012.TEMP.ANOMOLY.0.55+,Global Temperature Anomaly for 2012 (Jan-Dec) to be 0.55 or more,2012-08-29,,,,35.0,138,0,85.0,35.0
751686,2012.TEMP.ANOMOLY.0.55+,Global Temperature Anomaly for 2012 (Jan-Dec) to be 0.55 or more,2012-08-30,,,,35.0,138,0,85.0,35.0
751686,2012.TEMP.ANOMOLY.0.55+,Global Temperature Anomaly for 2012 (Jan-Dec) to be 0.55 or more,2012-08-31,,,,35.0,138,0,85.0,35.0
751686,2012.TEMP.ANOMOLY.0.55+,Global Temperature Anomaly for 2012 (Jan-Dec) to be 0.55 or more,2012-09-01,,,,35.0,138,0,85.0,35.0
751686,2012.TEMP.ANOMOLY.0.55+,Global Temperature Anomaly for 2012 (Jan-Dec) to be 0.55 or more,2012-09-02,,,,35.0,138,0,85.0,35.0
751686,2012.TEMP.ANOMOLY.0.55+,Global Temperature Anomaly for 2012 (Jan-Dec) to be 0.55 or more,2012-09-03,,,,35.0,138,0,85.0,35.0
751686,2012.TEMP.ANOMOLY.0.55+,Global Temperature Anomaly for 2012 (Jan-Dec) to be 0.55 or more,2012-09-04,,,,35.0,138,0,85.0,35.0
751686,2012.TEMP.ANOMOLY.0.55+,Global Temperature Anomaly for 2012 (Jan-Dec) to be 0.55 or more,2012-09-05,,,,35.0,138,0,85.0,35.0
751686,2012.TEMP.ANOMOLY.0.55+,Global Temperature Anomaly for 2012 (Jan-Dec) to be 0.55 or more,2012-09-06,,,,35.0,138,0,85.0,35.0
751686,2012.TEMP.ANOMOLY.0.55+,Global Temperature Anomaly for 2012 (Jan-Dec) to be 0.55 or more,2012-09-07,,,,35.0,138,0,85.0,35.0
751686,2012.TEMP.ANOMOLY.0.55+,Global Temperature Anomaly for 2012 (Jan-Dec) to be 0.55 or more,2012-09-08,,,,35.0,138,0,85.0,35.0
751686,2012.TEMP.ANOMOLY.0.55+,Global Temperature Anomaly for 2012 (Jan-Dec) to be 0.55 or more,2012-09-09,,,,35.0,138,0,85.0,35.0
751686,2012.TEMP.ANOMOLY.0.55+,Global Temperature Anomaly for 2012 (Jan-Dec) to be 0.55 or more,2012-09-10,,,,35.0,138,0,85.0,35.0
751686,2012.TEMP.ANOMOLY.0.55+,Global Temperature Anomaly for 2012 (Jan-Dec) to be 0.55 or more,2012-09-11,,,,35.0,138,0,85.0,35.0
751686,2012.TEMP.ANOMOLY.0.55+,Global Temperature Anomaly for 2012 (Jan-Dec) to be 0.55 or more,2012-09-12,35.0,35.0,35.0,35.0,139,1,85.0,35.0
751686,2012.TEMP.ANOMOLY.0.55+,Global Temperature Anomaly for 2012 (Jan-Dec) to be 0.55 or more,2012-09-13,35.0,35.0,35.0,35.0,140,1,85.0,35.0
751686,2012.TEMP.ANOMOLY.0.55+,Global Temperature Anomaly for 2012 (Jan-Dec) to be 0.55 or more,2012-09-14,,,,35.0,140,0,85.0,35.0
751686,2012.TEMP.ANOMOLY.0.55+,Global Temperature Anomaly for 2012 (Jan-Dec) to be 0.55 or more,2012-09-15,,,,35.0,140,0,85.0,35.0
751686,2012.TEMP.ANOMOLY.0.55+,Global Temperature Anomaly for 2012 (Jan-Dec) to be 0.55 or more,2012-09-16,18.0,23.0,18.0,23.0,148,9,85.0,18.0
751686,2012.TEMP.ANOMOLY.0.55+,Global Temperature Anomaly for 2012 (Jan-Dec) to be 0.55 or more,2012-09-17,25.0,25.0,25.0,25.0,149,1,85.0,18.0
751686,2012.TEMP.ANOMOLY.0.55+,Global Temperature Anomaly for 2012 (Jan-Dec) to be 0.55 or more,2012-09-18,25.0,25.0,25.0,25.0,150,1,85.0,18.0
751686,2012.TEMP.ANOMOLY.0.55+,Global Temperature Anomaly for 2012 (Jan-Dec) to be 0.55 or more,2012-09-19,,,,25.0,150,0,85.0,18.0
751686,2012.TEMP.ANOMOLY.0.55+,Global Temperature Anomaly for 2012 (Jan-Dec) to be 0.55 or more,2012-09-20,20.5,20.5,15.0,15.0,176,31,85.0,15.0
751686,2012.TEMP.ANOMOLY.0.55+,Global Temperature Anomaly for 2012 (Jan-Dec) to be 0.55 or more,2012-09-21,,,,15.0,176,0,85.0,15.0
751686,2012.TEMP.ANOMOLY.0.55+,Global Temperature Anomaly for 2012 (Jan-Dec) to be 0.55 or more,2012-09-22,,,,15.0,176,0,85.0,15.0
751686,2012.TEMP.ANOMOLY.0.55+,Global Temperature Anomaly for 2012 (Jan-Dec) to be 0.55 or more,2012-09-23,10.0,10.0,10.0,10.0,185,9,85.0,10.0
751686,2012.TEMP.ANOMOLY.0.55+,Global Temperature Anomaly for 2012 (Jan-Dec) to be 0.55 or more,2012-09-24,,,,10.0,185,0,85.0,10.0
751686,2012.TEMP.ANOMOLY.0.55+,Global Temperature Anomaly for 2012 (Jan-Dec) to be 0.55 or more,2012-09-25,10.0,10.0,10.0,10.0,186,1,85.0,10.0
751686,2012.TEMP.ANOMOLY.0.55+,Global Temperature Anomaly for 2012 (Jan-Dec) to be 0.55 or more,2012-09-26,10.0,10.0,10.0,10.0,188,2,85.0,10.0
751686,2012.TEMP.ANOMOLY.0.55+,Global Temperature Anomaly for 2012 (Jan-Dec) to be 0.55 or more,2012-09-27,,,,10.0,188,0,85.0,10.0
751686,2012.TEMP.ANOMOLY.0.55+,Global Temperature Anomaly for 2012 (Jan-Dec) to be 0.55 or more,2012-09-28,10.0,10.0,10.0,10.0,189,1,85.0,10.0
751686,2012.TEMP.ANOMOLY.0.55+,Global Temperature Anomaly for 2012 (Jan-Dec) to be 0.55 or more,2012-09-29,,,,10.0,189,0,85.0,10.0
751686,2012.TEMP.ANOMOLY.0.55+,Global Temperature Anomaly for 2012 (Jan-Dec) to be 0.55 or more,2012-09-30,,,,10.0,189,0,85.0,10.0
751686,2012.TEMP.ANOMOLY.0.55+,Global Temperature Anomaly for 2012 (Jan-Dec) to be 0.55 or more,2012-10-01,,,,10.0,189,0,85.0,10.0
751686,2012.TEMP.ANOMOLY.0.55+,Global Temperature Anomaly for 2012 (Jan-Dec) to be 0.55 or more,2012-10-02,,,,10.0,189,0,85.0,10.0
751686,2012.TEMP.ANOMOLY.0.55+,Global Temperature Anomaly for 2012 (Jan-Dec) to be 0.55 or more,2012-10-03,10.0,10.0,10.0,10.0,190,1,85.0,10.0
751686,2012.TEMP.ANOMOLY.0.55+,Global Temperature Anomaly for 2012 (Jan-Dec) to be 0.55 or more,2012-10-04,10.0,10.0,10.0,10.0,192,2,85.0,10.0
751686,2012.TEMP.ANOMOLY.0.55+,Global Temperature Anomaly for 2012 (Jan-Dec) to be 0.55 or more,2012-10-05,10.0,10.0,10.0,10.0,193,1,85.0,10.0
751686,2012.TEMP.ANOMOLY.0.55+,Global Temperature Anomaly for 2012 (Jan-Dec) to be 0.55 or more,2012-10-06,,,,10.0,193,0,85.0,10.0
751686,2012.TEMP.ANOMOLY.0.55+,Global Temperature Anomaly for 2012 (Jan-Dec) to be 0.55 or more,2012-10-07,,,,10.0,193,0,85.0,10.0
751686,2012.TEMP.ANOMOLY.0.55+,Global Temperature Anomaly for 2012 (Jan-Dec) to be 0.55 or more,2012-10-08,,,,10.0,193,0,85.0,10.0
751686,2012.TEMP.ANOMOLY.0.55+,Global Temperature Anomaly for 2012 (Jan-Dec) to be 0.55 or more,2012-10-09,,,,10.0,193,0,85.0,10.0
751686,2012.TEMP.ANOMOLY.0.55+,Global Temperature Anomaly for 2012 (Jan-Dec) to be 0.55 or more,2012-10-10,,,,10.0,193,0,85.0,10.0
751686,2012.TEMP.ANOMOLY.0.55+,Global Temperature Anomaly for 2012 (Jan-Dec) to be 0.55 or more,2012-10-11,,,,10.0,193,0,85.0,10.0
751686,2012.TEMP.ANOMOLY.0.55+,Global Temperature Anomaly for 2012 (Jan-Dec) to be 0.55 or more,2012-10-12,,,,10.0,193,0,85.0,10.0
751686,2012.TEMP.ANOMOLY.0.55+,Global Temperature Anomaly for 2012 (Jan-Dec) to be 0.55 or more,2012-10-13,,,,10.0,193,0,85.0,10.0
751686,2012.TEMP.ANOMOLY.0.55+,Global Temperature Anomaly for 2012 (Jan-Dec) to be 0.55 or more,2012-10-14,,,,10.0,193,0,85.0,10.0
751686,2012.TEMP.ANOMOLY.0.55+,Global Temperature Anomaly for 2012 (Jan-Dec) to be 0.55 or more,2012-10-15,,,,10.0,193,0,85.0,10.0
751686,2012.TEMP.ANOMOLY.0.55+,Global Temperature Anomaly for 2012 (Jan-Dec) to be 0.55 or more,2012-10-16,,,,10.0,193,0,85.0,10.0
751686,2012.TEMP.ANOMOLY.0.55+,Global Temperature Anomaly for 2012 (Jan-Dec) to be 0.55 or more,2012-10-17,,,,10.0,193,0,85.0,10.0
751686,2012.TEMP.ANOMOLY.0.55+,Global Temperature Anomaly for 2012 (Jan-Dec) to be 0.55 or more,2012-10-18,,,,10.0,193,0,85.0,10.0
751686,2012.TEMP.ANOMOLY.0.55+,Global Temperature Anomaly for 2012 (Jan-Dec) to be 0.55 or more,2012-10-19,15.0,15.0,15.0,15.0,210,17,85.0,10.0
751686,2012.TEMP.ANOMOLY.0.55+,Global Temperature Anomaly for 2012 (Jan-Dec) to be 0.55 or more,2012-10-20,15.0,15.0,15.0,15.0,223,13,85.0,10.0
751686,2012.TEMP.ANOMOLY.0.55+,Global Temperature Anomaly for 2012 (Jan-Dec) to be 0.55 or more,2012-10-21,,,,15.0,223,0,85.0,10.0
751686,2012.TEMP.ANOMOLY.0.55+,Global Temperature Anomaly for 2012 (Jan-Dec) to be 0.55 or more,2012-10-22,,,,15.0,223,0,85.0,10.0
751686,2012.TEMP.ANOMOLY.0.55+,Global Temperature Anomaly for 2012 (Jan-Dec) to be 0.55 or more,2012-10-23,10.0,10.0,10.0,10.0,263,40,85.0,10.0
751686,2012.TEMP.ANOMOLY.0.55+,Global Temperature Anomaly for 2012 (Jan-Dec) to be 0.55 or more,2012-10-24,8.5,8.5,8.5,8.5,264,1,85.0,8.5
751686,2012.TEMP.ANOMOLY.0.55+,Global Temperature Anomaly for 2012 (Jan-Dec) to be 0.55 or more,2012-10-25,,,,8.5,264,0,85.0,8.5
751686,2012.TEMP.ANOMOLY.0.55+,Global Temperature Anomaly for 2012 (Jan-Dec) to be 0.55 or more,2012-10-26,,,,8.5,264,0,85.0,8.5
751686,2012.TEMP.ANOMOLY.0.55+,Global Temperature Anomaly for 2012 (Jan-Dec) to be 0.55 or more,2012-10-27,,,,8.5,264,0,85.0,8.5
751686,2012.TEMP.ANOMOLY.0.55+,Global Temperature Anomaly for 2012 (Jan-Dec) to be 0.55 or more,2012-10-28,,,,8.5,264,0,85.0,8.5
751686,2012.TEMP.ANOMOLY.0.55+,Global Temperature Anomaly for 2012 (Jan-Dec) to be 0.55 or more,2012-10-29,,,,8.5,264,0,85.0,8.5
751686,2012.TEMP.ANOMOLY.0.55+,Global Temperature Anomaly for 2012 (Jan-Dec) to be 0.55 or more,2012-10-30,,,,8.5,264,0,85.0,8.5
751686,2012.TEMP.ANOMOLY.0.55+,Global Temperature Anomaly for 2012 (Jan-Dec) to be 0.55 or more,2012-10-31,7.5,7.5,7.5,7.5,278,14,85.0,7.5
751686,2012.TEMP.ANOMOLY.0.55+,Global Temperature Anomaly for 2012 (Jan-Dec) to be 0.55 or more,2012-11-01,,,,7.5,278,0,85.0,7.5
751686,2012.TEMP.ANOMOLY.0.55+,Global Temperature Anomaly for 2012 (Jan-Dec) to be 0.55 or more,2012-11-02,,,,7.5,278,0,85.0,7.5
751686,2012.TEMP.ANOMOLY.0.55+,Global Temperature Anomaly for 2012 (Jan-Dec) to be 0.55 or more,2012-11-03,,,,7.5,278,0,85.0,7.5
751686,2012.TEMP.ANOMOLY.0.55+,Global Temperature Anomaly for 2012 (Jan-Dec) to be 0.55 or more,2012-11-04,,,,7.5,278,0,85.0,7.5
751686,2012.TEMP.ANOMOLY.0.55+,Global Temperature Anomaly for 2012 (Jan-Dec) to be 0.55 or more,2012-11-05,7.5,7.5,7.5,7.5,284,6,85.0,7.5
751686,2012.TEMP.ANOMOLY.0.55+,Global Temperature Anomaly for 2012 (Jan-Dec) to be 0.55 or more,2012-11-06,,,,7.5,284,0,85.0,7.5
751686,2012.TEMP.ANOMOLY.0.55+,Global Temperature Anomaly for 2012 (Jan-Dec) to be 0.55 or more,2012-11-07,,,,7.5,284,0,85.0,7.5
751686,2012.TEMP.ANOMOLY.0.55+,Global Temperature Anomaly for 2012 (Jan-Dec) to be 0.55 or more,2012-11-08,28.0,28.0,28.0,28.0,284,5,85.0,7.5
751686,2012.TEMP.ANOMOLY.0.55+,Global Temperature Anomaly for 2012 (Jan-Dec) to be 0.55 or more,2012-11-09,28.0,28.0,28.0,28.0,284,6,85.0,7.5
751686,2012.TEMP.ANOMOLY.0.55+,Global Temperature Anomaly for 2012 (Jan-Dec) to be 0.55 or more,2012-11-10,37.5,37.5,35.0,35.0,294,11,85.0,7.5
751686,2012.TEMP.ANOMOLY.0.55+,Global Temperature Anomaly for 2012 (Jan-Dec) to be 0.55 or more,2012-11-11,35.0,35.0,34.0,34.0,327,33,85.0,7.5
751686,2012.TEMP.ANOMOLY.0.55+,Global Temperature Anomaly for 2012 (Jan-Dec) to be 0.55 or more,2012-11-12,35.0,35.0,24.0,24.0,369,42,85.0,7.5
751686,2012.TEMP.ANOMOLY.0.55+,Global Temperature Anomaly for 2012 (Jan-Dec) to be 0.55 or more,2012-11-13,25.0,25.0,20.2,20.2,413,44,85.0,7.5
751686,2012.TEMP.ANOMOLY.0.55+,Global Temperature Anomaly for 2012 (Jan-Dec) to be 0.55 or more,2012-11-14,20.2,20.2,10.3,10.3,484,71,85.0,7.5
751686,2012.TEMP.ANOMOLY.0.55+,Global Temperature Anomaly for 2012 (Jan-Dec) to be 0.55 or more,2012-11-15,25.0,25.0,25.0,25.0,485,1,85.0,7.5
751686,2012.TEMP.ANOMOLY.0.55+,Global Temperature Anomaly for 2012 (Jan-Dec) to be 0.55 or more,2012-11-16,24.0,24.0,24.0,24.0,490,5,85.0,7.5
751686,2012.TEMP.ANOMOLY.0.55+,Global Temperature Anomaly for 2012 (Jan-Dec) to be 0.55 or more,2012-11-17,,,,24.0,490,0,85.0,7.5
751686,2012.TEMP.ANOMOLY.0.55+,Global Temperature Anomaly for 2012 (Jan-Dec) to be 0.55 or more,2012-11-18,,,,24.0,490,0,85.0,7.5
751686,2012.TEMP.ANOMOLY.0.55+,Global Temperature Anomaly for 2012 (Jan-Dec) to be 0.55 or more,2012-11-19,,,,24.0,490,0,85.0,7.5
751686,2012.TEMP.ANOMOLY.0.55+,Global Temperature Anomaly for 2012 (Jan-Dec) to be 0.55 or more,2012-11-20,18.0,18.0,15.0,15.0,537,47,85.0,7.5
751686,2012.TEMP.ANOMOLY.0.55+,Global Temperature Anomaly for 2012 (Jan-Dec) to be 0.55 or more,2012-11-21,14.0,14.0,14.0,14.0,537,1,85.0,7.5
751686,2012.TEMP.ANOMOLY.0.55+,Global Temperature Anomaly for 2012 (Jan-Dec) to be 0.55 or more,2012-11-22,,,,14.0,537,0,85.0,7.5
751686,2012.TEMP.ANOMOLY.0.55+,Global Temperature Anomaly for 2012 (Jan-Dec) to be 0.55 or more,2012-11-23,,,,14.0,537,0,85.0,7.5
751686,2012.TEMP.ANOMOLY.0.55+,Global Temperature Anomaly for 2012 (Jan-Dec) to be 0.55 or more,2012-11-24,,,,14.0,537,0,85.0,7.5
751686,2012.TEMP.ANOMOLY.0.55+,Global Temperature Anomaly for 2012 (Jan-Dec) to be 0.55 or more,2012-11-25,,,,14.0,537,0,85.0,7.5
751686,2012.TEMP.ANOMOLY.0.55+,Global Temperature Anomaly for 2012 (Jan-Dec) to be 0.55 or more,2012-11-26,,,,14.0,537,0,85.0,7.5
751686,2012.TEMP.ANOMOLY.0.55+,Global Temperature Anomaly for 2012 (Jan-Dec) to be 0.55 or more,2012-11-27,10.0,22.8,10.0,22.8,532,6,85.0,7.5
751686,2012.TEMP.ANOMOLY.0.55+,Global Temperature Anomaly for 2012 (Jan-Dec) to be 0.55 or more,2012-11-28,10.0,27.9,10.0,27.9,526,7,85.0,7.5
751686,2012.TEMP.ANOMOLY.0.55+,Global Temperature Anomaly for 2012 (Jan-Dec) to be 0.55 or more,2012-11-29,,,,27.9,526,0,85.0,7.5
751686,2012.TEMP.ANOMOLY.0.55+,Global Temperature Anomaly for 2012 (Jan-Dec) to be 0.55 or more,2012-11-30,,,,27.9,526,0,85.0,7.5
751686,2012.TEMP.ANOMOLY.0.55+,Global Temperature Anomaly for 2012 (Jan-Dec) to be 0.55 or more,2012-12-01,,,,27.9,526,0,85.0,7.5
751686,2012.TEMP.ANOMOLY.0.55+,Global Temperature Anomaly for 2012 (Jan-Dec) to be 0.55 or more,2012-12-02,3.8,3.8,3.8,3.8,527,1,85.0,3.8
751686,2012.TEMP.ANOMOLY.0.55+,Global Temperature Anomaly for 2012 (Jan-Dec) to be 0.55 or more,2012-12-03,26.4,26.4,26.4,26.4,528,1,85.0,3.8
751686,2012.TEMP.ANOMOLY.0.55+,Global Temperature Anomaly for 2012 (Jan-Dec) to be 0.55 or more,2012-12-04,,,,26.4,528,0,85.0,3.8
751686,2012.TEMP.ANOMOLY.0.55+,Global Temperature Anomaly for 2012 (Jan-Dec) to be 0.55 or more,2012-12-05,3.5,3.5,3.5,3.5,528,1,85.0,3.5
751686,2012.TEMP.ANOMOLY.0.55+,Global Temperature Anomaly for 2012 (Jan-Dec) to be 0.55 or more,2012-12-06,,,,3.5,528,0,85.0,3.5
751686,2012.TEMP.ANOMOLY.0.55+,Global Temperature Anomaly for 2012 (Jan-Dec) to be 0.55 or more,2012-12-07,,,,3.5,528,0,85.0,3.5
751686,2012.TEMP.ANOMOLY.0.55+,Global Temperature Anomaly for 2012 (Jan-Dec) to be 0.55 or more,2012-12-08,,,,3.5,528,0,85.0,3.5
751686,2012.TEMP.ANOMOLY.0.55+,Global Temperature Anomaly for 2012 (Jan-Dec) to be 0.55 or more,2012-12-09,90.0,90.0,9.0,9.0,560,32,90.0,3.5
751686,2012.TEMP.ANOMOLY.0.55+,Global Temperature Anomaly for 2012 (Jan-Dec) to be 0.55 or more,2012-12-10,7.0,40.0,7.0,15.0,582,23,90.0,3.5
751686,2012.TEMP.ANOMOLY.0.55+,Global Temperature Anomaly for 2012 (Jan-Dec) to be 0.55 or more,2012-12-11,15.0,15.0,14.0,14.0,581,63,90.0,3.5
751686,2012.TEMP.ANOMOLY.0.55+,Global Temperature Anomaly for 2012 (Jan-Dec) to be 0.55 or more,2012-12-12,,,,14.0,581,0,90.0,3.5
751686,2012.TEMP.ANOMOLY.0.55+,Global Temperature Anomaly for 2012 (Jan-Dec) to be 0.55 or more,2012-12-13,,,,14.0,581,0,90.0,3.5
751686,2012.TEMP.ANOMOLY.0.55+,Global Temperature Anomaly for 2012 (Jan-Dec) to be 0.55 or more,2012-12-14,30.0,30.0,27.4,30.0,579,4,90.0,3.5
751686,2012.TEMP.ANOMOLY.0.55+,Global Temperature Anomaly for 2012 (Jan-Dec) to be 0.55 or more,2012-12-15,30.1,39.7,30.1,39.7,525,57,90.0,3.5
751686,2012.TEMP.ANOMOLY.0.55+,Global Temperature Anomaly for 2012 (Jan-Dec) to be 0.55 or more,2012-12-16,39.9,39.9,30.0,30.0,533,9,90.0,3.5
751686,2012.TEMP.ANOMOLY.0.55+,Global Temperature Anomaly for 2012 (Jan-Dec) to be 0.55 or more,2012-12-17,,,,30.0,533,0,90.0,3.5
751686,2012.TEMP.ANOMOLY.0.55+,Global Temperature Anomaly for 2012 (Jan-Dec) to be 0.55 or more,2012-12-18,,,,30.0,533,0,90.0,3.5
751686,2012.TEMP.ANOMOLY.0.55+,Global Temperature Anomaly for 2012 (Jan-Dec) to be 0.55 or more,2012-12-19,25.5,25.5,25.5,25.5,533,1,90.0,3.5
751686,2012.TEMP.ANOMOLY.0.55+,Global Temperature Anomaly for 2012 (Jan-Dec) to be 0.55 or more,2012-12-20,32.0,59.8,32.0,59.8,548,78,90.0,3.5
751686,2012.TEMP.ANOMOLY.0.55+,Global Temperature Anomaly for 2012 (Jan-Dec) to be 0.55 or more,2012-12-21,41.0,41.0,41.0,41.0,548,1,90.0,3.5
751686,2012.TEMP.ANOMOLY.0.55+,Global Temperature Anomaly for 2012 (Jan-Dec) to be 0.55 or more,2012-12-22,41.0,50.0,40.0,40.0,588,53,90.0,3.5
751686,2012.TEMP.ANOMOLY.0.55+,Global Temperature Anomaly for 2012 (Jan-Dec) to be 0.55 or more,2012-12-23,44.0,44.0,44.0,44.0,552,540,90.0,3.5
751686,2012.TEMP.ANOMOLY.0.55+,Global Temperature Anomaly for 2012 (Jan-Dec) to be 0.55 or more,2012-12-24,,,,44.0,552,0,90.0,3.5
751686,2012.TEMP.ANOMOLY.0.55+,Global Temperature Anomaly for 2012 (Jan-Dec) to be 0.55 or more,2012-12-25,30.0,30.0,30.0,30.0,553,1,90.0,3.5
751686,2012.TEMP.ANOMOLY.0.55+,Global Temperature Anomaly for 2012 (Jan-Dec) to be 0.55 or more,2012-12-26,,,,30.0,553,0,90.0,3.5
751686,2012.TEMP.ANOMOLY.0.55+,Global Temperature Anomaly for 2012 (Jan-Dec) to be 0.55 or more,2012-12-27,,,,30.0,553,0,90.0,3.5
751686,2012.TEMP.ANOMOLY.0.55+,Global Temperature Anomaly for 2012 (Jan-Dec) to be 0.55 or more,2012-12-28,,,,30.0,553,0,90.0,3.5
751686,2012.TEMP.ANOMOLY.0.55+,Global Temperature Anomaly for 2012 (Jan-Dec) to be 0.55 or more,2012-12-29,,,,30.0,553,0,90.0,3.5
751686,2012.TEMP.ANOMOLY.0.55+,Global Temperature Anomaly for 2012 (Jan-Dec) to be 0.55 or more,2012-12-30,,,,30.0,553,0,90.0,3.5
751686,2012.TEMP.ANOMOLY.0.55+,Global Temperature Anomaly for 2012 (Jan-Dec) to be 0.55 or more,2012-12-31,,,,30.0,553,0,90.0,3.5
751686,2012.TEMP.ANOMOLY.0.55+,Global Temperature Anomaly for 2012 (Jan-Dec) to be 0.55 or more,2013-01-01,,,,30.0,553,0,90.0,3.5
751686,2012.TEMP.ANOMOLY.0.55+,Global Temperature Anomaly for 2012 (Jan-Dec) to be 0.55 or more,2013-01-02,,,,30.0,553,0,90.0,3.5
751686,2012.TEMP.ANOMOLY.0.55+,Global Temperature Anomaly for 2012 (Jan-Dec) to be 0.55 or more,2013-01-03,19.3,29.0,19.3,29.0,489,64,90.0,3.5
751686,2012.TEMP.ANOMOLY.0.55+,Global Temperature Anomaly for 2012 (Jan-Dec) to be 0.55 or more,2013-01-04,,,,29.0,489,0,90.0,3.5
751686,2012.TEMP.ANOMOLY.0.55+,Global Temperature Anomaly for 2012 (Jan-Dec) to be 0.55 or more,2013-01-05,,,,29.0,489,0,90.0,3.5
751686,2012.TEMP.ANOMOLY.0.55+,Global Temperature Anomaly for 2012 (Jan-Dec) to be 0.55 or more,2013-01-06,,,,29.0,489,0,90.0,3.5
751686,2012.TEMP.ANOMOLY.0.55+,Global Temperature Anomaly for 2012 (Jan-Dec) to be 0.55 or more,2013-01-07,,,,29.0,489,0,90.0,3.5
751686,2012.TEMP.ANOMOLY.0.55+,Global Temperature Anomaly for 2012 (Jan-Dec) to be 0.55 or more,2013-01-08,,,,29.0,489,0,90.0,3.5
751686,2012.TEMP.ANOMOLY.0.55+,Global Temperature Anomaly for 2012 (Jan-Dec) to be 0.55 or more,2013-01-09,,,,29.0,489,0,90.0,3.5
751686,2012.TEMP.ANOMOLY.0.55+,Global Temperature Anomaly for 2012 (Jan-Dec) to be 0.55 or more,2013-01-10,,,,29.0,489,0,90.0,3.5
751686,2012.TEMP.ANOMOLY.0.55+,Global Temperature Anomaly for 2012 (Jan-Dec) to be 0.55 or more,2013-01-11,,,,29.0,489,0,90.0,3.5
751686,2012.TEMP.ANOMOLY.0.55+,Global Temperature Anomaly for 2012 (Jan-Dec) to be 0.55 or more,2013-01-12,,,,29.0,489,0,90.0,3.5
751686,2012.TEMP.ANOMOLY.0.55+,Global Temperature Anomaly for 2012 (Jan-Dec) to be 0.55 or more,2013-01-13,,,,29.0,489,0,90.0,3.5
751686,2012.TEMP.ANOMOLY.0.55+,Global Temperature Anomaly for 2012 (Jan-Dec) to be 0.55 or more,2013-01-14,,,,29.0,489,0,90.0,3.5
751686,2012.TEMP.ANOMOLY.0.55+,Global Temperature Anomaly for 2012 (Jan-Dec) to be 0.55 or more,2013-01-15,,,,29.0,489,0,90.0,3.5
