market id,market symbol,market name,business day,session open,session high,session low,closing price,open interest,session trade volume,lifetime high,lifetime low
751687,2012.TEMP.ANOMOLY.0.50+,Global Temperature Anomaly for 2012 (Jan-Dec) to be 0.50 or more,2011-09-08,0.0,0.0,0.0,0.0,0,0,0.0,0.0
751687,2012.TEMP.ANOMOLY.0.50+,Global Temperature Anomaly for 2012 (Jan-Dec) to be 0.50 or more,2011-09-09,0.0,0.0,0.0,0.0,0,0,0.0,0.0
751687,2012.TEMP.ANOMOLY.0.50+,Global Temperature Anomaly for 2012 (Jan-Dec) to be 0.50 or more,2011-09-10,0.0,0.0,0.0,0.0,0,0,0.0,0.0
751687,2012.TEMP.ANOMOLY.0.50+,Global Temperature Anomaly for 2012 (Jan-Dec) to be 0.50 or more,2011-09-11,0.0,0.0,0.0,0.0,0,0,0.0,0.0
751687,2012.TEMP.ANOMOLY.0.50+,Global Temperature Anomaly for 2012 (Jan-Dec) to be 0.50 or more,2011-09-12,0.0,0.0,0.0,0.0,0,0,0.0,0.0
751687,2012.TEMP.ANOMOLY.0.50+,Global Temperature Anomaly for 2012 (Jan-Dec) to be 0.50 or more,2011-09-13,0.0,0.0,0.0,0.0,0,0,0.0,0.0
751687,2012.TEMP.ANOMOLY.0.50+,Global Temperature Anomaly for 2012 (Jan-Dec) to be 0.50 or more,2011-09-14,0.0,0.0,0.0,0.0,0,0,0.0,0.0
751687,2012.TEMP.ANOMOLY.0.50+,Global Temperature Anomaly for 2012 (Jan-Dec) to be 0.50 or more,2011-09-15,0.0,0.0,0.0,0.0,0,0,0.0,0.0
751687,2012.TEMP.ANOMOLY.0.50+,Global Temperature Anomaly for 2012 (Jan-Dec) to be 0.50 or more,2011-09-16,0.0,0.0,0.0,0.0,0,0,0.0,0.0
751687,2012.TEMP.ANOMOLY.0.50+,Global Temperature Anomaly for 2012 (Jan-Dec) to be 0.50 or more,2011-09-17,0.0,0.0,0.0,0.0,0,0,0.0,0.0
751687,2012.TEMP.ANOMOLY.0.50+,Global Temperature Anomaly for 2012 (Jan-Dec) to be 0.50 or more,2011-09-18,0.0,0.0,0.0,0.0,0,0,0.0,0.0
751687,2012.TEMP.ANOMOLY.0.50+,Global Temperature Anomaly for 2012 (Jan-Dec) to be 0.50 or more,2011-09-19,0.0,0.0,0.0,0.0,0,0,0.0,0.0
751687,2012.TEMP.ANOMOLY.0.50+,Global Temperature Anomaly for 2012 (Jan-Dec) to be 0.50 or more,2011-09-20,0.0,0.0,0.0,0.0,0,0,0.0,0.0
751687,2012.TEMP.ANOMOLY.0.50+,Global Temperature Anomaly for 2012 (Jan-Dec) to be 0.50 or more,2011-09-21,0.0,0.0,0.0,0.0,0,0,0.0,0.0
751687,2012.TEMP.ANOMOLY.0.50+,Global Temperature Anomaly for 2012 (Jan-Dec) to be 0.50 or more,2011-09-22,0.0,0.0,0.0,0.0,0,0,0.0,0.0
751687,2012.TEMP.ANOMOLY.0.50+,Global Temperature Anomaly for 2012 (Jan-Dec) to be 0.50 or more,2011-09-23,0.0,0.0,0.0,0.0,0,0,0.0,0.0
751687,2012.TEMP.ANOMOLY.0.50+,Global Temperature Anomaly for 2012 (Jan-Dec) to be 0.50 or more,2011-09-24,0.0,0.0,0.0,0.0,0,0,0.0,0.0
751687,2012.TEMP.ANOMOLY.0.50+,Global Temperature Anomaly for 2012 (Jan-Dec) to be 0.50 or more,2011-09-25,0.0,0.0,0.0,0.0,0,0,0.0,0.0
751687,2012.TEMP.ANOMOLY.0.50+,Global Temperature Anomaly for 2012 (Jan-Dec) to be 0.50 or more,2011-09-26,0.0,0.0,0.0,0.0,0,0,0.0,0.0
751687,2012.TEMP.ANOMOLY.0.50+,Global Temperature Anomaly for 2012 (Jan-Dec) to be 0.50 or more,2011-09-27,0.0,0.0,0.0,0.0,0,0,0.0,0.0
751687,2012.TEMP.ANOMOLY.0.50+,Global Temperature Anomaly for 2012 (Jan-Dec) to be 0.50 or more,2011-09-28,0.0,0.0,0.0,0.0,0,0,0.0,0.0
751687,2012.TEMP.ANOMOLY.0.50+,Global Temperature Anomaly for 2012 (Jan-Dec) to be 0.50 or more,2011-09-29,0.0,0.0,0.0,0.0,0,0,0.0,0.0
751687,2012.TEMP.ANOMOLY.0.50+,Global Temperature Anomaly for 2012 (Jan-Dec) to be 0.50 or more,2011-09-30,0.0,0.0,0.0,0.0,0,0,0.0,0.0
751687,2012.TEMP.ANOMOLY.0.50+,Global Temperature Anomaly for 2012 (Jan-Dec) to be 0.50 or more,2011-10-01,0.0,0.0,0.0,0.0,0,0,0.0,0.0
751687,2012.TEMP.ANOMOLY.0.50+,Global Temperature Anomaly for 2012 (Jan-Dec) to be 0.50 or more,2011-10-02,0.0,0.0,0.0,0.0,0,0,0.0,0.0
751687,2012.TEMP.ANOMOLY.0.50+,Global Temperature Anomaly for 2012 (Jan-Dec) to be 0.50 or more,2011-10-03,0.0,0.0,0.0,0.0,0,0,0.0,0.0
751687,2012.TEMP.ANOMOLY.0.50+,Global Temperature Anomaly for 2012 (Jan-Dec) to be 0.50 or more,2011-10-04,0.0,0.0,0.0,0.0,0,0,0.0,0.0
751687,2012.TEMP.ANOMOLY.0.50+,Global Temperature Anomaly for 2012 (Jan-Dec) to be 0.50 or more,2011-10-05,0.0,0.0,0.0,0.0,0,0,0.0,0.0
751687,2012.TEMP.ANOMOLY.0.50+,Global Temperature Anomaly for 2012 (Jan-Dec) to be 0.50 or more,2011-10-06,0.0,0.0,0.0,0.0,0,0,0.0,0.0
751687,2012.TEMP.ANOMOLY.0.50+,Global Temperature Anomaly for 2012 (Jan-Dec) to be 0.50 or more,2011-10-07,0.0,0.0,0.0,0.0,0,0,0.0,0.0
751687,2012.TEMP.ANOMOLY.0.50+,Global Temperature Anomaly for 2012 (Jan-Dec) to be 0.50 or more,2011-10-08,0.0,0.0,0.0,0.0,0,0,0.0,0.0
751687,2012.TEMP.ANOMOLY.0.50+,Global Temperature Anomaly for 2012 (Jan-Dec) to be 0.50 or more,2011-10-09,92.5,92.5,92.5,92.5,1,1,92.5,92.5
751687,2012.TEMP.ANOMOLY.0.50+,Global Temperature Anomaly for 2012 (Jan-Dec) to be 0.50 or more,2011-10-10,0.0,0.0,0.0,92.5,1,0,92.5,92.5
751687,2012.TEMP.ANOMOLY.0.50+,Global Temperature Anomaly for 2012 (Jan-Dec) to be 0.50 or more,2011-10-11,0.0,0.0,0.0,92.5,1,0,92.5,92.5
751687,2012.TEMP.ANOMOLY.0.50+,Global Temperature Anomaly for 2012 (Jan-Dec) to be 0.50 or more,2011-10-12,0.0,0.0,0.0,92.5,1,0,92.5,92.5
751687,2012.TEMP.ANOMOLY.0.50+,Global Temperature Anomaly for 2012 (Jan-Dec) to be 0.50 or more,2011-10-13,0.0,0.0,0.0,92.5,1,0,92.5,92.5
751687,2012.TEMP.ANOMOLY.0.50+,Global Temperature Anomaly for 2012 (Jan-Dec) to be 0.50 or more,2011-10-14,0.0,0.0,0.0,92.5,1,0,92.5,92.5
751687,2012.TEMP.ANOMOLY.0.50+,Global Temperature Anomaly for 2012 (Jan-Dec) to be 0.50 or more,2011-10-15,0.0,0.0,0.0,92.5,1,0,92.5,92.5
751687,2012.TEMP.ANOMOLY.0.50+,Global Temperature Anomaly for 2012 (Jan-Dec) to be 0.50 or more,2011-10-16,0.0,0.0,0.0,92.5,1,0,92.5,92.5
751687,2012.TEMP.ANOMOLY.0.50+,Global Temperature Anomaly for 2012 (Jan-Dec) to be 0.50 or more,2011-10-17,0.0,0.0,0.0,92.5,1,0,92.5,92.5
751687,2012.TEMP.ANOMOLY.0.50+,Global Temperature Anomaly for 2012 (Jan-Dec) to be 0.50 or more,2011-10-18,0.0,0.0,0.0,92.5,1,0,92.5,92.5
751687,2012.TEMP.ANOMOLY.0.50+,Global Temperature Anomaly for 2012 (Jan-Dec) to be 0.50 or more,2011-10-19,0.0,0.0,0.0,92.5,1,0,92.5,92.5
751687,2012.TEMP.ANOMOLY.0.50+,Global Temperature Anomaly for 2012 (Jan-Dec) to be 0.50 or more,2011-10-20,0.0,0.0,0.0,92.5,1,0,92.5,92.5
751687,2012.TEMP.ANOMOLY.0.50+,Global Temperature Anomaly for 2012 (Jan-Dec) to be 0.50 or more,2011-10-21,0.0,0.0,0.0,92.5,1,0,92.5,92.5
751687,2012.TEMP.ANOMOLY.0.50+,Global Temperature Anomaly for 2012 (Jan-Dec) to be 0.50 or more,2011-10-22,0.0,0.0,0.0,92.5,1,0,92.5,92.5
751687,2012.TEMP.ANOMOLY.0.50+,Global Temperature Anomaly for 2012 (Jan-Dec) to be 0.50 or more,2011-10-23,0.0,0.0,0.0,92.5,1,0,92.5,92.5
751687,2012.TEMP.ANOMOLY.0.50+,Global Temperature Anomaly for 2012 (Jan-Dec) to be 0.50 or more,2011-10-24,0.0,0.0,0.0,92.5,1,0,92.5,92.5
751687,2012.TEMP.ANOMOLY.0.50+,Global Temperature Anomaly for 2012 (Jan-Dec) to be 0.50 or more,2011-10-25,0.0,0.0,0.0,92.5,1,0,92.5,92.5
751687,2012.TEMP.ANOMOLY.0.50+,Global Temperature Anomaly for 2012 (Jan-Dec) to be 0.50 or more,2011-10-26,0.0,0.0,0.0,92.5,1,0,92.5,92.5
751687,2012.TEMP.ANOMOLY.0.50+,Global Temperature Anomaly for 2012 (Jan-Dec) to be 0.50 or more,2011-10-27,0.0,0.0,0.0,92.5,1,0,92.5,92.5
751687,2012.TEMP.ANOMOLY.0.50+,Global Temperature Anomaly for 2012 (Jan-Dec) to be 0.50 or more,2011-10-28,0.0,0.0,0.0,92.5,1,0,92.5,92.5
751687,2012.TEMP.ANOMOLY.0.50+,Global Temperature Anomaly for 2012 (Jan-Dec) to be 0.50 or more,2011-10-29,0.0,0.0,0.0,92.5,1,0,92.5,92.5
751687,2012.TEMP.ANOMOLY.0.50+,Global Temperature Anomaly for 2012 (Jan-Dec) to be 0.50 or more,2011-10-30,0.0,0.0,0.0,92.5,1,0,92.5,92.5
751687,2012.TEMP.ANOMOLY.0.50+,Global Temperature Anomaly for 2012 (Jan-Dec) to be 0.50 or more,2011-10-31,0.0,0.0,0.0,92.5,1,0,92.5,92.5
751687,2012.TEMP.ANOMOLY.0.50+,Global Temperature Anomaly for 2012 (Jan-Dec) to be 0.50 or more,2011-11-01,0.0,0.0,0.0,92.5,1,0,92.5,92.5
751687,2012.TEMP.ANOMOLY.0.50+,Global Temperature Anomaly for 2012 (Jan-Dec) to be 0.50 or more,2011-11-02,0.0,0.0,0.0,92.5,1,0,92.5,92.5
751687,2012.TEMP.ANOMOLY.0.50+,Global Temperature Anomaly for 2012 (Jan-Dec) to be 0.50 or more,2011-11-03,0.0,0.0,0.0,92.5,1,0,92.5,92.5
751687,2012.TEMP.ANOMOLY.0.50+,Global Temperature Anomaly for 2012 (Jan-Dec) to be 0.50 or more,2011-11-04,0.0,0.0,0.0,92.5,1,0,92.5,92.5
751687,2012.TEMP.ANOMOLY.0.50+,Global Temperature Anomaly for 2012 (Jan-Dec) to be 0.50 or more,2011-11-05,0.0,0.0,0.0,92.5,1,0,92.5,92.5
751687,2012.TEMP.ANOMOLY.0.50+,Global Temperature Anomaly for 2012 (Jan-Dec) to be 0.50 or more,2011-11-06,0.0,0.0,0.0,92.5,1,0,92.5,92.5
751687,2012.TEMP.ANOMOLY.0.50+,Global Temperature Anomaly for 2012 (Jan-Dec) to be 0.50 or more,2011-11-07,0.0,0.0,0.0,92.5,1,0,92.5,92.5
751687,2012.TEMP.ANOMOLY.0.50+,Global Temperature Anomaly for 2012 (Jan-Dec) to be 0.50 or more,2011-11-08,0.0,0.0,0.0,92.5,1,0,92.5,92.5
751687,2012.TEMP.ANOMOLY.0.50+,Global Temperature Anomaly for 2012 (Jan-Dec) to be 0.50 or more,2011-11-09,0.0,0.0,0.0,92.5,1,0,92.5,92.5
751687,2012.TEMP.ANOMOLY.0.50+,Global Temperature Anomaly for 2012 (Jan-Dec) to be 0.50 or more,2011-11-10,0.0,0.0,0.0,92.5,1,0,92.5,92.5
751687,2012.TEMP.ANOMOLY.0.50+,Global Temperature Anomaly for 2012 (Jan-Dec) to be 0.50 or more,2011-11-11,0.0,0.0,0.0,92.5,1,0,92.5,92.5
751687,2012.TEMP.ANOMOLY.0.50+,Global Temperature Anomaly for 2012 (Jan-Dec) to be 0.50 or more,2011-11-12,95.0,95.0,95.0,95.0,2,1,95.0,92.5
751687,2012.TEMP.ANOMOLY.0.50+,Global Temperature Anomaly for 2012 (Jan-Dec) to be 0.50 or more,2011-11-13,0.0,0.0,0.0,95.0,2,0,95.0,92.5
751687,2012.TEMP.ANOMOLY.0.50+,Global Temperature Anomaly for 2012 (Jan-Dec) to be 0.50 or more,2011-11-14,0.0,0.0,0.0,95.0,2,0,95.0,92.5
751687,2012.TEMP.ANOMOLY.0.50+,Global Temperature Anomaly for 2012 (Jan-Dec) to be 0.50 or more,2011-11-15,0.0,0.0,0.0,95.0,2,0,95.0,92.5
751687,2012.TEMP.ANOMOLY.0.50+,Global Temperature Anomaly for 2012 (Jan-Dec) to be 0.50 or more,2011-11-16,0.0,0.0,0.0,95.0,2,0,95.0,92.5
751687,2012.TEMP.ANOMOLY.0.50+,Global Temperature Anomaly for 2012 (Jan-Dec) to be 0.50 or more,2011-11-17,0.0,0.0,0.0,95.0,2,0,95.0,92.5
751687,2012.TEMP.ANOMOLY.0.50+,Global Temperature Anomaly for 2012 (Jan-Dec) to be 0.50 or more,2011-11-18,0.0,0.0,0.0,95.0,2,0,95.0,92.5
751687,2012.TEMP.ANOMOLY.0.50+,Global Temperature Anomaly for 2012 (Jan-Dec) to be 0.50 or more,2011-11-19,0.0,0.0,0.0,95.0,2,0,95.0,92.5
751687,2012.TEMP.ANOMOLY.0.50+,Global Temperature Anomaly for 2012 (Jan-Dec) to be 0.50 or more,2011-11-20,0.0,0.0,0.0,95.0,2,0,95.0,92.5
751687,2012.TEMP.ANOMOLY.0.50+,Global Temperature Anomaly for 2012 (Jan-Dec) to be 0.50 or more,2011-11-21,0.0,0.0,0.0,95.0,2,0,95.0,92.5
751687,2012.TEMP.ANOMOLY.0.50+,Global Temperature Anomaly for 2012 (Jan-Dec) to be 0.50 or more,2011-11-22,0.0,0.0,0.0,95.0,2,0,95.0,92.5
751687,2012.TEMP.ANOMOLY.0.50+,Global Temperature Anomaly for 2012 (Jan-Dec) to be 0.50 or more,2011-11-23,0.0,0.0,0.0,95.0,2,0,95.0,92.5
751687,2012.TEMP.ANOMOLY.0.50+,Global Temperature Anomaly for 2012 (Jan-Dec) to be 0.50 or more,2011-11-24,0.0,0.0,0.0,95.0,2,0,95.0,92.5
751687,2012.TEMP.ANOMOLY.0.50+,Global Temperature Anomaly for 2012 (Jan-Dec) to be 0.50 or more,2011-11-25,0.0,0.0,0.0,95.0,2,0,95.0,92.5
751687,2012.TEMP.ANOMOLY.0.50+,Global Temperature Anomaly for 2012 (Jan-Dec) to be 0.50 or more,2011-11-26,0.0,0.0,0.0,95.0,2,0,95.0,92.5
751687,2012.TEMP.ANOMOLY.0.50+,Global Temperature Anomaly for 2012 (Jan-Dec) to be 0.50 or more,2011-11-27,0.0,0.0,0.0,95.0,2,0,95.0,92.5
751687,2012.TEMP.ANOMOLY.0.50+,Global Temperature Anomaly for 2012 (Jan-Dec) to be 0.50 or more,2011-11-28,0.0,0.0,0.0,95.0,2,0,95.0,92.5
751687,2012.TEMP.ANOMOLY.0.50+,Global Temperature Anomaly for 2012 (Jan-Dec) to be 0.50 or more,2011-11-29,0.0,0.0,0.0,95.0,2,0,95.0,92.5
751687,2012.TEMP.ANOMOLY.0.50+,Global Temperature Anomaly for 2012 (Jan-Dec) to be 0.50 or more,2011-11-30,0.0,0.0,0.0,95.0,2,0,95.0,92.5
751687,2012.TEMP.ANOMOLY.0.50+,Global Temperature Anomaly for 2012 (Jan-Dec) to be 0.50 or more,2011-12-01,0.0,0.0,0.0,95.0,2,0,95.0,92.5
751687,2012.TEMP.ANOMOLY.0.50+,Global Temperature Anomaly for 2012 (Jan-Dec) to be 0.50 or more,2011-12-02,0.0,0.0,0.0,95.0,2,0,95.0,92.5
751687,2012.TEMP.ANOMOLY.0.50+,Global Temperature Anomaly for 2012 (Jan-Dec) to be 0.50 or more,2011-12-03,0.0,0.0,0.0,95.0,2,0,95.0,92.5
751687,2012.TEMP.ANOMOLY.0.50+,Global Temperature Anomaly for 2012 (Jan-Dec) to be 0.50 or more,2011-12-04,0.0,0.0,0.0,95.0,2,0,95.0,92.5
751687,2012.TEMP.ANOMOLY.0.50+,Global Temperature Anomaly for 2012 (Jan-Dec) to be 0.50 or more,2011-12-05,0.0,0.0,0.0,95.0,2,0,95.0,92.5
751687,2012.TEMP.ANOMOLY.0.50+,Global Temperature Anomaly for 2012 (Jan-Dec) to be 0.50 or more,2011-12-06,0.0,0.0,0.0,95.0,2,0,95.0,92.5
751687,2012.TEMP.ANOMOLY.0.50+,Global Temperature Anomaly for 2012 (Jan-Dec) to be 0.50 or more,2011-12-07,0.0,0.0,0.0,95.0,2,0,95.0,92.5
751687,2012.TEMP.ANOMOLY.0.50+,Global Temperature Anomaly for 2012 (Jan-Dec) to be 0.50 or more,2011-12-08,0.0,0.0,0.0,95.0,2,0,95.0,92.5
751687,2012.TEMP.ANOMOLY.0.50+,Global Temperature Anomaly for 2012 (Jan-Dec) to be 0.50 or more,2011-12-09,0.0,0.0,0.0,95.0,2,0,95.0,92.5
751687,2012.TEMP.ANOMOLY.0.50+,Global Temperature Anomaly for 2012 (Jan-Dec) to be 0.50 or more,2011-12-10,0.0,0.0,0.0,95.0,2,0,95.0,92.5
751687,2012.TEMP.ANOMOLY.0.50+,Global Temperature Anomaly for 2012 (Jan-Dec) to be 0.50 or more,2011-12-11,0.0,0.0,0.0,95.0,2,0,95.0,92.5
751687,2012.TEMP.ANOMOLY.0.50+,Global Temperature Anomaly for 2012 (Jan-Dec) to be 0.50 or more,2011-12-12,0.0,0.0,0.0,95.0,2,0,95.0,92.5
751687,2012.TEMP.ANOMOLY.0.50+,Global Temperature Anomaly for 2012 (Jan-Dec) to be 0.50 or more,2011-12-13,0.0,0.0,0.0,95.0,2,0,95.0,92.5
751687,2012.TEMP.ANOMOLY.0.50+,Global Temperature Anomaly for 2012 (Jan-Dec) to be 0.50 or more,2011-12-14,0.0,0.0,0.0,95.0,2,0,95.0,92.5
751687,2012.TEMP.ANOMOLY.0.50+,Global Temperature Anomaly for 2012 (Jan-Dec) to be 0.50 or more,2011-12-15,0.0,0.0,0.0,95.0,2,0,95.0,92.5
751687,2012.TEMP.ANOMOLY.0.50+,Global Temperature Anomaly for 2012 (Jan-Dec) to be 0.50 or more,2011-12-16,0.0,0.0,0.0,95.0,2,0,95.0,92.5
751687,2012.TEMP.ANOMOLY.0.50+,Global Temperature Anomaly for 2012 (Jan-Dec) to be 0.50 or more,2011-12-17,0.0,0.0,0.0,95.0,2,0,95.0,92.5
751687,2012.TEMP.ANOMOLY.0.50+,Global Temperature Anomaly for 2012 (Jan-Dec) to be 0.50 or more,2011-12-18,0.0,0.0,0.0,95.0,2,0,95.0,92.5
751687,2012.TEMP.ANOMOLY.0.50+,Global Temperature Anomaly for 2012 (Jan-Dec) to be 0.50 or more,2011-12-19,0.0,0.0,0.0,95.0,2,0,95.0,92.5
751687,2012.TEMP.ANOMOLY.0.50+,Global Temperature Anomaly for 2012 (Jan-Dec) to be 0.50 or more,2011-12-20,0.0,0.0,0.0,95.0,2,0,95.0,92.5
751687,2012.TEMP.ANOMOLY.0.50+,Global Temperature Anomaly for 2012 (Jan-Dec) to be 0.50 or more,2011-12-21,0.0,0.0,0.0,95.0,2,0,95.0,92.5
751687,2012.TEMP.ANOMOLY.0.50+,Global Temperature Anomaly for 2012 (Jan-Dec) to be 0.50 or more,2011-12-22,0.0,0.0,0.0,95.0,2,0,95.0,92.5
751687,2012.TEMP.ANOMOLY.0.50+,Global Temperature Anomaly for 2012 (Jan-Dec) to be 0.50 or more,2011-12-23,0.0,0.0,0.0,95.0,2,0,95.0,92.5
751687,2012.TEMP.ANOMOLY.0.50+,Global Temperature Anomaly for 2012 (Jan-Dec) to be 0.50 or more,2011-12-24,0.0,0.0,0.0,95.0,2,0,95.0,92.5
751687,2012.TEMP.ANOMOLY.0.50+,Global Temperature Anomaly for 2012 (Jan-Dec) to be 0.50 or more,2011-12-25,0.0,0.0,0.0,95.0,2,0,95.0,92.5
751687,2012.TEMP.ANOMOLY.0.50+,Global Temperature Anomaly for 2012 (Jan-Dec) to be 0.50 or more,2011-12-26,0.0,0.0,0.0,95.0,2,0,95.0,92.5
751687,2012.TEMP.ANOMOLY.0.50+,Global Temperature Anomaly for 2012 (Jan-Dec) to be 0.50 or more,2011-12-27,0.0,0.0,0.0,95.0,2,0,95.0,92.5
751687,2012.TEMP.ANOMOLY.0.50+,Global Temperature Anomaly for 2012 (Jan-Dec) to be 0.50 or more,2011-12-28,0.0,0.0,0.0,95.0,2,0,95.0,92.5
751687,2012.TEMP.ANOMOLY.0.50+,Global Temperature Anomaly for 2012 (Jan-Dec) to be 0.50 or more,2011-12-29,0.0,0.0,0.0,95.0,2,0,95.0,92.5
751687,2012.TEMP.ANOMOLY.0.50+,Global Temperature Anomaly for 2012 (Jan-Dec) to be 0.50 or more,2011-12-30,0.0,0.0,0.0,95.0,2,0,95.0,92.5
751687,2012.TEMP.ANOMOLY.0.50+,Global Temperature Anomaly for 2012 (Jan-Dec) to be 0.50 or more,2011-12-31,0.0,0.0,0.0,95.0,2,0,95.0,92.5
751687,2012.TEMP.ANOMOLY.0.50+,Global Temperature Anomaly for 2012 (Jan-Dec) to be 0.50 or more,2012-01-01,80.0,80.0,80.0,80.0,7,5,95.0,80.0
751687,2012.TEMP.ANOMOLY.0.50+,Global Temperature Anomaly for 2012 (Jan-Dec) to be 0.50 or more,2012-01-02,80.0,80.0,80.0,80.0,12,5,95.0,80.0
751687,2012.TEMP.ANOMOLY.0.50+,Global Temperature Anomaly for 2012 (Jan-Dec) to be 0.50 or more,2012-01-03,0.0,0.0,0.0,80.0,12,0,95.0,80.0
751687,2012.TEMP.ANOMOLY.0.50+,Global Temperature Anomaly for 2012 (Jan-Dec) to be 0.50 or more,2012-01-04,0.0,0.0,0.0,80.0,12,0,95.0,80.0
751687,2012.TEMP.ANOMOLY.0.50+,Global Temperature Anomaly for 2012 (Jan-Dec) to be 0.50 or more,2012-01-05,0.0,0.0,0.0,80.0,12,0,95.0,80.0
751687,2012.TEMP.ANOMOLY.0.50+,Global Temperature Anomaly for 2012 (Jan-Dec) to be 0.50 or more,2012-01-06,81.5,81.5,80.0,81.5,22,10,95.0,80.0
751687,2012.TEMP.ANOMOLY.0.50+,Global Temperature Anomaly for 2012 (Jan-Dec) to be 0.50 or more,2012-01-07,0.0,0.0,0.0,81.5,22,0,95.0,80.0
751687,2012.TEMP.ANOMOLY.0.50+,Global Temperature Anomaly for 2012 (Jan-Dec) to be 0.50 or more,2012-01-08,75.0,75.0,71.5,71.5,57,35,95.0,71.5
751687,2012.TEMP.ANOMOLY.0.50+,Global Temperature Anomaly for 2012 (Jan-Dec) to be 0.50 or more,2012-01-09,0.0,0.0,0.0,71.5,57,0,95.0,71.5
751687,2012.TEMP.ANOMOLY.0.50+,Global Temperature Anomaly for 2012 (Jan-Dec) to be 0.50 or more,2012-01-10,0.0,0.0,0.0,71.5,57,0,95.0,71.5
751687,2012.TEMP.ANOMOLY.0.50+,Global Temperature Anomaly for 2012 (Jan-Dec) to be 0.50 or more,2012-01-11,0.0,0.0,0.0,71.5,57,0,95.0,71.5
751687,2012.TEMP.ANOMOLY.0.50+,Global Temperature Anomaly for 2012 (Jan-Dec) to be 0.50 or more,2012-01-12,0.0,0.0,0.0,71.5,57,0,95.0,71.5
751687,2012.TEMP.ANOMOLY.0.50+,Global Temperature Anomaly for 2012 (Jan-Dec) to be 0.50 or more,2012-01-13,0.0,0.0,0.0,71.5,57,0,95.0,71.5
751687,2012.TEMP.ANOMOLY.0.50+,Global Temperature Anomaly for 2012 (Jan-Dec) to be 0.50 or more,2012-01-14,0.0,0.0,0.0,71.5,57,0,95.0,71.5
751687,2012.TEMP.ANOMOLY.0.50+,Global Temperature Anomaly for 2012 (Jan-Dec) to be 0.50 or more,2012-01-15,70.0,70.0,70.0,70.0,77,20,95.0,70.0
751687,2012.TEMP.ANOMOLY.0.50+,Global Temperature Anomaly for 2012 (Jan-Dec) to be 0.50 or more,2012-01-16,0.0,0.0,0.0,70.0,77,0,95.0,70.0
751687,2012.TEMP.ANOMOLY.0.50+,Global Temperature Anomaly for 2012 (Jan-Dec) to be 0.50 or more,2012-01-17,0.0,0.0,0.0,70.0,77,0,95.0,70.0
751687,2012.TEMP.ANOMOLY.0.50+,Global Temperature Anomaly for 2012 (Jan-Dec) to be 0.50 or more,2012-01-18,0.0,0.0,0.0,70.0,77,0,95.0,70.0
751687,2012.TEMP.ANOMOLY.0.50+,Global Temperature Anomaly for 2012 (Jan-Dec) to be 0.50 or more,2012-01-19,70.0,70.0,70.0,70.0,97,20,95.0,70.0
751687,2012.TEMP.ANOMOLY.0.50+,Global Temperature Anomaly for 2012 (Jan-Dec) to be 0.50 or more,2012-01-20,67.0,67.0,67.0,67.0,122,25,95.0,67.0
751687,2012.TEMP.ANOMOLY.0.50+,Global Temperature Anomaly for 2012 (Jan-Dec) to be 0.50 or more,2012-01-21,66.5,66.6,66.5,66.5,156,34,95.0,66.5
751687,2012.TEMP.ANOMOLY.0.50+,Global Temperature Anomaly for 2012 (Jan-Dec) to be 0.50 or more,2012-01-22,0.0,0.0,0.0,66.5,156,0,95.0,66.5
751687,2012.TEMP.ANOMOLY.0.50+,Global Temperature Anomaly for 2012 (Jan-Dec) to be 0.50 or more,2012-01-23,0.0,0.0,0.0,66.5,156,0,95.0,66.5
751687,2012.TEMP.ANOMOLY.0.50+,Global Temperature Anomaly for 2012 (Jan-Dec) to be 0.50 or more,2012-01-24,0.0,0.0,0.0,66.5,156,0,95.0,66.5
751687,2012.TEMP.ANOMOLY.0.50+,Global Temperature Anomaly for 2012 (Jan-Dec) to be 0.50 or more,2012-01-25,0.0,0.0,0.0,66.5,156,0,95.0,66.5
751687,2012.TEMP.ANOMOLY.0.50+,Global Temperature Anomaly for 2012 (Jan-Dec) to be 0.50 or more,2012-01-26,0.0,0.0,0.0,66.5,156,0,95.0,66.5
751687,2012.TEMP.ANOMOLY.0.50+,Global Temperature Anomaly for 2012 (Jan-Dec) to be 0.50 or more,2012-01-27,0.0,0.0,0.0,66.5,156,0,95.0,66.5
751687,2012.TEMP.ANOMOLY.0.50+,Global Temperature Anomaly for 2012 (Jan-Dec) to be 0.50 or more,2012-01-28,0.0,0.0,0.0,66.5,156,0,95.0,66.5
751687,2012.TEMP.ANOMOLY.0.50+,Global Temperature Anomaly for 2012 (Jan-Dec) to be 0.50 or more,2012-01-29,0.0,0.0,0.0,66.5,156,0,95.0,66.5
751687,2012.TEMP.ANOMOLY.0.50+,Global Temperature Anomaly for 2012 (Jan-Dec) to be 0.50 or more,2012-01-30,0.0,0.0,0.0,66.5,156,0,95.0,66.5
751687,2012.TEMP.ANOMOLY.0.50+,Global Temperature Anomaly for 2012 (Jan-Dec) to be 0.50 or more,2012-01-31,0.0,0.0,0.0,66.5,156,0,95.0,66.5
751687,2012.TEMP.ANOMOLY.0.50+,Global Temperature Anomaly for 2012 (Jan-Dec) to be 0.50 or more,2012-02-01,0.0,0.0,0.0,66.5,156,0,95.0,66.5
751687,2012.TEMP.ANOMOLY.0.50+,Global Temperature Anomaly for 2012 (Jan-Dec) to be 0.50 or more,2012-02-02,0.0,0.0,0.0,66.5,156,0,95.0,66.5
751687,2012.TEMP.ANOMOLY.0.50+,Global Temperature Anomaly for 2012 (Jan-Dec) to be 0.50 or more,2012-02-03,0.0,0.0,0.0,66.5,156,0,95.0,66.5
751687,2012.TEMP.ANOMOLY.0.50+,Global Temperature Anomaly for 2012 (Jan-Dec) to be 0.50 or more,2012-02-04,0.0,0.0,0.0,66.5,156,0,95.0,66.5
751687,2012.TEMP.ANOMOLY.0.50+,Global Temperature Anomaly for 2012 (Jan-Dec) to be 0.50 or more,2012-02-05,79.0,79.0,79.0,79.0,170,14,95.0,66.5
751687,2012.TEMP.ANOMOLY.0.50+,Global Temperature Anomaly for 2012 (Jan-Dec) to be 0.50 or more,2012-02-06,76.0,76.0,75.0,76.0,190,20,95.0,66.5
751687,2012.TEMP.ANOMOLY.0.50+,Global Temperature Anomaly for 2012 (Jan-Dec) to be 0.50 or more,2012-02-07,73.5,73.5,73.5,73.5,207,17,95.0,66.5
751687,2012.TEMP.ANOMOLY.0.50+,Global Temperature Anomaly for 2012 (Jan-Dec) to be 0.50 or more,2012-02-08,0.0,0.0,0.0,73.5,207,0,95.0,66.5
751687,2012.TEMP.ANOMOLY.0.50+,Global Temperature Anomaly for 2012 (Jan-Dec) to be 0.50 or more,2012-02-09,0.0,0.0,0.0,73.5,207,0,95.0,66.5
751687,2012.TEMP.ANOMOLY.0.50+,Global Temperature Anomaly for 2012 (Jan-Dec) to be 0.50 or more,2012-02-10,0.0,0.0,0.0,73.5,207,0,95.0,66.5
751687,2012.TEMP.ANOMOLY.0.50+,Global Temperature Anomaly for 2012 (Jan-Dec) to be 0.50 or more,2012-02-11,0.0,0.0,0.0,73.5,207,0,95.0,66.5
751687,2012.TEMP.ANOMOLY.0.50+,Global Temperature Anomaly for 2012 (Jan-Dec) to be 0.50 or more,2012-02-12,0.0,0.0,0.0,73.5,207,0,95.0,66.5
751687,2012.TEMP.ANOMOLY.0.50+,Global Temperature Anomaly for 2012 (Jan-Dec) to be 0.50 or more,2012-02-13,71.5,71.5,71.5,71.5,212,5,95.0,66.5
751687,2012.TEMP.ANOMOLY.0.50+,Global Temperature Anomaly for 2012 (Jan-Dec) to be 0.50 or more,2012-02-14,0.0,0.0,0.0,71.5,212,0,95.0,66.5
751687,2012.TEMP.ANOMOLY.0.50+,Global Temperature Anomaly for 2012 (Jan-Dec) to be 0.50 or more,2012-02-15,0.0,0.0,0.0,71.5,212,0,95.0,66.5
751687,2012.TEMP.ANOMOLY.0.50+,Global Temperature Anomaly for 2012 (Jan-Dec) to be 0.50 or more,2012-02-16,0.0,0.0,0.0,71.5,212,0,95.0,66.5
751687,2012.TEMP.ANOMOLY.0.50+,Global Temperature Anomaly for 2012 (Jan-Dec) to be 0.50 or more,2012-02-17,0.0,0.0,0.0,71.5,212,0,95.0,66.5
751687,2012.TEMP.ANOMOLY.0.50+,Global Temperature Anomaly for 2012 (Jan-Dec) to be 0.50 or more,2012-02-18,0.0,0.0,0.0,71.5,212,0,95.0,66.5
751687,2012.TEMP.ANOMOLY.0.50+,Global Temperature Anomaly for 2012 (Jan-Dec) to be 0.50 or more,2012-02-19,60.0,60.0,60.0,60.0,228,16,95.0,60.0
751687,2012.TEMP.ANOMOLY.0.50+,Global Temperature Anomaly for 2012 (Jan-Dec) to be 0.50 or more,2012-02-20,0.0,0.0,0.0,60.0,228,0,95.0,60.0
751687,2012.TEMP.ANOMOLY.0.50+,Global Temperature Anomaly for 2012 (Jan-Dec) to be 0.50 or more,2012-02-21,0.0,0.0,0.0,60.0,228,0,95.0,60.0
751687,2012.TEMP.ANOMOLY.0.50+,Global Temperature Anomaly for 2012 (Jan-Dec) to be 0.50 or more,2012-02-22,0.0,0.0,0.0,60.0,228,0,95.0,60.0
751687,2012.TEMP.ANOMOLY.0.50+,Global Temperature Anomaly for 2012 (Jan-Dec) to be 0.50 or more,2012-02-23,0.0,0.0,0.0,60.0,228,0,95.0,60.0
751687,2012.TEMP.ANOMOLY.0.50+,Global Temperature Anomaly for 2012 (Jan-Dec) to be 0.50 or more,2012-02-24,60.0,60.0,60.0,60.0,232,4,95.0,60.0
751687,2012.TEMP.ANOMOLY.0.50+,Global Temperature Anomaly for 2012 (Jan-Dec) to be 0.50 or more,2012-02-25,0.0,0.0,0.0,60.0,232,0,95.0,60.0
751687,2012.TEMP.ANOMOLY.0.50+,Global Temperature Anomaly for 2012 (Jan-Dec) to be 0.50 or more,2012-02-26,0.0,0.0,0.0,60.0,232,0,95.0,60.0
751687,2012.TEMP.ANOMOLY.0.50+,Global Temperature Anomaly for 2012 (Jan-Dec) to be 0.50 or more,2012-02-27,0.0,0.0,0.0,60.0,232,0,95.0,60.0
751687,2012.TEMP.ANOMOLY.0.50+,Global Temperature Anomaly for 2012 (Jan-Dec) to be 0.50 or more,2012-02-28,0.0,0.0,0.0,60.0,232,0,95.0,60.0
751687,2012.TEMP.ANOMOLY.0.50+,Global Temperature Anomaly for 2012 (Jan-Dec) to be 0.50 or more,2012-02-29,65.0,65.0,65.0,65.0,252,20,95.0,60.0
751687,2012.TEMP.ANOMOLY.0.50+,Global Temperature Anomaly for 2012 (Jan-Dec) to be 0.50 or more,2012-03-01,0.0,0.0,0.0,65.0,252,0,95.0,60.0
751687,2012.TEMP.ANOMOLY.0.50+,Global Temperature Anomaly for 2012 (Jan-Dec) to be 0.50 or more,2012-03-02,,,,65.0,252,0,95.0,60.0
751687,2012.TEMP.ANOMOLY.0.50+,Global Temperature Anomaly for 2012 (Jan-Dec) to be 0.50 or more,2012-03-03,,,,65.0,252,0,95.0,60.0
751687,2012.TEMP.ANOMOLY.0.50+,Global Temperature Anomaly for 2012 (Jan-Dec) to be 0.50 or more,2012-03-04,,,,65.0,252,0,95.0,60.0
751687,2012.TEMP.ANOMOLY.0.50+,Global Temperature Anomaly for 2012 (Jan-Dec) to be 0.50 or more,2012-03-05,69.0,69.0,69.0,69.0,287,35,95.0,60.0
751687,2012.TEMP.ANOMOLY.0.50+,Global Temperature Anomaly for 2012 (Jan-Dec) to be 0.50 or more,2012-03-06,,,,69.0,287,0,95.0,60.0
751687,2012.TEMP.ANOMOLY.0.50+,Global Temperature Anomaly for 2012 (Jan-Dec) to be 0.50 or more,2012-03-07,,,,,287,0,95.0,60.0
751687,2012.TEMP.ANOMOLY.0.50+,Global Temperature Anomaly for 2012 (Jan-Dec) to be 0.50 or more,2012-03-08,69.0,,,69.0,287,0,95.0,60.0
751687,2012.TEMP.ANOMOLY.0.50+,Global Temperature Anomaly for 2012 (Jan-Dec) to be 0.50 or more,2012-03-09,,,,69.0,287,0,95.0,60.0
751687,2012.TEMP.ANOMOLY.0.50+,Global Temperature Anomaly for 2012 (Jan-Dec) to be 0.50 or more,2012-03-10,,,,69.0,287,0,95.0,60.0
751687,2012.TEMP.ANOMOLY.0.50+,Global Temperature Anomaly for 2012 (Jan-Dec) to be 0.50 or more,2012-03-11,,,,69.0,287,0,95.0,60.0
751687,2012.TEMP.ANOMOLY.0.50+,Global Temperature Anomaly for 2012 (Jan-Dec) to be 0.50 or more,2012-03-12,,,,69.0,287,0,95.0,60.0
751687,2012.TEMP.ANOMOLY.0.50+,Global Temperature Anomaly for 2012 (Jan-Dec) to be 0.50 or more,2012-03-13,,,,69.0,287,0,95.0,60.0
751687,2012.TEMP.ANOMOLY.0.50+,Global Temperature Anomaly for 2012 (Jan-Dec) to be 0.50 or more,2012-03-14,,,,69.0,287,0,95.0,60.0
751687,2012.TEMP.ANOMOLY.0.50+,Global Temperature Anomaly for 2012 (Jan-Dec) to be 0.50 or more,2012-03-15,,,,69.0,287,0,95.0,60.0
751687,2012.TEMP.ANOMOLY.0.50+,Global Temperature Anomaly for 2012 (Jan-Dec) to be 0.50 or more,2012-03-16,,,,69.0,287,0,95.0,60.0
751687,2012.TEMP.ANOMOLY.0.50+,Global Temperature Anomaly for 2012 (Jan-Dec) to be 0.50 or more,2012-03-17,,,,69.0,287,0,95.0,60.0
751687,2012.TEMP.ANOMOLY.0.50+,Global Temperature Anomaly for 2012 (Jan-Dec) to be 0.50 or more,2012-03-18,65.0,65.0,65.0,65.0,307,20,95.0,60.0
751687,2012.TEMP.ANOMOLY.0.50+,Global Temperature Anomaly for 2012 (Jan-Dec) to be 0.50 or more,2012-03-19,,,,65.0,307,0,95.0,60.0
751687,2012.TEMP.ANOMOLY.0.50+,Global Temperature Anomaly for 2012 (Jan-Dec) to be 0.50 or more,2012-03-20,,,,65.0,307,0,95.0,60.0
751687,2012.TEMP.ANOMOLY.0.50+,Global Temperature Anomaly for 2012 (Jan-Dec) to be 0.50 or more,2012-03-21,,,,65.0,307,0,95.0,60.0
751687,2012.TEMP.ANOMOLY.0.50+,Global Temperature Anomaly for 2012 (Jan-Dec) to be 0.50 or more,2012-03-22,,,,65.0,307,0,95.0,60.0
751687,2012.TEMP.ANOMOLY.0.50+,Global Temperature Anomaly for 2012 (Jan-Dec) to be 0.50 or more,2012-03-23,,,,65.0,307,0,95.0,60.0
751687,2012.TEMP.ANOMOLY.0.50+,Global Temperature Anomaly for 2012 (Jan-Dec) to be 0.50 or more,2012-03-24,,,,65.0,307,0,95.0,60.0
751687,2012.TEMP.ANOMOLY.0.50+,Global Temperature Anomaly for 2012 (Jan-Dec) to be 0.50 or more,2012-03-25,,,,65.0,307,0,95.0,60.0
751687,2012.TEMP.ANOMOLY.0.50+,Global Temperature Anomaly for 2012 (Jan-Dec) to be 0.50 or more,2012-03-26,,,,65.0,307,0,95.0,60.0
751687,2012.TEMP.ANOMOLY.0.50+,Global Temperature Anomaly for 2012 (Jan-Dec) to be 0.50 or more,2012-03-27,,,,65.0,307,0,95.0,60.0
751687,2012.TEMP.ANOMOLY.0.50+,Global Temperature Anomaly for 2012 (Jan-Dec) to be 0.50 or more,2012-03-28,,,,65.0,307,0,95.0,60.0
751687,2012.TEMP.ANOMOLY.0.50+,Global Temperature Anomaly for 2012 (Jan-Dec) to be 0.50 or more,2012-03-29,,,,65.0,307,0,95.0,60.0
751687,2012.TEMP.ANOMOLY.0.50+,Global Temperature Anomaly for 2012 (Jan-Dec) to be 0.50 or more,2012-03-30,,,,65.0,307,0,95.0,60.0
751687,2012.TEMP.ANOMOLY.0.50+,Global Temperature Anomaly for 2012 (Jan-Dec) to be 0.50 or more,2012-03-31,,,,65.0,307,0,95.0,60.0
751687,2012.TEMP.ANOMOLY.0.50+,Global Temperature Anomaly for 2012 (Jan-Dec) to be 0.50 or more,2012-04-01,,,,65.0,307,0,95.0,60.0
751687,2012.TEMP.ANOMOLY.0.50+,Global Temperature Anomaly for 2012 (Jan-Dec) to be 0.50 or more,2012-04-02,,,,65.0,307,0,95.0,60.0
751687,2012.TEMP.ANOMOLY.0.50+,Global Temperature Anomaly for 2012 (Jan-Dec) to be 0.50 or more,2012-04-03,,,,65.0,307,0,95.0,60.0
751687,2012.TEMP.ANOMOLY.0.50+,Global Temperature Anomaly for 2012 (Jan-Dec) to be 0.50 or more,2012-04-04,,,,65.0,307,0,95.0,60.0
751687,2012.TEMP.ANOMOLY.0.50+,Global Temperature Anomaly for 2012 (Jan-Dec) to be 0.50 or more,2012-04-05,70.0,70.0,70.0,70.0,317,10,95.0,60.0
751687,2012.TEMP.ANOMOLY.0.50+,Global Temperature Anomaly for 2012 (Jan-Dec) to be 0.50 or more,2012-04-06,70.2,70.2,70.2,70.2,318,1,95.0,60.0
751687,2012.TEMP.ANOMOLY.0.50+,Global Temperature Anomaly for 2012 (Jan-Dec) to be 0.50 or more,2012-04-07,,,,70.2,318,0,95.0,60.0
751687,2012.TEMP.ANOMOLY.0.50+,Global Temperature Anomaly for 2012 (Jan-Dec) to be 0.50 or more,2012-04-08,,,,70.2,318,0,95.0,60.0
751687,2012.TEMP.ANOMOLY.0.50+,Global Temperature Anomaly for 2012 (Jan-Dec) to be 0.50 or more,2012-04-09,,,,70.2,318,0,95.0,60.0
751687,2012.TEMP.ANOMOLY.0.50+,Global Temperature Anomaly for 2012 (Jan-Dec) to be 0.50 or more,2012-04-10,,,,70.2,318,0,95.0,60.0
751687,2012.TEMP.ANOMOLY.0.50+,Global Temperature Anomaly for 2012 (Jan-Dec) to be 0.50 or more,2012-04-11,,,,70.2,318,0,95.0,60.0
751687,2012.TEMP.ANOMOLY.0.50+,Global Temperature Anomaly for 2012 (Jan-Dec) to be 0.50 or more,2012-04-12,,,,70.2,318,0,95.0,60.0
751687,2012.TEMP.ANOMOLY.0.50+,Global Temperature Anomaly for 2012 (Jan-Dec) to be 0.50 or more,2012-04-13,70.0,70.2,70.0,70.0,322,4,95.0,60.0
751687,2012.TEMP.ANOMOLY.0.50+,Global Temperature Anomaly for 2012 (Jan-Dec) to be 0.50 or more,2012-04-14,,,,70.0,322,0,95.0,60.0
751687,2012.TEMP.ANOMOLY.0.50+,Global Temperature Anomaly for 2012 (Jan-Dec) to be 0.50 or more,2012-04-15,,,,70.0,322,0,95.0,60.0
751687,2012.TEMP.ANOMOLY.0.50+,Global Temperature Anomaly for 2012 (Jan-Dec) to be 0.50 or more,2012-04-16,,,,70.0,322,0,95.0,60.0
751687,2012.TEMP.ANOMOLY.0.50+,Global Temperature Anomaly for 2012 (Jan-Dec) to be 0.50 or more,2012-04-17,81.0,81.0,80.9,81.0,325,3,95.0,60.0
751687,2012.TEMP.ANOMOLY.0.50+,Global Temperature Anomaly for 2012 (Jan-Dec) to be 0.50 or more,2012-04-18,,,,81.0,325,0,95.0,60.0
751687,2012.TEMP.ANOMOLY.0.50+,Global Temperature Anomaly for 2012 (Jan-Dec) to be 0.50 or more,2012-04-19,,,,81.0,325,0,95.0,60.0
751687,2012.TEMP.ANOMOLY.0.50+,Global Temperature Anomaly for 2012 (Jan-Dec) to be 0.50 or more,2012-04-20,78.0,78.0,78.0,78.0,345,20,95.0,60.0
751687,2012.TEMP.ANOMOLY.0.50+,Global Temperature Anomaly for 2012 (Jan-Dec) to be 0.50 or more,2012-04-21,,,,78.0,345,0,95.0,60.0
751687,2012.TEMP.ANOMOLY.0.50+,Global Temperature Anomaly for 2012 (Jan-Dec) to be 0.50 or more,2012-04-22,,,,78.0,345,0,95.0,60.0
751687,2012.TEMP.ANOMOLY.0.50+,Global Temperature Anomaly for 2012 (Jan-Dec) to be 0.50 or more,2012-04-23,,,,78.0,345,0,95.0,60.0
751687,2012.TEMP.ANOMOLY.0.50+,Global Temperature Anomaly for 2012 (Jan-Dec) to be 0.50 or more,2012-04-24,,,,78.0,345,0,95.0,60.0
751687,2012.TEMP.ANOMOLY.0.50+,Global Temperature Anomaly for 2012 (Jan-Dec) to be 0.50 or more,2012-04-25,,,,78.0,345,0,95.0,60.0
751687,2012.TEMP.ANOMOLY.0.50+,Global Temperature Anomaly for 2012 (Jan-Dec) to be 0.50 or more,2012-04-26,,,,78.0,345,0,95.0,60.0
751687,2012.TEMP.ANOMOLY.0.50+,Global Temperature Anomaly for 2012 (Jan-Dec) to be 0.50 or more,2012-04-27,,,,78.0,345,0,95.0,60.0
751687,2012.TEMP.ANOMOLY.0.50+,Global Temperature Anomaly for 2012 (Jan-Dec) to be 0.50 or more,2012-04-28,76.0,76.0,70.0,70.0,388,43,95.0,60.0
751687,2012.TEMP.ANOMOLY.0.50+,Global Temperature Anomaly for 2012 (Jan-Dec) to be 0.50 or more,2012-04-29,,,,70.0,388,0,95.0,60.0
751687,2012.TEMP.ANOMOLY.0.50+,Global Temperature Anomaly for 2012 (Jan-Dec) to be 0.50 or more,2012-04-30,,,,70.0,388,0,95.0,60.0
751687,2012.TEMP.ANOMOLY.0.50+,Global Temperature Anomaly for 2012 (Jan-Dec) to be 0.50 or more,2012-05-01,,,,70.0,388,0,95.0,60.0
751687,2012.TEMP.ANOMOLY.0.50+,Global Temperature Anomaly for 2012 (Jan-Dec) to be 0.50 or more,2012-05-02,,,,70.0,388,0,95.0,60.0
751687,2012.TEMP.ANOMOLY.0.50+,Global Temperature Anomaly for 2012 (Jan-Dec) to be 0.50 or more,2012-05-03,,,,70.0,388,0,95.0,60.0
751687,2012.TEMP.ANOMOLY.0.50+,Global Temperature Anomaly for 2012 (Jan-Dec) to be 0.50 or more,2012-05-04,,,,70.0,388,0,95.0,60.0
751687,2012.TEMP.ANOMOLY.0.50+,Global Temperature Anomaly for 2012 (Jan-Dec) to be 0.50 or more,2012-05-05,,,,70.0,388,0,95.0,60.0
751687,2012.TEMP.ANOMOLY.0.50+,Global Temperature Anomaly for 2012 (Jan-Dec) to be 0.50 or more,2012-05-06,,,,70.0,388,0,95.0,60.0
751687,2012.TEMP.ANOMOLY.0.50+,Global Temperature Anomaly for 2012 (Jan-Dec) to be 0.50 or more,2012-05-07,,,,70.0,388,0,95.0,60.0
751687,2012.TEMP.ANOMOLY.0.50+,Global Temperature Anomaly for 2012 (Jan-Dec) to be 0.50 or more,2012-05-08,,,,70.0,388,0,95.0,60.0
751687,2012.TEMP.ANOMOLY.0.50+,Global Temperature Anomaly for 2012 (Jan-Dec) to be 0.50 or more,2012-05-09,75.0,75.0,75.0,75.0,398,10,95.0,60.0
751687,2012.TEMP.ANOMOLY.0.50+,Global Temperature Anomaly for 2012 (Jan-Dec) to be 0.50 or more,2012-05-10,,,,75.0,398,0,95.0,60.0
751687,2012.TEMP.ANOMOLY.0.50+,Global Temperature Anomaly for 2012 (Jan-Dec) to be 0.50 or more,2012-05-11,81.0,81.0,75.0,75.0,430,32,95.0,60.0
751687,2012.TEMP.ANOMOLY.0.50+,Global Temperature Anomaly for 2012 (Jan-Dec) to be 0.50 or more,2012-05-12,,,,75.0,430,0,95.0,60.0
751687,2012.TEMP.ANOMOLY.0.50+,Global Temperature Anomaly for 2012 (Jan-Dec) to be 0.50 or more,2012-05-13,,,,75.0,430,0,95.0,60.0
751687,2012.TEMP.ANOMOLY.0.50+,Global Temperature Anomaly for 2012 (Jan-Dec) to be 0.50 or more,2012-05-14,,,,75.0,430,0,95.0,60.0
751687,2012.TEMP.ANOMOLY.0.50+,Global Temperature Anomaly for 2012 (Jan-Dec) to be 0.50 or more,2012-05-15,,,,75.0,430,0,95.0,60.0
751687,2012.TEMP.ANOMOLY.0.50+,Global Temperature Anomaly for 2012 (Jan-Dec) to be 0.50 or more,2012-05-16,,,,75.0,430,0,95.0,60.0
751687,2012.TEMP.ANOMOLY.0.50+,Global Temperature Anomaly for 2012 (Jan-Dec) to be 0.50 or more,2012-05-17,,,,75.0,430,0,95.0,60.0
751687,2012.TEMP.ANOMOLY.0.50+,Global Temperature Anomaly for 2012 (Jan-Dec) to be 0.50 or more,2012-05-18,81.9,81.9,81.7,81.9,436,6,95.0,60.0
751687,2012.TEMP.ANOMOLY.0.50+,Global Temperature Anomaly for 2012 (Jan-Dec) to be 0.50 or more,2012-05-19,,,,81.9,436,0,95.0,60.0
751687,2012.TEMP.ANOMOLY.0.50+,Global Temperature Anomaly for 2012 (Jan-Dec) to be 0.50 or more,2012-05-20,,,,81.9,436,0,95.0,60.0
751687,2012.TEMP.ANOMOLY.0.50+,Global Temperature Anomaly for 2012 (Jan-Dec) to be 0.50 or more,2012-05-21,74.0,74.0,74.0,74.0,438,2,95.0,60.0
751687,2012.TEMP.ANOMOLY.0.50+,Global Temperature Anomaly for 2012 (Jan-Dec) to be 0.50 or more,2012-05-22,82.1,82.1,80.5,82.1,445,7,95.0,60.0
751687,2012.TEMP.ANOMOLY.0.50+,Global Temperature Anomaly for 2012 (Jan-Dec) to be 0.50 or more,2012-05-23,81.0,81.0,81.0,81.0,450,5,95.0,60.0
751687,2012.TEMP.ANOMOLY.0.50+,Global Temperature Anomaly for 2012 (Jan-Dec) to be 0.50 or more,2012-05-24,,,,81.0,450,0,95.0,60.0
751687,2012.TEMP.ANOMOLY.0.50+,Global Temperature Anomaly for 2012 (Jan-Dec) to be 0.50 or more,2012-05-25,,,,81.0,450,0,95.0,60.0
751687,2012.TEMP.ANOMOLY.0.50+,Global Temperature Anomaly for 2012 (Jan-Dec) to be 0.50 or more,2012-05-26,80.0,80.0,80.0,80.0,455,5,95.0,60.0
751687,2012.TEMP.ANOMOLY.0.50+,Global Temperature Anomaly for 2012 (Jan-Dec) to be 0.50 or more,2012-05-27,,,,80.0,455,0,95.0,60.0
751687,2012.TEMP.ANOMOLY.0.50+,Global Temperature Anomaly for 2012 (Jan-Dec) to be 0.50 or more,2012-05-28,,,,80.0,455,0,95.0,60.0
751687,2012.TEMP.ANOMOLY.0.50+,Global Temperature Anomaly for 2012 (Jan-Dec) to be 0.50 or more,2012-05-29,,,,80.0,455,0,95.0,60.0
751687,2012.TEMP.ANOMOLY.0.50+,Global Temperature Anomaly for 2012 (Jan-Dec) to be 0.50 or more,2012-05-30,79.0,79.0,77.5,79.0,462,7,95.0,60.0
751687,2012.TEMP.ANOMOLY.0.50+,Global Temperature Anomaly for 2012 (Jan-Dec) to be 0.50 or more,2012-05-31,,,,79.0,462,0,95.0,60.0
751687,2012.TEMP.ANOMOLY.0.50+,Global Temperature Anomaly for 2012 (Jan-Dec) to be 0.50 or more,2012-06-01,,,,79.0,462,0,95.0,60.0
751687,2012.TEMP.ANOMOLY.0.50+,Global Temperature Anomaly for 2012 (Jan-Dec) to be 0.50 or more,2012-06-02,,,,79.0,462,0,95.0,60.0
751687,2012.TEMP.ANOMOLY.0.50+,Global Temperature Anomaly for 2012 (Jan-Dec) to be 0.50 or more,2012-06-03,,,,79.0,462,0,95.0,60.0
751687,2012.TEMP.ANOMOLY.0.50+,Global Temperature Anomaly for 2012 (Jan-Dec) to be 0.50 or more,2012-06-04,,,,79.0,462,0,95.0,60.0
751687,2012.TEMP.ANOMOLY.0.50+,Global Temperature Anomaly for 2012 (Jan-Dec) to be 0.50 or more,2012-06-05,,,,79.0,462,0,95.0,60.0
751687,2012.TEMP.ANOMOLY.0.50+,Global Temperature Anomaly for 2012 (Jan-Dec) to be 0.50 or more,2012-06-06,,,,79.0,462,0,95.0,60.0
751687,2012.TEMP.ANOMOLY.0.50+,Global Temperature Anomaly for 2012 (Jan-Dec) to be 0.50 or more,2012-06-07,,,,79.0,462,0,95.0,60.0
751687,2012.TEMP.ANOMOLY.0.50+,Global Temperature Anomaly for 2012 (Jan-Dec) to be 0.50 or more,2012-06-08,78.0,78.0,78.0,78.0,466,4,95.0,60.0
751687,2012.TEMP.ANOMOLY.0.50+,Global Temperature Anomaly for 2012 (Jan-Dec) to be 0.50 or more,2012-06-09,,,,78.0,466,0,95.0,60.0
751687,2012.TEMP.ANOMOLY.0.50+,Global Temperature Anomaly for 2012 (Jan-Dec) to be 0.50 or more,2012-06-10,,,,78.0,466,0,95.0,60.0
751687,2012.TEMP.ANOMOLY.0.50+,Global Temperature Anomaly for 2012 (Jan-Dec) to be 0.50 or more,2012-06-11,,,,78.0,466,0,95.0,60.0
751687,2012.TEMP.ANOMOLY.0.50+,Global Temperature Anomaly for 2012 (Jan-Dec) to be 0.50 or more,2012-06-12,,,,78.0,466,0,95.0,60.0
751687,2012.TEMP.ANOMOLY.0.50+,Global Temperature Anomaly for 2012 (Jan-Dec) to be 0.50 or more,2012-06-13,,,,78.0,466,0,95.0,60.0
751687,2012.TEMP.ANOMOLY.0.50+,Global Temperature Anomaly for 2012 (Jan-Dec) to be 0.50 or more,2012-06-14,,,,78.0,466,0,95.0,60.0
751687,2012.TEMP.ANOMOLY.0.50+,Global Temperature Anomaly for 2012 (Jan-Dec) to be 0.50 or more,2012-06-15,84.0,94.0,84.0,94.0,441,48,95.0,60.0
751687,2012.TEMP.ANOMOLY.0.50+,Global Temperature Anomaly for 2012 (Jan-Dec) to be 0.50 or more,2012-06-16,,,,94.0,441,0,95.0,60.0
751687,2012.TEMP.ANOMOLY.0.50+,Global Temperature Anomaly for 2012 (Jan-Dec) to be 0.50 or more,2012-06-17,,,,94.0,441,0,95.0,60.0
751687,2012.TEMP.ANOMOLY.0.50+,Global Temperature Anomaly for 2012 (Jan-Dec) to be 0.50 or more,2012-06-18,,,,94.0,441,0,95.0,60.0
751687,2012.TEMP.ANOMOLY.0.50+,Global Temperature Anomaly for 2012 (Jan-Dec) to be 0.50 or more,2012-06-19,,,,94.0,441,0,95.0,60.0
751687,2012.TEMP.ANOMOLY.0.50+,Global Temperature Anomaly for 2012 (Jan-Dec) to be 0.50 or more,2012-06-20,,,,94.0,441,0,95.0,60.0
751687,2012.TEMP.ANOMOLY.0.50+,Global Temperature Anomaly for 2012 (Jan-Dec) to be 0.50 or more,2012-06-21,,,,94.0,441,0,95.0,60.0
751687,2012.TEMP.ANOMOLY.0.50+,Global Temperature Anomaly for 2012 (Jan-Dec) to be 0.50 or more,2012-06-22,,,,94.0,441,0,95.0,60.0
751687,2012.TEMP.ANOMOLY.0.50+,Global Temperature Anomaly for 2012 (Jan-Dec) to be 0.50 or more,2012-06-23,,,,94.0,441,0,95.0,60.0
751687,2012.TEMP.ANOMOLY.0.50+,Global Temperature Anomaly for 2012 (Jan-Dec) to be 0.50 or more,2012-06-24,,,,94.0,441,0,95.0,60.0
751687,2012.TEMP.ANOMOLY.0.50+,Global Temperature Anomaly for 2012 (Jan-Dec) to be 0.50 or more,2012-06-25,,,,94.0,441,0,95.0,60.0
751687,2012.TEMP.ANOMOLY.0.50+,Global Temperature Anomaly for 2012 (Jan-Dec) to be 0.50 or more,2012-06-26,,,,94.0,441,0,95.0,60.0
751687,2012.TEMP.ANOMOLY.0.50+,Global Temperature Anomaly for 2012 (Jan-Dec) to be 0.50 or more,2012-06-27,,,,94.0,441,0,95.0,60.0
751687,2012.TEMP.ANOMOLY.0.50+,Global Temperature Anomaly for 2012 (Jan-Dec) to be 0.50 or more,2012-06-28,,,,94.0,441,0,95.0,60.0
751687,2012.TEMP.ANOMOLY.0.50+,Global Temperature Anomaly for 2012 (Jan-Dec) to be 0.50 or more,2012-06-29,,,,94.0,441,0,95.0,60.0
751687,2012.TEMP.ANOMOLY.0.50+,Global Temperature Anomaly for 2012 (Jan-Dec) to be 0.50 or more,2012-06-30,,,,94.0,441,0,95.0,60.0
751687,2012.TEMP.ANOMOLY.0.50+,Global Temperature Anomaly for 2012 (Jan-Dec) to be 0.50 or more,2012-07-01,,,,94.0,441,0,95.0,60.0
751687,2012.TEMP.ANOMOLY.0.50+,Global Temperature Anomaly for 2012 (Jan-Dec) to be 0.50 or more,2012-07-02,,,,94.0,441,0,95.0,60.0
751687,2012.TEMP.ANOMOLY.0.50+,Global Temperature Anomaly for 2012 (Jan-Dec) to be 0.50 or more,2012-07-03,,,,94.0,441,0,95.0,60.0
751687,2012.TEMP.ANOMOLY.0.50+,Global Temperature Anomaly for 2012 (Jan-Dec) to be 0.50 or more,2012-07-04,,,,94.0,441,0,95.0,60.0
751687,2012.TEMP.ANOMOLY.0.50+,Global Temperature Anomaly for 2012 (Jan-Dec) to be 0.50 or more,2012-07-05,,,,94.0,441,0,95.0,60.0
751687,2012.TEMP.ANOMOLY.0.50+,Global Temperature Anomaly for 2012 (Jan-Dec) to be 0.50 or more,2012-07-06,81.0,82.0,81.0,81.0,445,8,95.0,60.0
751687,2012.TEMP.ANOMOLY.0.50+,Global Temperature Anomaly for 2012 (Jan-Dec) to be 0.50 or more,2012-07-07,,,,81.0,445,0,95.0,60.0
751687,2012.TEMP.ANOMOLY.0.50+,Global Temperature Anomaly for 2012 (Jan-Dec) to be 0.50 or more,2012-07-08,,,,81.0,445,0,95.0,60.0
751687,2012.TEMP.ANOMOLY.0.50+,Global Temperature Anomaly for 2012 (Jan-Dec) to be 0.50 or more,2012-07-09,,,,81.0,445,0,95.0,60.0
751687,2012.TEMP.ANOMOLY.0.50+,Global Temperature Anomaly for 2012 (Jan-Dec) to be 0.50 or more,2012-07-10,,,,81.0,445,0,95.0,60.0
751687,2012.TEMP.ANOMOLY.0.50+,Global Temperature Anomaly for 2012 (Jan-Dec) to be 0.50 or more,2012-07-11,,,,81.0,445,0,95.0,60.0
751687,2012.TEMP.ANOMOLY.0.50+,Global Temperature Anomaly for 2012 (Jan-Dec) to be 0.50 or more,2012-07-12,,,,81.0,445,0,95.0,60.0
751687,2012.TEMP.ANOMOLY.0.50+,Global Temperature Anomaly for 2012 (Jan-Dec) to be 0.50 or more,2012-07-13,,,,81.0,445,0,95.0,60.0
751687,2012.TEMP.ANOMOLY.0.50+,Global Temperature Anomaly for 2012 (Jan-Dec) to be 0.50 or more,2012-07-14,,,,81.0,445,0,95.0,60.0
751687,2012.TEMP.ANOMOLY.0.50+,Global Temperature Anomaly for 2012 (Jan-Dec) to be 0.50 or more,2012-07-15,,,,81.0,445,0,95.0,60.0
751687,2012.TEMP.ANOMOLY.0.50+,Global Temperature Anomaly for 2012 (Jan-Dec) to be 0.50 or more,2012-07-16,,,,81.0,445,0,95.0,60.0
751687,2012.TEMP.ANOMOLY.0.50+,Global Temperature Anomaly for 2012 (Jan-Dec) to be 0.50 or more,2012-07-17,,,,81.0,445,0,95.0,60.0
751687,2012.TEMP.ANOMOLY.0.50+,Global Temperature Anomaly for 2012 (Jan-Dec) to be 0.50 or more,2012-07-18,,,,81.0,445,0,95.0,60.0
751687,2012.TEMP.ANOMOLY.0.50+,Global Temperature Anomaly for 2012 (Jan-Dec) to be 0.50 or more,2012-07-19,,,,81.0,445,0,95.0,60.0
751687,2012.TEMP.ANOMOLY.0.50+,Global Temperature Anomaly for 2012 (Jan-Dec) to be 0.50 or more,2012-07-20,97.0,97.0,97.0,97.0,441,4,97.0,60.0
751687,2012.TEMP.ANOMOLY.0.50+,Global Temperature Anomaly for 2012 (Jan-Dec) to be 0.50 or more,2012-07-21,,,,97.0,441,0,97.0,60.0
751687,2012.TEMP.ANOMOLY.0.50+,Global Temperature Anomaly for 2012 (Jan-Dec) to be 0.50 or more,2012-07-22,,,,97.0,441,0,97.0,60.0
751687,2012.TEMP.ANOMOLY.0.50+,Global Temperature Anomaly for 2012 (Jan-Dec) to be 0.50 or more,2012-07-23,,,,97.0,441,0,97.0,60.0
751687,2012.TEMP.ANOMOLY.0.50+,Global Temperature Anomaly for 2012 (Jan-Dec) to be 0.50 or more,2012-07-24,,,,97.0,441,0,97.0,60.0
751687,2012.TEMP.ANOMOLY.0.50+,Global Temperature Anomaly for 2012 (Jan-Dec) to be 0.50 or more,2012-07-25,,,,97.0,441,0,97.0,60.0
751687,2012.TEMP.ANOMOLY.0.50+,Global Temperature Anomaly for 2012 (Jan-Dec) to be 0.50 or more,2012-07-26,,,,97.0,441,0,97.0,60.0
751687,2012.TEMP.ANOMOLY.0.50+,Global Temperature Anomaly for 2012 (Jan-Dec) to be 0.50 or more,2012-07-27,,,,97.0,441,0,97.0,60.0
751687,2012.TEMP.ANOMOLY.0.50+,Global Temperature Anomaly for 2012 (Jan-Dec) to be 0.50 or more,2012-07-28,,,,97.0,441,0,97.0,60.0
751687,2012.TEMP.ANOMOLY.0.50+,Global Temperature Anomaly for 2012 (Jan-Dec) to be 0.50 or more,2012-07-29,,,,97.0,441,0,97.0,60.0
751687,2012.TEMP.ANOMOLY.0.50+,Global Temperature Anomaly for 2012 (Jan-Dec) to be 0.50 or more,2012-07-30,,,,97.0,441,0,97.0,60.0
751687,2012.TEMP.ANOMOLY.0.50+,Global Temperature Anomaly for 2012 (Jan-Dec) to be 0.50 or more,2012-07-31,,,,97.0,441,0,97.0,60.0
751687,2012.TEMP.ANOMOLY.0.50+,Global Temperature Anomaly for 2012 (Jan-Dec) to be 0.50 or more,2012-08-01,,,,97.0,441,0,97.0,60.0
751687,2012.TEMP.ANOMOLY.0.50+,Global Temperature Anomaly for 2012 (Jan-Dec) to be 0.50 or more,2012-08-02,,,,97.0,441,0,97.0,60.0
751687,2012.TEMP.ANOMOLY.0.50+,Global Temperature Anomaly for 2012 (Jan-Dec) to be 0.50 or more,2012-08-03,,,,97.0,441,0,97.0,60.0
751687,2012.TEMP.ANOMOLY.0.50+,Global Temperature Anomaly for 2012 (Jan-Dec) to be 0.50 or more,2012-08-04,,,,97.0,441,0,97.0,60.0
751687,2012.TEMP.ANOMOLY.0.50+,Global Temperature Anomaly for 2012 (Jan-Dec) to be 0.50 or more,2012-08-05,,,,97.0,441,0,97.0,60.0
751687,2012.TEMP.ANOMOLY.0.50+,Global Temperature Anomaly for 2012 (Jan-Dec) to be 0.50 or more,2012-08-06,,,,97.0,441,0,97.0,60.0
751687,2012.TEMP.ANOMOLY.0.50+,Global Temperature Anomaly for 2012 (Jan-Dec) to be 0.50 or more,2012-08-07,,,,97.0,441,0,97.0,60.0
751687,2012.TEMP.ANOMOLY.0.50+,Global Temperature Anomaly for 2012 (Jan-Dec) to be 0.50 or more,2012-08-08,,,,97.0,441,0,97.0,60.0
751687,2012.TEMP.ANOMOLY.0.50+,Global Temperature Anomaly for 2012 (Jan-Dec) to be 0.50 or more,2012-08-09,,,,97.0,441,0,97.0,60.0
751687,2012.TEMP.ANOMOLY.0.50+,Global Temperature Anomaly for 2012 (Jan-Dec) to be 0.50 or more,2012-08-10,,,,97.0,441,0,97.0,60.0
751687,2012.TEMP.ANOMOLY.0.50+,Global Temperature Anomaly for 2012 (Jan-Dec) to be 0.50 or more,2012-08-11,,,,97.0,441,0,97.0,60.0
751687,2012.TEMP.ANOMOLY.0.50+,Global Temperature Anomaly for 2012 (Jan-Dec) to be 0.50 or more,2012-08-12,,,,97.0,441,0,97.0,60.0
751687,2012.TEMP.ANOMOLY.0.50+,Global Temperature Anomaly for 2012 (Jan-Dec) to be 0.50 or more,2012-08-13,81.0,81.0,81.0,81.0,441,6,97.0,60.0
751687,2012.TEMP.ANOMOLY.0.50+,Global Temperature Anomaly for 2012 (Jan-Dec) to be 0.50 or more,2012-08-14,,,,81.0,441,0,97.0,60.0
751687,2012.TEMP.ANOMOLY.0.50+,Global Temperature Anomaly for 2012 (Jan-Dec) to be 0.50 or more,2012-08-15,,,,81.0,441,0,97.0,60.0
751687,2012.TEMP.ANOMOLY.0.50+,Global Temperature Anomaly for 2012 (Jan-Dec) to be 0.50 or more,2012-08-16,,,,81.0,441,0,97.0,60.0
751687,2012.TEMP.ANOMOLY.0.50+,Global Temperature Anomaly for 2012 (Jan-Dec) to be 0.50 or more,2012-08-17,,,,81.0,441,0,97.0,60.0
751687,2012.TEMP.ANOMOLY.0.50+,Global Temperature Anomaly for 2012 (Jan-Dec) to be 0.50 or more,2012-08-18,,,,81.0,441,0,97.0,60.0
751687,2012.TEMP.ANOMOLY.0.50+,Global Temperature Anomaly for 2012 (Jan-Dec) to be 0.50 or more,2012-08-19,,,,81.0,441,0,97.0,60.0
751687,2012.TEMP.ANOMOLY.0.50+,Global Temperature Anomaly for 2012 (Jan-Dec) to be 0.50 or more,2012-08-20,,,,81.0,441,0,97.0,60.0
751687,2012.TEMP.ANOMOLY.0.50+,Global Temperature Anomaly for 2012 (Jan-Dec) to be 0.50 or more,2012-08-21,77.5,80.0,77.5,80.0,441,23,97.0,60.0
751687,2012.TEMP.ANOMOLY.0.50+,Global Temperature Anomaly for 2012 (Jan-Dec) to be 0.50 or more,2012-08-22,82.0,82.0,82.0,82.0,441,14,97.0,60.0
751687,2012.TEMP.ANOMOLY.0.50+,Global Temperature Anomaly for 2012 (Jan-Dec) to be 0.50 or more,2012-08-23,,,,82.0,441,0,97.0,60.0
751687,2012.TEMP.ANOMOLY.0.50+,Global Temperature Anomaly for 2012 (Jan-Dec) to be 0.50 or more,2012-08-24,,,,82.0,441,0,97.0,60.0
751687,2012.TEMP.ANOMOLY.0.50+,Global Temperature Anomaly for 2012 (Jan-Dec) to be 0.50 or more,2012-08-25,,,,82.0,441,0,97.0,60.0
751687,2012.TEMP.ANOMOLY.0.50+,Global Temperature Anomaly for 2012 (Jan-Dec) to be 0.50 or more,2012-08-26,,,,82.0,441,0,97.0,60.0
751687,2012.TEMP.ANOMOLY.0.50+,Global Temperature Anomaly for 2012 (Jan-Dec) to be 0.50 or more,2012-08-27,,,,82.0,441,0,97.0,60.0
751687,2012.TEMP.ANOMOLY.0.50+,Global Temperature Anomaly for 2012 (Jan-Dec) to be 0.50 or more,2012-08-28,,,,82.0,441,0,97.0,60.0
751687,2012.TEMP.ANOMOLY.0.50+,Global Temperature Anomaly for 2012 (Jan-Dec) to be 0.50 or more,2012-08-29,,,,82.0,441,0,97.0,60.0
751687,2012.TEMP.ANOMOLY.0.50+,Global Temperature Anomaly for 2012 (Jan-Dec) to be 0.50 or more,2012-08-30,,,,82.0,441,0,97.0,60.0
751687,2012.TEMP.ANOMOLY.0.50+,Global Temperature Anomaly for 2012 (Jan-Dec) to be 0.50 or more,2012-08-31,,,,82.0,441,0,97.0,60.0
751687,2012.TEMP.ANOMOLY.0.50+,Global Temperature Anomaly for 2012 (Jan-Dec) to be 0.50 or more,2012-09-01,,,,82.0,441,0,97.0,60.0
751687,2012.TEMP.ANOMOLY.0.50+,Global Temperature Anomaly for 2012 (Jan-Dec) to be 0.50 or more,2012-09-02,,,,82.0,441,0,97.0,60.0
751687,2012.TEMP.ANOMOLY.0.50+,Global Temperature Anomaly for 2012 (Jan-Dec) to be 0.50 or more,2012-09-03,,,,82.0,441,0,97.0,60.0
751687,2012.TEMP.ANOMOLY.0.50+,Global Temperature Anomaly for 2012 (Jan-Dec) to be 0.50 or more,2012-09-04,,,,82.0,441,0,97.0,60.0
751687,2012.TEMP.ANOMOLY.0.50+,Global Temperature Anomaly for 2012 (Jan-Dec) to be 0.50 or more,2012-09-05,,,,82.0,441,0,97.0,60.0
751687,2012.TEMP.ANOMOLY.0.50+,Global Temperature Anomaly for 2012 (Jan-Dec) to be 0.50 or more,2012-09-06,,,,82.0,441,0,97.0,60.0
751687,2012.TEMP.ANOMOLY.0.50+,Global Temperature Anomaly for 2012 (Jan-Dec) to be 0.50 or more,2012-09-07,,,,82.0,441,0,97.0,60.0
751687,2012.TEMP.ANOMOLY.0.50+,Global Temperature Anomaly for 2012 (Jan-Dec) to be 0.50 or more,2012-09-08,,,,82.0,441,0,97.0,60.0
751687,2012.TEMP.ANOMOLY.0.50+,Global Temperature Anomaly for 2012 (Jan-Dec) to be 0.50 or more,2012-09-09,,,,82.0,441,0,97.0,60.0
751687,2012.TEMP.ANOMOLY.0.50+,Global Temperature Anomaly for 2012 (Jan-Dec) to be 0.50 or more,2012-09-10,,,,82.0,441,0,97.0,60.0
751687,2012.TEMP.ANOMOLY.0.50+,Global Temperature Anomaly for 2012 (Jan-Dec) to be 0.50 or more,2012-09-11,,,,82.0,441,0,97.0,60.0
751687,2012.TEMP.ANOMOLY.0.50+,Global Temperature Anomaly for 2012 (Jan-Dec) to be 0.50 or more,2012-09-12,,,,82.0,441,0,97.0,60.0
751687,2012.TEMP.ANOMOLY.0.50+,Global Temperature Anomaly for 2012 (Jan-Dec) to be 0.50 or more,2012-09-13,,,,82.0,441,0,97.0,60.0
751687,2012.TEMP.ANOMOLY.0.50+,Global Temperature Anomaly for 2012 (Jan-Dec) to be 0.50 or more,2012-09-14,,,,82.0,441,0,97.0,60.0
751687,2012.TEMP.ANOMOLY.0.50+,Global Temperature Anomaly for 2012 (Jan-Dec) to be 0.50 or more,2012-09-15,80.0,80.0,80.0,80.0,442,1,97.0,60.0
751687,2012.TEMP.ANOMOLY.0.50+,Global Temperature Anomaly for 2012 (Jan-Dec) to be 0.50 or more,2012-09-16,,,,80.0,442,0,97.0,60.0
751687,2012.TEMP.ANOMOLY.0.50+,Global Temperature Anomaly for 2012 (Jan-Dec) to be 0.50 or more,2012-09-17,,,,80.0,442,0,97.0,60.0
751687,2012.TEMP.ANOMOLY.0.50+,Global Temperature Anomaly for 2012 (Jan-Dec) to be 0.50 or more,2012-09-18,,,,80.0,442,0,97.0,60.0
751687,2012.TEMP.ANOMOLY.0.50+,Global Temperature Anomaly for 2012 (Jan-Dec) to be 0.50 or more,2012-09-19,,,,80.0,442,0,97.0,60.0
751687,2012.TEMP.ANOMOLY.0.50+,Global Temperature Anomaly for 2012 (Jan-Dec) to be 0.50 or more,2012-09-20,,,,80.0,442,0,97.0,60.0
751687,2012.TEMP.ANOMOLY.0.50+,Global Temperature Anomaly for 2012 (Jan-Dec) to be 0.50 or more,2012-09-21,,,,80.0,442,0,97.0,60.0
751687,2012.TEMP.ANOMOLY.0.50+,Global Temperature Anomaly for 2012 (Jan-Dec) to be 0.50 or more,2012-09-22,,,,80.0,442,0,97.0,60.0
751687,2012.TEMP.ANOMOLY.0.50+,Global Temperature Anomaly for 2012 (Jan-Dec) to be 0.50 or more,2012-09-23,,,,80.0,442,0,97.0,60.0
751687,2012.TEMP.ANOMOLY.0.50+,Global Temperature Anomaly for 2012 (Jan-Dec) to be 0.50 or more,2012-09-24,78.0,78.0,78.0,78.0,445,3,97.0,60.0
751687,2012.TEMP.ANOMOLY.0.50+,Global Temperature Anomaly for 2012 (Jan-Dec) to be 0.50 or more,2012-09-25,,,,78.0,445,0,97.0,60.0
751687,2012.TEMP.ANOMOLY.0.50+,Global Temperature Anomaly for 2012 (Jan-Dec) to be 0.50 or more,2012-09-26,78.0,78.0,78.0,78.0,448,3,97.0,60.0
751687,2012.TEMP.ANOMOLY.0.50+,Global Temperature Anomaly for 2012 (Jan-Dec) to be 0.50 or more,2012-09-27,,,,78.0,448,0,97.0,60.0
751687,2012.TEMP.ANOMOLY.0.50+,Global Temperature Anomaly for 2012 (Jan-Dec) to be 0.50 or more,2012-09-28,75.0,75.0,75.0,75.0,449,1,97.0,60.0
751687,2012.TEMP.ANOMOLY.0.50+,Global Temperature Anomaly for 2012 (Jan-Dec) to be 0.50 or more,2012-09-29,,,,75.0,449,0,97.0,60.0
751687,2012.TEMP.ANOMOLY.0.50+,Global Temperature Anomaly for 2012 (Jan-Dec) to be 0.50 or more,2012-09-30,,,,75.0,449,0,97.0,60.0
751687,2012.TEMP.ANOMOLY.0.50+,Global Temperature Anomaly for 2012 (Jan-Dec) to be 0.50 or more,2012-10-01,,,,75.0,449,0,97.0,60.0
751687,2012.TEMP.ANOMOLY.0.50+,Global Temperature Anomaly for 2012 (Jan-Dec) to be 0.50 or more,2012-10-02,,,,75.0,449,0,97.0,60.0
751687,2012.TEMP.ANOMOLY.0.50+,Global Temperature Anomaly for 2012 (Jan-Dec) to be 0.50 or more,2012-10-03,,,,75.0,449,0,97.0,60.0
751687,2012.TEMP.ANOMOLY.0.50+,Global Temperature Anomaly for 2012 (Jan-Dec) to be 0.50 or more,2012-10-04,,,,75.0,449,0,97.0,60.0
751687,2012.TEMP.ANOMOLY.0.50+,Global Temperature Anomaly for 2012 (Jan-Dec) to be 0.50 or more,2012-10-05,,,,75.0,449,0,97.0,60.0
751687,2012.TEMP.ANOMOLY.0.50+,Global Temperature Anomaly for 2012 (Jan-Dec) to be 0.50 or more,2012-10-06,,,,75.0,449,0,97.0,60.0
751687,2012.TEMP.ANOMOLY.0.50+,Global Temperature Anomaly for 2012 (Jan-Dec) to be 0.50 or more,2012-10-07,80.0,80.0,80.0,80.0,455,7,97.0,60.0
751687,2012.TEMP.ANOMOLY.0.50+,Global Temperature Anomaly for 2012 (Jan-Dec) to be 0.50 or more,2012-10-08,,,,80.0,455,0,97.0,60.0
751687,2012.TEMP.ANOMOLY.0.50+,Global Temperature Anomaly for 2012 (Jan-Dec) to be 0.50 or more,2012-10-09,,,,80.0,455,0,97.0,60.0
751687,2012.TEMP.ANOMOLY.0.50+,Global Temperature Anomaly for 2012 (Jan-Dec) to be 0.50 or more,2012-10-10,,,,80.0,455,0,97.0,60.0
751687,2012.TEMP.ANOMOLY.0.50+,Global Temperature Anomaly for 2012 (Jan-Dec) to be 0.50 or more,2012-10-11,,,,80.0,455,0,97.0,60.0
751687,2012.TEMP.ANOMOLY.0.50+,Global Temperature Anomaly for 2012 (Jan-Dec) to be 0.50 or more,2012-10-12,,,,80.0,455,0,97.0,60.0
751687,2012.TEMP.ANOMOLY.0.50+,Global Temperature Anomaly for 2012 (Jan-Dec) to be 0.50 or more,2012-10-13,,,,80.0,455,0,97.0,60.0
751687,2012.TEMP.ANOMOLY.0.50+,Global Temperature Anomaly for 2012 (Jan-Dec) to be 0.50 or more,2012-10-14,,,,80.0,455,0,97.0,60.0
751687,2012.TEMP.ANOMOLY.0.50+,Global Temperature Anomaly for 2012 (Jan-Dec) to be 0.50 or more,2012-10-15,,,,80.0,455,0,97.0,60.0
751687,2012.TEMP.ANOMOLY.0.50+,Global Temperature Anomaly for 2012 (Jan-Dec) to be 0.50 or more,2012-10-16,,,,80.0,455,0,97.0,60.0
751687,2012.TEMP.ANOMOLY.0.50+,Global Temperature Anomaly for 2012 (Jan-Dec) to be 0.50 or more,2012-10-17,,,,80.0,455,0,97.0,60.0
751687,2012.TEMP.ANOMOLY.0.50+,Global Temperature Anomaly for 2012 (Jan-Dec) to be 0.50 or more,2012-10-18,,,,80.0,455,0,97.0,60.0
751687,2012.TEMP.ANOMOLY.0.50+,Global Temperature Anomaly for 2012 (Jan-Dec) to be 0.50 or more,2012-10-19,,,,80.0,455,0,97.0,60.0
751687,2012.TEMP.ANOMOLY.0.50+,Global Temperature Anomaly for 2012 (Jan-Dec) to be 0.50 or more,2012-10-20,,,,80.0,455,0,97.0,60.0
751687,2012.TEMP.ANOMOLY.0.50+,Global Temperature Anomaly for 2012 (Jan-Dec) to be 0.50 or more,2012-10-21,,,,80.0,455,0,97.0,60.0
751687,2012.TEMP.ANOMOLY.0.50+,Global Temperature Anomaly for 2012 (Jan-Dec) to be 0.50 or more,2012-10-22,,,,80.0,455,0,97.0,60.0
751687,2012.TEMP.ANOMOLY.0.50+,Global Temperature Anomaly for 2012 (Jan-Dec) to be 0.50 or more,2012-10-23,80.0,80.0,80.0,80.0,455,1,97.0,60.0
751687,2012.TEMP.ANOMOLY.0.50+,Global Temperature Anomaly for 2012 (Jan-Dec) to be 0.50 or more,2012-10-24,,,,80.0,455,0,97.0,60.0
751687,2012.TEMP.ANOMOLY.0.50+,Global Temperature Anomaly for 2012 (Jan-Dec) to be 0.50 or more,2012-10-25,90.0,90.0,90.0,90.0,455,1,97.0,60.0
751687,2012.TEMP.ANOMOLY.0.50+,Global Temperature Anomaly for 2012 (Jan-Dec) to be 0.50 or more,2012-10-26,,,,90.0,455,0,97.0,60.0
751687,2012.TEMP.ANOMOLY.0.50+,Global Temperature Anomaly for 2012 (Jan-Dec) to be 0.50 or more,2012-10-27,,,,90.0,455,0,97.0,60.0
751687,2012.TEMP.ANOMOLY.0.50+,Global Temperature Anomaly for 2012 (Jan-Dec) to be 0.50 or more,2012-10-28,,,,90.0,455,0,97.0,60.0
751687,2012.TEMP.ANOMOLY.0.50+,Global Temperature Anomaly for 2012 (Jan-Dec) to be 0.50 or more,2012-10-29,,,,90.0,455,0,97.0,60.0
751687,2012.TEMP.ANOMOLY.0.50+,Global Temperature Anomaly for 2012 (Jan-Dec) to be 0.50 or more,2012-10-30,,,,90.0,455,0,97.0,60.0
751687,2012.TEMP.ANOMOLY.0.50+,Global Temperature Anomaly for 2012 (Jan-Dec) to be 0.50 or more,2012-10-31,,,,90.0,455,0,97.0,60.0
751687,2012.TEMP.ANOMOLY.0.50+,Global Temperature Anomaly for 2012 (Jan-Dec) to be 0.50 or more,2012-11-01,,,,90.0,455,0,97.0,60.0
751687,2012.TEMP.ANOMOLY.0.50+,Global Temperature Anomaly for 2012 (Jan-Dec) to be 0.50 or more,2012-11-02,,,,90.0,455,0,97.0,60.0
751687,2012.TEMP.ANOMOLY.0.50+,Global Temperature Anomaly for 2012 (Jan-Dec) to be 0.50 or more,2012-11-03,,,,90.0,455,0,97.0,60.0
751687,2012.TEMP.ANOMOLY.0.50+,Global Temperature Anomaly for 2012 (Jan-Dec) to be 0.50 or more,2012-11-04,,,,90.0,455,0,97.0,60.0
751687,2012.TEMP.ANOMOLY.0.50+,Global Temperature Anomaly for 2012 (Jan-Dec) to be 0.50 or more,2012-11-05,,,,90.0,455,0,97.0,60.0
751687,2012.TEMP.ANOMOLY.0.50+,Global Temperature Anomaly for 2012 (Jan-Dec) to be 0.50 or more,2012-11-06,,,,90.0,455,0,97.0,60.0
751687,2012.TEMP.ANOMOLY.0.50+,Global Temperature Anomaly for 2012 (Jan-Dec) to be 0.50 or more,2012-11-07,,,,90.0,455,0,97.0,60.0
751687,2012.TEMP.ANOMOLY.0.50+,Global Temperature Anomaly for 2012 (Jan-Dec) to be 0.50 or more,2012-11-08,,,,90.0,455,0,97.0,60.0
751687,2012.TEMP.ANOMOLY.0.50+,Global Temperature Anomaly for 2012 (Jan-Dec) to be 0.50 or more,2012-11-09,,,,90.0,455,0,97.0,60.0
751687,2012.TEMP.ANOMOLY.0.50+,Global Temperature Anomaly for 2012 (Jan-Dec) to be 0.50 or more,2012-11-10,,,,90.0,455,0,97.0,60.0
751687,2012.TEMP.ANOMOLY.0.50+,Global Temperature Anomaly for 2012 (Jan-Dec) to be 0.50 or more,2012-11-11,95.2,95.2,95.2,95.2,465,10,97.0,60.0
751687,2012.TEMP.ANOMOLY.0.50+,Global Temperature Anomaly for 2012 (Jan-Dec) to be 0.50 or more,2012-11-12,97.5,97.5,97.5,97.5,470,5,97.5,60.0
751687,2012.TEMP.ANOMOLY.0.50+,Global Temperature Anomaly for 2012 (Jan-Dec) to be 0.50 or more,2012-11-13,98.0,98.0,98.0,98.0,472,2,98.0,60.0
751687,2012.TEMP.ANOMOLY.0.50+,Global Temperature Anomaly for 2012 (Jan-Dec) to be 0.50 or more,2012-11-14,,,,98.0,472,0,98.0,60.0
751687,2012.TEMP.ANOMOLY.0.50+,Global Temperature Anomaly for 2012 (Jan-Dec) to be 0.50 or more,2012-11-15,,,,98.0,472,0,98.0,60.0
751687,2012.TEMP.ANOMOLY.0.50+,Global Temperature Anomaly for 2012 (Jan-Dec) to be 0.50 or more,2012-11-16,,,,98.0,472,0,98.0,60.0
751687,2012.TEMP.ANOMOLY.0.50+,Global Temperature Anomaly for 2012 (Jan-Dec) to be 0.50 or more,2012-11-17,,,,98.0,472,0,98.0,60.0
751687,2012.TEMP.ANOMOLY.0.50+,Global Temperature Anomaly for 2012 (Jan-Dec) to be 0.50 or more,2012-11-18,,,,98.0,472,0,98.0,60.0
751687,2012.TEMP.ANOMOLY.0.50+,Global Temperature Anomaly for 2012 (Jan-Dec) to be 0.50 or more,2012-11-19,,,,98.0,472,0,98.0,60.0
751687,2012.TEMP.ANOMOLY.0.50+,Global Temperature Anomaly for 2012 (Jan-Dec) to be 0.50 or more,2012-11-20,98.5,99.0,98.5,99.0,487,15,99.0,60.0
751687,2012.TEMP.ANOMOLY.0.50+,Global Temperature Anomaly for 2012 (Jan-Dec) to be 0.50 or more,2012-11-21,,,,99.0,487,0,99.0,60.0
751687,2012.TEMP.ANOMOLY.0.50+,Global Temperature Anomaly for 2012 (Jan-Dec) to be 0.50 or more,2012-11-22,,,,99.0,487,0,99.0,60.0
751687,2012.TEMP.ANOMOLY.0.50+,Global Temperature Anomaly for 2012 (Jan-Dec) to be 0.50 or more,2012-11-23,,,,99.0,487,0,99.0,60.0
751687,2012.TEMP.ANOMOLY.0.50+,Global Temperature Anomaly for 2012 (Jan-Dec) to be 0.50 or more,2012-11-24,,,,99.0,487,0,99.0,60.0
751687,2012.TEMP.ANOMOLY.0.50+,Global Temperature Anomaly for 2012 (Jan-Dec) to be 0.50 or more,2012-11-25,,,,99.0,487,0,99.0,60.0
751687,2012.TEMP.ANOMOLY.0.50+,Global Temperature Anomaly for 2012 (Jan-Dec) to be 0.50 or more,2012-11-26,,,,99.0,487,0,99.0,60.0
751687,2012.TEMP.ANOMOLY.0.50+,Global Temperature Anomaly for 2012 (Jan-Dec) to be 0.50 or more,2012-11-27,,,,99.0,487,0,99.0,60.0
751687,2012.TEMP.ANOMOLY.0.50+,Global Temperature Anomaly for 2012 (Jan-Dec) to be 0.50 or more,2012-11-28,97.4,97.4,97.4,97.4,487,1,99.0,60.0
751687,2012.TEMP.ANOMOLY.0.50+,Global Temperature Anomaly for 2012 (Jan-Dec) to be 0.50 or more,2012-11-29,99.4,99.5,99.4,99.5,487,465,99.5,60.0
751687,2012.TEMP.ANOMOLY.0.50+,Global Temperature Anomaly for 2012 (Jan-Dec) to be 0.50 or more,2012-11-30,,,,99.5,487,0,99.5,60.0
751687,2012.TEMP.ANOMOLY.0.50+,Global Temperature Anomaly for 2012 (Jan-Dec) to be 0.50 or more,2012-12-01,,,,99.5,487,0,99.5,60.0
751687,2012.TEMP.ANOMOLY.0.50+,Global Temperature Anomaly for 2012 (Jan-Dec) to be 0.50 or more,2012-12-02,,,,99.5,487,0,99.5,60.0
751687,2012.TEMP.ANOMOLY.0.50+,Global Temperature Anomaly for 2012 (Jan-Dec) to be 0.50 or more,2012-12-03,,,,99.5,487,0,99.5,60.0
751687,2012.TEMP.ANOMOLY.0.50+,Global Temperature Anomaly for 2012 (Jan-Dec) to be 0.50 or more,2012-12-04,,,,99.5,487,0,99.5,60.0
751687,2012.TEMP.ANOMOLY.0.50+,Global Temperature Anomaly for 2012 (Jan-Dec) to be 0.50 or more,2012-12-05,,,,99.5,487,0,99.5,60.0
751687,2012.TEMP.ANOMOLY.0.50+,Global Temperature Anomaly for 2012 (Jan-Dec) to be 0.50 or more,2012-12-06,,,,99.5,487,0,99.5,60.0
751687,2012.TEMP.ANOMOLY.0.50+,Global Temperature Anomaly for 2012 (Jan-Dec) to be 0.50 or more,2012-12-07,,,,99.5,487,0,99.5,60.0
751687,2012.TEMP.ANOMOLY.0.50+,Global Temperature Anomaly for 2012 (Jan-Dec) to be 0.50 or more,2012-12-08,,,,99.5,487,0,99.5,60.0
751687,2012.TEMP.ANOMOLY.0.50+,Global Temperature Anomaly for 2012 (Jan-Dec) to be 0.50 or more,2012-12-09,,,,99.5,487,0,99.5,60.0
751687,2012.TEMP.ANOMOLY.0.50+,Global Temperature Anomaly for 2012 (Jan-Dec) to be 0.50 or more,2012-12-10,99.8,99.8,99.8,99.8,487,6,99.8,60.0
751687,2012.TEMP.ANOMOLY.0.50+,Global Temperature Anomaly for 2012 (Jan-Dec) to be 0.50 or more,2012-12-11,,,,99.8,487,0,99.8,60.0
751687,2012.TEMP.ANOMOLY.0.50+,Global Temperature Anomaly for 2012 (Jan-Dec) to be 0.50 or more,2012-12-12,,,,99.8,487,0,99.8,60.0
751687,2012.TEMP.ANOMOLY.0.50+,Global Temperature Anomaly for 2012 (Jan-Dec) to be 0.50 or more,2012-12-13,,,,99.8,487,0,99.8,60.0
751687,2012.TEMP.ANOMOLY.0.50+,Global Temperature Anomaly for 2012 (Jan-Dec) to be 0.50 or more,2012-12-14,,,,99.8,487,0,99.8,60.0
751687,2012.TEMP.ANOMOLY.0.50+,Global Temperature Anomaly for 2012 (Jan-Dec) to be 0.50 or more,2012-12-15,,,,99.8,487,0,99.8,60.0
751687,2012.TEMP.ANOMOLY.0.50+,Global Temperature Anomaly for 2012 (Jan-Dec) to be 0.50 or more,2012-12-16,,,,99.8,487,0,99.8,60.0
751687,2012.TEMP.ANOMOLY.0.50+,Global Temperature Anomaly for 2012 (Jan-Dec) to be 0.50 or more,2012-12-17,,,,99.8,487,0,99.8,60.0
751687,2012.TEMP.ANOMOLY.0.50+,Global Temperature Anomaly for 2012 (Jan-Dec) to be 0.50 or more,2012-12-18,,,,99.8,487,0,99.8,60.0
751687,2012.TEMP.ANOMOLY.0.50+,Global Temperature Anomaly for 2012 (Jan-Dec) to be 0.50 or more,2012-12-19,,,,99.8,487,0,99.8,60.0
751687,2012.TEMP.ANOMOLY.0.50+,Global Temperature Anomaly for 2012 (Jan-Dec) to be 0.50 or more,2012-12-20,,,,99.8,487,0,99.8,60.0
751687,2012.TEMP.ANOMOLY.0.50+,Global Temperature Anomaly for 2012 (Jan-Dec) to be 0.50 or more,2012-12-21,,,,99.8,487,0,99.8,60.0
751687,2012.TEMP.ANOMOLY.0.50+,Global Temperature Anomaly for 2012 (Jan-Dec) to be 0.50 or more,2012-12-22,,,,99.8,487,0,99.8,60.0
751687,2012.TEMP.ANOMOLY.0.50+,Global Temperature Anomaly for 2012 (Jan-Dec) to be 0.50 or more,2012-12-23,99.8,99.8,99.8,99.8,471,500,99.8,60.0
751687,2012.TEMP.ANOMOLY.0.50+,Global Temperature Anomaly for 2012 (Jan-Dec) to be 0.50 or more,2012-12-24,,,,99.8,471,0,99.8,60.0
751687,2012.TEMP.ANOMOLY.0.50+,Global Temperature Anomaly for 2012 (Jan-Dec) to be 0.50 or more,2012-12-25,,,,99.8,471,0,99.8,60.0
751687,2012.TEMP.ANOMOLY.0.50+,Global Temperature Anomaly for 2012 (Jan-Dec) to be 0.50 or more,2012-12-26,,,,99.8,471,0,99.8,60.0
751687,2012.TEMP.ANOMOLY.0.50+,Global Temperature Anomaly for 2012 (Jan-Dec) to be 0.50 or more,2012-12-27,,,,99.8,471,0,99.8,60.0
751687,2012.TEMP.ANOMOLY.0.50+,Global Temperature Anomaly for 2012 (Jan-Dec) to be 0.50 or more,2012-12-28,,,,99.8,471,0,99.8,60.0
751687,2012.TEMP.ANOMOLY.0.50+,Global Temperature Anomaly for 2012 (Jan-Dec) to be 0.50 or more,2012-12-29,,,,99.8,471,0,99.8,60.0
751687,2012.TEMP.ANOMOLY.0.50+,Global Temperature Anomaly for 2012 (Jan-Dec) to be 0.50 or more,2012-12-30,,,,99.8,471,0,99.8,60.0
751687,2012.TEMP.ANOMOLY.0.50+,Global Temperature Anomaly for 2012 (Jan-Dec) to be 0.50 or more,2012-12-31,,,,99.8,471,0,99.8,60.0
751687,2012.TEMP.ANOMOLY.0.50+,Global Temperature Anomaly for 2012 (Jan-Dec) to be 0.50 or more,2013-01-01,,,,99.8,471,0,99.8,60.0
751687,2012.TEMP.ANOMOLY.0.50+,Global Temperature Anomaly for 2012 (Jan-Dec) to be 0.50 or more,2013-01-02,,,,99.8,471,0,99.8,60.0
751687,2012.TEMP.ANOMOLY.0.50+,Global Temperature Anomaly for 2012 (Jan-Dec) to be 0.50 or more,2013-01-03,,,,99.8,471,0,99.8,60.0
751687,2012.TEMP.ANOMOLY.0.50+,Global Temperature Anomaly for 2012 (Jan-Dec) to be 0.50 or more,2013-01-04,,,,99.8,471,0,99.8,60.0
751687,2012.TEMP.ANOMOLY.0.50+,Global Temperature Anomaly for 2012 (Jan-Dec) to be 0.50 or more,2013-01-05,,,,99.8,471,0,99.8,60.0
751687,2012.TEMP.ANOMOLY.0.50+,Global Temperature Anomaly for 2012 (Jan-Dec) to be 0.50 or more,2013-01-06,,,,99.8,471,0,99.8,60.0
751687,2012.TEMP.ANOMOLY.0.50+,Global Temperature Anomaly for 2012 (Jan-Dec) to be 0.50 or more,2013-01-07,,,,99.8,471,0,99.8,60.0
751687,2012.TEMP.ANOMOLY.0.50+,Global Temperature Anomaly for 2012 (Jan-Dec) to be 0.50 or more,2013-01-08,,,,99.8,471,0,99.8,60.0
751687,2012.TEMP.ANOMOLY.0.50+,Global Temperature Anomaly for 2012 (Jan-Dec) to be 0.50 or more,2013-01-09,,,,99.8,471,0,99.8,60.0
751687,2012.TEMP.ANOMOLY.0.50+,Global Temperature Anomaly for 2012 (Jan-Dec) to be 0.50 or more,2013-01-10,,,,99.8,471,0,99.8,60.0
751687,2012.TEMP.ANOMOLY.0.50+,Global Temperature Anomaly for 2012 (Jan-Dec) to be 0.50 or more,2013-01-11,,,,99.8,471,0,99.8,60.0
751687,2012.TEMP.ANOMOLY.0.50+,Global Temperature Anomaly for 2012 (Jan-Dec) to be 0.50 or more,2013-01-12,,,,99.8,471,0,99.8,60.0
751687,2012.TEMP.ANOMOLY.0.50+,Global Temperature Anomaly for 2012 (Jan-Dec) to be 0.50 or more,2013-01-13,,,,99.8,471,0,99.8,60.0
751687,2012.TEMP.ANOMOLY.0.50+,Global Temperature Anomaly for 2012 (Jan-Dec) to be 0.50 or more,2013-01-14,,,,99.8,471,0,99.8,60.0
751687,2012.TEMP.ANOMOLY.0.50+,Global Temperature Anomaly for 2012 (Jan-Dec) to be 0.50 or more,2013-01-15,,,,99.8,471,0,99.8,60.0
