market id,market symbol,market name,business day,session open,session high,session low,closing price,open interest,session trade volume,lifetime high,lifetime low
751681,2012.TEMP.ANOMOLY.0.80+,Global Temperature Anomaly for 2012 (Jan-Dec) to be 0.80 or more,2011-09-08,0.0,0.0,0.0,0.0,0,0,0.0,0.0
751681,2012.TEMP.ANOMOLY.0.80+,Global Temperature Anomaly for 2012 (Jan-Dec) to be 0.80 or more,2011-09-09,0.0,0.0,0.0,0.0,0,0,0.0,0.0
751681,2012.TEMP.ANOMOLY.0.80+,Global Temperature Anomaly for 2012 (Jan-Dec) to be 0.80 or more,2011-09-10,0.0,0.0,0.0,0.0,0,0,0.0,0.0
751681,2012.TEMP.ANOMOLY.0.80+,Global Temperature Anomaly for 2012 (Jan-Dec) to be 0.80 or more,2011-09-11,0.0,0.0,0.0,0.0,0,0,0.0,0.0
751681,2012.TEMP.ANOMOLY.0.80+,Global Temperature Anomaly for 2012 (Jan-Dec) to be 0.80 or more,2011-09-12,0.0,0.0,0.0,0.0,0,0,0.0,0.0
751681,2012.TEMP.ANOMOLY.0.80+,Global Temperature Anomaly for 2012 (Jan-Dec) to be 0.80 or more,2011-09-13,0.0,0.0,0.0,0.0,0,0,0.0,0.0
751681,2012.TEMP.ANOMOLY.0.80+,Global Temperature Anomaly for 2012 (Jan-Dec) to be 0.80 or more,2011-09-14,0.0,0.0,0.0,0.0,0,0,0.0,0.0
751681,2012.TEMP.ANOMOLY.0.80+,Global Temperature Anomaly for 2012 (Jan-Dec) to be 0.80 or more,2011-09-15,0.0,0.0,0.0,0.0,0,0,0.0,0.0
751681,2012.TEMP.ANOMOLY.0.80+,Global Temperature Anomaly for 2012 (Jan-Dec) to be 0.80 or more,2011-09-16,0.0,0.0,0.0,0.0,0,0,0.0,0.0
751681,2012.TEMP.ANOMOLY.0.80+,Global Temperature Anomaly for 2012 (Jan-Dec) to be 0.80 or more,2011-09-17,0.0,0.0,0.0,0.0,0,0,0.0,0.0
751681,2012.TEMP.ANOMOLY.0.80+,Global Temperature Anomaly for 2012 (Jan-Dec) to be 0.80 or more,2011-09-18,0.0,0.0,0.0,0.0,0,0,0.0,0.0
751681,2012.TEMP.ANOMOLY.0.80+,Global Temperature Anomaly for 2012 (Jan-Dec) to be 0.80 or more,2011-09-19,0.0,0.0,0.0,0.0,0,0,0.0,0.0
751681,2012.TEMP.ANOMOLY.0.80+,Global Temperature Anomaly for 2012 (Jan-Dec) to be 0.80 or more,2011-09-20,0.0,0.0,0.0,0.0,0,0,0.0,0.0
751681,2012.TEMP.ANOMOLY.0.80+,Global Temperature Anomaly for 2012 (Jan-Dec) to be 0.80 or more,2011-09-21,0.0,0.0,0.0,0.0,0,0,0.0,0.0
751681,2012.TEMP.ANOMOLY.0.80+,Global Temperature Anomaly for 2012 (Jan-Dec) to be 0.80 or more,2011-09-22,0.0,0.0,0.0,0.0,0,0,0.0,0.0
751681,2012.TEMP.ANOMOLY.0.80+,Global Temperature Anomaly for 2012 (Jan-Dec) to be 0.80 or more,2011-09-23,0.0,0.0,0.0,0.0,0,0,0.0,0.0
751681,2012.TEMP.ANOMOLY.0.80+,Global Temperature Anomaly for 2012 (Jan-Dec) to be 0.80 or more,2011-09-24,0.0,0.0,0.0,0.0,0,0,0.0,0.0
751681,2012.TEMP.ANOMOLY.0.80+,Global Temperature Anomaly for 2012 (Jan-Dec) to be 0.80 or more,2011-09-25,0.0,0.0,0.0,0.0,0,0,0.0,0.0
751681,2012.TEMP.ANOMOLY.0.80+,Global Temperature Anomaly for 2012 (Jan-Dec) to be 0.80 or more,2011-09-26,0.0,0.0,0.0,0.0,0,0,0.0,0.0
751681,2012.TEMP.ANOMOLY.0.80+,Global Temperature Anomaly for 2012 (Jan-Dec) to be 0.80 or more,2011-09-27,0.0,0.0,0.0,0.0,0,0,0.0,0.0
751681,2012.TEMP.ANOMOLY.0.80+,Global Temperature Anomaly for 2012 (Jan-Dec) to be 0.80 or more,2011-09-28,0.0,0.0,0.0,0.0,0,0,0.0,0.0
751681,2012.TEMP.ANOMOLY.0.80+,Global Temperature Anomaly for 2012 (Jan-Dec) to be 0.80 or more,2011-09-29,0.0,0.0,0.0,0.0,0,0,0.0,0.0
751681,2012.TEMP.ANOMOLY.0.80+,Global Temperature Anomaly for 2012 (Jan-Dec) to be 0.80 or more,2011-09-30,0.0,0.0,0.0,0.0,0,0,0.0,0.0
751681,2012.TEMP.ANOMOLY.0.80+,Global Temperature Anomaly for 2012 (Jan-Dec) to be 0.80 or more,2011-10-01,0.0,0.0,0.0,0.0,0,0,0.0,0.0
751681,2012.TEMP.ANOMOLY.0.80+,Global Temperature Anomaly for 2012 (Jan-Dec) to be 0.80 or more,2011-10-02,0.0,0.0,0.0,0.0,0,0,0.0,0.0
751681,2012.TEMP.ANOMOLY.0.80+,Global Temperature Anomaly for 2012 (Jan-Dec) to be 0.80 or more,2011-10-03,0.0,0.0,0.0,0.0,0,0,0.0,0.0
751681,2012.TEMP.ANOMOLY.0.80+,Global Temperature Anomaly for 2012 (Jan-Dec) to be 0.80 or more,2011-10-04,0.0,0.0,0.0,0.0,0,0,0.0,0.0
751681,2012.TEMP.ANOMOLY.0.80+,Global Temperature Anomaly for 2012 (Jan-Dec) to be 0.80 or more,2011-10-05,0.0,0.0,0.0,0.0,0,0,0.0,0.0
751681,2012.TEMP.ANOMOLY.0.80+,Global Temperature Anomaly for 2012 (Jan-Dec) to be 0.80 or more,2011-10-06,0.0,0.0,0.0,0.0,0,0,0.0,0.0
751681,2012.TEMP.ANOMOLY.0.80+,Global Temperature Anomaly for 2012 (Jan-Dec) to be 0.80 or more,2011-10-07,0.0,0.0,0.0,0.0,0,0,0.0,0.0
751681,2012.TEMP.ANOMOLY.0.80+,Global Temperature Anomaly for 2012 (Jan-Dec) to be 0.80 or more,2011-10-08,0.0,0.0,0.0,0.0,0,0,0.0,0.0
751681,2012.TEMP.ANOMOLY.0.80+,Global Temperature Anomaly for 2012 (Jan-Dec) to be 0.80 or more,2011-10-09,0.0,0.0,0.0,0.0,0,0,0.0,0.0
751681,2012.TEMP.ANOMOLY.0.80+,Global Temperature Anomaly for 2012 (Jan-Dec) to be 0.80 or more,2011-10-10,0.0,0.0,0.0,0.0,0,0,0.0,0.0
751681,2012.TEMP.ANOMOLY.0.80+,Global Temperature Anomaly for 2012 (Jan-Dec) to be 0.80 or more,2011-10-11,0.0,0.0,0.0,0.0,0,0,0.0,0.0
751681,2012.TEMP.ANOMOLY.0.80+,Global Temperature Anomaly for 2012 (Jan-Dec) to be 0.80 or more,2011-10-12,0.0,0.0,0.0,0.0,0,0,0.0,0.0
751681,2012.TEMP.ANOMOLY.0.80+,Global Temperature Anomaly for 2012 (Jan-Dec) to be 0.80 or more,2011-10-13,0.0,0.0,0.0,0.0,0,0,0.0,0.0
751681,2012.TEMP.ANOMOLY.0.80+,Global Temperature Anomaly for 2012 (Jan-Dec) to be 0.80 or more,2011-10-14,0.0,0.0,0.0,0.0,0,0,0.0,0.0
751681,2012.TEMP.ANOMOLY.0.80+,Global Temperature Anomaly for 2012 (Jan-Dec) to be 0.80 or more,2011-10-15,0.0,0.0,0.0,0.0,0,0,0.0,0.0
751681,2012.TEMP.ANOMOLY.0.80+,Global Temperature Anomaly for 2012 (Jan-Dec) to be 0.80 or more,2011-10-16,0.0,0.0,0.0,0.0,0,0,0.0,0.0
751681,2012.TEMP.ANOMOLY.0.80+,Global Temperature Anomaly for 2012 (Jan-Dec) to be 0.80 or more,2011-10-17,0.0,0.0,0.0,0.0,0,0,0.0,0.0
751681,2012.TEMP.ANOMOLY.0.80+,Global Temperature Anomaly for 2012 (Jan-Dec) to be 0.80 or more,2011-10-18,0.0,0.0,0.0,0.0,0,0,0.0,0.0
751681,2012.TEMP.ANOMOLY.0.80+,Global Temperature Anomaly for 2012 (Jan-Dec) to be 0.80 or more,2011-10-19,0.0,0.0,0.0,0.0,0,0,0.0,0.0
751681,2012.TEMP.ANOMOLY.0.80+,Global Temperature Anomaly for 2012 (Jan-Dec) to be 0.80 or more,2011-10-20,0.0,0.0,0.0,0.0,0,0,0.0,0.0
751681,2012.TEMP.ANOMOLY.0.80+,Global Temperature Anomaly for 2012 (Jan-Dec) to be 0.80 or more,2011-10-21,0.0,0.0,0.0,0.0,0,0,0.0,0.0
751681,2012.TEMP.ANOMOLY.0.80+,Global Temperature Anomaly for 2012 (Jan-Dec) to be 0.80 or more,2011-10-22,0.0,0.0,0.0,0.0,0,0,0.0,0.0
751681,2012.TEMP.ANOMOLY.0.80+,Global Temperature Anomaly for 2012 (Jan-Dec) to be 0.80 or more,2011-10-23,0.0,0.0,0.0,0.0,0,0,0.0,0.0
751681,2012.TEMP.ANOMOLY.0.80+,Global Temperature Anomaly for 2012 (Jan-Dec) to be 0.80 or more,2011-10-24,0.0,0.0,0.0,0.0,0,0,0.0,0.0
751681,2012.TEMP.ANOMOLY.0.80+,Global Temperature Anomaly for 2012 (Jan-Dec) to be 0.80 or more,2011-10-25,0.0,0.0,0.0,0.0,0,0,0.0,0.0
751681,2012.TEMP.ANOMOLY.0.80+,Global Temperature Anomaly for 2012 (Jan-Dec) to be 0.80 or more,2011-10-26,0.0,0.0,0.0,0.0,0,0,0.0,0.0
751681,2012.TEMP.ANOMOLY.0.80+,Global Temperature Anomaly for 2012 (Jan-Dec) to be 0.80 or more,2011-10-27,0.0,0.0,0.0,0.0,0,0,0.0,0.0
751681,2012.TEMP.ANOMOLY.0.80+,Global Temperature Anomaly for 2012 (Jan-Dec) to be 0.80 or more,2011-10-28,0.0,0.0,0.0,0.0,0,0,0.0,0.0
751681,2012.TEMP.ANOMOLY.0.80+,Global Temperature Anomaly for 2012 (Jan-Dec) to be 0.80 or more,2011-10-29,0.0,0.0,0.0,0.0,0,0,0.0,0.0
751681,2012.TEMP.ANOMOLY.0.80+,Global Temperature Anomaly for 2012 (Jan-Dec) to be 0.80 or more,2011-10-30,0.0,0.0,0.0,0.0,0,0,0.0,0.0
751681,2012.TEMP.ANOMOLY.0.80+,Global Temperature Anomaly for 2012 (Jan-Dec) to be 0.80 or more,2011-10-31,0.0,0.0,0.0,0.0,0,0,0.0,0.0
751681,2012.TEMP.ANOMOLY.0.80+,Global Temperature Anomaly for 2012 (Jan-Dec) to be 0.80 or more,2011-11-01,0.0,0.0,0.0,0.0,0,0,0.0,0.0
751681,2012.TEMP.ANOMOLY.0.80+,Global Temperature Anomaly for 2012 (Jan-Dec) to be 0.80 or more,2011-11-02,0.0,0.0,0.0,0.0,0,0,0.0,0.0
751681,2012.TEMP.ANOMOLY.0.80+,Global Temperature Anomaly for 2012 (Jan-Dec) to be 0.80 or more,2011-11-03,0.0,0.0,0.0,0.0,0,0,0.0,0.0
751681,2012.TEMP.ANOMOLY.0.80+,Global Temperature Anomaly for 2012 (Jan-Dec) to be 0.80 or more,2011-11-04,0.0,0.0,0.0,0.0,0,0,0.0,0.0
751681,2012.TEMP.ANOMOLY.0.80+,Global Temperature Anomaly for 2012 (Jan-Dec) to be 0.80 or more,2011-11-05,0.0,0.0,0.0,0.0,0,0,0.0,0.0
751681,2012.TEMP.ANOMOLY.0.80+,Global Temperature Anomaly for 2012 (Jan-Dec) to be 0.80 or more,2011-11-06,0.0,0.0,0.0,0.0,0,0,0.0,0.0
751681,2012.TEMP.ANOMOLY.0.80+,Global Temperature Anomaly for 2012 (Jan-Dec) to be 0.80 or more,2011-11-07,0.0,0.0,0.0,0.0,0,0,0.0,0.0
751681,2012.TEMP.ANOMOLY.0.80+,Global Temperature Anomaly for 2012 (Jan-Dec) to be 0.80 or more,2011-11-08,4.5,4.5,4.5,4.5,1,1,4.5,4.5
751681,2012.TEMP.ANOMOLY.0.80+,Global Temperature Anomaly for 2012 (Jan-Dec) to be 0.80 or more,2011-11-09,0.0,0.0,0.0,4.5,1,0,4.5,4.5
751681,2012.TEMP.ANOMOLY.0.80+,Global Temperature Anomaly for 2012 (Jan-Dec) to be 0.80 or more,2011-11-10,0.0,0.0,0.0,4.5,1,0,4.5,4.5
751681,2012.TEMP.ANOMOLY.0.80+,Global Temperature Anomaly for 2012 (Jan-Dec) to be 0.80 or more,2011-11-11,0.0,0.0,0.0,4.5,1,0,4.5,4.5
751681,2012.TEMP.ANOMOLY.0.80+,Global Temperature Anomaly for 2012 (Jan-Dec) to be 0.80 or more,2011-11-12,0.0,0.0,0.0,4.5,1,0,4.5,4.5
751681,2012.TEMP.ANOMOLY.0.80+,Global Temperature Anomaly for 2012 (Jan-Dec) to be 0.80 or more,2011-11-13,0.0,0.0,0.0,4.5,1,0,4.5,4.5
751681,2012.TEMP.ANOMOLY.0.80+,Global Temperature Anomaly for 2012 (Jan-Dec) to be 0.80 or more,2011-11-14,0.0,0.0,0.0,4.5,1,0,4.5,4.5
751681,2012.TEMP.ANOMOLY.0.80+,Global Temperature Anomaly for 2012 (Jan-Dec) to be 0.80 or more,2011-11-15,0.0,0.0,0.0,4.5,1,0,4.5,4.5
751681,2012.TEMP.ANOMOLY.0.80+,Global Temperature Anomaly for 2012 (Jan-Dec) to be 0.80 or more,2011-11-16,0.0,0.0,0.0,4.5,1,0,4.5,4.5
751681,2012.TEMP.ANOMOLY.0.80+,Global Temperature Anomaly for 2012 (Jan-Dec) to be 0.80 or more,2011-11-17,0.0,0.0,0.0,4.5,1,0,4.5,4.5
751681,2012.TEMP.ANOMOLY.0.80+,Global Temperature Anomaly for 2012 (Jan-Dec) to be 0.80 or more,2011-11-18,0.0,0.0,0.0,4.5,1,0,4.5,4.5
751681,2012.TEMP.ANOMOLY.0.80+,Global Temperature Anomaly for 2012 (Jan-Dec) to be 0.80 or more,2011-11-19,0.0,0.0,0.0,4.5,1,0,4.5,4.5
751681,2012.TEMP.ANOMOLY.0.80+,Global Temperature Anomaly for 2012 (Jan-Dec) to be 0.80 or more,2011-11-20,4.7,4.7,4.7,4.7,1,1,4.7,4.5
751681,2012.TEMP.ANOMOLY.0.80+,Global Temperature Anomaly for 2012 (Jan-Dec) to be 0.80 or more,2011-11-21,0.0,0.0,0.0,4.7,1,0,4.7,4.5
751681,2012.TEMP.ANOMOLY.0.80+,Global Temperature Anomaly for 2012 (Jan-Dec) to be 0.80 or more,2011-11-22,0.0,0.0,0.0,4.7,1,0,4.7,4.5
751681,2012.TEMP.ANOMOLY.0.80+,Global Temperature Anomaly for 2012 (Jan-Dec) to be 0.80 or more,2011-11-23,0.0,0.0,0.0,4.7,1,0,4.7,4.5
751681,2012.TEMP.ANOMOLY.0.80+,Global Temperature Anomaly for 2012 (Jan-Dec) to be 0.80 or more,2011-11-24,0.0,0.0,0.0,4.7,1,0,4.7,4.5
751681,2012.TEMP.ANOMOLY.0.80+,Global Temperature Anomaly for 2012 (Jan-Dec) to be 0.80 or more,2011-11-25,0.0,0.0,0.0,4.7,1,0,4.7,4.5
751681,2012.TEMP.ANOMOLY.0.80+,Global Temperature Anomaly for 2012 (Jan-Dec) to be 0.80 or more,2011-11-26,0.0,0.0,0.0,4.7,1,0,4.7,4.5
751681,2012.TEMP.ANOMOLY.0.80+,Global Temperature Anomaly for 2012 (Jan-Dec) to be 0.80 or more,2011-11-27,0.0,0.0,0.0,4.7,1,0,4.7,4.5
751681,2012.TEMP.ANOMOLY.0.80+,Global Temperature Anomaly for 2012 (Jan-Dec) to be 0.80 or more,2011-11-28,0.0,0.0,0.0,4.7,1,0,4.7,4.5
751681,2012.TEMP.ANOMOLY.0.80+,Global Temperature Anomaly for 2012 (Jan-Dec) to be 0.80 or more,2011-11-29,0.0,0.0,0.0,4.7,1,0,4.7,4.5
751681,2012.TEMP.ANOMOLY.0.80+,Global Temperature Anomaly for 2012 (Jan-Dec) to be 0.80 or more,2011-11-30,0.0,0.0,0.0,4.7,1,0,4.7,4.5
751681,2012.TEMP.ANOMOLY.0.80+,Global Temperature Anomaly for 2012 (Jan-Dec) to be 0.80 or more,2011-12-01,0.0,0.0,0.0,4.7,1,0,4.7,4.5
751681,2012.TEMP.ANOMOLY.0.80+,Global Temperature Anomaly for 2012 (Jan-Dec) to be 0.80 or more,2011-12-02,0.0,0.0,0.0,4.7,1,0,4.7,4.5
751681,2012.TEMP.ANOMOLY.0.80+,Global Temperature Anomaly for 2012 (Jan-Dec) to be 0.80 or more,2011-12-03,0.0,0.0,0.0,4.7,1,0,4.7,4.5
751681,2012.TEMP.ANOMOLY.0.80+,Global Temperature Anomaly for 2012 (Jan-Dec) to be 0.80 or more,2011-12-04,0.0,0.0,0.0,4.7,1,0,4.7,4.5
751681,2012.TEMP.ANOMOLY.0.80+,Global Temperature Anomaly for 2012 (Jan-Dec) to be 0.80 or more,2011-12-05,0.0,0.0,0.0,4.7,1,0,4.7,4.5
751681,2012.TEMP.ANOMOLY.0.80+,Global Temperature Anomaly for 2012 (Jan-Dec) to be 0.80 or more,2011-12-06,0.0,0.0,0.0,4.7,1,0,4.7,4.5
751681,2012.TEMP.ANOMOLY.0.80+,Global Temperature Anomaly for 2012 (Jan-Dec) to be 0.80 or more,2011-12-07,0.0,0.0,0.0,4.7,1,0,4.7,4.5
751681,2012.TEMP.ANOMOLY.0.80+,Global Temperature Anomaly for 2012 (Jan-Dec) to be 0.80 or more,2011-12-08,0.0,0.0,0.0,4.7,1,0,4.7,4.5
751681,2012.TEMP.ANOMOLY.0.80+,Global Temperature Anomaly for 2012 (Jan-Dec) to be 0.80 or more,2011-12-09,0.0,0.0,0.0,4.7,1,0,4.7,4.5
751681,2012.TEMP.ANOMOLY.0.80+,Global Temperature Anomaly for 2012 (Jan-Dec) to be 0.80 or more,2011-12-10,0.0,0.0,0.0,4.7,1,0,4.7,4.5
751681,2012.TEMP.ANOMOLY.0.80+,Global Temperature Anomaly for 2012 (Jan-Dec) to be 0.80 or more,2011-12-11,0.0,0.0,0.0,4.7,1,0,4.7,4.5
751681,2012.TEMP.ANOMOLY.0.80+,Global Temperature Anomaly for 2012 (Jan-Dec) to be 0.80 or more,2011-12-12,0.0,0.0,0.0,4.7,1,0,4.7,4.5
751681,2012.TEMP.ANOMOLY.0.80+,Global Temperature Anomaly for 2012 (Jan-Dec) to be 0.80 or more,2011-12-13,0.0,0.0,0.0,4.7,1,0,4.7,4.5
751681,2012.TEMP.ANOMOLY.0.80+,Global Temperature Anomaly for 2012 (Jan-Dec) to be 0.80 or more,2011-12-14,0.0,0.0,0.0,4.7,1,0,4.7,4.5
751681,2012.TEMP.ANOMOLY.0.80+,Global Temperature Anomaly for 2012 (Jan-Dec) to be 0.80 or more,2011-12-15,0.0,0.0,0.0,4.7,1,0,4.7,4.5
751681,2012.TEMP.ANOMOLY.0.80+,Global Temperature Anomaly for 2012 (Jan-Dec) to be 0.80 or more,2011-12-16,0.0,0.0,0.0,4.7,1,0,4.7,4.5
751681,2012.TEMP.ANOMOLY.0.80+,Global Temperature Anomaly for 2012 (Jan-Dec) to be 0.80 or more,2011-12-17,0.0,0.0,0.0,4.7,1,0,4.7,4.5
751681,2012.TEMP.ANOMOLY.0.80+,Global Temperature Anomaly for 2012 (Jan-Dec) to be 0.80 or more,2011-12-18,0.0,0.0,0.0,4.7,1,0,4.7,4.5
751681,2012.TEMP.ANOMOLY.0.80+,Global Temperature Anomaly for 2012 (Jan-Dec) to be 0.80 or more,2011-12-19,0.0,0.0,0.0,4.7,1,0,4.7,4.5
751681,2012.TEMP.ANOMOLY.0.80+,Global Temperature Anomaly for 2012 (Jan-Dec) to be 0.80 or more,2011-12-20,0.0,0.0,0.0,4.7,1,0,4.7,4.5
751681,2012.TEMP.ANOMOLY.0.80+,Global Temperature Anomaly for 2012 (Jan-Dec) to be 0.80 or more,2011-12-21,0.0,0.0,0.0,4.7,1,0,4.7,4.5
751681,2012.TEMP.ANOMOLY.0.80+,Global Temperature Anomaly for 2012 (Jan-Dec) to be 0.80 or more,2011-12-22,0.0,0.0,0.0,4.7,1,0,4.7,4.5
751681,2012.TEMP.ANOMOLY.0.80+,Global Temperature Anomaly for 2012 (Jan-Dec) to be 0.80 or more,2011-12-23,0.0,0.0,0.0,4.7,1,0,4.7,4.5
751681,2012.TEMP.ANOMOLY.0.80+,Global Temperature Anomaly for 2012 (Jan-Dec) to be 0.80 or more,2011-12-24,0.0,0.0,0.0,4.7,1,0,4.7,4.5
751681,2012.TEMP.ANOMOLY.0.80+,Global Temperature Anomaly for 2012 (Jan-Dec) to be 0.80 or more,2011-12-25,0.0,0.0,0.0,4.7,1,0,4.7,4.5
751681,2012.TEMP.ANOMOLY.0.80+,Global Temperature Anomaly for 2012 (Jan-Dec) to be 0.80 or more,2011-12-26,0.0,0.0,0.0,4.7,1,0,4.7,4.5
751681,2012.TEMP.ANOMOLY.0.80+,Global Temperature Anomaly for 2012 (Jan-Dec) to be 0.80 or more,2011-12-27,0.0,0.0,0.0,4.7,1,0,4.7,4.5
751681,2012.TEMP.ANOMOLY.0.80+,Global Temperature Anomaly for 2012 (Jan-Dec) to be 0.80 or more,2011-12-28,0.0,0.0,0.0,4.7,1,0,4.7,4.5
751681,2012.TEMP.ANOMOLY.0.80+,Global Temperature Anomaly for 2012 (Jan-Dec) to be 0.80 or more,2011-12-29,0.0,0.0,0.0,4.7,1,0,4.7,4.5
751681,2012.TEMP.ANOMOLY.0.80+,Global Temperature Anomaly for 2012 (Jan-Dec) to be 0.80 or more,2011-12-30,0.0,0.0,0.0,4.7,1,0,4.7,4.5
751681,2012.TEMP.ANOMOLY.0.80+,Global Temperature Anomaly for 2012 (Jan-Dec) to be 0.80 or more,2011-12-31,0.0,0.0,0.0,4.7,1,0,4.7,4.5
751681,2012.TEMP.ANOMOLY.0.80+,Global Temperature Anomaly for 2012 (Jan-Dec) to be 0.80 or more,2012-01-01,0.0,0.0,0.0,4.7,1,0,4.7,4.5
751681,2012.TEMP.ANOMOLY.0.80+,Global Temperature Anomaly for 2012 (Jan-Dec) to be 0.80 or more,2012-01-02,0.0,0.0,0.0,4.7,1,0,4.7,4.5
751681,2012.TEMP.ANOMOLY.0.80+,Global Temperature Anomaly for 2012 (Jan-Dec) to be 0.80 or more,2012-01-03,0.0,0.0,0.0,4.7,1,0,4.7,4.5
751681,2012.TEMP.ANOMOLY.0.80+,Global Temperature Anomaly for 2012 (Jan-Dec) to be 0.80 or more,2012-01-04,0.0,0.0,0.0,4.7,1,0,4.7,4.5
751681,2012.TEMP.ANOMOLY.0.80+,Global Temperature Anomaly for 2012 (Jan-Dec) to be 0.80 or more,2012-01-05,0.0,0.0,0.0,4.7,1,0,4.7,4.5
751681,2012.TEMP.ANOMOLY.0.80+,Global Temperature Anomaly for 2012 (Jan-Dec) to be 0.80 or more,2012-01-06,0.0,0.0,0.0,4.7,1,0,4.7,4.5
751681,2012.TEMP.ANOMOLY.0.80+,Global Temperature Anomaly for 2012 (Jan-Dec) to be 0.80 or more,2012-01-07,0.0,0.0,0.0,4.7,1,0,4.7,4.5
751681,2012.TEMP.ANOMOLY.0.80+,Global Temperature Anomaly for 2012 (Jan-Dec) to be 0.80 or more,2012-01-08,0.0,0.0,0.0,4.7,1,0,4.7,4.5
751681,2012.TEMP.ANOMOLY.0.80+,Global Temperature Anomaly for 2012 (Jan-Dec) to be 0.80 or more,2012-01-09,0.0,0.0,0.0,4.7,1,0,4.7,4.5
751681,2012.TEMP.ANOMOLY.0.80+,Global Temperature Anomaly for 2012 (Jan-Dec) to be 0.80 or more,2012-01-10,0.0,0.0,0.0,4.7,1,0,4.7,4.5
751681,2012.TEMP.ANOMOLY.0.80+,Global Temperature Anomaly for 2012 (Jan-Dec) to be 0.80 or more,2012-01-11,0.0,0.0,0.0,4.7,1,0,4.7,4.5
751681,2012.TEMP.ANOMOLY.0.80+,Global Temperature Anomaly for 2012 (Jan-Dec) to be 0.80 or more,2012-01-12,0.0,0.0,0.0,4.7,1,0,4.7,4.5
751681,2012.TEMP.ANOMOLY.0.80+,Global Temperature Anomaly for 2012 (Jan-Dec) to be 0.80 or more,2012-01-13,0.0,0.0,0.0,4.7,1,0,4.7,4.5
751681,2012.TEMP.ANOMOLY.0.80+,Global Temperature Anomaly for 2012 (Jan-Dec) to be 0.80 or more,2012-01-14,0.0,0.0,0.0,4.7,1,0,4.7,4.5
751681,2012.TEMP.ANOMOLY.0.80+,Global Temperature Anomaly for 2012 (Jan-Dec) to be 0.80 or more,2012-01-15,0.0,0.0,0.0,4.7,1,0,4.7,4.5
751681,2012.TEMP.ANOMOLY.0.80+,Global Temperature Anomaly for 2012 (Jan-Dec) to be 0.80 or more,2012-01-16,0.0,0.0,0.0,4.7,1,0,4.7,4.5
751681,2012.TEMP.ANOMOLY.0.80+,Global Temperature Anomaly for 2012 (Jan-Dec) to be 0.80 or more,2012-01-17,0.0,0.0,0.0,4.7,1,0,4.7,4.5
751681,2012.TEMP.ANOMOLY.0.80+,Global Temperature Anomaly for 2012 (Jan-Dec) to be 0.80 or more,2012-01-18,0.0,0.0,0.0,4.7,1,0,4.7,4.5
751681,2012.TEMP.ANOMOLY.0.80+,Global Temperature Anomaly for 2012 (Jan-Dec) to be 0.80 or more,2012-01-19,0.0,0.0,0.0,4.7,1,0,4.7,4.5
751681,2012.TEMP.ANOMOLY.0.80+,Global Temperature Anomaly for 2012 (Jan-Dec) to be 0.80 or more,2012-01-20,0.0,0.0,0.0,4.7,1,0,4.7,4.5
751681,2012.TEMP.ANOMOLY.0.80+,Global Temperature Anomaly for 2012 (Jan-Dec) to be 0.80 or more,2012-01-21,0.0,0.0,0.0,4.7,1,0,4.7,4.5
751681,2012.TEMP.ANOMOLY.0.80+,Global Temperature Anomaly for 2012 (Jan-Dec) to be 0.80 or more,2012-01-22,0.0,0.0,0.0,4.7,1,0,4.7,4.5
751681,2012.TEMP.ANOMOLY.0.80+,Global Temperature Anomaly for 2012 (Jan-Dec) to be 0.80 or more,2012-01-23,0.0,0.0,0.0,4.7,1,0,4.7,4.5
751681,2012.TEMP.ANOMOLY.0.80+,Global Temperature Anomaly for 2012 (Jan-Dec) to be 0.80 or more,2012-01-24,0.0,0.0,0.0,4.7,1,0,4.7,4.5
751681,2012.TEMP.ANOMOLY.0.80+,Global Temperature Anomaly for 2012 (Jan-Dec) to be 0.80 or more,2012-01-25,0.0,0.0,0.0,4.7,1,0,4.7,4.5
751681,2012.TEMP.ANOMOLY.0.80+,Global Temperature Anomaly for 2012 (Jan-Dec) to be 0.80 or more,2012-01-26,0.0,0.0,0.0,4.7,1,0,4.7,4.5
751681,2012.TEMP.ANOMOLY.0.80+,Global Temperature Anomaly for 2012 (Jan-Dec) to be 0.80 or more,2012-01-27,0.0,0.0,0.0,4.7,1,0,4.7,4.5
751681,2012.TEMP.ANOMOLY.0.80+,Global Temperature Anomaly for 2012 (Jan-Dec) to be 0.80 or more,2012-01-28,0.0,0.0,0.0,4.7,1,0,4.7,4.5
751681,2012.TEMP.ANOMOLY.0.80+,Global Temperature Anomaly for 2012 (Jan-Dec) to be 0.80 or more,2012-01-29,0.0,0.0,0.0,4.7,1,0,4.7,4.5
751681,2012.TEMP.ANOMOLY.0.80+,Global Temperature Anomaly for 2012 (Jan-Dec) to be 0.80 or more,2012-01-30,0.0,0.0,0.0,4.7,1,0,4.7,4.5
751681,2012.TEMP.ANOMOLY.0.80+,Global Temperature Anomaly for 2012 (Jan-Dec) to be 0.80 or more,2012-01-31,0.0,0.0,0.0,4.7,1,0,4.7,4.5
751681,2012.TEMP.ANOMOLY.0.80+,Global Temperature Anomaly for 2012 (Jan-Dec) to be 0.80 or more,2012-02-01,0.0,0.0,0.0,4.7,1,0,4.7,4.5
751681,2012.TEMP.ANOMOLY.0.80+,Global Temperature Anomaly for 2012 (Jan-Dec) to be 0.80 or more,2012-02-02,0.0,0.0,0.0,4.7,1,0,4.7,4.5
751681,2012.TEMP.ANOMOLY.0.80+,Global Temperature Anomaly for 2012 (Jan-Dec) to be 0.80 or more,2012-02-03,0.0,0.0,0.0,4.7,1,0,4.7,4.5
751681,2012.TEMP.ANOMOLY.0.80+,Global Temperature Anomaly for 2012 (Jan-Dec) to be 0.80 or more,2012-02-04,0.0,0.0,0.0,4.7,1,0,4.7,4.5
751681,2012.TEMP.ANOMOLY.0.80+,Global Temperature Anomaly for 2012 (Jan-Dec) to be 0.80 or more,2012-02-05,0.0,0.0,0.0,4.7,1,0,4.7,4.5
751681,2012.TEMP.ANOMOLY.0.80+,Global Temperature Anomaly for 2012 (Jan-Dec) to be 0.80 or more,2012-02-06,0.0,0.0,0.0,4.7,1,0,4.7,4.5
751681,2012.TEMP.ANOMOLY.0.80+,Global Temperature Anomaly for 2012 (Jan-Dec) to be 0.80 or more,2012-02-07,0.0,0.0,0.0,4.7,1,0,4.7,4.5
751681,2012.TEMP.ANOMOLY.0.80+,Global Temperature Anomaly for 2012 (Jan-Dec) to be 0.80 or more,2012-02-08,0.0,0.0,0.0,4.7,1,0,4.7,4.5
751681,2012.TEMP.ANOMOLY.0.80+,Global Temperature Anomaly for 2012 (Jan-Dec) to be 0.80 or more,2012-02-09,0.0,0.0,0.0,4.7,1,0,4.7,4.5
751681,2012.TEMP.ANOMOLY.0.80+,Global Temperature Anomaly for 2012 (Jan-Dec) to be 0.80 or more,2012-02-10,0.0,0.0,0.0,4.7,1,0,4.7,4.5
751681,2012.TEMP.ANOMOLY.0.80+,Global Temperature Anomaly for 2012 (Jan-Dec) to be 0.80 or more,2012-02-11,0.0,0.0,0.0,4.7,1,0,4.7,4.5
751681,2012.TEMP.ANOMOLY.0.80+,Global Temperature Anomaly for 2012 (Jan-Dec) to be 0.80 or more,2012-02-12,0.0,0.0,0.0,4.7,1,0,4.7,4.5
751681,2012.TEMP.ANOMOLY.0.80+,Global Temperature Anomaly for 2012 (Jan-Dec) to be 0.80 or more,2012-02-13,0.0,0.0,0.0,4.7,1,0,4.7,4.5
751681,2012.TEMP.ANOMOLY.0.80+,Global Temperature Anomaly for 2012 (Jan-Dec) to be 0.80 or more,2012-02-14,0.0,0.0,0.0,4.7,1,0,4.7,4.5
751681,2012.TEMP.ANOMOLY.0.80+,Global Temperature Anomaly for 2012 (Jan-Dec) to be 0.80 or more,2012-02-15,0.0,0.0,0.0,4.7,1,0,4.7,4.5
751681,2012.TEMP.ANOMOLY.0.80+,Global Temperature Anomaly for 2012 (Jan-Dec) to be 0.80 or more,2012-02-16,0.0,0.0,0.0,4.7,1,0,4.7,4.5
751681,2012.TEMP.ANOMOLY.0.80+,Global Temperature Anomaly for 2012 (Jan-Dec) to be 0.80 or more,2012-02-17,0.0,0.0,0.0,4.7,1,0,4.7,4.5
751681,2012.TEMP.ANOMOLY.0.80+,Global Temperature Anomaly for 2012 (Jan-Dec) to be 0.80 or more,2012-02-18,0.0,0.0,0.0,4.7,1,0,4.7,4.5
751681,2012.TEMP.ANOMOLY.0.80+,Global Temperature Anomaly for 2012 (Jan-Dec) to be 0.80 or more,2012-02-19,0.0,0.0,0.0,4.7,1,0,4.7,4.5
751681,2012.TEMP.ANOMOLY.0.80+,Global Temperature Anomaly for 2012 (Jan-Dec) to be 0.80 or more,2012-02-20,0.0,0.0,0.0,4.7,1,0,4.7,4.5
751681,2012.TEMP.ANOMOLY.0.80+,Global Temperature Anomaly for 2012 (Jan-Dec) to be 0.80 or more,2012-02-21,0.0,0.0,0.0,4.7,1,0,4.7,4.5
751681,2012.TEMP.ANOMOLY.0.80+,Global Temperature Anomaly for 2012 (Jan-Dec) to be 0.80 or more,2012-02-22,0.0,0.0,0.0,4.7,1,0,4.7,4.5
751681,2012.TEMP.ANOMOLY.0.80+,Global Temperature Anomaly for 2012 (Jan-Dec) to be 0.80 or more,2012-02-23,0.0,0.0,0.0,4.7,1,0,4.7,4.5
751681,2012.TEMP.ANOMOLY.0.80+,Global Temperature Anomaly for 2012 (Jan-Dec) to be 0.80 or more,2012-02-24,0.0,0.0,0.0,4.7,1,0,4.7,4.5
751681,2012.TEMP.ANOMOLY.0.80+,Global Temperature Anomaly for 2012 (Jan-Dec) to be 0.80 or more,2012-02-25,0.0,0.0,0.0,4.7,1,0,4.7,4.5
751681,2012.TEMP.ANOMOLY.0.80+,Global Temperature Anomaly for 2012 (Jan-Dec) to be 0.80 or more,2012-02-26,0.0,0.0,0.0,4.7,1,0,4.7,4.5
751681,2012.TEMP.ANOMOLY.0.80+,Global Temperature Anomaly for 2012 (Jan-Dec) to be 0.80 or more,2012-02-27,0.0,0.0,0.0,4.7,1,0,4.7,4.5
751681,2012.TEMP.ANOMOLY.0.80+,Global Temperature Anomaly for 2012 (Jan-Dec) to be 0.80 or more,2012-02-28,0.0,0.0,0.0,4.7,1,0,4.7,4.5
751681,2012.TEMP.ANOMOLY.0.80+,Global Temperature Anomaly for 2012 (Jan-Dec) to be 0.80 or more,2012-02-29,0.0,0.0,0.0,4.7,1,0,4.7,4.5
751681,2012.TEMP.ANOMOLY.0.80+,Global Temperature Anomaly for 2012 (Jan-Dec) to be 0.80 or more,2012-03-01,0.0,0.0,0.0,4.7,1,0,4.7,4.5
751681,2012.TEMP.ANOMOLY.0.80+,Global Temperature Anomaly for 2012 (Jan-Dec) to be 0.80 or more,2012-03-02,,,,4.7,1,0,4.7,4.5
751681,2012.TEMP.ANOMOLY.0.80+,Global Temperature Anomaly for 2012 (Jan-Dec) to be 0.80 or more,2012-03-03,,,,4.7,1,0,4.7,4.5
751681,2012.TEMP.ANOMOLY.0.80+,Global Temperature Anomaly for 2012 (Jan-Dec) to be 0.80 or more,2012-03-04,,,,4.7,1,0,4.7,4.5
751681,2012.TEMP.ANOMOLY.0.80+,Global Temperature Anomaly for 2012 (Jan-Dec) to be 0.80 or more,2012-03-05,,,,4.7,1,0,4.7,4.5
751681,2012.TEMP.ANOMOLY.0.80+,Global Temperature Anomaly for 2012 (Jan-Dec) to be 0.80 or more,2012-03-06,,,,4.7,1,0,4.7,4.5
751681,2012.TEMP.ANOMOLY.0.80+,Global Temperature Anomaly for 2012 (Jan-Dec) to be 0.80 or more,2012-03-07,,,,,1,0,4.7,4.5
751681,2012.TEMP.ANOMOLY.0.80+,Global Temperature Anomaly for 2012 (Jan-Dec) to be 0.80 or more,2012-03-08,,,,4.7,1,0,4.7,4.5
751681,2012.TEMP.ANOMOLY.0.80+,Global Temperature Anomaly for 2012 (Jan-Dec) to be 0.80 or more,2012-03-09,,,,4.7,1,0,4.7,4.5
751681,2012.TEMP.ANOMOLY.0.80+,Global Temperature Anomaly for 2012 (Jan-Dec) to be 0.80 or more,2012-03-10,,,,4.7,1,0,4.7,4.5
751681,2012.TEMP.ANOMOLY.0.80+,Global Temperature Anomaly for 2012 (Jan-Dec) to be 0.80 or more,2012-03-11,,,,4.7,1,0,4.7,4.5
751681,2012.TEMP.ANOMOLY.0.80+,Global Temperature Anomaly for 2012 (Jan-Dec) to be 0.80 or more,2012-03-12,,,,4.7,1,0,4.7,4.5
751681,2012.TEMP.ANOMOLY.0.80+,Global Temperature Anomaly for 2012 (Jan-Dec) to be 0.80 or more,2012-03-13,,,,4.7,1,0,4.7,4.5
751681,2012.TEMP.ANOMOLY.0.80+,Global Temperature Anomaly for 2012 (Jan-Dec) to be 0.80 or more,2012-03-14,,,,4.7,1,0,4.7,4.5
751681,2012.TEMP.ANOMOLY.0.80+,Global Temperature Anomaly for 2012 (Jan-Dec) to be 0.80 or more,2012-03-15,,,,4.7,1,0,4.7,4.5
751681,2012.TEMP.ANOMOLY.0.80+,Global Temperature Anomaly for 2012 (Jan-Dec) to be 0.80 or more,2012-03-16,,,,4.7,1,0,4.7,4.5
751681,2012.TEMP.ANOMOLY.0.80+,Global Temperature Anomaly for 2012 (Jan-Dec) to be 0.80 or more,2012-03-17,,,,4.7,1,0,4.7,4.5
751681,2012.TEMP.ANOMOLY.0.80+,Global Temperature Anomaly for 2012 (Jan-Dec) to be 0.80 or more,2012-03-18,,,,4.7,1,0,4.7,4.5
751681,2012.TEMP.ANOMOLY.0.80+,Global Temperature Anomaly for 2012 (Jan-Dec) to be 0.80 or more,2012-03-19,,,,4.7,1,0,4.7,4.5
751681,2012.TEMP.ANOMOLY.0.80+,Global Temperature Anomaly for 2012 (Jan-Dec) to be 0.80 or more,2012-03-20,,,,4.7,1,0,4.7,4.5
751681,2012.TEMP.ANOMOLY.0.80+,Global Temperature Anomaly for 2012 (Jan-Dec) to be 0.80 or more,2012-03-21,,,,4.7,1,0,4.7,4.5
751681,2012.TEMP.ANOMOLY.0.80+,Global Temperature Anomaly for 2012 (Jan-Dec) to be 0.80 or more,2012-03-22,,,,4.7,1,0,4.7,4.5
751681,2012.TEMP.ANOMOLY.0.80+,Global Temperature Anomaly for 2012 (Jan-Dec) to be 0.80 or more,2012-03-23,,,,4.7,1,0,4.7,4.5
751681,2012.TEMP.ANOMOLY.0.80+,Global Temperature Anomaly for 2012 (Jan-Dec) to be 0.80 or more,2012-03-24,,,,4.7,1,0,4.7,4.5
751681,2012.TEMP.ANOMOLY.0.80+,Global Temperature Anomaly for 2012 (Jan-Dec) to be 0.80 or more,2012-03-25,,,,4.7,1,0,4.7,4.5
751681,2012.TEMP.ANOMOLY.0.80+,Global Temperature Anomaly for 2012 (Jan-Dec) to be 0.80 or more,2012-03-26,,,,4.7,1,0,4.7,4.5
751681,2012.TEMP.ANOMOLY.0.80+,Global Temperature Anomaly for 2012 (Jan-Dec) to be 0.80 or more,2012-03-27,,,,4.7,1,0,4.7,4.5
751681,2012.TEMP.ANOMOLY.0.80+,Global Temperature Anomaly for 2012 (Jan-Dec) to be 0.80 or more,2012-03-28,,,,4.7,1,0,4.7,4.5
751681,2012.TEMP.ANOMOLY.0.80+,Global Temperature Anomaly for 2012 (Jan-Dec) to be 0.80 or more,2012-03-29,,,,4.7,1,0,4.7,4.5
751681,2012.TEMP.ANOMOLY.0.80+,Global Temperature Anomaly for 2012 (Jan-Dec) to be 0.80 or more,2012-03-30,,,,4.7,1,0,4.7,4.5
751681,2012.TEMP.ANOMOLY.0.80+,Global Temperature Anomaly for 2012 (Jan-Dec) to be 0.80 or more,2012-03-31,,,,4.7,1,0,4.7,4.5
751681,2012.TEMP.ANOMOLY.0.80+,Global Temperature Anomaly for 2012 (Jan-Dec) to be 0.80 or more,2012-04-01,,,,4.7,1,0,4.7,4.5
751681,2012.TEMP.ANOMOLY.0.80+,Global Temperature Anomaly for 2012 (Jan-Dec) to be 0.80 or more,2012-04-02,,,,4.7,1,0,4.7,4.5
751681,2012.TEMP.ANOMOLY.0.80+,Global Temperature Anomaly for 2012 (Jan-Dec) to be 0.80 or more,2012-04-03,,,,4.7,1,0,4.7,4.5
751681,2012.TEMP.ANOMOLY.0.80+,Global Temperature Anomaly for 2012 (Jan-Dec) to be 0.80 or more,2012-04-04,,,,4.7,1,0,4.7,4.5
751681,2012.TEMP.ANOMOLY.0.80+,Global Temperature Anomaly for 2012 (Jan-Dec) to be 0.80 or more,2012-04-05,,,,4.7,1,0,4.7,4.5
751681,2012.TEMP.ANOMOLY.0.80+,Global Temperature Anomaly for 2012 (Jan-Dec) to be 0.80 or more,2012-04-06,,,,4.7,1,0,4.7,4.5
751681,2012.TEMP.ANOMOLY.0.80+,Global Temperature Anomaly for 2012 (Jan-Dec) to be 0.80 or more,2012-04-07,,,,4.7,1,0,4.7,4.5
751681,2012.TEMP.ANOMOLY.0.80+,Global Temperature Anomaly for 2012 (Jan-Dec) to be 0.80 or more,2012-04-08,,,,4.7,1,0,4.7,4.5
751681,2012.TEMP.ANOMOLY.0.80+,Global Temperature Anomaly for 2012 (Jan-Dec) to be 0.80 or more,2012-04-09,,,,4.7,1,0,4.7,4.5
751681,2012.TEMP.ANOMOLY.0.80+,Global Temperature Anomaly for 2012 (Jan-Dec) to be 0.80 or more,2012-04-10,,,,4.7,1,0,4.7,4.5
751681,2012.TEMP.ANOMOLY.0.80+,Global Temperature Anomaly for 2012 (Jan-Dec) to be 0.80 or more,2012-04-11,,,,4.7,1,0,4.7,4.5
751681,2012.TEMP.ANOMOLY.0.80+,Global Temperature Anomaly for 2012 (Jan-Dec) to be 0.80 or more,2012-04-12,,,,4.7,1,0,4.7,4.5
751681,2012.TEMP.ANOMOLY.0.80+,Global Temperature Anomaly for 2012 (Jan-Dec) to be 0.80 or more,2012-04-13,,,,4.7,1,0,4.7,4.5
751681,2012.TEMP.ANOMOLY.0.80+,Global Temperature Anomaly for 2012 (Jan-Dec) to be 0.80 or more,2012-04-14,,,,4.7,1,0,4.7,4.5
751681,2012.TEMP.ANOMOLY.0.80+,Global Temperature Anomaly for 2012 (Jan-Dec) to be 0.80 or more,2012-04-15,,,,4.7,1,0,4.7,4.5
751681,2012.TEMP.ANOMOLY.0.80+,Global Temperature Anomaly for 2012 (Jan-Dec) to be 0.80 or more,2012-04-16,,,,4.7,1,0,4.7,4.5
751681,2012.TEMP.ANOMOLY.0.80+,Global Temperature Anomaly for 2012 (Jan-Dec) to be 0.80 or more,2012-04-17,,,,4.7,1,0,4.7,4.5
751681,2012.TEMP.ANOMOLY.0.80+,Global Temperature Anomaly for 2012 (Jan-Dec) to be 0.80 or more,2012-04-18,,,,4.7,1,0,4.7,4.5
751681,2012.TEMP.ANOMOLY.0.80+,Global Temperature Anomaly for 2012 (Jan-Dec) to be 0.80 or more,2012-04-19,,,,4.7,1,0,4.7,4.5
751681,2012.TEMP.ANOMOLY.0.80+,Global Temperature Anomaly for 2012 (Jan-Dec) to be 0.80 or more,2012-04-20,,,,4.7,1,0,4.7,4.5
751681,2012.TEMP.ANOMOLY.0.80+,Global Temperature Anomaly for 2012 (Jan-Dec) to be 0.80 or more,2012-04-21,,,,4.7,1,0,4.7,4.5
751681,2012.TEMP.ANOMOLY.0.80+,Global Temperature Anomaly for 2012 (Jan-Dec) to be 0.80 or more,2012-04-22,,,,4.7,1,0,4.7,4.5
751681,2012.TEMP.ANOMOLY.0.80+,Global Temperature Anomaly for 2012 (Jan-Dec) to be 0.80 or more,2012-04-23,,,,4.7,1,0,4.7,4.5
751681,2012.TEMP.ANOMOLY.0.80+,Global Temperature Anomaly for 2012 (Jan-Dec) to be 0.80 or more,2012-04-24,,,,4.7,1,0,4.7,4.5
751681,2012.TEMP.ANOMOLY.0.80+,Global Temperature Anomaly for 2012 (Jan-Dec) to be 0.80 or more,2012-04-25,,,,4.7,1,0,4.7,4.5
751681,2012.TEMP.ANOMOLY.0.80+,Global Temperature Anomaly for 2012 (Jan-Dec) to be 0.80 or more,2012-04-26,,,,4.7,1,0,4.7,4.5
751681,2012.TEMP.ANOMOLY.0.80+,Global Temperature Anomaly for 2012 (Jan-Dec) to be 0.80 or more,2012-04-27,,,,4.7,1,0,4.7,4.5
751681,2012.TEMP.ANOMOLY.0.80+,Global Temperature Anomaly for 2012 (Jan-Dec) to be 0.80 or more,2012-04-28,,,,4.7,1,0,4.7,4.5
751681,2012.TEMP.ANOMOLY.0.80+,Global Temperature Anomaly for 2012 (Jan-Dec) to be 0.80 or more,2012-04-29,,,,4.7,1,0,4.7,4.5
751681,2012.TEMP.ANOMOLY.0.80+,Global Temperature Anomaly for 2012 (Jan-Dec) to be 0.80 or more,2012-04-30,,,,4.7,1,0,4.7,4.5
751681,2012.TEMP.ANOMOLY.0.80+,Global Temperature Anomaly for 2012 (Jan-Dec) to be 0.80 or more,2012-05-01,,,,4.7,1,0,4.7,4.5
751681,2012.TEMP.ANOMOLY.0.80+,Global Temperature Anomaly for 2012 (Jan-Dec) to be 0.80 or more,2012-05-02,,,,4.7,1,0,4.7,4.5
751681,2012.TEMP.ANOMOLY.0.80+,Global Temperature Anomaly for 2012 (Jan-Dec) to be 0.80 or more,2012-05-03,,,,4.7,1,0,4.7,4.5
751681,2012.TEMP.ANOMOLY.0.80+,Global Temperature Anomaly for 2012 (Jan-Dec) to be 0.80 or more,2012-05-04,,,,4.7,1,0,4.7,4.5
751681,2012.TEMP.ANOMOLY.0.80+,Global Temperature Anomaly for 2012 (Jan-Dec) to be 0.80 or more,2012-05-05,,,,4.7,1,0,4.7,4.5
751681,2012.TEMP.ANOMOLY.0.80+,Global Temperature Anomaly for 2012 (Jan-Dec) to be 0.80 or more,2012-05-06,,,,4.7,1,0,4.7,4.5
751681,2012.TEMP.ANOMOLY.0.80+,Global Temperature Anomaly for 2012 (Jan-Dec) to be 0.80 or more,2012-05-07,,,,4.7,1,0,4.7,4.5
751681,2012.TEMP.ANOMOLY.0.80+,Global Temperature Anomaly for 2012 (Jan-Dec) to be 0.80 or more,2012-05-08,,,,4.7,1,0,4.7,4.5
751681,2012.TEMP.ANOMOLY.0.80+,Global Temperature Anomaly for 2012 (Jan-Dec) to be 0.80 or more,2012-05-09,,,,4.7,1,0,4.7,4.5
751681,2012.TEMP.ANOMOLY.0.80+,Global Temperature Anomaly for 2012 (Jan-Dec) to be 0.80 or more,2012-05-10,,,,4.7,1,0,4.7,4.5
751681,2012.TEMP.ANOMOLY.0.80+,Global Temperature Anomaly for 2012 (Jan-Dec) to be 0.80 or more,2012-05-11,,,,4.7,1,0,4.7,4.5
751681,2012.TEMP.ANOMOLY.0.80+,Global Temperature Anomaly for 2012 (Jan-Dec) to be 0.80 or more,2012-05-12,,,,4.7,1,0,4.7,4.5
751681,2012.TEMP.ANOMOLY.0.80+,Global Temperature Anomaly for 2012 (Jan-Dec) to be 0.80 or more,2012-05-13,,,,4.7,1,0,4.7,4.5
751681,2012.TEMP.ANOMOLY.0.80+,Global Temperature Anomaly for 2012 (Jan-Dec) to be 0.80 or more,2012-05-14,,,,4.7,1,0,4.7,4.5
751681,2012.TEMP.ANOMOLY.0.80+,Global Temperature Anomaly for 2012 (Jan-Dec) to be 0.80 or more,2012-05-15,,,,4.7,1,0,4.7,4.5
751681,2012.TEMP.ANOMOLY.0.80+,Global Temperature Anomaly for 2012 (Jan-Dec) to be 0.80 or more,2012-05-16,,,,4.7,1,0,4.7,4.5
751681,2012.TEMP.ANOMOLY.0.80+,Global Temperature Anomaly for 2012 (Jan-Dec) to be 0.80 or more,2012-05-17,,,,4.7,1,0,4.7,4.5
751681,2012.TEMP.ANOMOLY.0.80+,Global Temperature Anomaly for 2012 (Jan-Dec) to be 0.80 or more,2012-05-18,,,,4.7,1,0,4.7,4.5
751681,2012.TEMP.ANOMOLY.0.80+,Global Temperature Anomaly for 2012 (Jan-Dec) to be 0.80 or more,2012-05-19,,,,4.7,1,0,4.7,4.5
751681,2012.TEMP.ANOMOLY.0.80+,Global Temperature Anomaly for 2012 (Jan-Dec) to be 0.80 or more,2012-05-20,,,,4.7,1,0,4.7,4.5
751681,2012.TEMP.ANOMOLY.0.80+,Global Temperature Anomaly for 2012 (Jan-Dec) to be 0.80 or more,2012-05-21,,,,4.7,1,0,4.7,4.5
751681,2012.TEMP.ANOMOLY.0.80+,Global Temperature Anomaly for 2012 (Jan-Dec) to be 0.80 or more,2012-05-22,,,,4.7,1,0,4.7,4.5
751681,2012.TEMP.ANOMOLY.0.80+,Global Temperature Anomaly for 2012 (Jan-Dec) to be 0.80 or more,2012-05-23,,,,4.7,1,0,4.7,4.5
751681,2012.TEMP.ANOMOLY.0.80+,Global Temperature Anomaly for 2012 (Jan-Dec) to be 0.80 or more,2012-05-24,,,,4.7,1,0,4.7,4.5
751681,2012.TEMP.ANOMOLY.0.80+,Global Temperature Anomaly for 2012 (Jan-Dec) to be 0.80 or more,2012-05-25,,,,4.7,1,0,4.7,4.5
751681,2012.TEMP.ANOMOLY.0.80+,Global Temperature Anomaly for 2012 (Jan-Dec) to be 0.80 or more,2012-05-26,,,,4.7,1,0,4.7,4.5
751681,2012.TEMP.ANOMOLY.0.80+,Global Temperature Anomaly for 2012 (Jan-Dec) to be 0.80 or more,2012-05-27,,,,4.7,1,0,4.7,4.5
751681,2012.TEMP.ANOMOLY.0.80+,Global Temperature Anomaly for 2012 (Jan-Dec) to be 0.80 or more,2012-05-28,,,,4.7,1,0,4.7,4.5
751681,2012.TEMP.ANOMOLY.0.80+,Global Temperature Anomaly for 2012 (Jan-Dec) to be 0.80 or more,2012-05-29,,,,4.7,1,0,4.7,4.5
751681,2012.TEMP.ANOMOLY.0.80+,Global Temperature Anomaly for 2012 (Jan-Dec) to be 0.80 or more,2012-05-30,,,,4.7,1,0,4.7,4.5
751681,2012.TEMP.ANOMOLY.0.80+,Global Temperature Anomaly for 2012 (Jan-Dec) to be 0.80 or more,2012-05-31,,,,4.7,1,0,4.7,4.5
751681,2012.TEMP.ANOMOLY.0.80+,Global Temperature Anomaly for 2012 (Jan-Dec) to be 0.80 or more,2012-06-01,,,,4.7,1,0,4.7,4.5
751681,2012.TEMP.ANOMOLY.0.80+,Global Temperature Anomaly for 2012 (Jan-Dec) to be 0.80 or more,2012-06-02,,,,4.7,1,0,4.7,4.5
751681,2012.TEMP.ANOMOLY.0.80+,Global Temperature Anomaly for 2012 (Jan-Dec) to be 0.80 or more,2012-06-03,,,,4.7,1,0,4.7,4.5
751681,2012.TEMP.ANOMOLY.0.80+,Global Temperature Anomaly for 2012 (Jan-Dec) to be 0.80 or more,2012-06-04,,,,4.7,1,0,4.7,4.5
751681,2012.TEMP.ANOMOLY.0.80+,Global Temperature Anomaly for 2012 (Jan-Dec) to be 0.80 or more,2012-06-05,,,,4.7,1,0,4.7,4.5
751681,2012.TEMP.ANOMOLY.0.80+,Global Temperature Anomaly for 2012 (Jan-Dec) to be 0.80 or more,2012-06-06,,,,4.7,1,0,4.7,4.5
751681,2012.TEMP.ANOMOLY.0.80+,Global Temperature Anomaly for 2012 (Jan-Dec) to be 0.80 or more,2012-06-07,,,,4.7,1,0,4.7,4.5
751681,2012.TEMP.ANOMOLY.0.80+,Global Temperature Anomaly for 2012 (Jan-Dec) to be 0.80 or more,2012-06-08,,,,4.7,1,0,4.7,4.5
751681,2012.TEMP.ANOMOLY.0.80+,Global Temperature Anomaly for 2012 (Jan-Dec) to be 0.80 or more,2012-06-09,,,,4.7,1,0,4.7,4.5
751681,2012.TEMP.ANOMOLY.0.80+,Global Temperature Anomaly for 2012 (Jan-Dec) to be 0.80 or more,2012-06-10,,,,4.7,1,0,4.7,4.5
751681,2012.TEMP.ANOMOLY.0.80+,Global Temperature Anomaly for 2012 (Jan-Dec) to be 0.80 or more,2012-06-11,,,,4.7,1,0,4.7,4.5
751681,2012.TEMP.ANOMOLY.0.80+,Global Temperature Anomaly for 2012 (Jan-Dec) to be 0.80 or more,2012-06-12,,,,4.7,1,0,4.7,4.5
751681,2012.TEMP.ANOMOLY.0.80+,Global Temperature Anomaly for 2012 (Jan-Dec) to be 0.80 or more,2012-06-13,,,,4.7,1,0,4.7,4.5
751681,2012.TEMP.ANOMOLY.0.80+,Global Temperature Anomaly for 2012 (Jan-Dec) to be 0.80 or more,2012-06-14,,,,4.7,1,0,4.7,4.5
751681,2012.TEMP.ANOMOLY.0.80+,Global Temperature Anomaly for 2012 (Jan-Dec) to be 0.80 or more,2012-06-15,,,,4.7,1,0,4.7,4.5
751681,2012.TEMP.ANOMOLY.0.80+,Global Temperature Anomaly for 2012 (Jan-Dec) to be 0.80 or more,2012-06-16,,,,4.7,1,0,4.7,4.5
751681,2012.TEMP.ANOMOLY.0.80+,Global Temperature Anomaly for 2012 (Jan-Dec) to be 0.80 or more,2012-06-17,,,,4.7,1,0,4.7,4.5
751681,2012.TEMP.ANOMOLY.0.80+,Global Temperature Anomaly for 2012 (Jan-Dec) to be 0.80 or more,2012-06-18,,,,4.7,1,0,4.7,4.5
751681,2012.TEMP.ANOMOLY.0.80+,Global Temperature Anomaly for 2012 (Jan-Dec) to be 0.80 or more,2012-06-19,,,,4.7,1,0,4.7,4.5
751681,2012.TEMP.ANOMOLY.0.80+,Global Temperature Anomaly for 2012 (Jan-Dec) to be 0.80 or more,2012-06-20,,,,4.7,1,0,4.7,4.5
751681,2012.TEMP.ANOMOLY.0.80+,Global Temperature Anomaly for 2012 (Jan-Dec) to be 0.80 or more,2012-06-21,,,,4.7,1,0,4.7,4.5
751681,2012.TEMP.ANOMOLY.0.80+,Global Temperature Anomaly for 2012 (Jan-Dec) to be 0.80 or more,2012-06-22,,,,4.7,1,0,4.7,4.5
751681,2012.TEMP.ANOMOLY.0.80+,Global Temperature Anomaly for 2012 (Jan-Dec) to be 0.80 or more,2012-06-23,,,,4.7,1,0,4.7,4.5
751681,2012.TEMP.ANOMOLY.0.80+,Global Temperature Anomaly for 2012 (Jan-Dec) to be 0.80 or more,2012-06-24,,,,4.7,1,0,4.7,4.5
751681,2012.TEMP.ANOMOLY.0.80+,Global Temperature Anomaly for 2012 (Jan-Dec) to be 0.80 or more,2012-06-25,,,,4.7,1,0,4.7,4.5
751681,2012.TEMP.ANOMOLY.0.80+,Global Temperature Anomaly for 2012 (Jan-Dec) to be 0.80 or more,2012-06-26,,,,4.7,1,0,4.7,4.5
751681,2012.TEMP.ANOMOLY.0.80+,Global Temperature Anomaly for 2012 (Jan-Dec) to be 0.80 or more,2012-06-27,,,,4.7,1,0,4.7,4.5
751681,2012.TEMP.ANOMOLY.0.80+,Global Temperature Anomaly for 2012 (Jan-Dec) to be 0.80 or more,2012-06-28,,,,4.7,1,0,4.7,4.5
751681,2012.TEMP.ANOMOLY.0.80+,Global Temperature Anomaly for 2012 (Jan-Dec) to be 0.80 or more,2012-06-29,,,,4.7,1,0,4.7,4.5
751681,2012.TEMP.ANOMOLY.0.80+,Global Temperature Anomaly for 2012 (Jan-Dec) to be 0.80 or more,2012-06-30,,,,4.7,1,0,4.7,4.5
751681,2012.TEMP.ANOMOLY.0.80+,Global Temperature Anomaly for 2012 (Jan-Dec) to be 0.80 or more,2012-07-01,,,,4.7,1,0,4.7,4.5
751681,2012.TEMP.ANOMOLY.0.80+,Global Temperature Anomaly for 2012 (Jan-Dec) to be 0.80 or more,2012-07-02,,,,4.7,1,0,4.7,4.5
751681,2012.TEMP.ANOMOLY.0.80+,Global Temperature Anomaly for 2012 (Jan-Dec) to be 0.80 or more,2012-07-03,,,,4.7,1,0,4.7,4.5
751681,2012.TEMP.ANOMOLY.0.80+,Global Temperature Anomaly for 2012 (Jan-Dec) to be 0.80 or more,2012-07-04,,,,4.7,1,0,4.7,4.5
751681,2012.TEMP.ANOMOLY.0.80+,Global Temperature Anomaly for 2012 (Jan-Dec) to be 0.80 or more,2012-07-05,,,,4.7,1,0,4.7,4.5
751681,2012.TEMP.ANOMOLY.0.80+,Global Temperature Anomaly for 2012 (Jan-Dec) to be 0.80 or more,2012-07-06,,,,4.7,1,0,4.7,4.5
751681,2012.TEMP.ANOMOLY.0.80+,Global Temperature Anomaly for 2012 (Jan-Dec) to be 0.80 or more,2012-07-07,,,,4.7,1,0,4.7,4.5
751681,2012.TEMP.ANOMOLY.0.80+,Global Temperature Anomaly for 2012 (Jan-Dec) to be 0.80 or more,2012-07-08,,,,4.7,1,0,4.7,4.5
751681,2012.TEMP.ANOMOLY.0.80+,Global Temperature Anomaly for 2012 (Jan-Dec) to be 0.80 or more,2012-07-09,,,,4.7,1,0,4.7,4.5
751681,2012.TEMP.ANOMOLY.0.80+,Global Temperature Anomaly for 2012 (Jan-Dec) to be 0.80 or more,2012-07-10,,,,4.7,1,0,4.7,4.5
751681,2012.TEMP.ANOMOLY.0.80+,Global Temperature Anomaly for 2012 (Jan-Dec) to be 0.80 or more,2012-07-11,,,,4.7,1,0,4.7,4.5
751681,2012.TEMP.ANOMOLY.0.80+,Global Temperature Anomaly for 2012 (Jan-Dec) to be 0.80 or more,2012-07-12,,,,4.7,1,0,4.7,4.5
751681,2012.TEMP.ANOMOLY.0.80+,Global Temperature Anomaly for 2012 (Jan-Dec) to be 0.80 or more,2012-07-13,,,,4.7,1,0,4.7,4.5
751681,2012.TEMP.ANOMOLY.0.80+,Global Temperature Anomaly for 2012 (Jan-Dec) to be 0.80 or more,2012-07-14,,,,4.7,1,0,4.7,4.5
751681,2012.TEMP.ANOMOLY.0.80+,Global Temperature Anomaly for 2012 (Jan-Dec) to be 0.80 or more,2012-07-15,,,,4.7,1,0,4.7,4.5
751681,2012.TEMP.ANOMOLY.0.80+,Global Temperature Anomaly for 2012 (Jan-Dec) to be 0.80 or more,2012-07-16,,,,4.7,1,0,4.7,4.5
751681,2012.TEMP.ANOMOLY.0.80+,Global Temperature Anomaly for 2012 (Jan-Dec) to be 0.80 or more,2012-07-17,,,,4.7,1,0,4.7,4.5
751681,2012.TEMP.ANOMOLY.0.80+,Global Temperature Anomaly for 2012 (Jan-Dec) to be 0.80 or more,2012-07-18,,,,4.7,1,0,4.7,4.5
751681,2012.TEMP.ANOMOLY.0.80+,Global Temperature Anomaly for 2012 (Jan-Dec) to be 0.80 or more,2012-07-19,,,,4.7,1,0,4.7,4.5
751681,2012.TEMP.ANOMOLY.0.80+,Global Temperature Anomaly for 2012 (Jan-Dec) to be 0.80 or more,2012-07-20,,,,4.7,1,0,4.7,4.5
751681,2012.TEMP.ANOMOLY.0.80+,Global Temperature Anomaly for 2012 (Jan-Dec) to be 0.80 or more,2012-07-21,,,,4.7,1,0,4.7,4.5
751681,2012.TEMP.ANOMOLY.0.80+,Global Temperature Anomaly for 2012 (Jan-Dec) to be 0.80 or more,2012-07-22,,,,4.7,1,0,4.7,4.5
751681,2012.TEMP.ANOMOLY.0.80+,Global Temperature Anomaly for 2012 (Jan-Dec) to be 0.80 or more,2012-07-23,,,,4.7,1,0,4.7,4.5
751681,2012.TEMP.ANOMOLY.0.80+,Global Temperature Anomaly for 2012 (Jan-Dec) to be 0.80 or more,2012-07-24,,,,4.7,1,0,4.7,4.5
751681,2012.TEMP.ANOMOLY.0.80+,Global Temperature Anomaly for 2012 (Jan-Dec) to be 0.80 or more,2012-07-25,,,,4.7,1,0,4.7,4.5
751681,2012.TEMP.ANOMOLY.0.80+,Global Temperature Anomaly for 2012 (Jan-Dec) to be 0.80 or more,2012-07-26,,,,4.7,1,0,4.7,4.5
751681,2012.TEMP.ANOMOLY.0.80+,Global Temperature Anomaly for 2012 (Jan-Dec) to be 0.80 or more,2012-07-27,,,,4.7,1,0,4.7,4.5
751681,2012.TEMP.ANOMOLY.0.80+,Global Temperature Anomaly for 2012 (Jan-Dec) to be 0.80 or more,2012-07-28,,,,4.7,1,0,4.7,4.5
751681,2012.TEMP.ANOMOLY.0.80+,Global Temperature Anomaly for 2012 (Jan-Dec) to be 0.80 or more,2012-07-29,,,,4.7,1,0,4.7,4.5
751681,2012.TEMP.ANOMOLY.0.80+,Global Temperature Anomaly for 2012 (Jan-Dec) to be 0.80 or more,2012-07-30,,,,4.7,1,0,4.7,4.5
751681,2012.TEMP.ANOMOLY.0.80+,Global Temperature Anomaly for 2012 (Jan-Dec) to be 0.80 or more,2012-07-31,,,,4.7,1,0,4.7,4.5
751681,2012.TEMP.ANOMOLY.0.80+,Global Temperature Anomaly for 2012 (Jan-Dec) to be 0.80 or more,2012-08-01,,,,4.7,1,0,4.7,4.5
751681,2012.TEMP.ANOMOLY.0.80+,Global Temperature Anomaly for 2012 (Jan-Dec) to be 0.80 or more,2012-08-02,,,,4.7,1,0,4.7,4.5
751681,2012.TEMP.ANOMOLY.0.80+,Global Temperature Anomaly for 2012 (Jan-Dec) to be 0.80 or more,2012-08-03,,,,4.7,1,0,4.7,4.5
751681,2012.TEMP.ANOMOLY.0.80+,Global Temperature Anomaly for 2012 (Jan-Dec) to be 0.80 or more,2012-08-04,,,,4.7,1,0,4.7,4.5
751681,2012.TEMP.ANOMOLY.0.80+,Global Temperature Anomaly for 2012 (Jan-Dec) to be 0.80 or more,2012-08-05,,,,4.7,1,0,4.7,4.5
751681,2012.TEMP.ANOMOLY.0.80+,Global Temperature Anomaly for 2012 (Jan-Dec) to be 0.80 or more,2012-08-06,,,,4.7,1,0,4.7,4.5
751681,2012.TEMP.ANOMOLY.0.80+,Global Temperature Anomaly for 2012 (Jan-Dec) to be 0.80 or more,2012-08-07,,,,4.7,1,0,4.7,4.5
751681,2012.TEMP.ANOMOLY.0.80+,Global Temperature Anomaly for 2012 (Jan-Dec) to be 0.80 or more,2012-08-08,,,,4.7,1,0,4.7,4.5
751681,2012.TEMP.ANOMOLY.0.80+,Global Temperature Anomaly for 2012 (Jan-Dec) to be 0.80 or more,2012-08-09,,,,4.7,1,0,4.7,4.5
751681,2012.TEMP.ANOMOLY.0.80+,Global Temperature Anomaly for 2012 (Jan-Dec) to be 0.80 or more,2012-08-10,,,,4.7,1,0,4.7,4.5
751681,2012.TEMP.ANOMOLY.0.80+,Global Temperature Anomaly for 2012 (Jan-Dec) to be 0.80 or more,2012-08-11,,,,4.7,1,0,4.7,4.5
751681,2012.TEMP.ANOMOLY.0.80+,Global Temperature Anomaly for 2012 (Jan-Dec) to be 0.80 or more,2012-08-12,,,,4.7,1,0,4.7,4.5
751681,2012.TEMP.ANOMOLY.0.80+,Global Temperature Anomaly for 2012 (Jan-Dec) to be 0.80 or more,2012-08-13,,,,4.7,1,0,4.7,4.5
751681,2012.TEMP.ANOMOLY.0.80+,Global Temperature Anomaly for 2012 (Jan-Dec) to be 0.80 or more,2012-08-14,,,,4.7,1,0,4.7,4.5
751681,2012.TEMP.ANOMOLY.0.80+,Global Temperature Anomaly for 2012 (Jan-Dec) to be 0.80 or more,2012-08-15,,,,4.7,1,0,4.7,4.5
751681,2012.TEMP.ANOMOLY.0.80+,Global Temperature Anomaly for 2012 (Jan-Dec) to be 0.80 or more,2012-08-16,,,,4.7,1,0,4.7,4.5
751681,2012.TEMP.ANOMOLY.0.80+,Global Temperature Anomaly for 2012 (Jan-Dec) to be 0.80 or more,2012-08-17,,,,4.7,1,0,4.7,4.5
751681,2012.TEMP.ANOMOLY.0.80+,Global Temperature Anomaly for 2012 (Jan-Dec) to be 0.80 or more,2012-08-18,,,,4.7,1,0,4.7,4.5
751681,2012.TEMP.ANOMOLY.0.80+,Global Temperature Anomaly for 2012 (Jan-Dec) to be 0.80 or more,2012-08-19,,,,4.7,1,0,4.7,4.5
751681,2012.TEMP.ANOMOLY.0.80+,Global Temperature Anomaly for 2012 (Jan-Dec) to be 0.80 or more,2012-08-20,,,,4.7,1,0,4.7,4.5
751681,2012.TEMP.ANOMOLY.0.80+,Global Temperature Anomaly for 2012 (Jan-Dec) to be 0.80 or more,2012-08-21,,,,4.7,1,0,4.7,4.5
751681,2012.TEMP.ANOMOLY.0.80+,Global Temperature Anomaly for 2012 (Jan-Dec) to be 0.80 or more,2012-08-22,,,,4.7,1,0,4.7,4.5
751681,2012.TEMP.ANOMOLY.0.80+,Global Temperature Anomaly for 2012 (Jan-Dec) to be 0.80 or more,2012-08-23,,,,4.7,1,0,4.7,4.5
751681,2012.TEMP.ANOMOLY.0.80+,Global Temperature Anomaly for 2012 (Jan-Dec) to be 0.80 or more,2012-08-24,,,,4.7,1,0,4.7,4.5
751681,2012.TEMP.ANOMOLY.0.80+,Global Temperature Anomaly for 2012 (Jan-Dec) to be 0.80 or more,2012-08-25,,,,4.7,1,0,4.7,4.5
751681,2012.TEMP.ANOMOLY.0.80+,Global Temperature Anomaly for 2012 (Jan-Dec) to be 0.80 or more,2012-08-26,,,,4.7,1,0,4.7,4.5
751681,2012.TEMP.ANOMOLY.0.80+,Global Temperature Anomaly for 2012 (Jan-Dec) to be 0.80 or more,2012-08-27,,,,4.7,1,0,4.7,4.5
751681,2012.TEMP.ANOMOLY.0.80+,Global Temperature Anomaly for 2012 (Jan-Dec) to be 0.80 or more,2012-08-28,,,,4.7,1,0,4.7,4.5
751681,2012.TEMP.ANOMOLY.0.80+,Global Temperature Anomaly for 2012 (Jan-Dec) to be 0.80 or more,2012-08-29,,,,4.7,1,0,4.7,4.5
751681,2012.TEMP.ANOMOLY.0.80+,Global Temperature Anomaly for 2012 (Jan-Dec) to be 0.80 or more,2012-08-30,,,,4.7,1,0,4.7,4.5
751681,2012.TEMP.ANOMOLY.0.80+,Global Temperature Anomaly for 2012 (Jan-Dec) to be 0.80 or more,2012-08-31,,,,4.7,1,0,4.7,4.5
751681,2012.TEMP.ANOMOLY.0.80+,Global Temperature Anomaly for 2012 (Jan-Dec) to be 0.80 or more,2012-09-01,,,,4.7,1,0,4.7,4.5
751681,2012.TEMP.ANOMOLY.0.80+,Global Temperature Anomaly for 2012 (Jan-Dec) to be 0.80 or more,2012-09-02,,,,4.7,1,0,4.7,4.5
751681,2012.TEMP.ANOMOLY.0.80+,Global Temperature Anomaly for 2012 (Jan-Dec) to be 0.80 or more,2012-09-03,,,,4.7,1,0,4.7,4.5
751681,2012.TEMP.ANOMOLY.0.80+,Global Temperature Anomaly for 2012 (Jan-Dec) to be 0.80 or more,2012-09-04,,,,4.7,1,0,4.7,4.5
751681,2012.TEMP.ANOMOLY.0.80+,Global Temperature Anomaly for 2012 (Jan-Dec) to be 0.80 or more,2012-09-05,,,,4.7,1,0,4.7,4.5
751681,2012.TEMP.ANOMOLY.0.80+,Global Temperature Anomaly for 2012 (Jan-Dec) to be 0.80 or more,2012-09-06,,,,4.7,1,0,4.7,4.5
751681,2012.TEMP.ANOMOLY.0.80+,Global Temperature Anomaly for 2012 (Jan-Dec) to be 0.80 or more,2012-09-07,,,,4.7,1,0,4.7,4.5
751681,2012.TEMP.ANOMOLY.0.80+,Global Temperature Anomaly for 2012 (Jan-Dec) to be 0.80 or more,2012-09-08,,,,4.7,1,0,4.7,4.5
751681,2012.TEMP.ANOMOLY.0.80+,Global Temperature Anomaly for 2012 (Jan-Dec) to be 0.80 or more,2012-09-09,,,,4.7,1,0,4.7,4.5
751681,2012.TEMP.ANOMOLY.0.80+,Global Temperature Anomaly for 2012 (Jan-Dec) to be 0.80 or more,2012-09-10,,,,4.7,1,0,4.7,4.5
751681,2012.TEMP.ANOMOLY.0.80+,Global Temperature Anomaly for 2012 (Jan-Dec) to be 0.80 or more,2012-09-11,,,,4.7,1,0,4.7,4.5
751681,2012.TEMP.ANOMOLY.0.80+,Global Temperature Anomaly for 2012 (Jan-Dec) to be 0.80 or more,2012-09-12,,,,4.7,1,0,4.7,4.5
751681,2012.TEMP.ANOMOLY.0.80+,Global Temperature Anomaly for 2012 (Jan-Dec) to be 0.80 or more,2012-09-13,,,,4.7,1,0,4.7,4.5
751681,2012.TEMP.ANOMOLY.0.80+,Global Temperature Anomaly for 2012 (Jan-Dec) to be 0.80 or more,2012-09-14,,,,4.7,1,0,4.7,4.5
751681,2012.TEMP.ANOMOLY.0.80+,Global Temperature Anomaly for 2012 (Jan-Dec) to be 0.80 or more,2012-09-15,,,,4.7,1,0,4.7,4.5
751681,2012.TEMP.ANOMOLY.0.80+,Global Temperature Anomaly for 2012 (Jan-Dec) to be 0.80 or more,2012-09-16,,,,4.7,1,0,4.7,4.5
751681,2012.TEMP.ANOMOLY.0.80+,Global Temperature Anomaly for 2012 (Jan-Dec) to be 0.80 or more,2012-09-17,,,,4.7,1,0,4.7,4.5
751681,2012.TEMP.ANOMOLY.0.80+,Global Temperature Anomaly for 2012 (Jan-Dec) to be 0.80 or more,2012-09-18,,,,4.7,1,0,4.7,4.5
751681,2012.TEMP.ANOMOLY.0.80+,Global Temperature Anomaly for 2012 (Jan-Dec) to be 0.80 or more,2012-09-19,,,,4.7,1,0,4.7,4.5
751681,2012.TEMP.ANOMOLY.0.80+,Global Temperature Anomaly for 2012 (Jan-Dec) to be 0.80 or more,2012-09-20,,,,4.7,1,0,4.7,4.5
751681,2012.TEMP.ANOMOLY.0.80+,Global Temperature Anomaly for 2012 (Jan-Dec) to be 0.80 or more,2012-09-21,,,,4.7,1,0,4.7,4.5
751681,2012.TEMP.ANOMOLY.0.80+,Global Temperature Anomaly for 2012 (Jan-Dec) to be 0.80 or more,2012-09-22,,,,4.7,1,0,4.7,4.5
751681,2012.TEMP.ANOMOLY.0.80+,Global Temperature Anomaly for 2012 (Jan-Dec) to be 0.80 or more,2012-09-23,,,,4.7,1,0,4.7,4.5
751681,2012.TEMP.ANOMOLY.0.80+,Global Temperature Anomaly for 2012 (Jan-Dec) to be 0.80 or more,2012-09-24,,,,4.7,1,0,4.7,4.5
751681,2012.TEMP.ANOMOLY.0.80+,Global Temperature Anomaly for 2012 (Jan-Dec) to be 0.80 or more,2012-09-25,,,,4.7,1,0,4.7,4.5
751681,2012.TEMP.ANOMOLY.0.80+,Global Temperature Anomaly for 2012 (Jan-Dec) to be 0.80 or more,2012-09-26,,,,4.7,1,0,4.7,4.5
751681,2012.TEMP.ANOMOLY.0.80+,Global Temperature Anomaly for 2012 (Jan-Dec) to be 0.80 or more,2012-09-27,,,,4.7,1,0,4.7,4.5
751681,2012.TEMP.ANOMOLY.0.80+,Global Temperature Anomaly for 2012 (Jan-Dec) to be 0.80 or more,2012-09-28,,,,4.7,1,0,4.7,4.5
751681,2012.TEMP.ANOMOLY.0.80+,Global Temperature Anomaly for 2012 (Jan-Dec) to be 0.80 or more,2012-09-29,,,,4.7,1,0,4.7,4.5
751681,2012.TEMP.ANOMOLY.0.80+,Global Temperature Anomaly for 2012 (Jan-Dec) to be 0.80 or more,2012-09-30,,,,4.7,1,0,4.7,4.5
751681,2012.TEMP.ANOMOLY.0.80+,Global Temperature Anomaly for 2012 (Jan-Dec) to be 0.80 or more,2012-10-01,,,,4.7,1,0,4.7,4.5
751681,2012.TEMP.ANOMOLY.0.80+,Global Temperature Anomaly for 2012 (Jan-Dec) to be 0.80 or more,2012-10-02,,,,4.7,1,0,4.7,4.5
751681,2012.TEMP.ANOMOLY.0.80+,Global Temperature Anomaly for 2012 (Jan-Dec) to be 0.80 or more,2012-10-03,,,,4.7,1,0,4.7,4.5
751681,2012.TEMP.ANOMOLY.0.80+,Global Temperature Anomaly for 2012 (Jan-Dec) to be 0.80 or more,2012-10-04,,,,4.7,1,0,4.7,4.5
751681,2012.TEMP.ANOMOLY.0.80+,Global Temperature Anomaly for 2012 (Jan-Dec) to be 0.80 or more,2012-10-05,,,,4.7,1,0,4.7,4.5
751681,2012.TEMP.ANOMOLY.0.80+,Global Temperature Anomaly for 2012 (Jan-Dec) to be 0.80 or more,2012-10-06,,,,4.7,1,0,4.7,4.5
751681,2012.TEMP.ANOMOLY.0.80+,Global Temperature Anomaly for 2012 (Jan-Dec) to be 0.80 or more,2012-10-07,,,,4.7,1,0,4.7,4.5
751681,2012.TEMP.ANOMOLY.0.80+,Global Temperature Anomaly for 2012 (Jan-Dec) to be 0.80 or more,2012-10-08,,,,4.7,1,0,4.7,4.5
751681,2012.TEMP.ANOMOLY.0.80+,Global Temperature Anomaly for 2012 (Jan-Dec) to be 0.80 or more,2012-10-09,,,,4.7,1,0,4.7,4.5
751681,2012.TEMP.ANOMOLY.0.80+,Global Temperature Anomaly for 2012 (Jan-Dec) to be 0.80 or more,2012-10-10,,,,4.7,1,0,4.7,4.5
751681,2012.TEMP.ANOMOLY.0.80+,Global Temperature Anomaly for 2012 (Jan-Dec) to be 0.80 or more,2012-10-11,,,,4.7,1,0,4.7,4.5
751681,2012.TEMP.ANOMOLY.0.80+,Global Temperature Anomaly for 2012 (Jan-Dec) to be 0.80 or more,2012-10-12,,,,4.7,1,0,4.7,4.5
751681,2012.TEMP.ANOMOLY.0.80+,Global Temperature Anomaly for 2012 (Jan-Dec) to be 0.80 or more,2012-10-13,,,,4.7,1,0,4.7,4.5
751681,2012.TEMP.ANOMOLY.0.80+,Global Temperature Anomaly for 2012 (Jan-Dec) to be 0.80 or more,2012-10-14,,,,4.7,1,0,4.7,4.5
751681,2012.TEMP.ANOMOLY.0.80+,Global Temperature Anomaly for 2012 (Jan-Dec) to be 0.80 or more,2012-10-15,,,,4.7,1,0,4.7,4.5
751681,2012.TEMP.ANOMOLY.0.80+,Global Temperature Anomaly for 2012 (Jan-Dec) to be 0.80 or more,2012-10-16,,,,4.7,1,0,4.7,4.5
751681,2012.TEMP.ANOMOLY.0.80+,Global Temperature Anomaly for 2012 (Jan-Dec) to be 0.80 or more,2012-10-17,,,,4.7,1,0,4.7,4.5
751681,2012.TEMP.ANOMOLY.0.80+,Global Temperature Anomaly for 2012 (Jan-Dec) to be 0.80 or more,2012-10-18,,,,4.7,1,0,4.7,4.5
751681,2012.TEMP.ANOMOLY.0.80+,Global Temperature Anomaly for 2012 (Jan-Dec) to be 0.80 or more,2012-10-19,,,,4.7,1,0,4.7,4.5
751681,2012.TEMP.ANOMOLY.0.80+,Global Temperature Anomaly for 2012 (Jan-Dec) to be 0.80 or more,2012-10-20,,,,4.7,1,0,4.7,4.5
751681,2012.TEMP.ANOMOLY.0.80+,Global Temperature Anomaly for 2012 (Jan-Dec) to be 0.80 or more,2012-10-21,,,,4.7,1,0,4.7,4.5
751681,2012.TEMP.ANOMOLY.0.80+,Global Temperature Anomaly for 2012 (Jan-Dec) to be 0.80 or more,2012-10-22,,,,4.7,1,0,4.7,4.5
751681,2012.TEMP.ANOMOLY.0.80+,Global Temperature Anomaly for 2012 (Jan-Dec) to be 0.80 or more,2012-10-23,,,,4.7,1,0,4.7,4.5
751681,2012.TEMP.ANOMOLY.0.80+,Global Temperature Anomaly for 2012 (Jan-Dec) to be 0.80 or more,2012-10-24,,,,4.7,1,0,4.7,4.5
751681,2012.TEMP.ANOMOLY.0.80+,Global Temperature Anomaly for 2012 (Jan-Dec) to be 0.80 or more,2012-10-25,,,,4.7,1,0,4.7,4.5
751681,2012.TEMP.ANOMOLY.0.80+,Global Temperature Anomaly for 2012 (Jan-Dec) to be 0.80 or more,2012-10-26,,,,4.7,1,0,4.7,4.5
751681,2012.TEMP.ANOMOLY.0.80+,Global Temperature Anomaly for 2012 (Jan-Dec) to be 0.80 or more,2012-10-27,,,,4.7,1,0,4.7,4.5
751681,2012.TEMP.ANOMOLY.0.80+,Global Temperature Anomaly for 2012 (Jan-Dec) to be 0.80 or more,2012-10-28,,,,4.7,1,0,4.7,4.5
751681,2012.TEMP.ANOMOLY.0.80+,Global Temperature Anomaly for 2012 (Jan-Dec) to be 0.80 or more,2012-10-29,,,,4.7,1,0,4.7,4.5
751681,2012.TEMP.ANOMOLY.0.80+,Global Temperature Anomaly for 2012 (Jan-Dec) to be 0.80 or more,2012-10-30,,,,4.7,1,0,4.7,4.5
751681,2012.TEMP.ANOMOLY.0.80+,Global Temperature Anomaly for 2012 (Jan-Dec) to be 0.80 or more,2012-10-31,,,,4.7,1,0,4.7,4.5
751681,2012.TEMP.ANOMOLY.0.80+,Global Temperature Anomaly for 2012 (Jan-Dec) to be 0.80 or more,2012-11-01,,,,4.7,1,0,4.7,4.5
751681,2012.TEMP.ANOMOLY.0.80+,Global Temperature Anomaly for 2012 (Jan-Dec) to be 0.80 or more,2012-11-02,,,,4.7,1,0,4.7,4.5
751681,2012.TEMP.ANOMOLY.0.80+,Global Temperature Anomaly for 2012 (Jan-Dec) to be 0.80 or more,2012-11-03,,,,4.7,1,0,4.7,4.5
751681,2012.TEMP.ANOMOLY.0.80+,Global Temperature Anomaly for 2012 (Jan-Dec) to be 0.80 or more,2012-11-04,,,,4.7,1,0,4.7,4.5
751681,2012.TEMP.ANOMOLY.0.80+,Global Temperature Anomaly for 2012 (Jan-Dec) to be 0.80 or more,2012-11-05,,,,4.7,1,0,4.7,4.5
751681,2012.TEMP.ANOMOLY.0.80+,Global Temperature Anomaly for 2012 (Jan-Dec) to be 0.80 or more,2012-11-06,,,,4.7,1,0,4.7,4.5
751681,2012.TEMP.ANOMOLY.0.80+,Global Temperature Anomaly for 2012 (Jan-Dec) to be 0.80 or more,2012-11-07,,,,4.7,1,0,4.7,4.5
751681,2012.TEMP.ANOMOLY.0.80+,Global Temperature Anomaly for 2012 (Jan-Dec) to be 0.80 or more,2012-11-08,,,,4.7,1,0,4.7,4.5
751681,2012.TEMP.ANOMOLY.0.80+,Global Temperature Anomaly for 2012 (Jan-Dec) to be 0.80 or more,2012-11-09,,,,4.7,1,0,4.7,4.5
751681,2012.TEMP.ANOMOLY.0.80+,Global Temperature Anomaly for 2012 (Jan-Dec) to be 0.80 or more,2012-11-10,,,,4.7,1,0,4.7,4.5
751681,2012.TEMP.ANOMOLY.0.80+,Global Temperature Anomaly for 2012 (Jan-Dec) to be 0.80 or more,2012-11-11,,,,4.7,1,0,4.7,4.5
751681,2012.TEMP.ANOMOLY.0.80+,Global Temperature Anomaly for 2012 (Jan-Dec) to be 0.80 or more,2012-11-12,,,,4.7,1,0,4.7,4.5
751681,2012.TEMP.ANOMOLY.0.80+,Global Temperature Anomaly for 2012 (Jan-Dec) to be 0.80 or more,2012-11-13,,,,4.7,1,0,4.7,4.5
751681,2012.TEMP.ANOMOLY.0.80+,Global Temperature Anomaly for 2012 (Jan-Dec) to be 0.80 or more,2012-11-14,,,,4.7,1,0,4.7,4.5
751681,2012.TEMP.ANOMOLY.0.80+,Global Temperature Anomaly for 2012 (Jan-Dec) to be 0.80 or more,2012-11-15,,,,4.7,1,0,4.7,4.5
751681,2012.TEMP.ANOMOLY.0.80+,Global Temperature Anomaly for 2012 (Jan-Dec) to be 0.80 or more,2012-11-16,,,,4.7,1,0,4.7,4.5
751681,2012.TEMP.ANOMOLY.0.80+,Global Temperature Anomaly for 2012 (Jan-Dec) to be 0.80 or more,2012-11-17,,,,4.7,1,0,4.7,4.5
751681,2012.TEMP.ANOMOLY.0.80+,Global Temperature Anomaly for 2012 (Jan-Dec) to be 0.80 or more,2012-11-18,,,,4.7,1,0,4.7,4.5
751681,2012.TEMP.ANOMOLY.0.80+,Global Temperature Anomaly for 2012 (Jan-Dec) to be 0.80 or more,2012-11-19,,,,4.7,1,0,4.7,4.5
751681,2012.TEMP.ANOMOLY.0.80+,Global Temperature Anomaly for 2012 (Jan-Dec) to be 0.80 or more,2012-11-20,,,,4.7,1,0,4.7,4.5
751681,2012.TEMP.ANOMOLY.0.80+,Global Temperature Anomaly for 2012 (Jan-Dec) to be 0.80 or more,2012-11-21,,,,4.7,1,0,4.7,4.5
751681,2012.TEMP.ANOMOLY.0.80+,Global Temperature Anomaly for 2012 (Jan-Dec) to be 0.80 or more,2012-11-22,,,,4.7,1,0,4.7,4.5
751681,2012.TEMP.ANOMOLY.0.80+,Global Temperature Anomaly for 2012 (Jan-Dec) to be 0.80 or more,2012-11-23,,,,4.7,1,0,4.7,4.5
751681,2012.TEMP.ANOMOLY.0.80+,Global Temperature Anomaly for 2012 (Jan-Dec) to be 0.80 or more,2012-11-24,,,,4.7,1,0,4.7,4.5
751681,2012.TEMP.ANOMOLY.0.80+,Global Temperature Anomaly for 2012 (Jan-Dec) to be 0.80 or more,2012-11-25,,,,4.7,1,0,4.7,4.5
751681,2012.TEMP.ANOMOLY.0.80+,Global Temperature Anomaly for 2012 (Jan-Dec) to be 0.80 or more,2012-11-26,,,,4.7,1,0,4.7,4.5
751681,2012.TEMP.ANOMOLY.0.80+,Global Temperature Anomaly for 2012 (Jan-Dec) to be 0.80 or more,2012-11-27,,,,4.7,1,0,4.7,4.5
751681,2012.TEMP.ANOMOLY.0.80+,Global Temperature Anomaly for 2012 (Jan-Dec) to be 0.80 or more,2012-11-28,,,,4.7,1,0,4.7,4.5
751681,2012.TEMP.ANOMOLY.0.80+,Global Temperature Anomaly for 2012 (Jan-Dec) to be 0.80 or more,2012-11-29,,,,4.7,1,0,4.7,4.5
751681,2012.TEMP.ANOMOLY.0.80+,Global Temperature Anomaly for 2012 (Jan-Dec) to be 0.80 or more,2012-11-30,,,,4.7,1,0,4.7,4.5
751681,2012.TEMP.ANOMOLY.0.80+,Global Temperature Anomaly for 2012 (Jan-Dec) to be 0.80 or more,2012-12-01,,,,4.7,1,0,4.7,4.5
751681,2012.TEMP.ANOMOLY.0.80+,Global Temperature Anomaly for 2012 (Jan-Dec) to be 0.80 or more,2012-12-02,,,,4.7,1,0,4.7,4.5
751681,2012.TEMP.ANOMOLY.0.80+,Global Temperature Anomaly for 2012 (Jan-Dec) to be 0.80 or more,2012-12-03,,,,4.7,1,0,4.7,4.5
751681,2012.TEMP.ANOMOLY.0.80+,Global Temperature Anomaly for 2012 (Jan-Dec) to be 0.80 or more,2012-12-04,,,,4.7,1,0,4.7,4.5
751681,2012.TEMP.ANOMOLY.0.80+,Global Temperature Anomaly for 2012 (Jan-Dec) to be 0.80 or more,2012-12-05,,,,4.7,1,0,4.7,4.5
751681,2012.TEMP.ANOMOLY.0.80+,Global Temperature Anomaly for 2012 (Jan-Dec) to be 0.80 or more,2012-12-06,,,,4.7,1,0,4.7,4.5
751681,2012.TEMP.ANOMOLY.0.80+,Global Temperature Anomaly for 2012 (Jan-Dec) to be 0.80 or more,2012-12-07,,,,4.7,1,0,4.7,4.5
751681,2012.TEMP.ANOMOLY.0.80+,Global Temperature Anomaly for 2012 (Jan-Dec) to be 0.80 or more,2012-12-08,,,,4.7,1,0,4.7,4.5
751681,2012.TEMP.ANOMOLY.0.80+,Global Temperature Anomaly for 2012 (Jan-Dec) to be 0.80 or more,2012-12-09,,,,4.7,1,0,4.7,4.5
751681,2012.TEMP.ANOMOLY.0.80+,Global Temperature Anomaly for 2012 (Jan-Dec) to be 0.80 or more,2012-12-10,,,,4.7,1,0,4.7,4.5
751681,2012.TEMP.ANOMOLY.0.80+,Global Temperature Anomaly for 2012 (Jan-Dec) to be 0.80 or more,2012-12-11,,,,4.7,1,0,4.7,4.5
751681,2012.TEMP.ANOMOLY.0.80+,Global Temperature Anomaly for 2012 (Jan-Dec) to be 0.80 or more,2012-12-12,,,,4.7,1,0,4.7,4.5
751681,2012.TEMP.ANOMOLY.0.80+,Global Temperature Anomaly for 2012 (Jan-Dec) to be 0.80 or more,2012-12-13,,,,4.7,1,0,4.7,4.5
751681,2012.TEMP.ANOMOLY.0.80+,Global Temperature Anomaly for 2012 (Jan-Dec) to be 0.80 or more,2012-12-14,,,,4.7,1,0,4.7,4.5
751681,2012.TEMP.ANOMOLY.0.80+,Global Temperature Anomaly for 2012 (Jan-Dec) to be 0.80 or more,2012-12-15,,,,4.7,1,0,4.7,4.5
751681,2012.TEMP.ANOMOLY.0.80+,Global Temperature Anomaly for 2012 (Jan-Dec) to be 0.80 or more,2012-12-16,,,,4.7,1,0,4.7,4.5
751681,2012.TEMP.ANOMOLY.0.80+,Global Temperature Anomaly for 2012 (Jan-Dec) to be 0.80 or more,2012-12-17,,,,4.7,1,0,4.7,4.5
751681,2012.TEMP.ANOMOLY.0.80+,Global Temperature Anomaly for 2012 (Jan-Dec) to be 0.80 or more,2012-12-18,,,,4.7,1,0,4.7,4.5
751681,2012.TEMP.ANOMOLY.0.80+,Global Temperature Anomaly for 2012 (Jan-Dec) to be 0.80 or more,2012-12-19,,,,4.7,1,0,4.7,4.5
751681,2012.TEMP.ANOMOLY.0.80+,Global Temperature Anomaly for 2012 (Jan-Dec) to be 0.80 or more,2012-12-20,,,,4.7,1,0,4.7,4.5
751681,2012.TEMP.ANOMOLY.0.80+,Global Temperature Anomaly for 2012 (Jan-Dec) to be 0.80 or more,2012-12-21,,,,4.7,1,0,4.7,4.5
751681,2012.TEMP.ANOMOLY.0.80+,Global Temperature Anomaly for 2012 (Jan-Dec) to be 0.80 or more,2012-12-22,,,,4.7,1,0,4.7,4.5
751681,2012.TEMP.ANOMOLY.0.80+,Global Temperature Anomaly for 2012 (Jan-Dec) to be 0.80 or more,2012-12-23,,,,4.7,1,0,4.7,4.5
751681,2012.TEMP.ANOMOLY.0.80+,Global Temperature Anomaly for 2012 (Jan-Dec) to be 0.80 or more,2012-12-24,,,,4.7,1,0,4.7,4.5
751681,2012.TEMP.ANOMOLY.0.80+,Global Temperature Anomaly for 2012 (Jan-Dec) to be 0.80 or more,2012-12-25,,,,4.7,1,0,4.7,4.5
751681,2012.TEMP.ANOMOLY.0.80+,Global Temperature Anomaly for 2012 (Jan-Dec) to be 0.80 or more,2012-12-26,,,,4.7,1,0,4.7,4.5
751681,2012.TEMP.ANOMOLY.0.80+,Global Temperature Anomaly for 2012 (Jan-Dec) to be 0.80 or more,2012-12-27,,,,4.7,1,0,4.7,4.5
751681,2012.TEMP.ANOMOLY.0.80+,Global Temperature Anomaly for 2012 (Jan-Dec) to be 0.80 or more,2012-12-28,,,,4.7,1,0,4.7,4.5
751681,2012.TEMP.ANOMOLY.0.80+,Global Temperature Anomaly for 2012 (Jan-Dec) to be 0.80 or more,2012-12-29,,,,4.7,1,0,4.7,4.5
751681,2012.TEMP.ANOMOLY.0.80+,Global Temperature Anomaly for 2012 (Jan-Dec) to be 0.80 or more,2012-12-30,,,,4.7,1,0,4.7,4.5
751681,2012.TEMP.ANOMOLY.0.80+,Global Temperature Anomaly for 2012 (Jan-Dec) to be 0.80 or more,2012-12-31,,,,4.7,1,0,4.7,4.5
751681,2012.TEMP.ANOMOLY.0.80+,Global Temperature Anomaly for 2012 (Jan-Dec) to be 0.80 or more,2013-01-01,,,,4.7,1,0,4.7,4.5
751681,2012.TEMP.ANOMOLY.0.80+,Global Temperature Anomaly for 2012 (Jan-Dec) to be 0.80 or more,2013-01-02,,,,4.7,1,0,4.7,4.5
751681,2012.TEMP.ANOMOLY.0.80+,Global Temperature Anomaly for 2012 (Jan-Dec) to be 0.80 or more,2013-01-03,,,,4.7,1,0,4.7,4.5
751681,2012.TEMP.ANOMOLY.0.80+,Global Temperature Anomaly for 2012 (Jan-Dec) to be 0.80 or more,2013-01-04,,,,4.7,1,0,4.7,4.5
751681,2012.TEMP.ANOMOLY.0.80+,Global Temperature Anomaly for 2012 (Jan-Dec) to be 0.80 or more,2013-01-05,,,,4.7,1,0,4.7,4.5
751681,2012.TEMP.ANOMOLY.0.80+,Global Temperature Anomaly for 2012 (Jan-Dec) to be 0.80 or more,2013-01-06,,,,4.7,1,0,4.7,4.5
751681,2012.TEMP.ANOMOLY.0.80+,Global Temperature Anomaly for 2012 (Jan-Dec) to be 0.80 or more,2013-01-07,,,,4.7,1,0,4.7,4.5
751681,2012.TEMP.ANOMOLY.0.80+,Global Temperature Anomaly for 2012 (Jan-Dec) to be 0.80 or more,2013-01-08,,,,4.7,1,0,4.7,4.5
751681,2012.TEMP.ANOMOLY.0.80+,Global Temperature Anomaly for 2012 (Jan-Dec) to be 0.80 or more,2013-01-09,,,,4.7,1,0,4.7,4.5
751681,2012.TEMP.ANOMOLY.0.80+,Global Temperature Anomaly for 2012 (Jan-Dec) to be 0.80 or more,2013-01-10,,,,4.7,1,0,4.7,4.5
751681,2012.TEMP.ANOMOLY.0.80+,Global Temperature Anomaly for 2012 (Jan-Dec) to be 0.80 or more,2013-01-11,,,,4.7,1,0,4.7,4.5
751681,2012.TEMP.ANOMOLY.0.80+,Global Temperature Anomaly for 2012 (Jan-Dec) to be 0.80 or more,2013-01-12,,,,4.7,1,0,4.7,4.5
751681,2012.TEMP.ANOMOLY.0.80+,Global Temperature Anomaly for 2012 (Jan-Dec) to be 0.80 or more,2013-01-13,,,,4.7,1,0,4.7,4.5
751681,2012.TEMP.ANOMOLY.0.80+,Global Temperature Anomaly for 2012 (Jan-Dec) to be 0.80 or more,2013-01-14,,,,4.7,1,0,4.7,4.5
751681,2012.TEMP.ANOMOLY.0.80+,Global Temperature Anomaly for 2012 (Jan-Dec) to be 0.80 or more,2013-01-15,,,,4.7,1,0,4.7,4.5
