market id,market symbol,market name,business day,session open,session high,session low,closing price,open interest,session trade volume,lifetime high,lifetime low
751677,2012.TEMP.ANOMOLY.1.00+,Global Temperature Anomaly for 2012 (Jan-Dec) to be 1.00 or more,2011-09-08,0.0,0.0,0.0,0.0,0,0,0.0,0.0
751677,2012.TEMP.ANOMOLY.1.00+,Global Temperature Anomaly for 2012 (Jan-Dec) to be 1.00 or more,2011-09-09,0.0,0.0,0.0,0.0,0,0,0.0,0.0
751677,2012.TEMP.ANOMOLY.1.00+,Global Temperature Anomaly for 2012 (Jan-Dec) to be 1.00 or more,2011-09-10,0.0,0.0,0.0,0.0,0,0,0.0,0.0
751677,2012.TEMP.ANOMOLY.1.00+,Global Temperature Anomaly for 2012 (Jan-Dec) to be 1.00 or more,2011-09-11,0.0,0.0,0.0,0.0,0,0,0.0,0.0
751677,2012.TEMP.ANOMOLY.1.00+,Global Temperature Anomaly for 2012 (Jan-Dec) to be 1.00 or more,2011-09-12,0.0,0.0,0.0,0.0,0,0,0.0,0.0
751677,2012.TEMP.ANOMOLY.1.00+,Global Temperature Anomaly for 2012 (Jan-Dec) to be 1.00 or more,2011-09-13,0.0,0.0,0.0,0.0,0,0,0.0,0.0
751677,2012.TEMP.ANOMOLY.1.00+,Global Temperature Anomaly for 2012 (Jan-Dec) to be 1.00 or more,2011-09-14,0.0,0.0,0.0,0.0,0,0,0.0,0.0
751677,2012.TEMP.ANOMOLY.1.00+,Global Temperature Anomaly for 2012 (Jan-Dec) to be 1.00 or more,2011-09-15,0.0,0.0,0.0,0.0,0,0,0.0,0.0
751677,2012.TEMP.ANOMOLY.1.00+,Global Temperature Anomaly for 2012 (Jan-Dec) to be 1.00 or more,2011-09-16,0.0,0.0,0.0,0.0,0,0,0.0,0.0
751677,2012.TEMP.ANOMOLY.1.00+,Global Temperature Anomaly for 2012 (Jan-Dec) to be 1.00 or more,2011-09-17,0.0,0.0,0.0,0.0,0,0,0.0,0.0
751677,2012.TEMP.ANOMOLY.1.00+,Global Temperature Anomaly for 2012 (Jan-Dec) to be 1.00 or more,2011-09-18,0.0,0.0,0.0,0.0,0,0,0.0,0.0
751677,2012.TEMP.ANOMOLY.1.00+,Global Temperature Anomaly for 2012 (Jan-Dec) to be 1.00 or more,2011-09-19,0.0,0.0,0.0,0.0,0,0,0.0,0.0
751677,2012.TEMP.ANOMOLY.1.00+,Global Temperature Anomaly for 2012 (Jan-Dec) to be 1.00 or more,2011-09-20,0.0,0.0,0.0,0.0,0,0,0.0,0.0
751677,2012.TEMP.ANOMOLY.1.00+,Global Temperature Anomaly for 2012 (Jan-Dec) to be 1.00 or more,2011-09-21,0.0,0.0,0.0,0.0,0,0,0.0,0.0
751677,2012.TEMP.ANOMOLY.1.00+,Global Temperature Anomaly for 2012 (Jan-Dec) to be 1.00 or more,2011-09-22,0.0,0.0,0.0,0.0,0,0,0.0,0.0
751677,2012.TEMP.ANOMOLY.1.00+,Global Temperature Anomaly for 2012 (Jan-Dec) to be 1.00 or more,2011-09-23,0.0,0.0,0.0,0.0,0,0,0.0,0.0
751677,2012.TEMP.ANOMOLY.1.00+,Global Temperature Anomaly for 2012 (Jan-Dec) to be 1.00 or more,2011-09-24,0.0,0.0,0.0,0.0,0,0,0.0,0.0
751677,2012.TEMP.ANOMOLY.1.00+,Global Temperature Anomaly for 2012 (Jan-Dec) to be 1.00 or more,2011-09-25,0.0,0.0,0.0,0.0,0,0,0.0,0.0
751677,2012.TEMP.ANOMOLY.1.00+,Global Temperature Anomaly for 2012 (Jan-Dec) to be 1.00 or more,2011-09-26,0.0,0.0,0.0,0.0,0,0,0.0,0.0
751677,2012.TEMP.ANOMOLY.1.00+,Global Temperature Anomaly for 2012 (Jan-Dec) to be 1.00 or more,2011-09-27,0.0,0.0,0.0,0.0,0,0,0.0,0.0
751677,2012.TEMP.ANOMOLY.1.00+,Global Temperature Anomaly for 2012 (Jan-Dec) to be 1.00 or more,2011-09-28,0.0,0.0,0.0,0.0,0,0,0.0,0.0
751677,2012.TEMP.ANOMOLY.1.00+,Global Temperature Anomaly for 2012 (Jan-Dec) to be 1.00 or more,2011-09-29,1.0,1.0,1.0,1.0,1,1,1.0,1.0
751677,2012.TEMP.ANOMOLY.1.00+,Global Temperature Anomaly for 2012 (Jan-Dec) to be 1.00 or more,2011-09-30,0.0,0.0,0.0,1.0,1,0,1.0,1.0
751677,2012.TEMP.ANOMOLY.1.00+,Global Temperature Anomaly for 2012 (Jan-Dec) to be 1.00 or more,2011-10-01,0.0,0.0,0.0,1.0,1,0,1.0,1.0
751677,2012.TEMP.ANOMOLY.1.00+,Global Temperature Anomaly for 2012 (Jan-Dec) to be 1.00 or more,2011-10-02,0.0,0.0,0.0,1.0,1,0,1.0,1.0
751677,2012.TEMP.ANOMOLY.1.00+,Global Temperature Anomaly for 2012 (Jan-Dec) to be 1.00 or more,2011-10-03,0.0,0.0,0.0,1.0,1,0,1.0,1.0
751677,2012.TEMP.ANOMOLY.1.00+,Global Temperature Anomaly for 2012 (Jan-Dec) to be 1.00 or more,2011-10-04,0.0,0.0,0.0,1.0,1,0,1.0,1.0
751677,2012.TEMP.ANOMOLY.1.00+,Global Temperature Anomaly for 2012 (Jan-Dec) to be 1.00 or more,2011-10-05,0.0,0.0,0.0,1.0,1,0,1.0,1.0
751677,2012.TEMP.ANOMOLY.1.00+,Global Temperature Anomaly for 2012 (Jan-Dec) to be 1.00 or more,2011-10-06,0.0,0.0,0.0,1.0,1,0,1.0,1.0
751677,2012.TEMP.ANOMOLY.1.00+,Global Temperature Anomaly for 2012 (Jan-Dec) to be 1.00 or more,2011-10-07,0.0,0.0,0.0,1.0,1,0,1.0,1.0
751677,2012.TEMP.ANOMOLY.1.00+,Global Temperature Anomaly for 2012 (Jan-Dec) to be 1.00 or more,2011-10-08,0.0,0.0,0.0,1.0,1,0,1.0,1.0
751677,2012.TEMP.ANOMOLY.1.00+,Global Temperature Anomaly for 2012 (Jan-Dec) to be 1.00 or more,2011-10-09,0.0,0.0,0.0,1.0,1,0,1.0,1.0
751677,2012.TEMP.ANOMOLY.1.00+,Global Temperature Anomaly for 2012 (Jan-Dec) to be 1.00 or more,2011-10-10,0.0,0.0,0.0,1.0,1,0,1.0,1.0
751677,2012.TEMP.ANOMOLY.1.00+,Global Temperature Anomaly for 2012 (Jan-Dec) to be 1.00 or more,2011-10-11,0.0,0.0,0.0,1.0,1,0,1.0,1.0
751677,2012.TEMP.ANOMOLY.1.00+,Global Temperature Anomaly for 2012 (Jan-Dec) to be 1.00 or more,2011-10-12,0.0,0.0,0.0,1.0,1,0,1.0,1.0
751677,2012.TEMP.ANOMOLY.1.00+,Global Temperature Anomaly for 2012 (Jan-Dec) to be 1.00 or more,2011-10-13,0.0,0.0,0.0,1.0,1,0,1.0,1.0
751677,2012.TEMP.ANOMOLY.1.00+,Global Temperature Anomaly for 2012 (Jan-Dec) to be 1.00 or more,2011-10-14,0.0,0.0,0.0,1.0,1,0,1.0,1.0
751677,2012.TEMP.ANOMOLY.1.00+,Global Temperature Anomaly for 2012 (Jan-Dec) to be 1.00 or more,2011-10-15,0.0,0.0,0.0,1.0,1,0,1.0,1.0
751677,2012.TEMP.ANOMOLY.1.00+,Global Temperature Anomaly for 2012 (Jan-Dec) to be 1.00 or more,2011-10-16,0.0,0.0,0.0,1.0,1,0,1.0,1.0
751677,2012.TEMP.ANOMOLY.1.00+,Global Temperature Anomaly for 2012 (Jan-Dec) to be 1.00 or more,2011-10-17,0.0,0.0,0.0,1.0,1,0,1.0,1.0
751677,2012.TEMP.ANOMOLY.1.00+,Global Temperature Anomaly for 2012 (Jan-Dec) to be 1.00 or more,2011-10-18,0.0,0.0,0.0,1.0,1,0,1.0,1.0
751677,2012.TEMP.ANOMOLY.1.00+,Global Temperature Anomaly for 2012 (Jan-Dec) to be 1.00 or more,2011-10-19,0.0,0.0,0.0,1.0,1,0,1.0,1.0
751677,2012.TEMP.ANOMOLY.1.00+,Global Temperature Anomaly for 2012 (Jan-Dec) to be 1.00 or more,2011-10-20,0.0,0.0,0.0,1.0,1,0,1.0,1.0
751677,2012.TEMP.ANOMOLY.1.00+,Global Temperature Anomaly for 2012 (Jan-Dec) to be 1.00 or more,2011-10-21,0.0,0.0,0.0,1.0,1,0,1.0,1.0
751677,2012.TEMP.ANOMOLY.1.00+,Global Temperature Anomaly for 2012 (Jan-Dec) to be 1.00 or more,2011-10-22,0.0,0.0,0.0,1.0,1,0,1.0,1.0
751677,2012.TEMP.ANOMOLY.1.00+,Global Temperature Anomaly for 2012 (Jan-Dec) to be 1.00 or more,2011-10-23,0.0,0.0,0.0,1.0,1,0,1.0,1.0
751677,2012.TEMP.ANOMOLY.1.00+,Global Temperature Anomaly for 2012 (Jan-Dec) to be 1.00 or more,2011-10-24,0.0,0.0,0.0,1.0,1,0,1.0,1.0
751677,2012.TEMP.ANOMOLY.1.00+,Global Temperature Anomaly for 2012 (Jan-Dec) to be 1.00 or more,2011-10-25,0.0,0.0,0.0,1.0,1,0,1.0,1.0
751677,2012.TEMP.ANOMOLY.1.00+,Global Temperature Anomaly for 2012 (Jan-Dec) to be 1.00 or more,2011-10-26,0.0,0.0,0.0,1.0,1,0,1.0,1.0
751677,2012.TEMP.ANOMOLY.1.00+,Global Temperature Anomaly for 2012 (Jan-Dec) to be 1.00 or more,2011-10-27,0.0,0.0,0.0,1.0,1,0,1.0,1.0
751677,2012.TEMP.ANOMOLY.1.00+,Global Temperature Anomaly for 2012 (Jan-Dec) to be 1.00 or more,2011-10-28,0.0,0.0,0.0,1.0,1,0,1.0,1.0
751677,2012.TEMP.ANOMOLY.1.00+,Global Temperature Anomaly for 2012 (Jan-Dec) to be 1.00 or more,2011-10-29,0.0,0.0,0.0,1.0,1,0,1.0,1.0
751677,2012.TEMP.ANOMOLY.1.00+,Global Temperature Anomaly for 2012 (Jan-Dec) to be 1.00 or more,2011-10-30,0.0,0.0,0.0,1.0,1,0,1.0,1.0
751677,2012.TEMP.ANOMOLY.1.00+,Global Temperature Anomaly for 2012 (Jan-Dec) to be 1.00 or more,2011-10-31,0.0,0.0,0.0,1.0,1,0,1.0,1.0
751677,2012.TEMP.ANOMOLY.1.00+,Global Temperature Anomaly for 2012 (Jan-Dec) to be 1.00 or more,2011-11-01,0.0,0.0,0.0,1.0,1,0,1.0,1.0
751677,2012.TEMP.ANOMOLY.1.00+,Global Temperature Anomaly for 2012 (Jan-Dec) to be 1.00 or more,2011-11-02,0.0,0.0,0.0,1.0,1,0,1.0,1.0
751677,2012.TEMP.ANOMOLY.1.00+,Global Temperature Anomaly for 2012 (Jan-Dec) to be 1.00 or more,2011-11-03,0.0,0.0,0.0,1.0,1,0,1.0,1.0
751677,2012.TEMP.ANOMOLY.1.00+,Global Temperature Anomaly for 2012 (Jan-Dec) to be 1.00 or more,2011-11-04,0.0,0.0,0.0,1.0,1,0,1.0,1.0
751677,2012.TEMP.ANOMOLY.1.00+,Global Temperature Anomaly for 2012 (Jan-Dec) to be 1.00 or more,2011-11-05,0.0,0.0,0.0,1.0,1,0,1.0,1.0
751677,2012.TEMP.ANOMOLY.1.00+,Global Temperature Anomaly for 2012 (Jan-Dec) to be 1.00 or more,2011-11-06,0.0,0.0,0.0,1.0,1,0,1.0,1.0
751677,2012.TEMP.ANOMOLY.1.00+,Global Temperature Anomaly for 2012 (Jan-Dec) to be 1.00 or more,2011-11-07,0.0,0.0,0.0,1.0,1,0,1.0,1.0
751677,2012.TEMP.ANOMOLY.1.00+,Global Temperature Anomaly for 2012 (Jan-Dec) to be 1.00 or more,2011-11-08,0.0,0.0,0.0,1.0,1,0,1.0,1.0
751677,2012.TEMP.ANOMOLY.1.00+,Global Temperature Anomaly for 2012 (Jan-Dec) to be 1.00 or more,2011-11-09,0.0,0.0,0.0,1.0,1,0,1.0,1.0
751677,2012.TEMP.ANOMOLY.1.00+,Global Temperature Anomaly for 2012 (Jan-Dec) to be 1.00 or more,2011-11-10,0.0,0.0,0.0,1.0,1,0,1.0,1.0
751677,2012.TEMP.ANOMOLY.1.00+,Global Temperature Anomaly for 2012 (Jan-Dec) to be 1.00 or more,2011-11-11,0.0,0.0,0.0,1.0,1,0,1.0,1.0
751677,2012.TEMP.ANOMOLY.1.00+,Global Temperature Anomaly for 2012 (Jan-Dec) to be 1.00 or more,2011-11-12,0.0,0.0,0.0,1.0,1,0,1.0,1.0
751677,2012.TEMP.ANOMOLY.1.00+,Global Temperature Anomaly for 2012 (Jan-Dec) to be 1.00 or more,2011-11-13,0.0,0.0,0.0,1.0,1,0,1.0,1.0
751677,2012.TEMP.ANOMOLY.1.00+,Global Temperature Anomaly for 2012 (Jan-Dec) to be 1.00 or more,2011-11-14,0.0,0.0,0.0,1.0,1,0,1.0,1.0
751677,2012.TEMP.ANOMOLY.1.00+,Global Temperature Anomaly for 2012 (Jan-Dec) to be 1.00 or more,2011-11-15,0.0,0.0,0.0,1.0,1,0,1.0,1.0
751677,2012.TEMP.ANOMOLY.1.00+,Global Temperature Anomaly for 2012 (Jan-Dec) to be 1.00 or more,2011-11-16,0.0,0.0,0.0,1.0,1,0,1.0,1.0
751677,2012.TEMP.ANOMOLY.1.00+,Global Temperature Anomaly for 2012 (Jan-Dec) to be 1.00 or more,2011-11-17,0.0,0.0,0.0,1.0,1,0,1.0,1.0
751677,2012.TEMP.ANOMOLY.1.00+,Global Temperature Anomaly for 2012 (Jan-Dec) to be 1.00 or more,2011-11-18,0.0,0.0,0.0,1.0,1,0,1.0,1.0
751677,2012.TEMP.ANOMOLY.1.00+,Global Temperature Anomaly for 2012 (Jan-Dec) to be 1.00 or more,2011-11-19,0.0,0.0,0.0,1.0,1,0,1.0,1.0
751677,2012.TEMP.ANOMOLY.1.00+,Global Temperature Anomaly for 2012 (Jan-Dec) to be 1.00 or more,2011-11-20,0.0,0.0,0.0,1.0,1,0,1.0,1.0
751677,2012.TEMP.ANOMOLY.1.00+,Global Temperature Anomaly for 2012 (Jan-Dec) to be 1.00 or more,2011-11-21,0.0,0.0,0.0,1.0,1,0,1.0,1.0
751677,2012.TEMP.ANOMOLY.1.00+,Global Temperature Anomaly for 2012 (Jan-Dec) to be 1.00 or more,2011-11-22,0.0,0.0,0.0,1.0,1,0,1.0,1.0
751677,2012.TEMP.ANOMOLY.1.00+,Global Temperature Anomaly for 2012 (Jan-Dec) to be 1.00 or more,2011-11-23,0.0,0.0,0.0,1.0,1,0,1.0,1.0
751677,2012.TEMP.ANOMOLY.1.00+,Global Temperature Anomaly for 2012 (Jan-Dec) to be 1.00 or more,2011-11-24,0.0,0.0,0.0,1.0,1,0,1.0,1.0
751677,2012.TEMP.ANOMOLY.1.00+,Global Temperature Anomaly for 2012 (Jan-Dec) to be 1.00 or more,2011-11-25,0.0,0.0,0.0,1.0,1,0,1.0,1.0
751677,2012.TEMP.ANOMOLY.1.00+,Global Temperature Anomaly for 2012 (Jan-Dec) to be 1.00 or more,2011-11-26,0.0,0.0,0.0,1.0,1,0,1.0,1.0
751677,2012.TEMP.ANOMOLY.1.00+,Global Temperature Anomaly for 2012 (Jan-Dec) to be 1.00 or more,2011-11-27,0.0,0.0,0.0,1.0,1,0,1.0,1.0
751677,2012.TEMP.ANOMOLY.1.00+,Global Temperature Anomaly for 2012 (Jan-Dec) to be 1.00 or more,2011-11-28,0.0,0.0,0.0,1.0,1,0,1.0,1.0
751677,2012.TEMP.ANOMOLY.1.00+,Global Temperature Anomaly for 2012 (Jan-Dec) to be 1.00 or more,2011-11-29,0.0,0.0,0.0,1.0,1,0,1.0,1.0
751677,2012.TEMP.ANOMOLY.1.00+,Global Temperature Anomaly for 2012 (Jan-Dec) to be 1.00 or more,2011-11-30,0.0,0.0,0.0,1.0,1,0,1.0,1.0
751677,2012.TEMP.ANOMOLY.1.00+,Global Temperature Anomaly for 2012 (Jan-Dec) to be 1.00 or more,2011-12-01,0.0,0.0,0.0,1.0,1,0,1.0,1.0
751677,2012.TEMP.ANOMOLY.1.00+,Global Temperature Anomaly for 2012 (Jan-Dec) to be 1.00 or more,2011-12-02,0.0,0.0,0.0,1.0,1,0,1.0,1.0
751677,2012.TEMP.ANOMOLY.1.00+,Global Temperature Anomaly for 2012 (Jan-Dec) to be 1.00 or more,2011-12-03,0.0,0.0,0.0,1.0,1,0,1.0,1.0
751677,2012.TEMP.ANOMOLY.1.00+,Global Temperature Anomaly for 2012 (Jan-Dec) to be 1.00 or more,2011-12-04,0.0,0.0,0.0,1.0,1,0,1.0,1.0
751677,2012.TEMP.ANOMOLY.1.00+,Global Temperature Anomaly for 2012 (Jan-Dec) to be 1.00 or more,2011-12-05,0.0,0.0,0.0,1.0,1,0,1.0,1.0
751677,2012.TEMP.ANOMOLY.1.00+,Global Temperature Anomaly for 2012 (Jan-Dec) to be 1.00 or more,2011-12-06,0.0,0.0,0.0,1.0,1,0,1.0,1.0
751677,2012.TEMP.ANOMOLY.1.00+,Global Temperature Anomaly for 2012 (Jan-Dec) to be 1.00 or more,2011-12-07,0.0,0.0,0.0,1.0,1,0,1.0,1.0
751677,2012.TEMP.ANOMOLY.1.00+,Global Temperature Anomaly for 2012 (Jan-Dec) to be 1.00 or more,2011-12-08,0.0,0.0,0.0,1.0,1,0,1.0,1.0
751677,2012.TEMP.ANOMOLY.1.00+,Global Temperature Anomaly for 2012 (Jan-Dec) to be 1.00 or more,2011-12-09,0.0,0.0,0.0,1.0,1,0,1.0,1.0
751677,2012.TEMP.ANOMOLY.1.00+,Global Temperature Anomaly for 2012 (Jan-Dec) to be 1.00 or more,2011-12-10,0.0,0.0,0.0,1.0,1,0,1.0,1.0
751677,2012.TEMP.ANOMOLY.1.00+,Global Temperature Anomaly for 2012 (Jan-Dec) to be 1.00 or more,2011-12-11,0.0,0.0,0.0,1.0,1,0,1.0,1.0
751677,2012.TEMP.ANOMOLY.1.00+,Global Temperature Anomaly for 2012 (Jan-Dec) to be 1.00 or more,2011-12-12,0.0,0.0,0.0,1.0,1,0,1.0,1.0
751677,2012.TEMP.ANOMOLY.1.00+,Global Temperature Anomaly for 2012 (Jan-Dec) to be 1.00 or more,2011-12-13,0.0,0.0,0.0,1.0,1,0,1.0,1.0
751677,2012.TEMP.ANOMOLY.1.00+,Global Temperature Anomaly for 2012 (Jan-Dec) to be 1.00 or more,2011-12-14,0.0,0.0,0.0,1.0,1,0,1.0,1.0
751677,2012.TEMP.ANOMOLY.1.00+,Global Temperature Anomaly for 2012 (Jan-Dec) to be 1.00 or more,2011-12-15,0.0,0.0,0.0,1.0,1,0,1.0,1.0
751677,2012.TEMP.ANOMOLY.1.00+,Global Temperature Anomaly for 2012 (Jan-Dec) to be 1.00 or more,2011-12-16,0.0,0.0,0.0,1.0,1,0,1.0,1.0
751677,2012.TEMP.ANOMOLY.1.00+,Global Temperature Anomaly for 2012 (Jan-Dec) to be 1.00 or more,2011-12-17,0.0,0.0,0.0,1.0,1,0,1.0,1.0
751677,2012.TEMP.ANOMOLY.1.00+,Global Temperature Anomaly for 2012 (Jan-Dec) to be 1.00 or more,2011-12-18,0.0,0.0,0.0,1.0,1,0,1.0,1.0
751677,2012.TEMP.ANOMOLY.1.00+,Global Temperature Anomaly for 2012 (Jan-Dec) to be 1.00 or more,2011-12-19,0.0,0.0,0.0,1.0,1,0,1.0,1.0
751677,2012.TEMP.ANOMOLY.1.00+,Global Temperature Anomaly for 2012 (Jan-Dec) to be 1.00 or more,2011-12-20,0.0,0.0,0.0,1.0,1,0,1.0,1.0
751677,2012.TEMP.ANOMOLY.1.00+,Global Temperature Anomaly for 2012 (Jan-Dec) to be 1.00 or more,2011-12-21,0.0,0.0,0.0,1.0,1,0,1.0,1.0
751677,2012.TEMP.ANOMOLY.1.00+,Global Temperature Anomaly for 2012 (Jan-Dec) to be 1.00 or more,2011-12-22,0.0,0.0,0.0,1.0,1,0,1.0,1.0
751677,2012.TEMP.ANOMOLY.1.00+,Global Temperature Anomaly for 2012 (Jan-Dec) to be 1.00 or more,2011-12-23,0.0,0.0,0.0,1.0,1,0,1.0,1.0
751677,2012.TEMP.ANOMOLY.1.00+,Global Temperature Anomaly for 2012 (Jan-Dec) to be 1.00 or more,2011-12-24,0.0,0.0,0.0,1.0,1,0,1.0,1.0
751677,2012.TEMP.ANOMOLY.1.00+,Global Temperature Anomaly for 2012 (Jan-Dec) to be 1.00 or more,2011-12-25,0.0,0.0,0.0,1.0,1,0,1.0,1.0
751677,2012.TEMP.ANOMOLY.1.00+,Global Temperature Anomaly for 2012 (Jan-Dec) to be 1.00 or more,2011-12-26,0.0,0.0,0.0,1.0,1,0,1.0,1.0
751677,2012.TEMP.ANOMOLY.1.00+,Global Temperature Anomaly for 2012 (Jan-Dec) to be 1.00 or more,2011-12-27,0.0,0.0,0.0,1.0,1,0,1.0,1.0
751677,2012.TEMP.ANOMOLY.1.00+,Global Temperature Anomaly for 2012 (Jan-Dec) to be 1.00 or more,2011-12-28,0.0,0.0,0.0,1.0,1,0,1.0,1.0
751677,2012.TEMP.ANOMOLY.1.00+,Global Temperature Anomaly for 2012 (Jan-Dec) to be 1.00 or more,2011-12-29,0.0,0.0,0.0,1.0,1,0,1.0,1.0
751677,2012.TEMP.ANOMOLY.1.00+,Global Temperature Anomaly for 2012 (Jan-Dec) to be 1.00 or more,2011-12-30,0.0,0.0,0.0,1.0,1,0,1.0,1.0
751677,2012.TEMP.ANOMOLY.1.00+,Global Temperature Anomaly for 2012 (Jan-Dec) to be 1.00 or more,2011-12-31,0.0,0.0,0.0,1.0,1,0,1.0,1.0
751677,2012.TEMP.ANOMOLY.1.00+,Global Temperature Anomaly for 2012 (Jan-Dec) to be 1.00 or more,2012-01-01,0.0,0.0,0.0,1.0,1,0,1.0,1.0
751677,2012.TEMP.ANOMOLY.1.00+,Global Temperature Anomaly for 2012 (Jan-Dec) to be 1.00 or more,2012-01-02,0.0,0.0,0.0,1.0,1,0,1.0,1.0
751677,2012.TEMP.ANOMOLY.1.00+,Global Temperature Anomaly for 2012 (Jan-Dec) to be 1.00 or more,2012-01-03,0.0,0.0,0.0,1.0,1,0,1.0,1.0
751677,2012.TEMP.ANOMOLY.1.00+,Global Temperature Anomaly for 2012 (Jan-Dec) to be 1.00 or more,2012-01-04,0.0,0.0,0.0,1.0,1,0,1.0,1.0
751677,2012.TEMP.ANOMOLY.1.00+,Global Temperature Anomaly for 2012 (Jan-Dec) to be 1.00 or more,2012-01-05,0.0,0.0,0.0,1.0,1,0,1.0,1.0
751677,2012.TEMP.ANOMOLY.1.00+,Global Temperature Anomaly for 2012 (Jan-Dec) to be 1.00 or more,2012-01-06,0.0,0.0,0.0,1.0,1,0,1.0,1.0
751677,2012.TEMP.ANOMOLY.1.00+,Global Temperature Anomaly for 2012 (Jan-Dec) to be 1.00 or more,2012-01-07,0.0,0.0,0.0,1.0,1,0,1.0,1.0
751677,2012.TEMP.ANOMOLY.1.00+,Global Temperature Anomaly for 2012 (Jan-Dec) to be 1.00 or more,2012-01-08,0.0,0.0,0.0,1.0,1,0,1.0,1.0
751677,2012.TEMP.ANOMOLY.1.00+,Global Temperature Anomaly for 2012 (Jan-Dec) to be 1.00 or more,2012-01-09,0.0,0.0,0.0,1.0,1,0,1.0,1.0
751677,2012.TEMP.ANOMOLY.1.00+,Global Temperature Anomaly for 2012 (Jan-Dec) to be 1.00 or more,2012-01-10,0.0,0.0,0.0,1.0,1,0,1.0,1.0
751677,2012.TEMP.ANOMOLY.1.00+,Global Temperature Anomaly for 2012 (Jan-Dec) to be 1.00 or more,2012-01-11,0.0,0.0,0.0,1.0,1,0,1.0,1.0
751677,2012.TEMP.ANOMOLY.1.00+,Global Temperature Anomaly for 2012 (Jan-Dec) to be 1.00 or more,2012-01-12,0.0,0.0,0.0,1.0,1,0,1.0,1.0
751677,2012.TEMP.ANOMOLY.1.00+,Global Temperature Anomaly for 2012 (Jan-Dec) to be 1.00 or more,2012-01-13,0.0,0.0,0.0,1.0,1,0,1.0,1.0
751677,2012.TEMP.ANOMOLY.1.00+,Global Temperature Anomaly for 2012 (Jan-Dec) to be 1.00 or more,2012-01-14,0.0,0.0,0.0,1.0,1,0,1.0,1.0
751677,2012.TEMP.ANOMOLY.1.00+,Global Temperature Anomaly for 2012 (Jan-Dec) to be 1.00 or more,2012-01-15,0.0,0.0,0.0,1.0,1,0,1.0,1.0
751677,2012.TEMP.ANOMOLY.1.00+,Global Temperature Anomaly for 2012 (Jan-Dec) to be 1.00 or more,2012-01-16,0.0,0.0,0.0,1.0,1,0,1.0,1.0
751677,2012.TEMP.ANOMOLY.1.00+,Global Temperature Anomaly for 2012 (Jan-Dec) to be 1.00 or more,2012-01-17,0.0,0.0,0.0,1.0,1,0,1.0,1.0
751677,2012.TEMP.ANOMOLY.1.00+,Global Temperature Anomaly for 2012 (Jan-Dec) to be 1.00 or more,2012-01-18,0.0,0.0,0.0,1.0,1,0,1.0,1.0
751677,2012.TEMP.ANOMOLY.1.00+,Global Temperature Anomaly for 2012 (Jan-Dec) to be 1.00 or more,2012-01-19,0.0,0.0,0.0,1.0,1,0,1.0,1.0
751677,2012.TEMP.ANOMOLY.1.00+,Global Temperature Anomaly for 2012 (Jan-Dec) to be 1.00 or more,2012-01-20,0.0,0.0,0.0,1.0,1,0,1.0,1.0
751677,2012.TEMP.ANOMOLY.1.00+,Global Temperature Anomaly for 2012 (Jan-Dec) to be 1.00 or more,2012-01-21,0.0,0.0,0.0,1.0,1,0,1.0,1.0
751677,2012.TEMP.ANOMOLY.1.00+,Global Temperature Anomaly for 2012 (Jan-Dec) to be 1.00 or more,2012-01-22,0.0,0.0,0.0,1.0,1,0,1.0,1.0
751677,2012.TEMP.ANOMOLY.1.00+,Global Temperature Anomaly for 2012 (Jan-Dec) to be 1.00 or more,2012-01-23,0.0,0.0,0.0,1.0,1,0,1.0,1.0
751677,2012.TEMP.ANOMOLY.1.00+,Global Temperature Anomaly for 2012 (Jan-Dec) to be 1.00 or more,2012-01-24,0.0,0.0,0.0,1.0,1,0,1.0,1.0
751677,2012.TEMP.ANOMOLY.1.00+,Global Temperature Anomaly for 2012 (Jan-Dec) to be 1.00 or more,2012-01-25,0.0,0.0,0.0,1.0,1,0,1.0,1.0
751677,2012.TEMP.ANOMOLY.1.00+,Global Temperature Anomaly for 2012 (Jan-Dec) to be 1.00 or more,2012-01-26,0.0,0.0,0.0,1.0,1,0,1.0,1.0
751677,2012.TEMP.ANOMOLY.1.00+,Global Temperature Anomaly for 2012 (Jan-Dec) to be 1.00 or more,2012-01-27,0.0,0.0,0.0,1.0,1,0,1.0,1.0
751677,2012.TEMP.ANOMOLY.1.00+,Global Temperature Anomaly for 2012 (Jan-Dec) to be 1.00 or more,2012-01-28,0.0,0.0,0.0,1.0,1,0,1.0,1.0
751677,2012.TEMP.ANOMOLY.1.00+,Global Temperature Anomaly for 2012 (Jan-Dec) to be 1.00 or more,2012-01-29,0.0,0.0,0.0,1.0,1,0,1.0,1.0
751677,2012.TEMP.ANOMOLY.1.00+,Global Temperature Anomaly for 2012 (Jan-Dec) to be 1.00 or more,2012-01-30,0.0,0.0,0.0,1.0,1,0,1.0,1.0
751677,2012.TEMP.ANOMOLY.1.00+,Global Temperature Anomaly for 2012 (Jan-Dec) to be 1.00 or more,2012-01-31,0.0,0.0,0.0,1.0,1,0,1.0,1.0
751677,2012.TEMP.ANOMOLY.1.00+,Global Temperature Anomaly for 2012 (Jan-Dec) to be 1.00 or more,2012-02-01,0.0,0.0,0.0,1.0,1,0,1.0,1.0
751677,2012.TEMP.ANOMOLY.1.00+,Global Temperature Anomaly for 2012 (Jan-Dec) to be 1.00 or more,2012-02-02,0.0,0.0,0.0,1.0,1,0,1.0,1.0
751677,2012.TEMP.ANOMOLY.1.00+,Global Temperature Anomaly for 2012 (Jan-Dec) to be 1.00 or more,2012-02-03,0.0,0.0,0.0,1.0,1,0,1.0,1.0
751677,2012.TEMP.ANOMOLY.1.00+,Global Temperature Anomaly for 2012 (Jan-Dec) to be 1.00 or more,2012-02-04,0.0,0.0,0.0,1.0,1,0,1.0,1.0
751677,2012.TEMP.ANOMOLY.1.00+,Global Temperature Anomaly for 2012 (Jan-Dec) to be 1.00 or more,2012-02-05,0.0,0.0,0.0,1.0,1,0,1.0,1.0
751677,2012.TEMP.ANOMOLY.1.00+,Global Temperature Anomaly for 2012 (Jan-Dec) to be 1.00 or more,2012-02-06,0.0,0.0,0.0,1.0,1,0,1.0,1.0
751677,2012.TEMP.ANOMOLY.1.00+,Global Temperature Anomaly for 2012 (Jan-Dec) to be 1.00 or more,2012-02-07,0.0,0.0,0.0,1.0,1,0,1.0,1.0
751677,2012.TEMP.ANOMOLY.1.00+,Global Temperature Anomaly for 2012 (Jan-Dec) to be 1.00 or more,2012-02-08,0.0,0.0,0.0,1.0,1,0,1.0,1.0
751677,2012.TEMP.ANOMOLY.1.00+,Global Temperature Anomaly for 2012 (Jan-Dec) to be 1.00 or more,2012-02-09,0.0,0.0,0.0,1.0,1,0,1.0,1.0
751677,2012.TEMP.ANOMOLY.1.00+,Global Temperature Anomaly for 2012 (Jan-Dec) to be 1.00 or more,2012-02-10,0.0,0.0,0.0,1.0,1,0,1.0,1.0
751677,2012.TEMP.ANOMOLY.1.00+,Global Temperature Anomaly for 2012 (Jan-Dec) to be 1.00 or more,2012-02-11,0.0,0.0,0.0,1.0,1,0,1.0,1.0
751677,2012.TEMP.ANOMOLY.1.00+,Global Temperature Anomaly for 2012 (Jan-Dec) to be 1.00 or more,2012-02-12,0.0,0.0,0.0,1.0,1,0,1.0,1.0
751677,2012.TEMP.ANOMOLY.1.00+,Global Temperature Anomaly for 2012 (Jan-Dec) to be 1.00 or more,2012-02-13,0.0,0.0,0.0,1.0,1,0,1.0,1.0
751677,2012.TEMP.ANOMOLY.1.00+,Global Temperature Anomaly for 2012 (Jan-Dec) to be 1.00 or more,2012-02-14,0.0,0.0,0.0,1.0,1,0,1.0,1.0
751677,2012.TEMP.ANOMOLY.1.00+,Global Temperature Anomaly for 2012 (Jan-Dec) to be 1.00 or more,2012-02-15,0.0,0.0,0.0,1.0,1,0,1.0,1.0
751677,2012.TEMP.ANOMOLY.1.00+,Global Temperature Anomaly for 2012 (Jan-Dec) to be 1.00 or more,2012-02-16,0.0,0.0,0.0,1.0,1,0,1.0,1.0
751677,2012.TEMP.ANOMOLY.1.00+,Global Temperature Anomaly for 2012 (Jan-Dec) to be 1.00 or more,2012-02-17,0.0,0.0,0.0,1.0,1,0,1.0,1.0
751677,2012.TEMP.ANOMOLY.1.00+,Global Temperature Anomaly for 2012 (Jan-Dec) to be 1.00 or more,2012-02-18,0.0,0.0,0.0,1.0,1,0,1.0,1.0
751677,2012.TEMP.ANOMOLY.1.00+,Global Temperature Anomaly for 2012 (Jan-Dec) to be 1.00 or more,2012-02-19,0.0,0.0,0.0,1.0,1,0,1.0,1.0
751677,2012.TEMP.ANOMOLY.1.00+,Global Temperature Anomaly for 2012 (Jan-Dec) to be 1.00 or more,2012-02-20,0.0,0.0,0.0,1.0,1,0,1.0,1.0
751677,2012.TEMP.ANOMOLY.1.00+,Global Temperature Anomaly for 2012 (Jan-Dec) to be 1.00 or more,2012-02-21,0.0,0.0,0.0,1.0,1,0,1.0,1.0
751677,2012.TEMP.ANOMOLY.1.00+,Global Temperature Anomaly for 2012 (Jan-Dec) to be 1.00 or more,2012-02-22,0.0,0.0,0.0,1.0,1,0,1.0,1.0
751677,2012.TEMP.ANOMOLY.1.00+,Global Temperature Anomaly for 2012 (Jan-Dec) to be 1.00 or more,2012-02-23,0.0,0.0,0.0,1.0,1,0,1.0,1.0
751677,2012.TEMP.ANOMOLY.1.00+,Global Temperature Anomaly for 2012 (Jan-Dec) to be 1.00 or more,2012-02-24,0.0,0.0,0.0,1.0,1,0,1.0,1.0
751677,2012.TEMP.ANOMOLY.1.00+,Global Temperature Anomaly for 2012 (Jan-Dec) to be 1.00 or more,2012-02-25,0.0,0.0,0.0,1.0,1,0,1.0,1.0
751677,2012.TEMP.ANOMOLY.1.00+,Global Temperature Anomaly for 2012 (Jan-Dec) to be 1.00 or more,2012-02-26,0.0,0.0,0.0,1.0,1,0,1.0,1.0
751677,2012.TEMP.ANOMOLY.1.00+,Global Temperature Anomaly for 2012 (Jan-Dec) to be 1.00 or more,2012-02-27,0.0,0.0,0.0,1.0,1,0,1.0,1.0
751677,2012.TEMP.ANOMOLY.1.00+,Global Temperature Anomaly for 2012 (Jan-Dec) to be 1.00 or more,2012-02-28,0.0,0.0,0.0,1.0,1,0,1.0,1.0
751677,2012.TEMP.ANOMOLY.1.00+,Global Temperature Anomaly for 2012 (Jan-Dec) to be 1.00 or more,2012-02-29,0.0,0.0,0.0,1.0,1,0,1.0,1.0
751677,2012.TEMP.ANOMOLY.1.00+,Global Temperature Anomaly for 2012 (Jan-Dec) to be 1.00 or more,2012-03-01,0.0,0.0,0.0,1.0,1,0,1.0,1.0
751677,2012.TEMP.ANOMOLY.1.00+,Global Temperature Anomaly for 2012 (Jan-Dec) to be 1.00 or more,2012-03-02,,,,1.0,1,0,1.0,1.0
751677,2012.TEMP.ANOMOLY.1.00+,Global Temperature Anomaly for 2012 (Jan-Dec) to be 1.00 or more,2012-03-03,,,,1.0,1,0,1.0,1.0
751677,2012.TEMP.ANOMOLY.1.00+,Global Temperature Anomaly for 2012 (Jan-Dec) to be 1.00 or more,2012-03-04,,,,1.0,1,0,1.0,1.0
751677,2012.TEMP.ANOMOLY.1.00+,Global Temperature Anomaly for 2012 (Jan-Dec) to be 1.00 or more,2012-03-05,,,,1.0,1,0,1.0,1.0
751677,2012.TEMP.ANOMOLY.1.00+,Global Temperature Anomaly for 2012 (Jan-Dec) to be 1.00 or more,2012-03-06,,,,1.0,1,0,1.0,1.0
751677,2012.TEMP.ANOMOLY.1.00+,Global Temperature Anomaly for 2012 (Jan-Dec) to be 1.00 or more,2012-03-07,,,,,1,0,1.0,1.0
751677,2012.TEMP.ANOMOLY.1.00+,Global Temperature Anomaly for 2012 (Jan-Dec) to be 1.00 or more,2012-03-08,,,,1.0,1,0,1.0,1.0
751677,2012.TEMP.ANOMOLY.1.00+,Global Temperature Anomaly for 2012 (Jan-Dec) to be 1.00 or more,2012-03-09,,,,1.0,1,0,1.0,1.0
751677,2012.TEMP.ANOMOLY.1.00+,Global Temperature Anomaly for 2012 (Jan-Dec) to be 1.00 or more,2012-03-10,,,,1.0,1,0,1.0,1.0
751677,2012.TEMP.ANOMOLY.1.00+,Global Temperature Anomaly for 2012 (Jan-Dec) to be 1.00 or more,2012-03-11,,,,1.0,1,0,1.0,1.0
751677,2012.TEMP.ANOMOLY.1.00+,Global Temperature Anomaly for 2012 (Jan-Dec) to be 1.00 or more,2012-03-12,,,,1.0,1,0,1.0,1.0
751677,2012.TEMP.ANOMOLY.1.00+,Global Temperature Anomaly for 2012 (Jan-Dec) to be 1.00 or more,2012-03-13,,,,1.0,1,0,1.0,1.0
751677,2012.TEMP.ANOMOLY.1.00+,Global Temperature Anomaly for 2012 (Jan-Dec) to be 1.00 or more,2012-03-14,,,,1.0,1,0,1.0,1.0
751677,2012.TEMP.ANOMOLY.1.00+,Global Temperature Anomaly for 2012 (Jan-Dec) to be 1.00 or more,2012-03-15,,,,1.0,1,0,1.0,1.0
751677,2012.TEMP.ANOMOLY.1.00+,Global Temperature Anomaly for 2012 (Jan-Dec) to be 1.00 or more,2012-03-16,,,,1.0,1,0,1.0,1.0
751677,2012.TEMP.ANOMOLY.1.00+,Global Temperature Anomaly for 2012 (Jan-Dec) to be 1.00 or more,2012-03-17,,,,1.0,1,0,1.0,1.0
751677,2012.TEMP.ANOMOLY.1.00+,Global Temperature Anomaly for 2012 (Jan-Dec) to be 1.00 or more,2012-03-18,,,,1.0,1,0,1.0,1.0
751677,2012.TEMP.ANOMOLY.1.00+,Global Temperature Anomaly for 2012 (Jan-Dec) to be 1.00 or more,2012-03-19,,,,1.0,1,0,1.0,1.0
751677,2012.TEMP.ANOMOLY.1.00+,Global Temperature Anomaly for 2012 (Jan-Dec) to be 1.00 or more,2012-03-20,,,,1.0,1,0,1.0,1.0
751677,2012.TEMP.ANOMOLY.1.00+,Global Temperature Anomaly for 2012 (Jan-Dec) to be 1.00 or more,2012-03-21,,,,1.0,1,0,1.0,1.0
751677,2012.TEMP.ANOMOLY.1.00+,Global Temperature Anomaly for 2012 (Jan-Dec) to be 1.00 or more,2012-03-22,,,,1.0,1,0,1.0,1.0
751677,2012.TEMP.ANOMOLY.1.00+,Global Temperature Anomaly for 2012 (Jan-Dec) to be 1.00 or more,2012-03-23,,,,1.0,1,0,1.0,1.0
751677,2012.TEMP.ANOMOLY.1.00+,Global Temperature Anomaly for 2012 (Jan-Dec) to be 1.00 or more,2012-03-24,,,,1.0,1,0,1.0,1.0
751677,2012.TEMP.ANOMOLY.1.00+,Global Temperature Anomaly for 2012 (Jan-Dec) to be 1.00 or more,2012-03-25,,,,1.0,1,0,1.0,1.0
751677,2012.TEMP.ANOMOLY.1.00+,Global Temperature Anomaly for 2012 (Jan-Dec) to be 1.00 or more,2012-03-26,,,,1.0,1,0,1.0,1.0
751677,2012.TEMP.ANOMOLY.1.00+,Global Temperature Anomaly for 2012 (Jan-Dec) to be 1.00 or more,2012-03-27,,,,1.0,1,0,1.0,1.0
751677,2012.TEMP.ANOMOLY.1.00+,Global Temperature Anomaly for 2012 (Jan-Dec) to be 1.00 or more,2012-03-28,,,,1.0,1,0,1.0,1.0
751677,2012.TEMP.ANOMOLY.1.00+,Global Temperature Anomaly for 2012 (Jan-Dec) to be 1.00 or more,2012-03-29,,,,1.0,1,0,1.0,1.0
751677,2012.TEMP.ANOMOLY.1.00+,Global Temperature Anomaly for 2012 (Jan-Dec) to be 1.00 or more,2012-03-30,,,,1.0,1,0,1.0,1.0
751677,2012.TEMP.ANOMOLY.1.00+,Global Temperature Anomaly for 2012 (Jan-Dec) to be 1.00 or more,2012-03-31,,,,1.0,1,0,1.0,1.0
751677,2012.TEMP.ANOMOLY.1.00+,Global Temperature Anomaly for 2012 (Jan-Dec) to be 1.00 or more,2012-04-01,,,,1.0,1,0,1.0,1.0
751677,2012.TEMP.ANOMOLY.1.00+,Global Temperature Anomaly for 2012 (Jan-Dec) to be 1.00 or more,2012-04-02,,,,1.0,1,0,1.0,1.0
751677,2012.TEMP.ANOMOLY.1.00+,Global Temperature Anomaly for 2012 (Jan-Dec) to be 1.00 or more,2012-04-03,,,,1.0,1,0,1.0,1.0
751677,2012.TEMP.ANOMOLY.1.00+,Global Temperature Anomaly for 2012 (Jan-Dec) to be 1.00 or more,2012-04-04,,,,1.0,1,0,1.0,1.0
751677,2012.TEMP.ANOMOLY.1.00+,Global Temperature Anomaly for 2012 (Jan-Dec) to be 1.00 or more,2012-04-05,,,,1.0,1,0,1.0,1.0
751677,2012.TEMP.ANOMOLY.1.00+,Global Temperature Anomaly for 2012 (Jan-Dec) to be 1.00 or more,2012-04-06,,,,1.0,1,0,1.0,1.0
751677,2012.TEMP.ANOMOLY.1.00+,Global Temperature Anomaly for 2012 (Jan-Dec) to be 1.00 or more,2012-04-07,,,,1.0,1,0,1.0,1.0
751677,2012.TEMP.ANOMOLY.1.00+,Global Temperature Anomaly for 2012 (Jan-Dec) to be 1.00 or more,2012-04-08,,,,1.0,1,0,1.0,1.0
751677,2012.TEMP.ANOMOLY.1.00+,Global Temperature Anomaly for 2012 (Jan-Dec) to be 1.00 or more,2012-04-09,,,,1.0,1,0,1.0,1.0
751677,2012.TEMP.ANOMOLY.1.00+,Global Temperature Anomaly for 2012 (Jan-Dec) to be 1.00 or more,2012-04-10,,,,1.0,1,0,1.0,1.0
751677,2012.TEMP.ANOMOLY.1.00+,Global Temperature Anomaly for 2012 (Jan-Dec) to be 1.00 or more,2012-04-11,,,,1.0,1,0,1.0,1.0
751677,2012.TEMP.ANOMOLY.1.00+,Global Temperature Anomaly for 2012 (Jan-Dec) to be 1.00 or more,2012-04-12,,,,1.0,1,0,1.0,1.0
751677,2012.TEMP.ANOMOLY.1.00+,Global Temperature Anomaly for 2012 (Jan-Dec) to be 1.00 or more,2012-04-13,,,,1.0,1,0,1.0,1.0
751677,2012.TEMP.ANOMOLY.1.00+,Global Temperature Anomaly for 2012 (Jan-Dec) to be 1.00 or more,2012-04-14,,,,1.0,1,0,1.0,1.0
751677,2012.TEMP.ANOMOLY.1.00+,Global Temperature Anomaly for 2012 (Jan-Dec) to be 1.00 or more,2012-04-15,,,,1.0,1,0,1.0,1.0
751677,2012.TEMP.ANOMOLY.1.00+,Global Temperature Anomaly for 2012 (Jan-Dec) to be 1.00 or more,2012-04-16,,,,1.0,1,0,1.0,1.0
751677,2012.TEMP.ANOMOLY.1.00+,Global Temperature Anomaly for 2012 (Jan-Dec) to be 1.00 or more,2012-04-17,,,,1.0,1,0,1.0,1.0
751677,2012.TEMP.ANOMOLY.1.00+,Global Temperature Anomaly for 2012 (Jan-Dec) to be 1.00 or more,2012-04-18,,,,1.0,1,0,1.0,1.0
751677,2012.TEMP.ANOMOLY.1.00+,Global Temperature Anomaly for 2012 (Jan-Dec) to be 1.00 or more,2012-04-19,,,,1.0,1,0,1.0,1.0
751677,2012.TEMP.ANOMOLY.1.00+,Global Temperature Anomaly for 2012 (Jan-Dec) to be 1.00 or more,2012-04-20,,,,1.0,1,0,1.0,1.0
751677,2012.TEMP.ANOMOLY.1.00+,Global Temperature Anomaly for 2012 (Jan-Dec) to be 1.00 or more,2012-04-21,,,,1.0,1,0,1.0,1.0
751677,2012.TEMP.ANOMOLY.1.00+,Global Temperature Anomaly for 2012 (Jan-Dec) to be 1.00 or more,2012-04-22,,,,1.0,1,0,1.0,1.0
751677,2012.TEMP.ANOMOLY.1.00+,Global Temperature Anomaly for 2012 (Jan-Dec) to be 1.00 or more,2012-04-23,,,,1.0,1,0,1.0,1.0
751677,2012.TEMP.ANOMOLY.1.00+,Global Temperature Anomaly for 2012 (Jan-Dec) to be 1.00 or more,2012-04-24,,,,1.0,1,0,1.0,1.0
751677,2012.TEMP.ANOMOLY.1.00+,Global Temperature Anomaly for 2012 (Jan-Dec) to be 1.00 or more,2012-04-25,,,,1.0,1,0,1.0,1.0
751677,2012.TEMP.ANOMOLY.1.00+,Global Temperature Anomaly for 2012 (Jan-Dec) to be 1.00 or more,2012-04-26,,,,1.0,1,0,1.0,1.0
751677,2012.TEMP.ANOMOLY.1.00+,Global Temperature Anomaly for 2012 (Jan-Dec) to be 1.00 or more,2012-04-27,,,,1.0,1,0,1.0,1.0
751677,2012.TEMP.ANOMOLY.1.00+,Global Temperature Anomaly for 2012 (Jan-Dec) to be 1.00 or more,2012-04-28,,,,1.0,1,0,1.0,1.0
751677,2012.TEMP.ANOMOLY.1.00+,Global Temperature Anomaly for 2012 (Jan-Dec) to be 1.00 or more,2012-04-29,,,,1.0,1,0,1.0,1.0
751677,2012.TEMP.ANOMOLY.1.00+,Global Temperature Anomaly for 2012 (Jan-Dec) to be 1.00 or more,2012-04-30,,,,1.0,1,0,1.0,1.0
751677,2012.TEMP.ANOMOLY.1.00+,Global Temperature Anomaly for 2012 (Jan-Dec) to be 1.00 or more,2012-05-01,,,,1.0,1,0,1.0,1.0
751677,2012.TEMP.ANOMOLY.1.00+,Global Temperature Anomaly for 2012 (Jan-Dec) to be 1.00 or more,2012-05-02,,,,1.0,1,0,1.0,1.0
751677,2012.TEMP.ANOMOLY.1.00+,Global Temperature Anomaly for 2012 (Jan-Dec) to be 1.00 or more,2012-05-03,,,,1.0,1,0,1.0,1.0
751677,2012.TEMP.ANOMOLY.1.00+,Global Temperature Anomaly for 2012 (Jan-Dec) to be 1.00 or more,2012-05-04,,,,1.0,1,0,1.0,1.0
751677,2012.TEMP.ANOMOLY.1.00+,Global Temperature Anomaly for 2012 (Jan-Dec) to be 1.00 or more,2012-05-05,,,,1.0,1,0,1.0,1.0
751677,2012.TEMP.ANOMOLY.1.00+,Global Temperature Anomaly for 2012 (Jan-Dec) to be 1.00 or more,2012-05-06,,,,1.0,1,0,1.0,1.0
751677,2012.TEMP.ANOMOLY.1.00+,Global Temperature Anomaly for 2012 (Jan-Dec) to be 1.00 or more,2012-05-07,,,,1.0,1,0,1.0,1.0
751677,2012.TEMP.ANOMOLY.1.00+,Global Temperature Anomaly for 2012 (Jan-Dec) to be 1.00 or more,2012-05-08,,,,1.0,1,0,1.0,1.0
751677,2012.TEMP.ANOMOLY.1.00+,Global Temperature Anomaly for 2012 (Jan-Dec) to be 1.00 or more,2012-05-09,,,,1.0,1,0,1.0,1.0
751677,2012.TEMP.ANOMOLY.1.00+,Global Temperature Anomaly for 2012 (Jan-Dec) to be 1.00 or more,2012-05-10,,,,1.0,1,0,1.0,1.0
751677,2012.TEMP.ANOMOLY.1.00+,Global Temperature Anomaly for 2012 (Jan-Dec) to be 1.00 or more,2012-05-11,,,,1.0,1,0,1.0,1.0
751677,2012.TEMP.ANOMOLY.1.00+,Global Temperature Anomaly for 2012 (Jan-Dec) to be 1.00 or more,2012-05-12,,,,1.0,1,0,1.0,1.0
751677,2012.TEMP.ANOMOLY.1.00+,Global Temperature Anomaly for 2012 (Jan-Dec) to be 1.00 or more,2012-05-13,,,,1.0,1,0,1.0,1.0
751677,2012.TEMP.ANOMOLY.1.00+,Global Temperature Anomaly for 2012 (Jan-Dec) to be 1.00 or more,2012-05-14,,,,1.0,1,0,1.0,1.0
751677,2012.TEMP.ANOMOLY.1.00+,Global Temperature Anomaly for 2012 (Jan-Dec) to be 1.00 or more,2012-05-15,,,,1.0,1,0,1.0,1.0
751677,2012.TEMP.ANOMOLY.1.00+,Global Temperature Anomaly for 2012 (Jan-Dec) to be 1.00 or more,2012-05-16,,,,1.0,1,0,1.0,1.0
751677,2012.TEMP.ANOMOLY.1.00+,Global Temperature Anomaly for 2012 (Jan-Dec) to be 1.00 or more,2012-05-17,,,,1.0,1,0,1.0,1.0
751677,2012.TEMP.ANOMOLY.1.00+,Global Temperature Anomaly for 2012 (Jan-Dec) to be 1.00 or more,2012-05-18,,,,1.0,1,0,1.0,1.0
751677,2012.TEMP.ANOMOLY.1.00+,Global Temperature Anomaly for 2012 (Jan-Dec) to be 1.00 or more,2012-05-19,,,,1.0,1,0,1.0,1.0
751677,2012.TEMP.ANOMOLY.1.00+,Global Temperature Anomaly for 2012 (Jan-Dec) to be 1.00 or more,2012-05-20,,,,1.0,1,0,1.0,1.0
751677,2012.TEMP.ANOMOLY.1.00+,Global Temperature Anomaly for 2012 (Jan-Dec) to be 1.00 or more,2012-05-21,,,,1.0,1,0,1.0,1.0
751677,2012.TEMP.ANOMOLY.1.00+,Global Temperature Anomaly for 2012 (Jan-Dec) to be 1.00 or more,2012-05-22,,,,1.0,1,0,1.0,1.0
751677,2012.TEMP.ANOMOLY.1.00+,Global Temperature Anomaly for 2012 (Jan-Dec) to be 1.00 or more,2012-05-23,,,,1.0,1,0,1.0,1.0
751677,2012.TEMP.ANOMOLY.1.00+,Global Temperature Anomaly for 2012 (Jan-Dec) to be 1.00 or more,2012-05-24,,,,1.0,1,0,1.0,1.0
751677,2012.TEMP.ANOMOLY.1.00+,Global Temperature Anomaly for 2012 (Jan-Dec) to be 1.00 or more,2012-05-25,,,,1.0,1,0,1.0,1.0
751677,2012.TEMP.ANOMOLY.1.00+,Global Temperature Anomaly for 2012 (Jan-Dec) to be 1.00 or more,2012-05-26,,,,1.0,1,0,1.0,1.0
751677,2012.TEMP.ANOMOLY.1.00+,Global Temperature Anomaly for 2012 (Jan-Dec) to be 1.00 or more,2012-05-27,,,,1.0,1,0,1.0,1.0
751677,2012.TEMP.ANOMOLY.1.00+,Global Temperature Anomaly for 2012 (Jan-Dec) to be 1.00 or more,2012-05-28,,,,1.0,1,0,1.0,1.0
751677,2012.TEMP.ANOMOLY.1.00+,Global Temperature Anomaly for 2012 (Jan-Dec) to be 1.00 or more,2012-05-29,,,,1.0,1,0,1.0,1.0
751677,2012.TEMP.ANOMOLY.1.00+,Global Temperature Anomaly for 2012 (Jan-Dec) to be 1.00 or more,2012-05-30,,,,1.0,1,0,1.0,1.0
751677,2012.TEMP.ANOMOLY.1.00+,Global Temperature Anomaly for 2012 (Jan-Dec) to be 1.00 or more,2012-05-31,,,,1.0,1,0,1.0,1.0
751677,2012.TEMP.ANOMOLY.1.00+,Global Temperature Anomaly for 2012 (Jan-Dec) to be 1.00 or more,2012-06-01,,,,1.0,1,0,1.0,1.0
751677,2012.TEMP.ANOMOLY.1.00+,Global Temperature Anomaly for 2012 (Jan-Dec) to be 1.00 or more,2012-06-02,,,,1.0,1,0,1.0,1.0
751677,2012.TEMP.ANOMOLY.1.00+,Global Temperature Anomaly for 2012 (Jan-Dec) to be 1.00 or more,2012-06-03,,,,1.0,1,0,1.0,1.0
751677,2012.TEMP.ANOMOLY.1.00+,Global Temperature Anomaly for 2012 (Jan-Dec) to be 1.00 or more,2012-06-04,,,,1.0,1,0,1.0,1.0
751677,2012.TEMP.ANOMOLY.1.00+,Global Temperature Anomaly for 2012 (Jan-Dec) to be 1.00 or more,2012-06-05,,,,1.0,1,0,1.0,1.0
751677,2012.TEMP.ANOMOLY.1.00+,Global Temperature Anomaly for 2012 (Jan-Dec) to be 1.00 or more,2012-06-06,,,,1.0,1,0,1.0,1.0
751677,2012.TEMP.ANOMOLY.1.00+,Global Temperature Anomaly for 2012 (Jan-Dec) to be 1.00 or more,2012-06-07,,,,1.0,1,0,1.0,1.0
751677,2012.TEMP.ANOMOLY.1.00+,Global Temperature Anomaly for 2012 (Jan-Dec) to be 1.00 or more,2012-06-08,,,,1.0,1,0,1.0,1.0
751677,2012.TEMP.ANOMOLY.1.00+,Global Temperature Anomaly for 2012 (Jan-Dec) to be 1.00 or more,2012-06-09,,,,1.0,1,0,1.0,1.0
751677,2012.TEMP.ANOMOLY.1.00+,Global Temperature Anomaly for 2012 (Jan-Dec) to be 1.00 or more,2012-06-10,,,,1.0,1,0,1.0,1.0
751677,2012.TEMP.ANOMOLY.1.00+,Global Temperature Anomaly for 2012 (Jan-Dec) to be 1.00 or more,2012-06-11,,,,1.0,1,0,1.0,1.0
751677,2012.TEMP.ANOMOLY.1.00+,Global Temperature Anomaly for 2012 (Jan-Dec) to be 1.00 or more,2012-06-12,,,,1.0,1,0,1.0,1.0
751677,2012.TEMP.ANOMOLY.1.00+,Global Temperature Anomaly for 2012 (Jan-Dec) to be 1.00 or more,2012-06-13,,,,1.0,1,0,1.0,1.0
751677,2012.TEMP.ANOMOLY.1.00+,Global Temperature Anomaly for 2012 (Jan-Dec) to be 1.00 or more,2012-06-14,,,,1.0,1,0,1.0,1.0
751677,2012.TEMP.ANOMOLY.1.00+,Global Temperature Anomaly for 2012 (Jan-Dec) to be 1.00 or more,2012-06-15,,,,1.0,1,0,1.0,1.0
751677,2012.TEMP.ANOMOLY.1.00+,Global Temperature Anomaly for 2012 (Jan-Dec) to be 1.00 or more,2012-06-16,,,,1.0,1,0,1.0,1.0
751677,2012.TEMP.ANOMOLY.1.00+,Global Temperature Anomaly for 2012 (Jan-Dec) to be 1.00 or more,2012-06-17,,,,1.0,1,0,1.0,1.0
751677,2012.TEMP.ANOMOLY.1.00+,Global Temperature Anomaly for 2012 (Jan-Dec) to be 1.00 or more,2012-06-18,,,,1.0,1,0,1.0,1.0
751677,2012.TEMP.ANOMOLY.1.00+,Global Temperature Anomaly for 2012 (Jan-Dec) to be 1.00 or more,2012-06-19,,,,1.0,1,0,1.0,1.0
751677,2012.TEMP.ANOMOLY.1.00+,Global Temperature Anomaly for 2012 (Jan-Dec) to be 1.00 or more,2012-06-20,,,,1.0,1,0,1.0,1.0
751677,2012.TEMP.ANOMOLY.1.00+,Global Temperature Anomaly for 2012 (Jan-Dec) to be 1.00 or more,2012-06-21,,,,1.0,1,0,1.0,1.0
751677,2012.TEMP.ANOMOLY.1.00+,Global Temperature Anomaly for 2012 (Jan-Dec) to be 1.00 or more,2012-06-22,,,,1.0,1,0,1.0,1.0
751677,2012.TEMP.ANOMOLY.1.00+,Global Temperature Anomaly for 2012 (Jan-Dec) to be 1.00 or more,2012-06-23,,,,1.0,1,0,1.0,1.0
751677,2012.TEMP.ANOMOLY.1.00+,Global Temperature Anomaly for 2012 (Jan-Dec) to be 1.00 or more,2012-06-24,,,,1.0,1,0,1.0,1.0
751677,2012.TEMP.ANOMOLY.1.00+,Global Temperature Anomaly for 2012 (Jan-Dec) to be 1.00 or more,2012-06-25,,,,1.0,1,0,1.0,1.0
751677,2012.TEMP.ANOMOLY.1.00+,Global Temperature Anomaly for 2012 (Jan-Dec) to be 1.00 or more,2012-06-26,,,,1.0,1,0,1.0,1.0
751677,2012.TEMP.ANOMOLY.1.00+,Global Temperature Anomaly for 2012 (Jan-Dec) to be 1.00 or more,2012-06-27,,,,1.0,1,0,1.0,1.0
751677,2012.TEMP.ANOMOLY.1.00+,Global Temperature Anomaly for 2012 (Jan-Dec) to be 1.00 or more,2012-06-28,,,,1.0,1,0,1.0,1.0
751677,2012.TEMP.ANOMOLY.1.00+,Global Temperature Anomaly for 2012 (Jan-Dec) to be 1.00 or more,2012-06-29,,,,1.0,1,0,1.0,1.0
751677,2012.TEMP.ANOMOLY.1.00+,Global Temperature Anomaly for 2012 (Jan-Dec) to be 1.00 or more,2012-06-30,,,,1.0,1,0,1.0,1.0
751677,2012.TEMP.ANOMOLY.1.00+,Global Temperature Anomaly for 2012 (Jan-Dec) to be 1.00 or more,2012-07-01,,,,1.0,1,0,1.0,1.0
751677,2012.TEMP.ANOMOLY.1.00+,Global Temperature Anomaly for 2012 (Jan-Dec) to be 1.00 or more,2012-07-02,,,,1.0,1,0,1.0,1.0
751677,2012.TEMP.ANOMOLY.1.00+,Global Temperature Anomaly for 2012 (Jan-Dec) to be 1.00 or more,2012-07-03,,,,1.0,1,0,1.0,1.0
751677,2012.TEMP.ANOMOLY.1.00+,Global Temperature Anomaly for 2012 (Jan-Dec) to be 1.00 or more,2012-07-04,,,,1.0,1,0,1.0,1.0
751677,2012.TEMP.ANOMOLY.1.00+,Global Temperature Anomaly for 2012 (Jan-Dec) to be 1.00 or more,2012-07-05,,,,1.0,1,0,1.0,1.0
751677,2012.TEMP.ANOMOLY.1.00+,Global Temperature Anomaly for 2012 (Jan-Dec) to be 1.00 or more,2012-07-06,,,,1.0,1,0,1.0,1.0
751677,2012.TEMP.ANOMOLY.1.00+,Global Temperature Anomaly for 2012 (Jan-Dec) to be 1.00 or more,2012-07-07,,,,1.0,1,0,1.0,1.0
751677,2012.TEMP.ANOMOLY.1.00+,Global Temperature Anomaly for 2012 (Jan-Dec) to be 1.00 or more,2012-07-08,,,,1.0,1,0,1.0,1.0
751677,2012.TEMP.ANOMOLY.1.00+,Global Temperature Anomaly for 2012 (Jan-Dec) to be 1.00 or more,2012-07-09,,,,1.0,1,0,1.0,1.0
751677,2012.TEMP.ANOMOLY.1.00+,Global Temperature Anomaly for 2012 (Jan-Dec) to be 1.00 or more,2012-07-10,,,,1.0,1,0,1.0,1.0
751677,2012.TEMP.ANOMOLY.1.00+,Global Temperature Anomaly for 2012 (Jan-Dec) to be 1.00 or more,2012-07-11,,,,1.0,1,0,1.0,1.0
751677,2012.TEMP.ANOMOLY.1.00+,Global Temperature Anomaly for 2012 (Jan-Dec) to be 1.00 or more,2012-07-12,,,,1.0,1,0,1.0,1.0
751677,2012.TEMP.ANOMOLY.1.00+,Global Temperature Anomaly for 2012 (Jan-Dec) to be 1.00 or more,2012-07-13,,,,1.0,1,0,1.0,1.0
751677,2012.TEMP.ANOMOLY.1.00+,Global Temperature Anomaly for 2012 (Jan-Dec) to be 1.00 or more,2012-07-14,,,,1.0,1,0,1.0,1.0
751677,2012.TEMP.ANOMOLY.1.00+,Global Temperature Anomaly for 2012 (Jan-Dec) to be 1.00 or more,2012-07-15,,,,1.0,1,0,1.0,1.0
751677,2012.TEMP.ANOMOLY.1.00+,Global Temperature Anomaly for 2012 (Jan-Dec) to be 1.00 or more,2012-07-16,,,,1.0,1,0,1.0,1.0
751677,2012.TEMP.ANOMOLY.1.00+,Global Temperature Anomaly for 2012 (Jan-Dec) to be 1.00 or more,2012-07-17,,,,1.0,1,0,1.0,1.0
751677,2012.TEMP.ANOMOLY.1.00+,Global Temperature Anomaly for 2012 (Jan-Dec) to be 1.00 or more,2012-07-18,,,,1.0,1,0,1.0,1.0
751677,2012.TEMP.ANOMOLY.1.00+,Global Temperature Anomaly for 2012 (Jan-Dec) to be 1.00 or more,2012-07-19,,,,1.0,1,0,1.0,1.0
751677,2012.TEMP.ANOMOLY.1.00+,Global Temperature Anomaly for 2012 (Jan-Dec) to be 1.00 or more,2012-07-20,,,,1.0,1,0,1.0,1.0
751677,2012.TEMP.ANOMOLY.1.00+,Global Temperature Anomaly for 2012 (Jan-Dec) to be 1.00 or more,2012-07-21,,,,1.0,1,0,1.0,1.0
751677,2012.TEMP.ANOMOLY.1.00+,Global Temperature Anomaly for 2012 (Jan-Dec) to be 1.00 or more,2012-07-22,,,,1.0,1,0,1.0,1.0
751677,2012.TEMP.ANOMOLY.1.00+,Global Temperature Anomaly for 2012 (Jan-Dec) to be 1.00 or more,2012-07-23,,,,1.0,1,0,1.0,1.0
751677,2012.TEMP.ANOMOLY.1.00+,Global Temperature Anomaly for 2012 (Jan-Dec) to be 1.00 or more,2012-07-24,,,,1.0,1,0,1.0,1.0
751677,2012.TEMP.ANOMOLY.1.00+,Global Temperature Anomaly for 2012 (Jan-Dec) to be 1.00 or more,2012-07-25,,,,1.0,1,0,1.0,1.0
751677,2012.TEMP.ANOMOLY.1.00+,Global Temperature Anomaly for 2012 (Jan-Dec) to be 1.00 or more,2012-07-26,,,,1.0,1,0,1.0,1.0
751677,2012.TEMP.ANOMOLY.1.00+,Global Temperature Anomaly for 2012 (Jan-Dec) to be 1.00 or more,2012-07-27,,,,1.0,1,0,1.0,1.0
751677,2012.TEMP.ANOMOLY.1.00+,Global Temperature Anomaly for 2012 (Jan-Dec) to be 1.00 or more,2012-07-28,,,,1.0,1,0,1.0,1.0
751677,2012.TEMP.ANOMOLY.1.00+,Global Temperature Anomaly for 2012 (Jan-Dec) to be 1.00 or more,2012-07-29,,,,1.0,1,0,1.0,1.0
751677,2012.TEMP.ANOMOLY.1.00+,Global Temperature Anomaly for 2012 (Jan-Dec) to be 1.00 or more,2012-07-30,,,,1.0,1,0,1.0,1.0
751677,2012.TEMP.ANOMOLY.1.00+,Global Temperature Anomaly for 2012 (Jan-Dec) to be 1.00 or more,2012-07-31,,,,1.0,1,0,1.0,1.0
751677,2012.TEMP.ANOMOLY.1.00+,Global Temperature Anomaly for 2012 (Jan-Dec) to be 1.00 or more,2012-08-01,,,,1.0,1,0,1.0,1.0
751677,2012.TEMP.ANOMOLY.1.00+,Global Temperature Anomaly for 2012 (Jan-Dec) to be 1.00 or more,2012-08-02,,,,1.0,1,0,1.0,1.0
751677,2012.TEMP.ANOMOLY.1.00+,Global Temperature Anomaly for 2012 (Jan-Dec) to be 1.00 or more,2012-08-03,,,,1.0,1,0,1.0,1.0
751677,2012.TEMP.ANOMOLY.1.00+,Global Temperature Anomaly for 2012 (Jan-Dec) to be 1.00 or more,2012-08-04,,,,1.0,1,0,1.0,1.0
751677,2012.TEMP.ANOMOLY.1.00+,Global Temperature Anomaly for 2012 (Jan-Dec) to be 1.00 or more,2012-08-05,,,,1.0,1,0,1.0,1.0
751677,2012.TEMP.ANOMOLY.1.00+,Global Temperature Anomaly for 2012 (Jan-Dec) to be 1.00 or more,2012-08-06,,,,1.0,1,0,1.0,1.0
751677,2012.TEMP.ANOMOLY.1.00+,Global Temperature Anomaly for 2012 (Jan-Dec) to be 1.00 or more,2012-08-07,,,,1.0,1,0,1.0,1.0
751677,2012.TEMP.ANOMOLY.1.00+,Global Temperature Anomaly for 2012 (Jan-Dec) to be 1.00 or more,2012-08-08,,,,1.0,1,0,1.0,1.0
751677,2012.TEMP.ANOMOLY.1.00+,Global Temperature Anomaly for 2012 (Jan-Dec) to be 1.00 or more,2012-08-09,,,,1.0,1,0,1.0,1.0
751677,2012.TEMP.ANOMOLY.1.00+,Global Temperature Anomaly for 2012 (Jan-Dec) to be 1.00 or more,2012-08-10,,,,1.0,1,0,1.0,1.0
751677,2012.TEMP.ANOMOLY.1.00+,Global Temperature Anomaly for 2012 (Jan-Dec) to be 1.00 or more,2012-08-11,,,,1.0,1,0,1.0,1.0
751677,2012.TEMP.ANOMOLY.1.00+,Global Temperature Anomaly for 2012 (Jan-Dec) to be 1.00 or more,2012-08-12,,,,1.0,1,0,1.0,1.0
751677,2012.TEMP.ANOMOLY.1.00+,Global Temperature Anomaly for 2012 (Jan-Dec) to be 1.00 or more,2012-08-13,,,,1.0,1,0,1.0,1.0
751677,2012.TEMP.ANOMOLY.1.00+,Global Temperature Anomaly for 2012 (Jan-Dec) to be 1.00 or more,2012-08-14,,,,1.0,1,0,1.0,1.0
751677,2012.TEMP.ANOMOLY.1.00+,Global Temperature Anomaly for 2012 (Jan-Dec) to be 1.00 or more,2012-08-15,,,,1.0,1,0,1.0,1.0
751677,2012.TEMP.ANOMOLY.1.00+,Global Temperature Anomaly for 2012 (Jan-Dec) to be 1.00 or more,2012-08-16,,,,1.0,1,0,1.0,1.0
751677,2012.TEMP.ANOMOLY.1.00+,Global Temperature Anomaly for 2012 (Jan-Dec) to be 1.00 or more,2012-08-17,,,,1.0,1,0,1.0,1.0
751677,2012.TEMP.ANOMOLY.1.00+,Global Temperature Anomaly for 2012 (Jan-Dec) to be 1.00 or more,2012-08-18,,,,1.0,1,0,1.0,1.0
751677,2012.TEMP.ANOMOLY.1.00+,Global Temperature Anomaly for 2012 (Jan-Dec) to be 1.00 or more,2012-08-19,,,,1.0,1,0,1.0,1.0
751677,2012.TEMP.ANOMOLY.1.00+,Global Temperature Anomaly for 2012 (Jan-Dec) to be 1.00 or more,2012-08-20,,,,1.0,1,0,1.0,1.0
751677,2012.TEMP.ANOMOLY.1.00+,Global Temperature Anomaly for 2012 (Jan-Dec) to be 1.00 or more,2012-08-21,,,,1.0,1,0,1.0,1.0
751677,2012.TEMP.ANOMOLY.1.00+,Global Temperature Anomaly for 2012 (Jan-Dec) to be 1.00 or more,2012-08-22,,,,1.0,1,0,1.0,1.0
751677,2012.TEMP.ANOMOLY.1.00+,Global Temperature Anomaly for 2012 (Jan-Dec) to be 1.00 or more,2012-08-23,,,,1.0,1,0,1.0,1.0
751677,2012.TEMP.ANOMOLY.1.00+,Global Temperature Anomaly for 2012 (Jan-Dec) to be 1.00 or more,2012-08-24,,,,1.0,1,0,1.0,1.0
751677,2012.TEMP.ANOMOLY.1.00+,Global Temperature Anomaly for 2012 (Jan-Dec) to be 1.00 or more,2012-08-25,,,,1.0,1,0,1.0,1.0
751677,2012.TEMP.ANOMOLY.1.00+,Global Temperature Anomaly for 2012 (Jan-Dec) to be 1.00 or more,2012-08-26,,,,1.0,1,0,1.0,1.0
751677,2012.TEMP.ANOMOLY.1.00+,Global Temperature Anomaly for 2012 (Jan-Dec) to be 1.00 or more,2012-08-27,,,,1.0,1,0,1.0,1.0
751677,2012.TEMP.ANOMOLY.1.00+,Global Temperature Anomaly for 2012 (Jan-Dec) to be 1.00 or more,2012-08-28,,,,1.0,1,0,1.0,1.0
751677,2012.TEMP.ANOMOLY.1.00+,Global Temperature Anomaly for 2012 (Jan-Dec) to be 1.00 or more,2012-08-29,,,,1.0,1,0,1.0,1.0
751677,2012.TEMP.ANOMOLY.1.00+,Global Temperature Anomaly for 2012 (Jan-Dec) to be 1.00 or more,2012-08-30,,,,1.0,1,0,1.0,1.0
751677,2012.TEMP.ANOMOLY.1.00+,Global Temperature Anomaly for 2012 (Jan-Dec) to be 1.00 or more,2012-08-31,,,,1.0,1,0,1.0,1.0
751677,2012.TEMP.ANOMOLY.1.00+,Global Temperature Anomaly for 2012 (Jan-Dec) to be 1.00 or more,2012-09-01,,,,1.0,1,0,1.0,1.0
751677,2012.TEMP.ANOMOLY.1.00+,Global Temperature Anomaly for 2012 (Jan-Dec) to be 1.00 or more,2012-09-02,,,,1.0,1,0,1.0,1.0
751677,2012.TEMP.ANOMOLY.1.00+,Global Temperature Anomaly for 2012 (Jan-Dec) to be 1.00 or more,2012-09-03,,,,1.0,1,0,1.0,1.0
751677,2012.TEMP.ANOMOLY.1.00+,Global Temperature Anomaly for 2012 (Jan-Dec) to be 1.00 or more,2012-09-04,,,,1.0,1,0,1.0,1.0
751677,2012.TEMP.ANOMOLY.1.00+,Global Temperature Anomaly for 2012 (Jan-Dec) to be 1.00 or more,2012-09-05,,,,1.0,1,0,1.0,1.0
751677,2012.TEMP.ANOMOLY.1.00+,Global Temperature Anomaly for 2012 (Jan-Dec) to be 1.00 or more,2012-09-06,,,,1.0,1,0,1.0,1.0
751677,2012.TEMP.ANOMOLY.1.00+,Global Temperature Anomaly for 2012 (Jan-Dec) to be 1.00 or more,2012-09-07,,,,1.0,1,0,1.0,1.0
751677,2012.TEMP.ANOMOLY.1.00+,Global Temperature Anomaly for 2012 (Jan-Dec) to be 1.00 or more,2012-09-08,,,,1.0,1,0,1.0,1.0
751677,2012.TEMP.ANOMOLY.1.00+,Global Temperature Anomaly for 2012 (Jan-Dec) to be 1.00 or more,2012-09-09,,,,1.0,1,0,1.0,1.0
751677,2012.TEMP.ANOMOLY.1.00+,Global Temperature Anomaly for 2012 (Jan-Dec) to be 1.00 or more,2012-09-10,,,,1.0,1,0,1.0,1.0
751677,2012.TEMP.ANOMOLY.1.00+,Global Temperature Anomaly for 2012 (Jan-Dec) to be 1.00 or more,2012-09-11,,,,1.0,1,0,1.0,1.0
751677,2012.TEMP.ANOMOLY.1.00+,Global Temperature Anomaly for 2012 (Jan-Dec) to be 1.00 or more,2012-09-12,,,,1.0,1,0,1.0,1.0
751677,2012.TEMP.ANOMOLY.1.00+,Global Temperature Anomaly for 2012 (Jan-Dec) to be 1.00 or more,2012-09-13,,,,1.0,1,0,1.0,1.0
751677,2012.TEMP.ANOMOLY.1.00+,Global Temperature Anomaly for 2012 (Jan-Dec) to be 1.00 or more,2012-09-14,,,,1.0,1,0,1.0,1.0
751677,2012.TEMP.ANOMOLY.1.00+,Global Temperature Anomaly for 2012 (Jan-Dec) to be 1.00 or more,2012-09-15,,,,1.0,1,0,1.0,1.0
751677,2012.TEMP.ANOMOLY.1.00+,Global Temperature Anomaly for 2012 (Jan-Dec) to be 1.00 or more,2012-09-16,,,,1.0,1,0,1.0,1.0
751677,2012.TEMP.ANOMOLY.1.00+,Global Temperature Anomaly for 2012 (Jan-Dec) to be 1.00 or more,2012-09-17,,,,1.0,1,0,1.0,1.0
751677,2012.TEMP.ANOMOLY.1.00+,Global Temperature Anomaly for 2012 (Jan-Dec) to be 1.00 or more,2012-09-18,,,,1.0,1,0,1.0,1.0
751677,2012.TEMP.ANOMOLY.1.00+,Global Temperature Anomaly for 2012 (Jan-Dec) to be 1.00 or more,2012-09-19,,,,1.0,1,0,1.0,1.0
751677,2012.TEMP.ANOMOLY.1.00+,Global Temperature Anomaly for 2012 (Jan-Dec) to be 1.00 or more,2012-09-20,,,,1.0,1,0,1.0,1.0
751677,2012.TEMP.ANOMOLY.1.00+,Global Temperature Anomaly for 2012 (Jan-Dec) to be 1.00 or more,2012-09-21,,,,1.0,1,0,1.0,1.0
751677,2012.TEMP.ANOMOLY.1.00+,Global Temperature Anomaly for 2012 (Jan-Dec) to be 1.00 or more,2012-09-22,,,,1.0,1,0,1.0,1.0
751677,2012.TEMP.ANOMOLY.1.00+,Global Temperature Anomaly for 2012 (Jan-Dec) to be 1.00 or more,2012-09-23,,,,1.0,1,0,1.0,1.0
751677,2012.TEMP.ANOMOLY.1.00+,Global Temperature Anomaly for 2012 (Jan-Dec) to be 1.00 or more,2012-09-24,,,,1.0,1,0,1.0,1.0
751677,2012.TEMP.ANOMOLY.1.00+,Global Temperature Anomaly for 2012 (Jan-Dec) to be 1.00 or more,2012-09-25,,,,1.0,1,0,1.0,1.0
751677,2012.TEMP.ANOMOLY.1.00+,Global Temperature Anomaly for 2012 (Jan-Dec) to be 1.00 or more,2012-09-26,,,,1.0,1,0,1.0,1.0
751677,2012.TEMP.ANOMOLY.1.00+,Global Temperature Anomaly for 2012 (Jan-Dec) to be 1.00 or more,2012-09-27,,,,1.0,1,0,1.0,1.0
751677,2012.TEMP.ANOMOLY.1.00+,Global Temperature Anomaly for 2012 (Jan-Dec) to be 1.00 or more,2012-09-28,,,,1.0,1,0,1.0,1.0
751677,2012.TEMP.ANOMOLY.1.00+,Global Temperature Anomaly for 2012 (Jan-Dec) to be 1.00 or more,2012-09-29,,,,1.0,1,0,1.0,1.0
751677,2012.TEMP.ANOMOLY.1.00+,Global Temperature Anomaly for 2012 (Jan-Dec) to be 1.00 or more,2012-09-30,,,,1.0,1,0,1.0,1.0
751677,2012.TEMP.ANOMOLY.1.00+,Global Temperature Anomaly for 2012 (Jan-Dec) to be 1.00 or more,2012-10-01,,,,1.0,1,0,1.0,1.0
751677,2012.TEMP.ANOMOLY.1.00+,Global Temperature Anomaly for 2012 (Jan-Dec) to be 1.00 or more,2012-10-02,,,,1.0,1,0,1.0,1.0
751677,2012.TEMP.ANOMOLY.1.00+,Global Temperature Anomaly for 2012 (Jan-Dec) to be 1.00 or more,2012-10-03,,,,1.0,1,0,1.0,1.0
751677,2012.TEMP.ANOMOLY.1.00+,Global Temperature Anomaly for 2012 (Jan-Dec) to be 1.00 or more,2012-10-04,,,,1.0,1,0,1.0,1.0
751677,2012.TEMP.ANOMOLY.1.00+,Global Temperature Anomaly for 2012 (Jan-Dec) to be 1.00 or more,2012-10-05,,,,1.0,1,0,1.0,1.0
751677,2012.TEMP.ANOMOLY.1.00+,Global Temperature Anomaly for 2012 (Jan-Dec) to be 1.00 or more,2012-10-06,,,,1.0,1,0,1.0,1.0
751677,2012.TEMP.ANOMOLY.1.00+,Global Temperature Anomaly for 2012 (Jan-Dec) to be 1.00 or more,2012-10-07,,,,1.0,1,0,1.0,1.0
751677,2012.TEMP.ANOMOLY.1.00+,Global Temperature Anomaly for 2012 (Jan-Dec) to be 1.00 or more,2012-10-08,,,,1.0,1,0,1.0,1.0
751677,2012.TEMP.ANOMOLY.1.00+,Global Temperature Anomaly for 2012 (Jan-Dec) to be 1.00 or more,2012-10-09,,,,1.0,1,0,1.0,1.0
751677,2012.TEMP.ANOMOLY.1.00+,Global Temperature Anomaly for 2012 (Jan-Dec) to be 1.00 or more,2012-10-10,,,,1.0,1,0,1.0,1.0
751677,2012.TEMP.ANOMOLY.1.00+,Global Temperature Anomaly for 2012 (Jan-Dec) to be 1.00 or more,2012-10-11,,,,1.0,1,0,1.0,1.0
751677,2012.TEMP.ANOMOLY.1.00+,Global Temperature Anomaly for 2012 (Jan-Dec) to be 1.00 or more,2012-10-12,,,,1.0,1,0,1.0,1.0
751677,2012.TEMP.ANOMOLY.1.00+,Global Temperature Anomaly for 2012 (Jan-Dec) to be 1.00 or more,2012-10-13,,,,1.0,1,0,1.0,1.0
751677,2012.TEMP.ANOMOLY.1.00+,Global Temperature Anomaly for 2012 (Jan-Dec) to be 1.00 or more,2012-10-14,,,,1.0,1,0,1.0,1.0
751677,2012.TEMP.ANOMOLY.1.00+,Global Temperature Anomaly for 2012 (Jan-Dec) to be 1.00 or more,2012-10-15,,,,1.0,1,0,1.0,1.0
751677,2012.TEMP.ANOMOLY.1.00+,Global Temperature Anomaly for 2012 (Jan-Dec) to be 1.00 or more,2012-10-16,,,,1.0,1,0,1.0,1.0
751677,2012.TEMP.ANOMOLY.1.00+,Global Temperature Anomaly for 2012 (Jan-Dec) to be 1.00 or more,2012-10-17,,,,1.0,1,0,1.0,1.0
751677,2012.TEMP.ANOMOLY.1.00+,Global Temperature Anomaly for 2012 (Jan-Dec) to be 1.00 or more,2012-10-18,,,,1.0,1,0,1.0,1.0
751677,2012.TEMP.ANOMOLY.1.00+,Global Temperature Anomaly for 2012 (Jan-Dec) to be 1.00 or more,2012-10-19,,,,1.0,1,0,1.0,1.0
751677,2012.TEMP.ANOMOLY.1.00+,Global Temperature Anomaly for 2012 (Jan-Dec) to be 1.00 or more,2012-10-20,,,,1.0,1,0,1.0,1.0
751677,2012.TEMP.ANOMOLY.1.00+,Global Temperature Anomaly for 2012 (Jan-Dec) to be 1.00 or more,2012-10-21,,,,1.0,1,0,1.0,1.0
751677,2012.TEMP.ANOMOLY.1.00+,Global Temperature Anomaly for 2012 (Jan-Dec) to be 1.00 or more,2012-10-22,,,,1.0,1,0,1.0,1.0
751677,2012.TEMP.ANOMOLY.1.00+,Global Temperature Anomaly for 2012 (Jan-Dec) to be 1.00 or more,2012-10-23,,,,1.0,1,0,1.0,1.0
751677,2012.TEMP.ANOMOLY.1.00+,Global Temperature Anomaly for 2012 (Jan-Dec) to be 1.00 or more,2012-10-24,,,,1.0,1,0,1.0,1.0
751677,2012.TEMP.ANOMOLY.1.00+,Global Temperature Anomaly for 2012 (Jan-Dec) to be 1.00 or more,2012-10-25,,,,1.0,1,0,1.0,1.0
751677,2012.TEMP.ANOMOLY.1.00+,Global Temperature Anomaly for 2012 (Jan-Dec) to be 1.00 or more,2012-10-26,,,,1.0,1,0,1.0,1.0
751677,2012.TEMP.ANOMOLY.1.00+,Global Temperature Anomaly for 2012 (Jan-Dec) to be 1.00 or more,2012-10-27,,,,1.0,1,0,1.0,1.0
751677,2012.TEMP.ANOMOLY.1.00+,Global Temperature Anomaly for 2012 (Jan-Dec) to be 1.00 or more,2012-10-28,,,,1.0,1,0,1.0,1.0
751677,2012.TEMP.ANOMOLY.1.00+,Global Temperature Anomaly for 2012 (Jan-Dec) to be 1.00 or more,2012-10-29,,,,1.0,1,0,1.0,1.0
751677,2012.TEMP.ANOMOLY.1.00+,Global Temperature Anomaly for 2012 (Jan-Dec) to be 1.00 or more,2012-10-30,,,,1.0,1,0,1.0,1.0
751677,2012.TEMP.ANOMOLY.1.00+,Global Temperature Anomaly for 2012 (Jan-Dec) to be 1.00 or more,2012-10-31,,,,1.0,1,0,1.0,1.0
751677,2012.TEMP.ANOMOLY.1.00+,Global Temperature Anomaly for 2012 (Jan-Dec) to be 1.00 or more,2012-11-01,,,,1.0,1,0,1.0,1.0
751677,2012.TEMP.ANOMOLY.1.00+,Global Temperature Anomaly for 2012 (Jan-Dec) to be 1.00 or more,2012-11-02,,,,1.0,1,0,1.0,1.0
751677,2012.TEMP.ANOMOLY.1.00+,Global Temperature Anomaly for 2012 (Jan-Dec) to be 1.00 or more,2012-11-03,,,,1.0,1,0,1.0,1.0
751677,2012.TEMP.ANOMOLY.1.00+,Global Temperature Anomaly for 2012 (Jan-Dec) to be 1.00 or more,2012-11-04,,,,1.0,1,0,1.0,1.0
751677,2012.TEMP.ANOMOLY.1.00+,Global Temperature Anomaly for 2012 (Jan-Dec) to be 1.00 or more,2012-11-05,,,,1.0,1,0,1.0,1.0
751677,2012.TEMP.ANOMOLY.1.00+,Global Temperature Anomaly for 2012 (Jan-Dec) to be 1.00 or more,2012-11-06,,,,1.0,1,0,1.0,1.0
751677,2012.TEMP.ANOMOLY.1.00+,Global Temperature Anomaly for 2012 (Jan-Dec) to be 1.00 or more,2012-11-07,,,,1.0,1,0,1.0,1.0
751677,2012.TEMP.ANOMOLY.1.00+,Global Temperature Anomaly for 2012 (Jan-Dec) to be 1.00 or more,2012-11-08,,,,1.0,1,0,1.0,1.0
751677,2012.TEMP.ANOMOLY.1.00+,Global Temperature Anomaly for 2012 (Jan-Dec) to be 1.00 or more,2012-11-09,,,,1.0,1,0,1.0,1.0
751677,2012.TEMP.ANOMOLY.1.00+,Global Temperature Anomaly for 2012 (Jan-Dec) to be 1.00 or more,2012-11-10,,,,1.0,1,0,1.0,1.0
751677,2012.TEMP.ANOMOLY.1.00+,Global Temperature Anomaly for 2012 (Jan-Dec) to be 1.00 or more,2012-11-11,,,,1.0,1,0,1.0,1.0
751677,2012.TEMP.ANOMOLY.1.00+,Global Temperature Anomaly for 2012 (Jan-Dec) to be 1.00 or more,2012-11-12,,,,1.0,1,0,1.0,1.0
751677,2012.TEMP.ANOMOLY.1.00+,Global Temperature Anomaly for 2012 (Jan-Dec) to be 1.00 or more,2012-11-13,,,,1.0,1,0,1.0,1.0
751677,2012.TEMP.ANOMOLY.1.00+,Global Temperature Anomaly for 2012 (Jan-Dec) to be 1.00 or more,2012-11-14,,,,1.0,1,0,1.0,1.0
751677,2012.TEMP.ANOMOLY.1.00+,Global Temperature Anomaly for 2012 (Jan-Dec) to be 1.00 or more,2012-11-15,,,,1.0,1,0,1.0,1.0
751677,2012.TEMP.ANOMOLY.1.00+,Global Temperature Anomaly for 2012 (Jan-Dec) to be 1.00 or more,2012-11-16,,,,1.0,1,0,1.0,1.0
751677,2012.TEMP.ANOMOLY.1.00+,Global Temperature Anomaly for 2012 (Jan-Dec) to be 1.00 or more,2012-11-17,,,,1.0,1,0,1.0,1.0
751677,2012.TEMP.ANOMOLY.1.00+,Global Temperature Anomaly for 2012 (Jan-Dec) to be 1.00 or more,2012-11-18,,,,1.0,1,0,1.0,1.0
751677,2012.TEMP.ANOMOLY.1.00+,Global Temperature Anomaly for 2012 (Jan-Dec) to be 1.00 or more,2012-11-19,,,,1.0,1,0,1.0,1.0
751677,2012.TEMP.ANOMOLY.1.00+,Global Temperature Anomaly for 2012 (Jan-Dec) to be 1.00 or more,2012-11-20,,,,1.0,1,0,1.0,1.0
751677,2012.TEMP.ANOMOLY.1.00+,Global Temperature Anomaly for 2012 (Jan-Dec) to be 1.00 or more,2012-11-21,,,,1.0,1,0,1.0,1.0
751677,2012.TEMP.ANOMOLY.1.00+,Global Temperature Anomaly for 2012 (Jan-Dec) to be 1.00 or more,2012-11-22,,,,1.0,1,0,1.0,1.0
751677,2012.TEMP.ANOMOLY.1.00+,Global Temperature Anomaly for 2012 (Jan-Dec) to be 1.00 or more,2012-11-23,,,,1.0,1,0,1.0,1.0
751677,2012.TEMP.ANOMOLY.1.00+,Global Temperature Anomaly for 2012 (Jan-Dec) to be 1.00 or more,2012-11-24,,,,1.0,1,0,1.0,1.0
751677,2012.TEMP.ANOMOLY.1.00+,Global Temperature Anomaly for 2012 (Jan-Dec) to be 1.00 or more,2012-11-25,,,,1.0,1,0,1.0,1.0
751677,2012.TEMP.ANOMOLY.1.00+,Global Temperature Anomaly for 2012 (Jan-Dec) to be 1.00 or more,2012-11-26,,,,1.0,1,0,1.0,1.0
751677,2012.TEMP.ANOMOLY.1.00+,Global Temperature Anomaly for 2012 (Jan-Dec) to be 1.00 or more,2012-11-27,,,,1.0,1,0,1.0,1.0
751677,2012.TEMP.ANOMOLY.1.00+,Global Temperature Anomaly for 2012 (Jan-Dec) to be 1.00 or more,2012-11-28,,,,1.0,1,0,1.0,1.0
751677,2012.TEMP.ANOMOLY.1.00+,Global Temperature Anomaly for 2012 (Jan-Dec) to be 1.00 or more,2012-11-29,,,,1.0,1,0,1.0,1.0
751677,2012.TEMP.ANOMOLY.1.00+,Global Temperature Anomaly for 2012 (Jan-Dec) to be 1.00 or more,2012-11-30,,,,1.0,1,0,1.0,1.0
751677,2012.TEMP.ANOMOLY.1.00+,Global Temperature Anomaly for 2012 (Jan-Dec) to be 1.00 or more,2012-12-01,,,,1.0,1,0,1.0,1.0
751677,2012.TEMP.ANOMOLY.1.00+,Global Temperature Anomaly for 2012 (Jan-Dec) to be 1.00 or more,2012-12-02,,,,1.0,1,0,1.0,1.0
751677,2012.TEMP.ANOMOLY.1.00+,Global Temperature Anomaly for 2012 (Jan-Dec) to be 1.00 or more,2012-12-03,,,,1.0,1,0,1.0,1.0
751677,2012.TEMP.ANOMOLY.1.00+,Global Temperature Anomaly for 2012 (Jan-Dec) to be 1.00 or more,2012-12-04,,,,1.0,1,0,1.0,1.0
751677,2012.TEMP.ANOMOLY.1.00+,Global Temperature Anomaly for 2012 (Jan-Dec) to be 1.00 or more,2012-12-05,,,,1.0,1,0,1.0,1.0
751677,2012.TEMP.ANOMOLY.1.00+,Global Temperature Anomaly for 2012 (Jan-Dec) to be 1.00 or more,2012-12-06,,,,1.0,1,0,1.0,1.0
751677,2012.TEMP.ANOMOLY.1.00+,Global Temperature Anomaly for 2012 (Jan-Dec) to be 1.00 or more,2012-12-07,,,,1.0,1,0,1.0,1.0
751677,2012.TEMP.ANOMOLY.1.00+,Global Temperature Anomaly for 2012 (Jan-Dec) to be 1.00 or more,2012-12-08,,,,1.0,1,0,1.0,1.0
751677,2012.TEMP.ANOMOLY.1.00+,Global Temperature Anomaly for 2012 (Jan-Dec) to be 1.00 or more,2012-12-09,,,,1.0,1,0,1.0,1.0
751677,2012.TEMP.ANOMOLY.1.00+,Global Temperature Anomaly for 2012 (Jan-Dec) to be 1.00 or more,2012-12-10,,,,1.0,1,0,1.0,1.0
751677,2012.TEMP.ANOMOLY.1.00+,Global Temperature Anomaly for 2012 (Jan-Dec) to be 1.00 or more,2012-12-11,,,,1.0,1,0,1.0,1.0
751677,2012.TEMP.ANOMOLY.1.00+,Global Temperature Anomaly for 2012 (Jan-Dec) to be 1.00 or more,2012-12-12,,,,1.0,1,0,1.0,1.0
751677,2012.TEMP.ANOMOLY.1.00+,Global Temperature Anomaly for 2012 (Jan-Dec) to be 1.00 or more,2012-12-13,,,,1.0,1,0,1.0,1.0
751677,2012.TEMP.ANOMOLY.1.00+,Global Temperature Anomaly for 2012 (Jan-Dec) to be 1.00 or more,2012-12-14,,,,1.0,1,0,1.0,1.0
751677,2012.TEMP.ANOMOLY.1.00+,Global Temperature Anomaly for 2012 (Jan-Dec) to be 1.00 or more,2012-12-15,,,,1.0,1,0,1.0,1.0
751677,2012.TEMP.ANOMOLY.1.00+,Global Temperature Anomaly for 2012 (Jan-Dec) to be 1.00 or more,2012-12-16,,,,1.0,1,0,1.0,1.0
751677,2012.TEMP.ANOMOLY.1.00+,Global Temperature Anomaly for 2012 (Jan-Dec) to be 1.00 or more,2012-12-17,,,,1.0,1,0,1.0,1.0
751677,2012.TEMP.ANOMOLY.1.00+,Global Temperature Anomaly for 2012 (Jan-Dec) to be 1.00 or more,2012-12-18,,,,1.0,1,0,1.0,1.0
751677,2012.TEMP.ANOMOLY.1.00+,Global Temperature Anomaly for 2012 (Jan-Dec) to be 1.00 or more,2012-12-19,,,,1.0,1,0,1.0,1.0
751677,2012.TEMP.ANOMOLY.1.00+,Global Temperature Anomaly for 2012 (Jan-Dec) to be 1.00 or more,2012-12-20,,,,1.0,1,0,1.0,1.0
751677,2012.TEMP.ANOMOLY.1.00+,Global Temperature Anomaly for 2012 (Jan-Dec) to be 1.00 or more,2012-12-21,,,,1.0,1,0,1.0,1.0
751677,2012.TEMP.ANOMOLY.1.00+,Global Temperature Anomaly for 2012 (Jan-Dec) to be 1.00 or more,2012-12-22,,,,1.0,1,0,1.0,1.0
751677,2012.TEMP.ANOMOLY.1.00+,Global Temperature Anomaly for 2012 (Jan-Dec) to be 1.00 or more,2012-12-23,0.1,0.1,0.1,0.1,0,2,1.0,0.1
751677,2012.TEMP.ANOMOLY.1.00+,Global Temperature Anomaly for 2012 (Jan-Dec) to be 1.00 or more,2012-12-24,,,,0.1,0,0,1.0,0.1
751677,2012.TEMP.ANOMOLY.1.00+,Global Temperature Anomaly for 2012 (Jan-Dec) to be 1.00 or more,2012-12-25,,,,0.1,0,0,1.0,0.1
751677,2012.TEMP.ANOMOLY.1.00+,Global Temperature Anomaly for 2012 (Jan-Dec) to be 1.00 or more,2012-12-26,,,,0.1,0,0,1.0,0.1
751677,2012.TEMP.ANOMOLY.1.00+,Global Temperature Anomaly for 2012 (Jan-Dec) to be 1.00 or more,2012-12-27,,,,0.1,0,0,1.0,0.1
751677,2012.TEMP.ANOMOLY.1.00+,Global Temperature Anomaly for 2012 (Jan-Dec) to be 1.00 or more,2012-12-28,,,,0.1,0,0,1.0,0.1
751677,2012.TEMP.ANOMOLY.1.00+,Global Temperature Anomaly for 2012 (Jan-Dec) to be 1.00 or more,2012-12-29,,,,0.1,0,0,1.0,0.1
751677,2012.TEMP.ANOMOLY.1.00+,Global Temperature Anomaly for 2012 (Jan-Dec) to be 1.00 or more,2012-12-30,,,,0.1,0,0,1.0,0.1
751677,2012.TEMP.ANOMOLY.1.00+,Global Temperature Anomaly for 2012 (Jan-Dec) to be 1.00 or more,2012-12-31,,,,0.1,0,0,1.0,0.1
751677,2012.TEMP.ANOMOLY.1.00+,Global Temperature Anomaly for 2012 (Jan-Dec) to be 1.00 or more,2013-01-01,,,,0.1,0,0,1.0,0.1
751677,2012.TEMP.ANOMOLY.1.00+,Global Temperature Anomaly for 2012 (Jan-Dec) to be 1.00 or more,2013-01-02,,,,0.1,0,0,1.0,0.1
751677,2012.TEMP.ANOMOLY.1.00+,Global Temperature Anomaly for 2012 (Jan-Dec) to be 1.00 or more,2013-01-03,,,,0.1,0,0,1.0,0.1
751677,2012.TEMP.ANOMOLY.1.00+,Global Temperature Anomaly for 2012 (Jan-Dec) to be 1.00 or more,2013-01-04,,,,0.1,0,0,1.0,0.1
751677,2012.TEMP.ANOMOLY.1.00+,Global Temperature Anomaly for 2012 (Jan-Dec) to be 1.00 or more,2013-01-05,,,,0.1,0,0,1.0,0.1
751677,2012.TEMP.ANOMOLY.1.00+,Global Temperature Anomaly for 2012 (Jan-Dec) to be 1.00 or more,2013-01-06,,,,0.1,0,0,1.0,0.1
751677,2012.TEMP.ANOMOLY.1.00+,Global Temperature Anomaly for 2012 (Jan-Dec) to be 1.00 or more,2013-01-07,,,,0.1,0,0,1.0,0.1
751677,2012.TEMP.ANOMOLY.1.00+,Global Temperature Anomaly for 2012 (Jan-Dec) to be 1.00 or more,2013-01-08,,,,0.1,0,0,1.0,0.1
751677,2012.TEMP.ANOMOLY.1.00+,Global Temperature Anomaly for 2012 (Jan-Dec) to be 1.00 or more,2013-01-09,,,,0.1,0,0,1.0,0.1
751677,2012.TEMP.ANOMOLY.1.00+,Global Temperature Anomaly for 2012 (Jan-Dec) to be 1.00 or more,2013-01-10,,,,0.1,0,0,1.0,0.1
751677,2012.TEMP.ANOMOLY.1.00+,Global Temperature Anomaly for 2012 (Jan-Dec) to be 1.00 or more,2013-01-11,,,,0.1,0,0,1.0,0.1
751677,2012.TEMP.ANOMOLY.1.00+,Global Temperature Anomaly for 2012 (Jan-Dec) to be 1.00 or more,2013-01-12,,,,0.1,0,0,1.0,0.1
751677,2012.TEMP.ANOMOLY.1.00+,Global Temperature Anomaly for 2012 (Jan-Dec) to be 1.00 or more,2013-01-13,,,,0.1,0,0,1.0,0.1
751677,2012.TEMP.ANOMOLY.1.00+,Global Temperature Anomaly for 2012 (Jan-Dec) to be 1.00 or more,2013-01-14,,,,0.1,0,0,1.0,0.1
751677,2012.TEMP.ANOMOLY.1.00+,Global Temperature Anomaly for 2012 (Jan-Dec) to be 1.00 or more,2013-01-15,,,,0.1,0,0,1.0,0.1
