market id,market symbol,market name,business day,session open,session high,session low,closing price,open interest,session trade volume,lifetime high,lifetime low
751684,2012.TEMP.ANOMOLY.0.65+,Global Temperature Anomaly for 2012 (Jan-Dec) to be 0.65 or more,2011-09-08,0.0,0.0,0.0,0.0,0,0,0.0,0.0
751684,2012.TEMP.ANOMOLY.0.65+,Global Temperature Anomaly for 2012 (Jan-Dec) to be 0.65 or more,2011-09-09,0.0,0.0,0.0,0.0,0,0,0.0,0.0
751684,2012.TEMP.ANOMOLY.0.65+,Global Temperature Anomaly for 2012 (Jan-Dec) to be 0.65 or more,2011-09-10,0.0,0.0,0.0,0.0,0,0,0.0,0.0
751684,2012.TEMP.ANOMOLY.0.65+,Global Temperature Anomaly for 2012 (Jan-Dec) to be 0.65 or more,2011-09-11,0.0,0.0,0.0,0.0,0,0,0.0,0.0
751684,2012.TEMP.ANOMOLY.0.65+,Global Temperature Anomaly for 2012 (Jan-Dec) to be 0.65 or more,2011-09-12,0.0,0.0,0.0,0.0,0,0,0.0,0.0
751684,2012.TEMP.ANOMOLY.0.65+,Global Temperature Anomaly for 2012 (Jan-Dec) to be 0.65 or more,2011-09-13,0.0,0.0,0.0,0.0,0,0,0.0,0.0
751684,2012.TEMP.ANOMOLY.0.65+,Global Temperature Anomaly for 2012 (Jan-Dec) to be 0.65 or more,2011-09-14,0.0,0.0,0.0,0.0,0,0,0.0,0.0
751684,2012.TEMP.ANOMOLY.0.65+,Global Temperature Anomaly for 2012 (Jan-Dec) to be 0.65 or more,2011-09-15,0.0,0.0,0.0,0.0,0,0,0.0,0.0
751684,2012.TEMP.ANOMOLY.0.65+,Global Temperature Anomaly for 2012 (Jan-Dec) to be 0.65 or more,2011-09-16,0.0,0.0,0.0,0.0,0,0,0.0,0.0
751684,2012.TEMP.ANOMOLY.0.65+,Global Temperature Anomaly for 2012 (Jan-Dec) to be 0.65 or more,2011-09-17,0.0,0.0,0.0,0.0,0,0,0.0,0.0
751684,2012.TEMP.ANOMOLY.0.65+,Global Temperature Anomaly for 2012 (Jan-Dec) to be 0.65 or more,2011-09-18,0.0,0.0,0.0,0.0,0,0,0.0,0.0
751684,2012.TEMP.ANOMOLY.0.65+,Global Temperature Anomaly for 2012 (Jan-Dec) to be 0.65 or more,2011-09-19,0.0,0.0,0.0,0.0,0,0,0.0,0.0
751684,2012.TEMP.ANOMOLY.0.65+,Global Temperature Anomaly for 2012 (Jan-Dec) to be 0.65 or more,2011-09-20,0.0,0.0,0.0,0.0,0,0,0.0,0.0
751684,2012.TEMP.ANOMOLY.0.65+,Global Temperature Anomaly for 2012 (Jan-Dec) to be 0.65 or more,2011-09-21,0.0,0.0,0.0,0.0,0,0,0.0,0.0
751684,2012.TEMP.ANOMOLY.0.65+,Global Temperature Anomaly for 2012 (Jan-Dec) to be 0.65 or more,2011-09-22,0.0,0.0,0.0,0.0,0,0,0.0,0.0
751684,2012.TEMP.ANOMOLY.0.65+,Global Temperature Anomaly for 2012 (Jan-Dec) to be 0.65 or more,2011-09-23,0.0,0.0,0.0,0.0,0,0,0.0,0.0
751684,2012.TEMP.ANOMOLY.0.65+,Global Temperature Anomaly for 2012 (Jan-Dec) to be 0.65 or more,2011-09-24,0.0,0.0,0.0,0.0,0,0,0.0,0.0
751684,2012.TEMP.ANOMOLY.0.65+,Global Temperature Anomaly for 2012 (Jan-Dec) to be 0.65 or more,2011-09-25,0.0,0.0,0.0,0.0,0,0,0.0,0.0
751684,2012.TEMP.ANOMOLY.0.65+,Global Temperature Anomaly for 2012 (Jan-Dec) to be 0.65 or more,2011-09-26,0.0,0.0,0.0,0.0,0,0,0.0,0.0
751684,2012.TEMP.ANOMOLY.0.65+,Global Temperature Anomaly for 2012 (Jan-Dec) to be 0.65 or more,2011-09-27,0.0,0.0,0.0,0.0,0,0,0.0,0.0
751684,2012.TEMP.ANOMOLY.0.65+,Global Temperature Anomaly for 2012 (Jan-Dec) to be 0.65 or more,2011-09-28,0.0,0.0,0.0,0.0,0,0,0.0,0.0
751684,2012.TEMP.ANOMOLY.0.65+,Global Temperature Anomaly for 2012 (Jan-Dec) to be 0.65 or more,2011-09-29,0.0,0.0,0.0,0.0,0,0,0.0,0.0
751684,2012.TEMP.ANOMOLY.0.65+,Global Temperature Anomaly for 2012 (Jan-Dec) to be 0.65 or more,2011-09-30,0.0,0.0,0.0,0.0,0,0,0.0,0.0
751684,2012.TEMP.ANOMOLY.0.65+,Global Temperature Anomaly for 2012 (Jan-Dec) to be 0.65 or more,2011-10-01,0.0,0.0,0.0,0.0,0,0,0.0,0.0
751684,2012.TEMP.ANOMOLY.0.65+,Global Temperature Anomaly for 2012 (Jan-Dec) to be 0.65 or more,2011-10-02,0.0,0.0,0.0,0.0,0,0,0.0,0.0
751684,2012.TEMP.ANOMOLY.0.65+,Global Temperature Anomaly for 2012 (Jan-Dec) to be 0.65 or more,2011-10-03,0.0,0.0,0.0,0.0,0,0,0.0,0.0
751684,2012.TEMP.ANOMOLY.0.65+,Global Temperature Anomaly for 2012 (Jan-Dec) to be 0.65 or more,2011-10-04,0.0,0.0,0.0,0.0,0,0,0.0,0.0
751684,2012.TEMP.ANOMOLY.0.65+,Global Temperature Anomaly for 2012 (Jan-Dec) to be 0.65 or more,2011-10-05,40.0,40.0,40.0,40.0,1,1,40.0,40.0
751684,2012.TEMP.ANOMOLY.0.65+,Global Temperature Anomaly for 2012 (Jan-Dec) to be 0.65 or more,2011-10-06,0.0,0.0,0.0,40.0,1,0,40.0,40.0
751684,2012.TEMP.ANOMOLY.0.65+,Global Temperature Anomaly for 2012 (Jan-Dec) to be 0.65 or more,2011-10-07,0.0,0.0,0.0,40.0,1,0,40.0,40.0
751684,2012.TEMP.ANOMOLY.0.65+,Global Temperature Anomaly for 2012 (Jan-Dec) to be 0.65 or more,2011-10-08,0.0,0.0,0.0,40.0,1,0,40.0,40.0
751684,2012.TEMP.ANOMOLY.0.65+,Global Temperature Anomaly for 2012 (Jan-Dec) to be 0.65 or more,2011-10-09,0.0,0.0,0.0,40.0,1,0,40.0,40.0
751684,2012.TEMP.ANOMOLY.0.65+,Global Temperature Anomaly for 2012 (Jan-Dec) to be 0.65 or more,2011-10-10,0.0,0.0,0.0,40.0,1,0,40.0,40.0
751684,2012.TEMP.ANOMOLY.0.65+,Global Temperature Anomaly for 2012 (Jan-Dec) to be 0.65 or more,2011-10-11,0.0,0.0,0.0,40.0,1,0,40.0,40.0
751684,2012.TEMP.ANOMOLY.0.65+,Global Temperature Anomaly for 2012 (Jan-Dec) to be 0.65 or more,2011-10-12,0.0,0.0,0.0,40.0,1,0,40.0,40.0
751684,2012.TEMP.ANOMOLY.0.65+,Global Temperature Anomaly for 2012 (Jan-Dec) to be 0.65 or more,2011-10-13,0.0,0.0,0.0,40.0,1,0,40.0,40.0
751684,2012.TEMP.ANOMOLY.0.65+,Global Temperature Anomaly for 2012 (Jan-Dec) to be 0.65 or more,2011-10-14,0.0,0.0,0.0,40.0,1,0,40.0,40.0
751684,2012.TEMP.ANOMOLY.0.65+,Global Temperature Anomaly for 2012 (Jan-Dec) to be 0.65 or more,2011-10-15,0.0,0.0,0.0,40.0,1,0,40.0,40.0
751684,2012.TEMP.ANOMOLY.0.65+,Global Temperature Anomaly for 2012 (Jan-Dec) to be 0.65 or more,2011-10-16,0.0,0.0,0.0,40.0,1,0,40.0,40.0
751684,2012.TEMP.ANOMOLY.0.65+,Global Temperature Anomaly for 2012 (Jan-Dec) to be 0.65 or more,2011-10-17,0.0,0.0,0.0,40.0,1,0,40.0,40.0
751684,2012.TEMP.ANOMOLY.0.65+,Global Temperature Anomaly for 2012 (Jan-Dec) to be 0.65 or more,2011-10-18,0.0,0.0,0.0,40.0,1,0,40.0,40.0
751684,2012.TEMP.ANOMOLY.0.65+,Global Temperature Anomaly for 2012 (Jan-Dec) to be 0.65 or more,2011-10-19,0.0,0.0,0.0,40.0,1,0,40.0,40.0
751684,2012.TEMP.ANOMOLY.0.65+,Global Temperature Anomaly for 2012 (Jan-Dec) to be 0.65 or more,2011-10-20,0.0,0.0,0.0,40.0,1,0,40.0,40.0
751684,2012.TEMP.ANOMOLY.0.65+,Global Temperature Anomaly for 2012 (Jan-Dec) to be 0.65 or more,2011-10-21,0.0,0.0,0.0,40.0,1,0,40.0,40.0
751684,2012.TEMP.ANOMOLY.0.65+,Global Temperature Anomaly for 2012 (Jan-Dec) to be 0.65 or more,2011-10-22,0.0,0.0,0.0,40.0,1,0,40.0,40.0
751684,2012.TEMP.ANOMOLY.0.65+,Global Temperature Anomaly for 2012 (Jan-Dec) to be 0.65 or more,2011-10-23,0.0,0.0,0.0,40.0,1,0,40.0,40.0
751684,2012.TEMP.ANOMOLY.0.65+,Global Temperature Anomaly for 2012 (Jan-Dec) to be 0.65 or more,2011-10-24,0.0,0.0,0.0,40.0,1,0,40.0,40.0
751684,2012.TEMP.ANOMOLY.0.65+,Global Temperature Anomaly for 2012 (Jan-Dec) to be 0.65 or more,2011-10-25,0.0,0.0,0.0,40.0,1,0,40.0,40.0
751684,2012.TEMP.ANOMOLY.0.65+,Global Temperature Anomaly for 2012 (Jan-Dec) to be 0.65 or more,2011-10-26,0.0,0.0,0.0,40.0,1,0,40.0,40.0
751684,2012.TEMP.ANOMOLY.0.65+,Global Temperature Anomaly for 2012 (Jan-Dec) to be 0.65 or more,2011-10-27,0.0,0.0,0.0,40.0,1,0,40.0,40.0
751684,2012.TEMP.ANOMOLY.0.65+,Global Temperature Anomaly for 2012 (Jan-Dec) to be 0.65 or more,2011-10-28,0.0,0.0,0.0,40.0,1,0,40.0,40.0
751684,2012.TEMP.ANOMOLY.0.65+,Global Temperature Anomaly for 2012 (Jan-Dec) to be 0.65 or more,2011-10-29,0.0,0.0,0.0,40.0,1,0,40.0,40.0
751684,2012.TEMP.ANOMOLY.0.65+,Global Temperature Anomaly for 2012 (Jan-Dec) to be 0.65 or more,2011-10-30,0.0,0.0,0.0,40.0,1,0,40.0,40.0
751684,2012.TEMP.ANOMOLY.0.65+,Global Temperature Anomaly for 2012 (Jan-Dec) to be 0.65 or more,2011-10-31,0.0,0.0,0.0,40.0,1,0,40.0,40.0
751684,2012.TEMP.ANOMOLY.0.65+,Global Temperature Anomaly for 2012 (Jan-Dec) to be 0.65 or more,2011-11-01,0.0,0.0,0.0,40.0,1,0,40.0,40.0
751684,2012.TEMP.ANOMOLY.0.65+,Global Temperature Anomaly for 2012 (Jan-Dec) to be 0.65 or more,2011-11-02,0.0,0.0,0.0,40.0,1,0,40.0,40.0
751684,2012.TEMP.ANOMOLY.0.65+,Global Temperature Anomaly for 2012 (Jan-Dec) to be 0.65 or more,2011-11-03,0.0,0.0,0.0,40.0,1,0,40.0,40.0
751684,2012.TEMP.ANOMOLY.0.65+,Global Temperature Anomaly for 2012 (Jan-Dec) to be 0.65 or more,2011-11-04,0.0,0.0,0.0,40.0,1,0,40.0,40.0
751684,2012.TEMP.ANOMOLY.0.65+,Global Temperature Anomaly for 2012 (Jan-Dec) to be 0.65 or more,2011-11-05,0.0,0.0,0.0,40.0,1,0,40.0,40.0
751684,2012.TEMP.ANOMOLY.0.65+,Global Temperature Anomaly for 2012 (Jan-Dec) to be 0.65 or more,2011-11-06,0.0,0.0,0.0,40.0,1,0,40.0,40.0
751684,2012.TEMP.ANOMOLY.0.65+,Global Temperature Anomaly for 2012 (Jan-Dec) to be 0.65 or more,2011-11-07,0.0,0.0,0.0,40.0,1,0,40.0,40.0
751684,2012.TEMP.ANOMOLY.0.65+,Global Temperature Anomaly for 2012 (Jan-Dec) to be 0.65 or more,2011-11-08,0.0,0.0,0.0,40.0,1,0,40.0,40.0
751684,2012.TEMP.ANOMOLY.0.65+,Global Temperature Anomaly for 2012 (Jan-Dec) to be 0.65 or more,2011-11-09,0.0,0.0,0.0,40.0,1,0,40.0,40.0
751684,2012.TEMP.ANOMOLY.0.65+,Global Temperature Anomaly for 2012 (Jan-Dec) to be 0.65 or more,2011-11-10,0.0,0.0,0.0,40.0,1,0,40.0,40.0
751684,2012.TEMP.ANOMOLY.0.65+,Global Temperature Anomaly for 2012 (Jan-Dec) to be 0.65 or more,2011-11-11,0.0,0.0,0.0,40.0,1,0,40.0,40.0
751684,2012.TEMP.ANOMOLY.0.65+,Global Temperature Anomaly for 2012 (Jan-Dec) to be 0.65 or more,2011-11-12,55.0,55.0,55.0,55.0,3,2,55.0,40.0
751684,2012.TEMP.ANOMOLY.0.65+,Global Temperature Anomaly for 2012 (Jan-Dec) to be 0.65 or more,2011-11-13,0.0,0.0,0.0,55.0,3,0,55.0,40.0
751684,2012.TEMP.ANOMOLY.0.65+,Global Temperature Anomaly for 2012 (Jan-Dec) to be 0.65 or more,2011-11-14,0.0,0.0,0.0,55.0,3,0,55.0,40.0
751684,2012.TEMP.ANOMOLY.0.65+,Global Temperature Anomaly for 2012 (Jan-Dec) to be 0.65 or more,2011-11-15,0.0,0.0,0.0,55.0,3,0,55.0,40.0
751684,2012.TEMP.ANOMOLY.0.65+,Global Temperature Anomaly for 2012 (Jan-Dec) to be 0.65 or more,2011-11-16,0.0,0.0,0.0,55.0,3,0,55.0,40.0
751684,2012.TEMP.ANOMOLY.0.65+,Global Temperature Anomaly for 2012 (Jan-Dec) to be 0.65 or more,2011-11-17,0.0,0.0,0.0,55.0,3,0,55.0,40.0
751684,2012.TEMP.ANOMOLY.0.65+,Global Temperature Anomaly for 2012 (Jan-Dec) to be 0.65 or more,2011-11-18,0.0,0.0,0.0,55.0,3,0,55.0,40.0
751684,2012.TEMP.ANOMOLY.0.65+,Global Temperature Anomaly for 2012 (Jan-Dec) to be 0.65 or more,2011-11-19,0.0,0.0,0.0,55.0,3,0,55.0,40.0
751684,2012.TEMP.ANOMOLY.0.65+,Global Temperature Anomaly for 2012 (Jan-Dec) to be 0.65 or more,2011-11-20,0.0,0.0,0.0,55.0,3,0,55.0,40.0
751684,2012.TEMP.ANOMOLY.0.65+,Global Temperature Anomaly for 2012 (Jan-Dec) to be 0.65 or more,2011-11-21,0.0,0.0,0.0,55.0,3,0,55.0,40.0
751684,2012.TEMP.ANOMOLY.0.65+,Global Temperature Anomaly for 2012 (Jan-Dec) to be 0.65 or more,2011-11-22,0.0,0.0,0.0,55.0,3,0,55.0,40.0
751684,2012.TEMP.ANOMOLY.0.65+,Global Temperature Anomaly for 2012 (Jan-Dec) to be 0.65 or more,2011-11-23,0.0,0.0,0.0,55.0,3,0,55.0,40.0
751684,2012.TEMP.ANOMOLY.0.65+,Global Temperature Anomaly for 2012 (Jan-Dec) to be 0.65 or more,2011-11-24,0.0,0.0,0.0,55.0,3,0,55.0,40.0
751684,2012.TEMP.ANOMOLY.0.65+,Global Temperature Anomaly for 2012 (Jan-Dec) to be 0.65 or more,2011-11-25,0.0,0.0,0.0,55.0,3,0,55.0,40.0
751684,2012.TEMP.ANOMOLY.0.65+,Global Temperature Anomaly for 2012 (Jan-Dec) to be 0.65 or more,2011-11-26,0.0,0.0,0.0,55.0,3,0,55.0,40.0
751684,2012.TEMP.ANOMOLY.0.65+,Global Temperature Anomaly for 2012 (Jan-Dec) to be 0.65 or more,2011-11-27,0.0,0.0,0.0,55.0,3,0,55.0,40.0
751684,2012.TEMP.ANOMOLY.0.65+,Global Temperature Anomaly for 2012 (Jan-Dec) to be 0.65 or more,2011-11-28,0.0,0.0,0.0,55.0,3,0,55.0,40.0
751684,2012.TEMP.ANOMOLY.0.65+,Global Temperature Anomaly for 2012 (Jan-Dec) to be 0.65 or more,2011-11-29,0.0,0.0,0.0,55.0,3,0,55.0,40.0
751684,2012.TEMP.ANOMOLY.0.65+,Global Temperature Anomaly for 2012 (Jan-Dec) to be 0.65 or more,2011-11-30,0.0,0.0,0.0,55.0,3,0,55.0,40.0
751684,2012.TEMP.ANOMOLY.0.65+,Global Temperature Anomaly for 2012 (Jan-Dec) to be 0.65 or more,2011-12-01,0.0,0.0,0.0,55.0,3,0,55.0,40.0
751684,2012.TEMP.ANOMOLY.0.65+,Global Temperature Anomaly for 2012 (Jan-Dec) to be 0.65 or more,2011-12-02,0.0,0.0,0.0,55.0,3,0,55.0,40.0
751684,2012.TEMP.ANOMOLY.0.65+,Global Temperature Anomaly for 2012 (Jan-Dec) to be 0.65 or more,2011-12-03,0.0,0.0,0.0,55.0,3,0,55.0,40.0
751684,2012.TEMP.ANOMOLY.0.65+,Global Temperature Anomaly for 2012 (Jan-Dec) to be 0.65 or more,2011-12-04,0.0,0.0,0.0,55.0,3,0,55.0,40.0
751684,2012.TEMP.ANOMOLY.0.65+,Global Temperature Anomaly for 2012 (Jan-Dec) to be 0.65 or more,2011-12-05,0.0,0.0,0.0,55.0,3,0,55.0,40.0
751684,2012.TEMP.ANOMOLY.0.65+,Global Temperature Anomaly for 2012 (Jan-Dec) to be 0.65 or more,2011-12-06,0.0,0.0,0.0,55.0,3,0,55.0,40.0
751684,2012.TEMP.ANOMOLY.0.65+,Global Temperature Anomaly for 2012 (Jan-Dec) to be 0.65 or more,2011-12-07,0.0,0.0,0.0,55.0,3,0,55.0,40.0
751684,2012.TEMP.ANOMOLY.0.65+,Global Temperature Anomaly for 2012 (Jan-Dec) to be 0.65 or more,2011-12-08,0.0,0.0,0.0,55.0,3,0,55.0,40.0
751684,2012.TEMP.ANOMOLY.0.65+,Global Temperature Anomaly for 2012 (Jan-Dec) to be 0.65 or more,2011-12-09,0.0,0.0,0.0,55.0,3,0,55.0,40.0
751684,2012.TEMP.ANOMOLY.0.65+,Global Temperature Anomaly for 2012 (Jan-Dec) to be 0.65 or more,2011-12-10,0.0,0.0,0.0,55.0,3,0,55.0,40.0
751684,2012.TEMP.ANOMOLY.0.65+,Global Temperature Anomaly for 2012 (Jan-Dec) to be 0.65 or more,2011-12-11,0.0,0.0,0.0,55.0,3,0,55.0,40.0
751684,2012.TEMP.ANOMOLY.0.65+,Global Temperature Anomaly for 2012 (Jan-Dec) to be 0.65 or more,2011-12-12,0.0,0.0,0.0,55.0,3,0,55.0,40.0
751684,2012.TEMP.ANOMOLY.0.65+,Global Temperature Anomaly for 2012 (Jan-Dec) to be 0.65 or more,2011-12-13,0.0,0.0,0.0,55.0,3,0,55.0,40.0
751684,2012.TEMP.ANOMOLY.0.65+,Global Temperature Anomaly for 2012 (Jan-Dec) to be 0.65 or more,2011-12-14,0.0,0.0,0.0,55.0,3,0,55.0,40.0
751684,2012.TEMP.ANOMOLY.0.65+,Global Temperature Anomaly for 2012 (Jan-Dec) to be 0.65 or more,2011-12-15,0.0,0.0,0.0,55.0,3,0,55.0,40.0
751684,2012.TEMP.ANOMOLY.0.65+,Global Temperature Anomaly for 2012 (Jan-Dec) to be 0.65 or more,2011-12-16,0.0,0.0,0.0,55.0,3,0,55.0,40.0
751684,2012.TEMP.ANOMOLY.0.65+,Global Temperature Anomaly for 2012 (Jan-Dec) to be 0.65 or more,2011-12-17,0.0,0.0,0.0,55.0,3,0,55.0,40.0
751684,2012.TEMP.ANOMOLY.0.65+,Global Temperature Anomaly for 2012 (Jan-Dec) to be 0.65 or more,2011-12-18,0.0,0.0,0.0,55.0,3,0,55.0,40.0
751684,2012.TEMP.ANOMOLY.0.65+,Global Temperature Anomaly for 2012 (Jan-Dec) to be 0.65 or more,2011-12-19,0.0,0.0,0.0,55.0,3,0,55.0,40.0
751684,2012.TEMP.ANOMOLY.0.65+,Global Temperature Anomaly for 2012 (Jan-Dec) to be 0.65 or more,2011-12-20,0.0,0.0,0.0,55.0,3,0,55.0,40.0
751684,2012.TEMP.ANOMOLY.0.65+,Global Temperature Anomaly for 2012 (Jan-Dec) to be 0.65 or more,2011-12-21,0.0,0.0,0.0,55.0,3,0,55.0,40.0
751684,2012.TEMP.ANOMOLY.0.65+,Global Temperature Anomaly for 2012 (Jan-Dec) to be 0.65 or more,2011-12-22,0.0,0.0,0.0,55.0,3,0,55.0,40.0
751684,2012.TEMP.ANOMOLY.0.65+,Global Temperature Anomaly for 2012 (Jan-Dec) to be 0.65 or more,2011-12-23,0.0,0.0,0.0,55.0,3,0,55.0,40.0
751684,2012.TEMP.ANOMOLY.0.65+,Global Temperature Anomaly for 2012 (Jan-Dec) to be 0.65 or more,2011-12-24,0.0,0.0,0.0,55.0,3,0,55.0,40.0
751684,2012.TEMP.ANOMOLY.0.65+,Global Temperature Anomaly for 2012 (Jan-Dec) to be 0.65 or more,2011-12-25,0.0,0.0,0.0,55.0,3,0,55.0,40.0
751684,2012.TEMP.ANOMOLY.0.65+,Global Temperature Anomaly for 2012 (Jan-Dec) to be 0.65 or more,2011-12-26,0.0,0.0,0.0,55.0,3,0,55.0,40.0
751684,2012.TEMP.ANOMOLY.0.65+,Global Temperature Anomaly for 2012 (Jan-Dec) to be 0.65 or more,2011-12-27,0.0,0.0,0.0,55.0,3,0,55.0,40.0
751684,2012.TEMP.ANOMOLY.0.65+,Global Temperature Anomaly for 2012 (Jan-Dec) to be 0.65 or more,2011-12-28,0.0,0.0,0.0,55.0,3,0,55.0,40.0
751684,2012.TEMP.ANOMOLY.0.65+,Global Temperature Anomaly for 2012 (Jan-Dec) to be 0.65 or more,2011-12-29,0.0,0.0,0.0,55.0,3,0,55.0,40.0
751684,2012.TEMP.ANOMOLY.0.65+,Global Temperature Anomaly for 2012 (Jan-Dec) to be 0.65 or more,2011-12-30,0.0,0.0,0.0,55.0,3,0,55.0,40.0
751684,2012.TEMP.ANOMOLY.0.65+,Global Temperature Anomaly for 2012 (Jan-Dec) to be 0.65 or more,2011-12-31,0.0,0.0,0.0,55.0,3,0,55.0,40.0
751684,2012.TEMP.ANOMOLY.0.65+,Global Temperature Anomaly for 2012 (Jan-Dec) to be 0.65 or more,2012-01-01,0.0,0.0,0.0,55.0,3,0,55.0,40.0
751684,2012.TEMP.ANOMOLY.0.65+,Global Temperature Anomaly for 2012 (Jan-Dec) to be 0.65 or more,2012-01-02,0.0,0.0,0.0,55.0,3,0,55.0,40.0
751684,2012.TEMP.ANOMOLY.0.65+,Global Temperature Anomaly for 2012 (Jan-Dec) to be 0.65 or more,2012-01-03,0.0,0.0,0.0,55.0,3,0,55.0,40.0
751684,2012.TEMP.ANOMOLY.0.65+,Global Temperature Anomaly for 2012 (Jan-Dec) to be 0.65 or more,2012-01-04,0.0,0.0,0.0,55.0,3,0,55.0,40.0
751684,2012.TEMP.ANOMOLY.0.65+,Global Temperature Anomaly for 2012 (Jan-Dec) to be 0.65 or more,2012-01-05,0.0,0.0,0.0,55.0,3,0,55.0,40.0
751684,2012.TEMP.ANOMOLY.0.65+,Global Temperature Anomaly for 2012 (Jan-Dec) to be 0.65 or more,2012-01-06,0.0,0.0,0.0,55.0,3,0,55.0,40.0
751684,2012.TEMP.ANOMOLY.0.65+,Global Temperature Anomaly for 2012 (Jan-Dec) to be 0.65 or more,2012-01-07,0.0,0.0,0.0,55.0,3,0,55.0,40.0
751684,2012.TEMP.ANOMOLY.0.65+,Global Temperature Anomaly for 2012 (Jan-Dec) to be 0.65 or more,2012-01-08,0.0,0.0,0.0,55.0,3,0,55.0,40.0
751684,2012.TEMP.ANOMOLY.0.65+,Global Temperature Anomaly for 2012 (Jan-Dec) to be 0.65 or more,2012-01-09,0.0,0.0,0.0,55.0,3,0,55.0,40.0
751684,2012.TEMP.ANOMOLY.0.65+,Global Temperature Anomaly for 2012 (Jan-Dec) to be 0.65 or more,2012-01-10,0.0,0.0,0.0,55.0,3,0,55.0,40.0
751684,2012.TEMP.ANOMOLY.0.65+,Global Temperature Anomaly for 2012 (Jan-Dec) to be 0.65 or more,2012-01-11,0.0,0.0,0.0,55.0,3,0,55.0,40.0
751684,2012.TEMP.ANOMOLY.0.65+,Global Temperature Anomaly for 2012 (Jan-Dec) to be 0.65 or more,2012-01-12,0.0,0.0,0.0,55.0,3,0,55.0,40.0
751684,2012.TEMP.ANOMOLY.0.65+,Global Temperature Anomaly for 2012 (Jan-Dec) to be 0.65 or more,2012-01-13,0.0,0.0,0.0,55.0,3,0,55.0,40.0
751684,2012.TEMP.ANOMOLY.0.65+,Global Temperature Anomaly for 2012 (Jan-Dec) to be 0.65 or more,2012-01-14,0.0,0.0,0.0,55.0,3,0,55.0,40.0
751684,2012.TEMP.ANOMOLY.0.65+,Global Temperature Anomaly for 2012 (Jan-Dec) to be 0.65 or more,2012-01-15,0.0,0.0,0.0,55.0,3,0,55.0,40.0
751684,2012.TEMP.ANOMOLY.0.65+,Global Temperature Anomaly for 2012 (Jan-Dec) to be 0.65 or more,2012-01-16,0.0,0.0,0.0,55.0,3,0,55.0,40.0
751684,2012.TEMP.ANOMOLY.0.65+,Global Temperature Anomaly for 2012 (Jan-Dec) to be 0.65 or more,2012-01-17,0.0,0.0,0.0,55.0,3,0,55.0,40.0
751684,2012.TEMP.ANOMOLY.0.65+,Global Temperature Anomaly for 2012 (Jan-Dec) to be 0.65 or more,2012-01-18,0.0,0.0,0.0,55.0,3,0,55.0,40.0
751684,2012.TEMP.ANOMOLY.0.65+,Global Temperature Anomaly for 2012 (Jan-Dec) to be 0.65 or more,2012-01-19,0.0,0.0,0.0,55.0,3,0,55.0,40.0
751684,2012.TEMP.ANOMOLY.0.65+,Global Temperature Anomaly for 2012 (Jan-Dec) to be 0.65 or more,2012-01-20,0.0,0.0,0.0,55.0,3,0,55.0,40.0
751684,2012.TEMP.ANOMOLY.0.65+,Global Temperature Anomaly for 2012 (Jan-Dec) to be 0.65 or more,2012-01-21,0.0,0.0,0.0,55.0,3,0,55.0,40.0
751684,2012.TEMP.ANOMOLY.0.65+,Global Temperature Anomaly for 2012 (Jan-Dec) to be 0.65 or more,2012-01-22,0.0,0.0,0.0,55.0,3,0,55.0,40.0
751684,2012.TEMP.ANOMOLY.0.65+,Global Temperature Anomaly for 2012 (Jan-Dec) to be 0.65 or more,2012-01-23,0.0,0.0,0.0,55.0,3,0,55.0,40.0
751684,2012.TEMP.ANOMOLY.0.65+,Global Temperature Anomaly for 2012 (Jan-Dec) to be 0.65 or more,2012-01-24,0.0,0.0,0.0,55.0,3,0,55.0,40.0
751684,2012.TEMP.ANOMOLY.0.65+,Global Temperature Anomaly for 2012 (Jan-Dec) to be 0.65 or more,2012-01-25,0.0,0.0,0.0,55.0,3,0,55.0,40.0
751684,2012.TEMP.ANOMOLY.0.65+,Global Temperature Anomaly for 2012 (Jan-Dec) to be 0.65 or more,2012-01-26,0.0,0.0,0.0,55.0,3,0,55.0,40.0
751684,2012.TEMP.ANOMOLY.0.65+,Global Temperature Anomaly for 2012 (Jan-Dec) to be 0.65 or more,2012-01-27,0.0,0.0,0.0,55.0,3,0,55.0,40.0
751684,2012.TEMP.ANOMOLY.0.65+,Global Temperature Anomaly for 2012 (Jan-Dec) to be 0.65 or more,2012-01-28,0.0,0.0,0.0,55.0,3,0,55.0,40.0
751684,2012.TEMP.ANOMOLY.0.65+,Global Temperature Anomaly for 2012 (Jan-Dec) to be 0.65 or more,2012-01-29,0.0,0.0,0.0,55.0,3,0,55.0,40.0
751684,2012.TEMP.ANOMOLY.0.65+,Global Temperature Anomaly for 2012 (Jan-Dec) to be 0.65 or more,2012-01-30,0.0,0.0,0.0,55.0,3,0,55.0,40.0
751684,2012.TEMP.ANOMOLY.0.65+,Global Temperature Anomaly for 2012 (Jan-Dec) to be 0.65 or more,2012-01-31,0.0,0.0,0.0,55.0,3,0,55.0,40.0
751684,2012.TEMP.ANOMOLY.0.65+,Global Temperature Anomaly for 2012 (Jan-Dec) to be 0.65 or more,2012-02-01,0.0,0.0,0.0,55.0,3,0,55.0,40.0
751684,2012.TEMP.ANOMOLY.0.65+,Global Temperature Anomaly for 2012 (Jan-Dec) to be 0.65 or more,2012-02-02,0.0,0.0,0.0,55.0,3,0,55.0,40.0
751684,2012.TEMP.ANOMOLY.0.65+,Global Temperature Anomaly for 2012 (Jan-Dec) to be 0.65 or more,2012-02-03,0.0,0.0,0.0,55.0,3,0,55.0,40.0
751684,2012.TEMP.ANOMOLY.0.65+,Global Temperature Anomaly for 2012 (Jan-Dec) to be 0.65 or more,2012-02-04,0.0,0.0,0.0,55.0,3,0,55.0,40.0
751684,2012.TEMP.ANOMOLY.0.65+,Global Temperature Anomaly for 2012 (Jan-Dec) to be 0.65 or more,2012-02-05,0.0,0.0,0.0,55.0,3,0,55.0,40.0
751684,2012.TEMP.ANOMOLY.0.65+,Global Temperature Anomaly for 2012 (Jan-Dec) to be 0.65 or more,2012-02-06,0.0,0.0,0.0,55.0,3,0,55.0,40.0
751684,2012.TEMP.ANOMOLY.0.65+,Global Temperature Anomaly for 2012 (Jan-Dec) to be 0.65 or more,2012-02-07,0.0,0.0,0.0,55.0,3,0,55.0,40.0
751684,2012.TEMP.ANOMOLY.0.65+,Global Temperature Anomaly for 2012 (Jan-Dec) to be 0.65 or more,2012-02-08,0.0,0.0,0.0,55.0,3,0,55.0,40.0
751684,2012.TEMP.ANOMOLY.0.65+,Global Temperature Anomaly for 2012 (Jan-Dec) to be 0.65 or more,2012-02-09,0.0,0.0,0.0,55.0,3,0,55.0,40.0
751684,2012.TEMP.ANOMOLY.0.65+,Global Temperature Anomaly for 2012 (Jan-Dec) to be 0.65 or more,2012-02-10,0.0,0.0,0.0,55.0,3,0,55.0,40.0
751684,2012.TEMP.ANOMOLY.0.65+,Global Temperature Anomaly for 2012 (Jan-Dec) to be 0.65 or more,2012-02-11,0.0,0.0,0.0,55.0,3,0,55.0,40.0
751684,2012.TEMP.ANOMOLY.0.65+,Global Temperature Anomaly for 2012 (Jan-Dec) to be 0.65 or more,2012-02-12,0.0,0.0,0.0,55.0,3,0,55.0,40.0
751684,2012.TEMP.ANOMOLY.0.65+,Global Temperature Anomaly for 2012 (Jan-Dec) to be 0.65 or more,2012-02-13,0.0,0.0,0.0,55.0,3,0,55.0,40.0
751684,2012.TEMP.ANOMOLY.0.65+,Global Temperature Anomaly for 2012 (Jan-Dec) to be 0.65 or more,2012-02-14,0.0,0.0,0.0,55.0,3,0,55.0,40.0
751684,2012.TEMP.ANOMOLY.0.65+,Global Temperature Anomaly for 2012 (Jan-Dec) to be 0.65 or more,2012-02-15,0.0,0.0,0.0,55.0,3,0,55.0,40.0
751684,2012.TEMP.ANOMOLY.0.65+,Global Temperature Anomaly for 2012 (Jan-Dec) to be 0.65 or more,2012-02-16,0.0,0.0,0.0,55.0,3,0,55.0,40.0
751684,2012.TEMP.ANOMOLY.0.65+,Global Temperature Anomaly for 2012 (Jan-Dec) to be 0.65 or more,2012-02-17,0.0,0.0,0.0,55.0,3,0,55.0,40.0
751684,2012.TEMP.ANOMOLY.0.65+,Global Temperature Anomaly for 2012 (Jan-Dec) to be 0.65 or more,2012-02-18,0.0,0.0,0.0,55.0,3,0,55.0,40.0
751684,2012.TEMP.ANOMOLY.0.65+,Global Temperature Anomaly for 2012 (Jan-Dec) to be 0.65 or more,2012-02-19,0.0,0.0,0.0,55.0,3,0,55.0,40.0
751684,2012.TEMP.ANOMOLY.0.65+,Global Temperature Anomaly for 2012 (Jan-Dec) to be 0.65 or more,2012-02-20,0.0,0.0,0.0,55.0,3,0,55.0,40.0
751684,2012.TEMP.ANOMOLY.0.65+,Global Temperature Anomaly for 2012 (Jan-Dec) to be 0.65 or more,2012-02-21,0.0,0.0,0.0,55.0,3,0,55.0,40.0
751684,2012.TEMP.ANOMOLY.0.65+,Global Temperature Anomaly for 2012 (Jan-Dec) to be 0.65 or more,2012-02-22,0.0,0.0,0.0,55.0,3,0,55.0,40.0
751684,2012.TEMP.ANOMOLY.0.65+,Global Temperature Anomaly for 2012 (Jan-Dec) to be 0.65 or more,2012-02-23,0.0,0.0,0.0,55.0,3,0,55.0,40.0
751684,2012.TEMP.ANOMOLY.0.65+,Global Temperature Anomaly for 2012 (Jan-Dec) to be 0.65 or more,2012-02-24,0.0,0.0,0.0,55.0,3,0,55.0,40.0
751684,2012.TEMP.ANOMOLY.0.65+,Global Temperature Anomaly for 2012 (Jan-Dec) to be 0.65 or more,2012-02-25,0.0,0.0,0.0,55.0,3,0,55.0,40.0
751684,2012.TEMP.ANOMOLY.0.65+,Global Temperature Anomaly for 2012 (Jan-Dec) to be 0.65 or more,2012-02-26,0.0,0.0,0.0,55.0,3,0,55.0,40.0
751684,2012.TEMP.ANOMOLY.0.65+,Global Temperature Anomaly for 2012 (Jan-Dec) to be 0.65 or more,2012-02-27,0.0,0.0,0.0,55.0,3,0,55.0,40.0
751684,2012.TEMP.ANOMOLY.0.65+,Global Temperature Anomaly for 2012 (Jan-Dec) to be 0.65 or more,2012-02-28,0.0,0.0,0.0,55.0,3,0,55.0,40.0
751684,2012.TEMP.ANOMOLY.0.65+,Global Temperature Anomaly for 2012 (Jan-Dec) to be 0.65 or more,2012-02-29,0.0,0.0,0.0,55.0,3,0,55.0,40.0
751684,2012.TEMP.ANOMOLY.0.65+,Global Temperature Anomaly for 2012 (Jan-Dec) to be 0.65 or more,2012-03-01,0.0,0.0,0.0,55.0,3,0,55.0,40.0
751684,2012.TEMP.ANOMOLY.0.65+,Global Temperature Anomaly for 2012 (Jan-Dec) to be 0.65 or more,2012-03-02,,,,55.0,3,0,55.0,40.0
751684,2012.TEMP.ANOMOLY.0.65+,Global Temperature Anomaly for 2012 (Jan-Dec) to be 0.65 or more,2012-03-03,,,,55.0,3,0,55.0,40.0
751684,2012.TEMP.ANOMOLY.0.65+,Global Temperature Anomaly for 2012 (Jan-Dec) to be 0.65 or more,2012-03-04,,,,55.0,3,0,55.0,40.0
751684,2012.TEMP.ANOMOLY.0.65+,Global Temperature Anomaly for 2012 (Jan-Dec) to be 0.65 or more,2012-03-05,,,,55.0,3,0,55.0,40.0
751684,2012.TEMP.ANOMOLY.0.65+,Global Temperature Anomaly for 2012 (Jan-Dec) to be 0.65 or more,2012-03-06,,,,55.0,3,0,55.0,40.0
751684,2012.TEMP.ANOMOLY.0.65+,Global Temperature Anomaly for 2012 (Jan-Dec) to be 0.65 or more,2012-03-07,,,,,3,0,55.0,40.0
751684,2012.TEMP.ANOMOLY.0.65+,Global Temperature Anomaly for 2012 (Jan-Dec) to be 0.65 or more,2012-03-08,,,,55.0,3,0,55.0,40.0
751684,2012.TEMP.ANOMOLY.0.65+,Global Temperature Anomaly for 2012 (Jan-Dec) to be 0.65 or more,2012-03-09,,,,55.0,3,0,55.0,40.0
751684,2012.TEMP.ANOMOLY.0.65+,Global Temperature Anomaly for 2012 (Jan-Dec) to be 0.65 or more,2012-03-10,,,,55.0,3,0,55.0,40.0
751684,2012.TEMP.ANOMOLY.0.65+,Global Temperature Anomaly for 2012 (Jan-Dec) to be 0.65 or more,2012-03-11,,,,55.0,3,0,55.0,40.0
751684,2012.TEMP.ANOMOLY.0.65+,Global Temperature Anomaly for 2012 (Jan-Dec) to be 0.65 or more,2012-03-12,,,,55.0,3,0,55.0,40.0
751684,2012.TEMP.ANOMOLY.0.65+,Global Temperature Anomaly for 2012 (Jan-Dec) to be 0.65 or more,2012-03-13,,,,55.0,3,0,55.0,40.0
751684,2012.TEMP.ANOMOLY.0.65+,Global Temperature Anomaly for 2012 (Jan-Dec) to be 0.65 or more,2012-03-14,,,,55.0,3,0,55.0,40.0
751684,2012.TEMP.ANOMOLY.0.65+,Global Temperature Anomaly for 2012 (Jan-Dec) to be 0.65 or more,2012-03-15,,,,55.0,3,0,55.0,40.0
751684,2012.TEMP.ANOMOLY.0.65+,Global Temperature Anomaly for 2012 (Jan-Dec) to be 0.65 or more,2012-03-16,,,,55.0,3,0,55.0,40.0
751684,2012.TEMP.ANOMOLY.0.65+,Global Temperature Anomaly for 2012 (Jan-Dec) to be 0.65 or more,2012-03-17,,,,55.0,3,0,55.0,40.0
751684,2012.TEMP.ANOMOLY.0.65+,Global Temperature Anomaly for 2012 (Jan-Dec) to be 0.65 or more,2012-03-18,,,,55.0,3,0,55.0,40.0
751684,2012.TEMP.ANOMOLY.0.65+,Global Temperature Anomaly for 2012 (Jan-Dec) to be 0.65 or more,2012-03-19,,,,55.0,3,0,55.0,40.0
751684,2012.TEMP.ANOMOLY.0.65+,Global Temperature Anomaly for 2012 (Jan-Dec) to be 0.65 or more,2012-03-20,,,,55.0,3,0,55.0,40.0
751684,2012.TEMP.ANOMOLY.0.65+,Global Temperature Anomaly for 2012 (Jan-Dec) to be 0.65 or more,2012-03-21,,,,55.0,3,0,55.0,40.0
751684,2012.TEMP.ANOMOLY.0.65+,Global Temperature Anomaly for 2012 (Jan-Dec) to be 0.65 or more,2012-03-22,,,,55.0,3,0,55.0,40.0
751684,2012.TEMP.ANOMOLY.0.65+,Global Temperature Anomaly for 2012 (Jan-Dec) to be 0.65 or more,2012-03-23,,,,55.0,3,0,55.0,40.0
751684,2012.TEMP.ANOMOLY.0.65+,Global Temperature Anomaly for 2012 (Jan-Dec) to be 0.65 or more,2012-03-24,,,,55.0,3,0,55.0,40.0
751684,2012.TEMP.ANOMOLY.0.65+,Global Temperature Anomaly for 2012 (Jan-Dec) to be 0.65 or more,2012-03-25,,,,55.0,3,0,55.0,40.0
751684,2012.TEMP.ANOMOLY.0.65+,Global Temperature Anomaly for 2012 (Jan-Dec) to be 0.65 or more,2012-03-26,,,,55.0,3,0,55.0,40.0
751684,2012.TEMP.ANOMOLY.0.65+,Global Temperature Anomaly for 2012 (Jan-Dec) to be 0.65 or more,2012-03-27,,,,55.0,3,0,55.0,40.0
751684,2012.TEMP.ANOMOLY.0.65+,Global Temperature Anomaly for 2012 (Jan-Dec) to be 0.65 or more,2012-03-28,,,,55.0,3,0,55.0,40.0
751684,2012.TEMP.ANOMOLY.0.65+,Global Temperature Anomaly for 2012 (Jan-Dec) to be 0.65 or more,2012-03-29,,,,55.0,3,0,55.0,40.0
751684,2012.TEMP.ANOMOLY.0.65+,Global Temperature Anomaly for 2012 (Jan-Dec) to be 0.65 or more,2012-03-30,,,,55.0,3,0,55.0,40.0
751684,2012.TEMP.ANOMOLY.0.65+,Global Temperature Anomaly for 2012 (Jan-Dec) to be 0.65 or more,2012-03-31,,,,55.0,3,0,55.0,40.0
751684,2012.TEMP.ANOMOLY.0.65+,Global Temperature Anomaly for 2012 (Jan-Dec) to be 0.65 or more,2012-04-01,,,,55.0,3,0,55.0,40.0
751684,2012.TEMP.ANOMOLY.0.65+,Global Temperature Anomaly for 2012 (Jan-Dec) to be 0.65 or more,2012-04-02,,,,55.0,3,0,55.0,40.0
751684,2012.TEMP.ANOMOLY.0.65+,Global Temperature Anomaly for 2012 (Jan-Dec) to be 0.65 or more,2012-04-03,,,,55.0,3,0,55.0,40.0
751684,2012.TEMP.ANOMOLY.0.65+,Global Temperature Anomaly for 2012 (Jan-Dec) to be 0.65 or more,2012-04-04,,,,55.0,3,0,55.0,40.0
751684,2012.TEMP.ANOMOLY.0.65+,Global Temperature Anomaly for 2012 (Jan-Dec) to be 0.65 or more,2012-04-05,,,,55.0,3,0,55.0,40.0
751684,2012.TEMP.ANOMOLY.0.65+,Global Temperature Anomaly for 2012 (Jan-Dec) to be 0.65 or more,2012-04-06,,,,55.0,3,0,55.0,40.0
751684,2012.TEMP.ANOMOLY.0.65+,Global Temperature Anomaly for 2012 (Jan-Dec) to be 0.65 or more,2012-04-07,,,,55.0,3,0,55.0,40.0
751684,2012.TEMP.ANOMOLY.0.65+,Global Temperature Anomaly for 2012 (Jan-Dec) to be 0.65 or more,2012-04-08,,,,55.0,3,0,55.0,40.0
751684,2012.TEMP.ANOMOLY.0.65+,Global Temperature Anomaly for 2012 (Jan-Dec) to be 0.65 or more,2012-04-09,,,,55.0,3,0,55.0,40.0
751684,2012.TEMP.ANOMOLY.0.65+,Global Temperature Anomaly for 2012 (Jan-Dec) to be 0.65 or more,2012-04-10,,,,55.0,3,0,55.0,40.0
751684,2012.TEMP.ANOMOLY.0.65+,Global Temperature Anomaly for 2012 (Jan-Dec) to be 0.65 or more,2012-04-11,,,,55.0,3,0,55.0,40.0
751684,2012.TEMP.ANOMOLY.0.65+,Global Temperature Anomaly for 2012 (Jan-Dec) to be 0.65 or more,2012-04-12,,,,55.0,3,0,55.0,40.0
751684,2012.TEMP.ANOMOLY.0.65+,Global Temperature Anomaly for 2012 (Jan-Dec) to be 0.65 or more,2012-04-13,,,,55.0,3,0,55.0,40.0
751684,2012.TEMP.ANOMOLY.0.65+,Global Temperature Anomaly for 2012 (Jan-Dec) to be 0.65 or more,2012-04-14,,,,55.0,3,0,55.0,40.0
751684,2012.TEMP.ANOMOLY.0.65+,Global Temperature Anomaly for 2012 (Jan-Dec) to be 0.65 or more,2012-04-15,,,,55.0,3,0,55.0,40.0
751684,2012.TEMP.ANOMOLY.0.65+,Global Temperature Anomaly for 2012 (Jan-Dec) to be 0.65 or more,2012-04-16,,,,55.0,3,0,55.0,40.0
751684,2012.TEMP.ANOMOLY.0.65+,Global Temperature Anomaly for 2012 (Jan-Dec) to be 0.65 or more,2012-04-17,,,,55.0,3,0,55.0,40.0
751684,2012.TEMP.ANOMOLY.0.65+,Global Temperature Anomaly for 2012 (Jan-Dec) to be 0.65 or more,2012-04-18,,,,55.0,3,0,55.0,40.0
751684,2012.TEMP.ANOMOLY.0.65+,Global Temperature Anomaly for 2012 (Jan-Dec) to be 0.65 or more,2012-04-19,,,,55.0,3,0,55.0,40.0
751684,2012.TEMP.ANOMOLY.0.65+,Global Temperature Anomaly for 2012 (Jan-Dec) to be 0.65 or more,2012-04-20,,,,55.0,3,0,55.0,40.0
751684,2012.TEMP.ANOMOLY.0.65+,Global Temperature Anomaly for 2012 (Jan-Dec) to be 0.65 or more,2012-04-21,,,,55.0,3,0,55.0,40.0
751684,2012.TEMP.ANOMOLY.0.65+,Global Temperature Anomaly for 2012 (Jan-Dec) to be 0.65 or more,2012-04-22,,,,55.0,3,0,55.0,40.0
751684,2012.TEMP.ANOMOLY.0.65+,Global Temperature Anomaly for 2012 (Jan-Dec) to be 0.65 or more,2012-04-23,,,,55.0,3,0,55.0,40.0
751684,2012.TEMP.ANOMOLY.0.65+,Global Temperature Anomaly for 2012 (Jan-Dec) to be 0.65 or more,2012-04-24,,,,55.0,3,0,55.0,40.0
751684,2012.TEMP.ANOMOLY.0.65+,Global Temperature Anomaly for 2012 (Jan-Dec) to be 0.65 or more,2012-04-25,,,,55.0,3,0,55.0,40.0
751684,2012.TEMP.ANOMOLY.0.65+,Global Temperature Anomaly for 2012 (Jan-Dec) to be 0.65 or more,2012-04-26,,,,55.0,3,0,55.0,40.0
751684,2012.TEMP.ANOMOLY.0.65+,Global Temperature Anomaly for 2012 (Jan-Dec) to be 0.65 or more,2012-04-27,,,,55.0,3,0,55.0,40.0
751684,2012.TEMP.ANOMOLY.0.65+,Global Temperature Anomaly for 2012 (Jan-Dec) to be 0.65 or more,2012-04-28,,,,55.0,3,0,55.0,40.0
751684,2012.TEMP.ANOMOLY.0.65+,Global Temperature Anomaly for 2012 (Jan-Dec) to be 0.65 or more,2012-04-29,,,,55.0,3,0,55.0,40.0
751684,2012.TEMP.ANOMOLY.0.65+,Global Temperature Anomaly for 2012 (Jan-Dec) to be 0.65 or more,2012-04-30,,,,55.0,3,0,55.0,40.0
751684,2012.TEMP.ANOMOLY.0.65+,Global Temperature Anomaly for 2012 (Jan-Dec) to be 0.65 or more,2012-05-01,,,,55.0,3,0,55.0,40.0
751684,2012.TEMP.ANOMOLY.0.65+,Global Temperature Anomaly for 2012 (Jan-Dec) to be 0.65 or more,2012-05-02,,,,55.0,3,0,55.0,40.0
751684,2012.TEMP.ANOMOLY.0.65+,Global Temperature Anomaly for 2012 (Jan-Dec) to be 0.65 or more,2012-05-03,,,,55.0,3,0,55.0,40.0
751684,2012.TEMP.ANOMOLY.0.65+,Global Temperature Anomaly for 2012 (Jan-Dec) to be 0.65 or more,2012-05-04,,,,55.0,3,0,55.0,40.0
751684,2012.TEMP.ANOMOLY.0.65+,Global Temperature Anomaly for 2012 (Jan-Dec) to be 0.65 or more,2012-05-05,,,,55.0,3,0,55.0,40.0
751684,2012.TEMP.ANOMOLY.0.65+,Global Temperature Anomaly for 2012 (Jan-Dec) to be 0.65 or more,2012-05-06,,,,55.0,3,0,55.0,40.0
751684,2012.TEMP.ANOMOLY.0.65+,Global Temperature Anomaly for 2012 (Jan-Dec) to be 0.65 or more,2012-05-07,,,,55.0,3,0,55.0,40.0
751684,2012.TEMP.ANOMOLY.0.65+,Global Temperature Anomaly for 2012 (Jan-Dec) to be 0.65 or more,2012-05-08,8.0,8.0,8.0,8.0,3,2,55.0,8.0
751684,2012.TEMP.ANOMOLY.0.65+,Global Temperature Anomaly for 2012 (Jan-Dec) to be 0.65 or more,2012-05-09,,,,8.0,3,0,55.0,8.0
751684,2012.TEMP.ANOMOLY.0.65+,Global Temperature Anomaly for 2012 (Jan-Dec) to be 0.65 or more,2012-05-10,,,,8.0,3,0,55.0,8.0
751684,2012.TEMP.ANOMOLY.0.65+,Global Temperature Anomaly for 2012 (Jan-Dec) to be 0.65 or more,2012-05-11,,,,8.0,3,0,55.0,8.0
751684,2012.TEMP.ANOMOLY.0.65+,Global Temperature Anomaly for 2012 (Jan-Dec) to be 0.65 or more,2012-05-12,,,,8.0,3,0,55.0,8.0
751684,2012.TEMP.ANOMOLY.0.65+,Global Temperature Anomaly for 2012 (Jan-Dec) to be 0.65 or more,2012-05-13,,,,8.0,3,0,55.0,8.0
751684,2012.TEMP.ANOMOLY.0.65+,Global Temperature Anomaly for 2012 (Jan-Dec) to be 0.65 or more,2012-05-14,,,,8.0,3,0,55.0,8.0
751684,2012.TEMP.ANOMOLY.0.65+,Global Temperature Anomaly for 2012 (Jan-Dec) to be 0.65 or more,2012-05-15,,,,8.0,3,0,55.0,8.0
751684,2012.TEMP.ANOMOLY.0.65+,Global Temperature Anomaly for 2012 (Jan-Dec) to be 0.65 or more,2012-05-16,,,,8.0,3,0,55.0,8.0
751684,2012.TEMP.ANOMOLY.0.65+,Global Temperature Anomaly for 2012 (Jan-Dec) to be 0.65 or more,2012-05-17,,,,8.0,3,0,55.0,8.0
751684,2012.TEMP.ANOMOLY.0.65+,Global Temperature Anomaly for 2012 (Jan-Dec) to be 0.65 or more,2012-05-18,,,,8.0,3,0,55.0,8.0
751684,2012.TEMP.ANOMOLY.0.65+,Global Temperature Anomaly for 2012 (Jan-Dec) to be 0.65 or more,2012-05-19,,,,8.0,3,0,55.0,8.0
751684,2012.TEMP.ANOMOLY.0.65+,Global Temperature Anomaly for 2012 (Jan-Dec) to be 0.65 or more,2012-05-20,,,,8.0,3,0,55.0,8.0
751684,2012.TEMP.ANOMOLY.0.65+,Global Temperature Anomaly for 2012 (Jan-Dec) to be 0.65 or more,2012-05-21,,,,8.0,3,0,55.0,8.0
751684,2012.TEMP.ANOMOLY.0.65+,Global Temperature Anomaly for 2012 (Jan-Dec) to be 0.65 or more,2012-05-22,,,,8.0,3,0,55.0,8.0
751684,2012.TEMP.ANOMOLY.0.65+,Global Temperature Anomaly for 2012 (Jan-Dec) to be 0.65 or more,2012-05-23,,,,8.0,3,0,55.0,8.0
751684,2012.TEMP.ANOMOLY.0.65+,Global Temperature Anomaly for 2012 (Jan-Dec) to be 0.65 or more,2012-05-24,,,,8.0,3,0,55.0,8.0
751684,2012.TEMP.ANOMOLY.0.65+,Global Temperature Anomaly for 2012 (Jan-Dec) to be 0.65 or more,2012-05-25,,,,8.0,3,0,55.0,8.0
751684,2012.TEMP.ANOMOLY.0.65+,Global Temperature Anomaly for 2012 (Jan-Dec) to be 0.65 or more,2012-05-26,,,,8.0,3,0,55.0,8.0
751684,2012.TEMP.ANOMOLY.0.65+,Global Temperature Anomaly for 2012 (Jan-Dec) to be 0.65 or more,2012-05-27,,,,8.0,3,0,55.0,8.0
751684,2012.TEMP.ANOMOLY.0.65+,Global Temperature Anomaly for 2012 (Jan-Dec) to be 0.65 or more,2012-05-28,,,,8.0,3,0,55.0,8.0
751684,2012.TEMP.ANOMOLY.0.65+,Global Temperature Anomaly for 2012 (Jan-Dec) to be 0.65 or more,2012-05-29,,,,8.0,3,0,55.0,8.0
751684,2012.TEMP.ANOMOLY.0.65+,Global Temperature Anomaly for 2012 (Jan-Dec) to be 0.65 or more,2012-05-30,,,,8.0,3,0,55.0,8.0
751684,2012.TEMP.ANOMOLY.0.65+,Global Temperature Anomaly for 2012 (Jan-Dec) to be 0.65 or more,2012-05-31,,,,8.0,3,0,55.0,8.0
751684,2012.TEMP.ANOMOLY.0.65+,Global Temperature Anomaly for 2012 (Jan-Dec) to be 0.65 or more,2012-06-01,,,,8.0,3,0,55.0,8.0
751684,2012.TEMP.ANOMOLY.0.65+,Global Temperature Anomaly for 2012 (Jan-Dec) to be 0.65 or more,2012-06-02,,,,8.0,3,0,55.0,8.0
751684,2012.TEMP.ANOMOLY.0.65+,Global Temperature Anomaly for 2012 (Jan-Dec) to be 0.65 or more,2012-06-03,,,,8.0,3,0,55.0,8.0
751684,2012.TEMP.ANOMOLY.0.65+,Global Temperature Anomaly for 2012 (Jan-Dec) to be 0.65 or more,2012-06-04,,,,8.0,3,0,55.0,8.0
751684,2012.TEMP.ANOMOLY.0.65+,Global Temperature Anomaly for 2012 (Jan-Dec) to be 0.65 or more,2012-06-05,,,,8.0,3,0,55.0,8.0
751684,2012.TEMP.ANOMOLY.0.65+,Global Temperature Anomaly for 2012 (Jan-Dec) to be 0.65 or more,2012-06-06,,,,8.0,3,0,55.0,8.0
751684,2012.TEMP.ANOMOLY.0.65+,Global Temperature Anomaly for 2012 (Jan-Dec) to be 0.65 or more,2012-06-07,,,,8.0,3,0,55.0,8.0
751684,2012.TEMP.ANOMOLY.0.65+,Global Temperature Anomaly for 2012 (Jan-Dec) to be 0.65 or more,2012-06-08,,,,8.0,3,0,55.0,8.0
751684,2012.TEMP.ANOMOLY.0.65+,Global Temperature Anomaly for 2012 (Jan-Dec) to be 0.65 or more,2012-06-09,,,,8.0,3,0,55.0,8.0
751684,2012.TEMP.ANOMOLY.0.65+,Global Temperature Anomaly for 2012 (Jan-Dec) to be 0.65 or more,2012-06-10,,,,8.0,3,0,55.0,8.0
751684,2012.TEMP.ANOMOLY.0.65+,Global Temperature Anomaly for 2012 (Jan-Dec) to be 0.65 or more,2012-06-11,,,,8.0,3,0,55.0,8.0
751684,2012.TEMP.ANOMOLY.0.65+,Global Temperature Anomaly for 2012 (Jan-Dec) to be 0.65 or more,2012-06-12,,,,8.0,3,0,55.0,8.0
751684,2012.TEMP.ANOMOLY.0.65+,Global Temperature Anomaly for 2012 (Jan-Dec) to be 0.65 or more,2012-06-13,,,,8.0,3,0,55.0,8.0
751684,2012.TEMP.ANOMOLY.0.65+,Global Temperature Anomaly for 2012 (Jan-Dec) to be 0.65 or more,2012-06-14,,,,8.0,3,0,55.0,8.0
751684,2012.TEMP.ANOMOLY.0.65+,Global Temperature Anomaly for 2012 (Jan-Dec) to be 0.65 or more,2012-06-15,,,,8.0,3,0,55.0,8.0
751684,2012.TEMP.ANOMOLY.0.65+,Global Temperature Anomaly for 2012 (Jan-Dec) to be 0.65 or more,2012-06-16,,,,8.0,3,0,55.0,8.0
751684,2012.TEMP.ANOMOLY.0.65+,Global Temperature Anomaly for 2012 (Jan-Dec) to be 0.65 or more,2012-06-17,,,,8.0,3,0,55.0,8.0
751684,2012.TEMP.ANOMOLY.0.65+,Global Temperature Anomaly for 2012 (Jan-Dec) to be 0.65 or more,2012-06-18,,,,8.0,3,0,55.0,8.0
751684,2012.TEMP.ANOMOLY.0.65+,Global Temperature Anomaly for 2012 (Jan-Dec) to be 0.65 or more,2012-06-19,,,,8.0,3,0,55.0,8.0
751684,2012.TEMP.ANOMOLY.0.65+,Global Temperature Anomaly for 2012 (Jan-Dec) to be 0.65 or more,2012-06-20,,,,8.0,3,0,55.0,8.0
751684,2012.TEMP.ANOMOLY.0.65+,Global Temperature Anomaly for 2012 (Jan-Dec) to be 0.65 or more,2012-06-21,,,,8.0,3,0,55.0,8.0
751684,2012.TEMP.ANOMOLY.0.65+,Global Temperature Anomaly for 2012 (Jan-Dec) to be 0.65 or more,2012-06-22,,,,8.0,3,0,55.0,8.0
751684,2012.TEMP.ANOMOLY.0.65+,Global Temperature Anomaly for 2012 (Jan-Dec) to be 0.65 or more,2012-06-23,,,,8.0,3,0,55.0,8.0
751684,2012.TEMP.ANOMOLY.0.65+,Global Temperature Anomaly for 2012 (Jan-Dec) to be 0.65 or more,2012-06-24,,,,8.0,3,0,55.0,8.0
751684,2012.TEMP.ANOMOLY.0.65+,Global Temperature Anomaly for 2012 (Jan-Dec) to be 0.65 or more,2012-06-25,,,,8.0,3,0,55.0,8.0
751684,2012.TEMP.ANOMOLY.0.65+,Global Temperature Anomaly for 2012 (Jan-Dec) to be 0.65 or more,2012-06-26,,,,8.0,3,0,55.0,8.0
751684,2012.TEMP.ANOMOLY.0.65+,Global Temperature Anomaly for 2012 (Jan-Dec) to be 0.65 or more,2012-06-27,,,,8.0,3,0,55.0,8.0
751684,2012.TEMP.ANOMOLY.0.65+,Global Temperature Anomaly for 2012 (Jan-Dec) to be 0.65 or more,2012-06-28,25.0,25.0,25.0,25.0,4,1,55.0,8.0
751684,2012.TEMP.ANOMOLY.0.65+,Global Temperature Anomaly for 2012 (Jan-Dec) to be 0.65 or more,2012-06-29,,,,25.0,4,0,55.0,8.0
751684,2012.TEMP.ANOMOLY.0.65+,Global Temperature Anomaly for 2012 (Jan-Dec) to be 0.65 or more,2012-06-30,,,,25.0,4,0,55.0,8.0
751684,2012.TEMP.ANOMOLY.0.65+,Global Temperature Anomaly for 2012 (Jan-Dec) to be 0.65 or more,2012-07-01,,,,25.0,4,0,55.0,8.0
751684,2012.TEMP.ANOMOLY.0.65+,Global Temperature Anomaly for 2012 (Jan-Dec) to be 0.65 or more,2012-07-02,,,,25.0,4,0,55.0,8.0
751684,2012.TEMP.ANOMOLY.0.65+,Global Temperature Anomaly for 2012 (Jan-Dec) to be 0.65 or more,2012-07-03,,,,25.0,4,0,55.0,8.0
751684,2012.TEMP.ANOMOLY.0.65+,Global Temperature Anomaly for 2012 (Jan-Dec) to be 0.65 or more,2012-07-04,,,,25.0,4,0,55.0,8.0
751684,2012.TEMP.ANOMOLY.0.65+,Global Temperature Anomaly for 2012 (Jan-Dec) to be 0.65 or more,2012-07-05,,,,25.0,4,0,55.0,8.0
751684,2012.TEMP.ANOMOLY.0.65+,Global Temperature Anomaly for 2012 (Jan-Dec) to be 0.65 or more,2012-07-06,,,,25.0,4,0,55.0,8.0
751684,2012.TEMP.ANOMOLY.0.65+,Global Temperature Anomaly for 2012 (Jan-Dec) to be 0.65 or more,2012-07-07,,,,25.0,4,0,55.0,8.0
751684,2012.TEMP.ANOMOLY.0.65+,Global Temperature Anomaly for 2012 (Jan-Dec) to be 0.65 or more,2012-07-08,,,,25.0,4,0,55.0,8.0
751684,2012.TEMP.ANOMOLY.0.65+,Global Temperature Anomaly for 2012 (Jan-Dec) to be 0.65 or more,2012-07-09,,,,25.0,4,0,55.0,8.0
751684,2012.TEMP.ANOMOLY.0.65+,Global Temperature Anomaly for 2012 (Jan-Dec) to be 0.65 or more,2012-07-10,,,,25.0,4,0,55.0,8.0
751684,2012.TEMP.ANOMOLY.0.65+,Global Temperature Anomaly for 2012 (Jan-Dec) to be 0.65 or more,2012-07-11,,,,25.0,4,0,55.0,8.0
751684,2012.TEMP.ANOMOLY.0.65+,Global Temperature Anomaly for 2012 (Jan-Dec) to be 0.65 or more,2012-07-12,,,,25.0,4,0,55.0,8.0
751684,2012.TEMP.ANOMOLY.0.65+,Global Temperature Anomaly for 2012 (Jan-Dec) to be 0.65 or more,2012-07-13,,,,25.0,4,0,55.0,8.0
751684,2012.TEMP.ANOMOLY.0.65+,Global Temperature Anomaly for 2012 (Jan-Dec) to be 0.65 or more,2012-07-14,,,,25.0,4,0,55.0,8.0
751684,2012.TEMP.ANOMOLY.0.65+,Global Temperature Anomaly for 2012 (Jan-Dec) to be 0.65 or more,2012-07-15,,,,25.0,4,0,55.0,8.0
751684,2012.TEMP.ANOMOLY.0.65+,Global Temperature Anomaly for 2012 (Jan-Dec) to be 0.65 or more,2012-07-16,,,,25.0,4,0,55.0,8.0
751684,2012.TEMP.ANOMOLY.0.65+,Global Temperature Anomaly for 2012 (Jan-Dec) to be 0.65 or more,2012-07-17,,,,25.0,4,0,55.0,8.0
751684,2012.TEMP.ANOMOLY.0.65+,Global Temperature Anomaly for 2012 (Jan-Dec) to be 0.65 or more,2012-07-18,,,,25.0,4,0,55.0,8.0
751684,2012.TEMP.ANOMOLY.0.65+,Global Temperature Anomaly for 2012 (Jan-Dec) to be 0.65 or more,2012-07-19,,,,25.0,4,0,55.0,8.0
751684,2012.TEMP.ANOMOLY.0.65+,Global Temperature Anomaly for 2012 (Jan-Dec) to be 0.65 or more,2012-07-20,,,,25.0,4,0,55.0,8.0
751684,2012.TEMP.ANOMOLY.0.65+,Global Temperature Anomaly for 2012 (Jan-Dec) to be 0.65 or more,2012-07-21,,,,25.0,4,0,55.0,8.0
751684,2012.TEMP.ANOMOLY.0.65+,Global Temperature Anomaly for 2012 (Jan-Dec) to be 0.65 or more,2012-07-22,,,,25.0,4,0,55.0,8.0
751684,2012.TEMP.ANOMOLY.0.65+,Global Temperature Anomaly for 2012 (Jan-Dec) to be 0.65 or more,2012-07-23,,,,25.0,4,0,55.0,8.0
751684,2012.TEMP.ANOMOLY.0.65+,Global Temperature Anomaly for 2012 (Jan-Dec) to be 0.65 or more,2012-07-24,,,,25.0,4,0,55.0,8.0
751684,2012.TEMP.ANOMOLY.0.65+,Global Temperature Anomaly for 2012 (Jan-Dec) to be 0.65 or more,2012-07-25,,,,25.0,4,0,55.0,8.0
751684,2012.TEMP.ANOMOLY.0.65+,Global Temperature Anomaly for 2012 (Jan-Dec) to be 0.65 or more,2012-07-26,,,,25.0,4,0,55.0,8.0
751684,2012.TEMP.ANOMOLY.0.65+,Global Temperature Anomaly for 2012 (Jan-Dec) to be 0.65 or more,2012-07-27,,,,25.0,4,0,55.0,8.0
751684,2012.TEMP.ANOMOLY.0.65+,Global Temperature Anomaly for 2012 (Jan-Dec) to be 0.65 or more,2012-07-28,,,,25.0,4,0,55.0,8.0
751684,2012.TEMP.ANOMOLY.0.65+,Global Temperature Anomaly for 2012 (Jan-Dec) to be 0.65 or more,2012-07-29,,,,25.0,4,0,55.0,8.0
751684,2012.TEMP.ANOMOLY.0.65+,Global Temperature Anomaly for 2012 (Jan-Dec) to be 0.65 or more,2012-07-30,8.3,8.3,8.2,8.2,5,2,55.0,8.0
751684,2012.TEMP.ANOMOLY.0.65+,Global Temperature Anomaly for 2012 (Jan-Dec) to be 0.65 or more,2012-07-31,,,,8.2,5,0,55.0,8.0
751684,2012.TEMP.ANOMOLY.0.65+,Global Temperature Anomaly for 2012 (Jan-Dec) to be 0.65 or more,2012-08-01,,,,8.2,5,0,55.0,8.0
751684,2012.TEMP.ANOMOLY.0.65+,Global Temperature Anomaly for 2012 (Jan-Dec) to be 0.65 or more,2012-08-02,,,,8.2,5,0,55.0,8.0
751684,2012.TEMP.ANOMOLY.0.65+,Global Temperature Anomaly for 2012 (Jan-Dec) to be 0.65 or more,2012-08-03,,,,8.2,5,0,55.0,8.0
751684,2012.TEMP.ANOMOLY.0.65+,Global Temperature Anomaly for 2012 (Jan-Dec) to be 0.65 or more,2012-08-04,,,,8.2,5,0,55.0,8.0
751684,2012.TEMP.ANOMOLY.0.65+,Global Temperature Anomaly for 2012 (Jan-Dec) to be 0.65 or more,2012-08-05,,,,8.2,5,0,55.0,8.0
751684,2012.TEMP.ANOMOLY.0.65+,Global Temperature Anomaly for 2012 (Jan-Dec) to be 0.65 or more,2012-08-06,,,,8.2,5,0,55.0,8.0
751684,2012.TEMP.ANOMOLY.0.65+,Global Temperature Anomaly for 2012 (Jan-Dec) to be 0.65 or more,2012-08-07,,,,8.2,5,0,55.0,8.0
751684,2012.TEMP.ANOMOLY.0.65+,Global Temperature Anomaly for 2012 (Jan-Dec) to be 0.65 or more,2012-08-08,,,,8.2,5,0,55.0,8.0
751684,2012.TEMP.ANOMOLY.0.65+,Global Temperature Anomaly for 2012 (Jan-Dec) to be 0.65 or more,2012-08-09,,,,8.2,5,0,55.0,8.0
751684,2012.TEMP.ANOMOLY.0.65+,Global Temperature Anomaly for 2012 (Jan-Dec) to be 0.65 or more,2012-08-10,,,,8.2,5,0,55.0,8.0
751684,2012.TEMP.ANOMOLY.0.65+,Global Temperature Anomaly for 2012 (Jan-Dec) to be 0.65 or more,2012-08-11,,,,8.2,5,0,55.0,8.0
751684,2012.TEMP.ANOMOLY.0.65+,Global Temperature Anomaly for 2012 (Jan-Dec) to be 0.65 or more,2012-08-12,,,,8.2,5,0,55.0,8.0
751684,2012.TEMP.ANOMOLY.0.65+,Global Temperature Anomaly for 2012 (Jan-Dec) to be 0.65 or more,2012-08-13,,,,8.2,5,0,55.0,8.0
751684,2012.TEMP.ANOMOLY.0.65+,Global Temperature Anomaly for 2012 (Jan-Dec) to be 0.65 or more,2012-08-14,,,,8.2,5,0,55.0,8.0
751684,2012.TEMP.ANOMOLY.0.65+,Global Temperature Anomaly for 2012 (Jan-Dec) to be 0.65 or more,2012-08-15,,,,8.2,5,0,55.0,8.0
751684,2012.TEMP.ANOMOLY.0.65+,Global Temperature Anomaly for 2012 (Jan-Dec) to be 0.65 or more,2012-08-16,,,,8.2,5,0,55.0,8.0
751684,2012.TEMP.ANOMOLY.0.65+,Global Temperature Anomaly for 2012 (Jan-Dec) to be 0.65 or more,2012-08-17,,,,8.2,5,0,55.0,8.0
751684,2012.TEMP.ANOMOLY.0.65+,Global Temperature Anomaly for 2012 (Jan-Dec) to be 0.65 or more,2012-08-18,,,,8.2,5,0,55.0,8.0
751684,2012.TEMP.ANOMOLY.0.65+,Global Temperature Anomaly for 2012 (Jan-Dec) to be 0.65 or more,2012-08-19,,,,8.2,5,0,55.0,8.0
751684,2012.TEMP.ANOMOLY.0.65+,Global Temperature Anomaly for 2012 (Jan-Dec) to be 0.65 or more,2012-08-20,,,,8.2,5,0,55.0,8.0
751684,2012.TEMP.ANOMOLY.0.65+,Global Temperature Anomaly for 2012 (Jan-Dec) to be 0.65 or more,2012-08-21,,,,8.2,5,0,55.0,8.0
751684,2012.TEMP.ANOMOLY.0.65+,Global Temperature Anomaly for 2012 (Jan-Dec) to be 0.65 or more,2012-08-22,,,,8.2,5,0,55.0,8.0
751684,2012.TEMP.ANOMOLY.0.65+,Global Temperature Anomaly for 2012 (Jan-Dec) to be 0.65 or more,2012-08-23,,,,8.2,5,0,55.0,8.0
751684,2012.TEMP.ANOMOLY.0.65+,Global Temperature Anomaly for 2012 (Jan-Dec) to be 0.65 or more,2012-08-24,,,,8.2,5,0,55.0,8.0
751684,2012.TEMP.ANOMOLY.0.65+,Global Temperature Anomaly for 2012 (Jan-Dec) to be 0.65 or more,2012-08-25,,,,8.2,5,0,55.0,8.0
751684,2012.TEMP.ANOMOLY.0.65+,Global Temperature Anomaly for 2012 (Jan-Dec) to be 0.65 or more,2012-08-26,,,,8.2,5,0,55.0,8.0
751684,2012.TEMP.ANOMOLY.0.65+,Global Temperature Anomaly for 2012 (Jan-Dec) to be 0.65 or more,2012-08-27,,,,8.2,5,0,55.0,8.0
751684,2012.TEMP.ANOMOLY.0.65+,Global Temperature Anomaly for 2012 (Jan-Dec) to be 0.65 or more,2012-08-28,,,,8.2,5,0,55.0,8.0
751684,2012.TEMP.ANOMOLY.0.65+,Global Temperature Anomaly for 2012 (Jan-Dec) to be 0.65 or more,2012-08-29,,,,8.2,5,0,55.0,8.0
751684,2012.TEMP.ANOMOLY.0.65+,Global Temperature Anomaly for 2012 (Jan-Dec) to be 0.65 or more,2012-08-30,,,,8.2,5,0,55.0,8.0
751684,2012.TEMP.ANOMOLY.0.65+,Global Temperature Anomaly for 2012 (Jan-Dec) to be 0.65 or more,2012-08-31,,,,8.2,5,0,55.0,8.0
751684,2012.TEMP.ANOMOLY.0.65+,Global Temperature Anomaly for 2012 (Jan-Dec) to be 0.65 or more,2012-09-01,,,,8.2,5,0,55.0,8.0
751684,2012.TEMP.ANOMOLY.0.65+,Global Temperature Anomaly for 2012 (Jan-Dec) to be 0.65 or more,2012-09-02,,,,8.2,5,0,55.0,8.0
751684,2012.TEMP.ANOMOLY.0.65+,Global Temperature Anomaly for 2012 (Jan-Dec) to be 0.65 or more,2012-09-03,,,,8.2,5,0,55.0,8.0
751684,2012.TEMP.ANOMOLY.0.65+,Global Temperature Anomaly for 2012 (Jan-Dec) to be 0.65 or more,2012-09-04,,,,8.2,5,0,55.0,8.0
751684,2012.TEMP.ANOMOLY.0.65+,Global Temperature Anomaly for 2012 (Jan-Dec) to be 0.65 or more,2012-09-05,,,,8.2,5,0,55.0,8.0
751684,2012.TEMP.ANOMOLY.0.65+,Global Temperature Anomaly for 2012 (Jan-Dec) to be 0.65 or more,2012-09-06,,,,8.2,5,0,55.0,8.0
751684,2012.TEMP.ANOMOLY.0.65+,Global Temperature Anomaly for 2012 (Jan-Dec) to be 0.65 or more,2012-09-07,,,,8.2,5,0,55.0,8.0
751684,2012.TEMP.ANOMOLY.0.65+,Global Temperature Anomaly for 2012 (Jan-Dec) to be 0.65 or more,2012-09-08,,,,8.2,5,0,55.0,8.0
751684,2012.TEMP.ANOMOLY.0.65+,Global Temperature Anomaly for 2012 (Jan-Dec) to be 0.65 or more,2012-09-09,,,,8.2,5,0,55.0,8.0
751684,2012.TEMP.ANOMOLY.0.65+,Global Temperature Anomaly for 2012 (Jan-Dec) to be 0.65 or more,2012-09-10,,,,8.2,5,0,55.0,8.0
751684,2012.TEMP.ANOMOLY.0.65+,Global Temperature Anomaly for 2012 (Jan-Dec) to be 0.65 or more,2012-09-11,,,,8.2,5,0,55.0,8.0
751684,2012.TEMP.ANOMOLY.0.65+,Global Temperature Anomaly for 2012 (Jan-Dec) to be 0.65 or more,2012-09-12,,,,8.2,5,0,55.0,8.0
751684,2012.TEMP.ANOMOLY.0.65+,Global Temperature Anomaly for 2012 (Jan-Dec) to be 0.65 or more,2012-09-13,,,,8.2,5,0,55.0,8.0
751684,2012.TEMP.ANOMOLY.0.65+,Global Temperature Anomaly for 2012 (Jan-Dec) to be 0.65 or more,2012-09-14,,,,8.2,5,0,55.0,8.0
751684,2012.TEMP.ANOMOLY.0.65+,Global Temperature Anomaly for 2012 (Jan-Dec) to be 0.65 or more,2012-09-15,,,,8.2,5,0,55.0,8.0
751684,2012.TEMP.ANOMOLY.0.65+,Global Temperature Anomaly for 2012 (Jan-Dec) to be 0.65 or more,2012-09-16,5.0,5.0,5.0,5.0,4,1,55.0,5.0
751684,2012.TEMP.ANOMOLY.0.65+,Global Temperature Anomaly for 2012 (Jan-Dec) to be 0.65 or more,2012-09-17,,,,5.0,4,0,55.0,5.0
751684,2012.TEMP.ANOMOLY.0.65+,Global Temperature Anomaly for 2012 (Jan-Dec) to be 0.65 or more,2012-09-18,,,,5.0,4,0,55.0,5.0
751684,2012.TEMP.ANOMOLY.0.65+,Global Temperature Anomaly for 2012 (Jan-Dec) to be 0.65 or more,2012-09-19,,,,5.0,4,0,55.0,5.0
751684,2012.TEMP.ANOMOLY.0.65+,Global Temperature Anomaly for 2012 (Jan-Dec) to be 0.65 or more,2012-09-20,,,,5.0,4,0,55.0,5.0
751684,2012.TEMP.ANOMOLY.0.65+,Global Temperature Anomaly for 2012 (Jan-Dec) to be 0.65 or more,2012-09-21,,,,5.0,4,0,55.0,5.0
751684,2012.TEMP.ANOMOLY.0.65+,Global Temperature Anomaly for 2012 (Jan-Dec) to be 0.65 or more,2012-09-22,,,,5.0,4,0,55.0,5.0
751684,2012.TEMP.ANOMOLY.0.65+,Global Temperature Anomaly for 2012 (Jan-Dec) to be 0.65 or more,2012-09-23,,,,5.0,4,0,55.0,5.0
751684,2012.TEMP.ANOMOLY.0.65+,Global Temperature Anomaly for 2012 (Jan-Dec) to be 0.65 or more,2012-09-24,,,,5.0,4,0,55.0,5.0
751684,2012.TEMP.ANOMOLY.0.65+,Global Temperature Anomaly for 2012 (Jan-Dec) to be 0.65 or more,2012-09-25,,,,5.0,4,0,55.0,5.0
751684,2012.TEMP.ANOMOLY.0.65+,Global Temperature Anomaly for 2012 (Jan-Dec) to be 0.65 or more,2012-09-26,,,,5.0,4,0,55.0,5.0
751684,2012.TEMP.ANOMOLY.0.65+,Global Temperature Anomaly for 2012 (Jan-Dec) to be 0.65 or more,2012-09-27,,,,5.0,4,0,55.0,5.0
751684,2012.TEMP.ANOMOLY.0.65+,Global Temperature Anomaly for 2012 (Jan-Dec) to be 0.65 or more,2012-09-28,,,,5.0,4,0,55.0,5.0
751684,2012.TEMP.ANOMOLY.0.65+,Global Temperature Anomaly for 2012 (Jan-Dec) to be 0.65 or more,2012-09-29,,,,5.0,4,0,55.0,5.0
751684,2012.TEMP.ANOMOLY.0.65+,Global Temperature Anomaly for 2012 (Jan-Dec) to be 0.65 or more,2012-09-30,,,,5.0,4,0,55.0,5.0
751684,2012.TEMP.ANOMOLY.0.65+,Global Temperature Anomaly for 2012 (Jan-Dec) to be 0.65 or more,2012-10-01,,,,5.0,4,0,55.0,5.0
751684,2012.TEMP.ANOMOLY.0.65+,Global Temperature Anomaly for 2012 (Jan-Dec) to be 0.65 or more,2012-10-02,,,,5.0,4,0,55.0,5.0
751684,2012.TEMP.ANOMOLY.0.65+,Global Temperature Anomaly for 2012 (Jan-Dec) to be 0.65 or more,2012-10-03,,,,5.0,4,0,55.0,5.0
751684,2012.TEMP.ANOMOLY.0.65+,Global Temperature Anomaly for 2012 (Jan-Dec) to be 0.65 or more,2012-10-04,,,,5.0,4,0,55.0,5.0
751684,2012.TEMP.ANOMOLY.0.65+,Global Temperature Anomaly for 2012 (Jan-Dec) to be 0.65 or more,2012-10-05,,,,5.0,4,0,55.0,5.0
751684,2012.TEMP.ANOMOLY.0.65+,Global Temperature Anomaly for 2012 (Jan-Dec) to be 0.65 or more,2012-10-06,,,,5.0,4,0,55.0,5.0
751684,2012.TEMP.ANOMOLY.0.65+,Global Temperature Anomaly for 2012 (Jan-Dec) to be 0.65 or more,2012-10-07,,,,5.0,4,0,55.0,5.0
751684,2012.TEMP.ANOMOLY.0.65+,Global Temperature Anomaly for 2012 (Jan-Dec) to be 0.65 or more,2012-10-08,,,,5.0,4,0,55.0,5.0
751684,2012.TEMP.ANOMOLY.0.65+,Global Temperature Anomaly for 2012 (Jan-Dec) to be 0.65 or more,2012-10-09,,,,5.0,4,0,55.0,5.0
751684,2012.TEMP.ANOMOLY.0.65+,Global Temperature Anomaly for 2012 (Jan-Dec) to be 0.65 or more,2012-10-10,,,,5.0,4,0,55.0,5.0
751684,2012.TEMP.ANOMOLY.0.65+,Global Temperature Anomaly for 2012 (Jan-Dec) to be 0.65 or more,2012-10-11,,,,5.0,4,0,55.0,5.0
751684,2012.TEMP.ANOMOLY.0.65+,Global Temperature Anomaly for 2012 (Jan-Dec) to be 0.65 or more,2012-10-12,,,,5.0,4,0,55.0,5.0
751684,2012.TEMP.ANOMOLY.0.65+,Global Temperature Anomaly for 2012 (Jan-Dec) to be 0.65 or more,2012-10-13,,,,5.0,4,0,55.0,5.0
751684,2012.TEMP.ANOMOLY.0.65+,Global Temperature Anomaly for 2012 (Jan-Dec) to be 0.65 or more,2012-10-14,,,,5.0,4,0,55.0,5.0
751684,2012.TEMP.ANOMOLY.0.65+,Global Temperature Anomaly for 2012 (Jan-Dec) to be 0.65 or more,2012-10-15,,,,5.0,4,0,55.0,5.0
751684,2012.TEMP.ANOMOLY.0.65+,Global Temperature Anomaly for 2012 (Jan-Dec) to be 0.65 or more,2012-10-16,,,,5.0,4,0,55.0,5.0
751684,2012.TEMP.ANOMOLY.0.65+,Global Temperature Anomaly for 2012 (Jan-Dec) to be 0.65 or more,2012-10-17,,,,5.0,4,0,55.0,5.0
751684,2012.TEMP.ANOMOLY.0.65+,Global Temperature Anomaly for 2012 (Jan-Dec) to be 0.65 or more,2012-10-18,,,,5.0,4,0,55.0,5.0
751684,2012.TEMP.ANOMOLY.0.65+,Global Temperature Anomaly for 2012 (Jan-Dec) to be 0.65 or more,2012-10-19,6.6,6.6,6.6,6.6,4,2,55.0,5.0
751684,2012.TEMP.ANOMOLY.0.65+,Global Temperature Anomaly for 2012 (Jan-Dec) to be 0.65 or more,2012-10-20,,,,6.6,4,0,55.0,5.0
751684,2012.TEMP.ANOMOLY.0.65+,Global Temperature Anomaly for 2012 (Jan-Dec) to be 0.65 or more,2012-10-21,,,,6.6,4,0,55.0,5.0
751684,2012.TEMP.ANOMOLY.0.65+,Global Temperature Anomaly for 2012 (Jan-Dec) to be 0.65 or more,2012-10-22,,,,6.6,4,0,55.0,5.0
751684,2012.TEMP.ANOMOLY.0.65+,Global Temperature Anomaly for 2012 (Jan-Dec) to be 0.65 or more,2012-10-23,3.0,3.0,3.0,3.0,4,2,55.0,3.0
751684,2012.TEMP.ANOMOLY.0.65+,Global Temperature Anomaly for 2012 (Jan-Dec) to be 0.65 or more,2012-10-24,,,,3.0,4,0,55.0,3.0
751684,2012.TEMP.ANOMOLY.0.65+,Global Temperature Anomaly for 2012 (Jan-Dec) to be 0.65 or more,2012-10-25,,,,3.0,4,0,55.0,3.0
751684,2012.TEMP.ANOMOLY.0.65+,Global Temperature Anomaly for 2012 (Jan-Dec) to be 0.65 or more,2012-10-26,,,,3.0,4,0,55.0,3.0
751684,2012.TEMP.ANOMOLY.0.65+,Global Temperature Anomaly for 2012 (Jan-Dec) to be 0.65 or more,2012-10-27,,,,3.0,4,0,55.0,3.0
751684,2012.TEMP.ANOMOLY.0.65+,Global Temperature Anomaly for 2012 (Jan-Dec) to be 0.65 or more,2012-10-28,,,,3.0,4,0,55.0,3.0
751684,2012.TEMP.ANOMOLY.0.65+,Global Temperature Anomaly for 2012 (Jan-Dec) to be 0.65 or more,2012-10-29,,,,3.0,4,0,55.0,3.0
751684,2012.TEMP.ANOMOLY.0.65+,Global Temperature Anomaly for 2012 (Jan-Dec) to be 0.65 or more,2012-10-30,,,,3.0,4,0,55.0,3.0
751684,2012.TEMP.ANOMOLY.0.65+,Global Temperature Anomaly for 2012 (Jan-Dec) to be 0.65 or more,2012-10-31,,,,3.0,4,0,55.0,3.0
751684,2012.TEMP.ANOMOLY.0.65+,Global Temperature Anomaly for 2012 (Jan-Dec) to be 0.65 or more,2012-11-01,,,,3.0,4,0,55.0,3.0
751684,2012.TEMP.ANOMOLY.0.65+,Global Temperature Anomaly for 2012 (Jan-Dec) to be 0.65 or more,2012-11-02,,,,3.0,4,0,55.0,3.0
751684,2012.TEMP.ANOMOLY.0.65+,Global Temperature Anomaly for 2012 (Jan-Dec) to be 0.65 or more,2012-11-03,,,,3.0,4,0,55.0,3.0
751684,2012.TEMP.ANOMOLY.0.65+,Global Temperature Anomaly for 2012 (Jan-Dec) to be 0.65 or more,2012-11-04,,,,3.0,4,0,55.0,3.0
751684,2012.TEMP.ANOMOLY.0.65+,Global Temperature Anomaly for 2012 (Jan-Dec) to be 0.65 or more,2012-11-05,,,,3.0,4,0,55.0,3.0
751684,2012.TEMP.ANOMOLY.0.65+,Global Temperature Anomaly for 2012 (Jan-Dec) to be 0.65 or more,2012-11-06,,,,3.0,4,0,55.0,3.0
751684,2012.TEMP.ANOMOLY.0.65+,Global Temperature Anomaly for 2012 (Jan-Dec) to be 0.65 or more,2012-11-07,,,,3.0,4,0,55.0,3.0
751684,2012.TEMP.ANOMOLY.0.65+,Global Temperature Anomaly for 2012 (Jan-Dec) to be 0.65 or more,2012-11-08,,,,3.0,4,0,55.0,3.0
751684,2012.TEMP.ANOMOLY.0.65+,Global Temperature Anomaly for 2012 (Jan-Dec) to be 0.65 or more,2012-11-09,,,,3.0,4,0,55.0,3.0
751684,2012.TEMP.ANOMOLY.0.65+,Global Temperature Anomaly for 2012 (Jan-Dec) to be 0.65 or more,2012-11-10,,,,3.0,4,0,55.0,3.0
751684,2012.TEMP.ANOMOLY.0.65+,Global Temperature Anomaly for 2012 (Jan-Dec) to be 0.65 or more,2012-11-11,,,,3.0,4,0,55.0,3.0
751684,2012.TEMP.ANOMOLY.0.65+,Global Temperature Anomaly for 2012 (Jan-Dec) to be 0.65 or more,2012-11-12,3.8,3.8,3.8,3.8,4,3,55.0,3.0
751684,2012.TEMP.ANOMOLY.0.65+,Global Temperature Anomaly for 2012 (Jan-Dec) to be 0.65 or more,2012-11-13,,,,3.8,4,0,55.0,3.0
751684,2012.TEMP.ANOMOLY.0.65+,Global Temperature Anomaly for 2012 (Jan-Dec) to be 0.65 or more,2012-11-14,,,,3.8,4,0,55.0,3.0
751684,2012.TEMP.ANOMOLY.0.65+,Global Temperature Anomaly for 2012 (Jan-Dec) to be 0.65 or more,2012-11-15,,,,3.8,4,0,55.0,3.0
751684,2012.TEMP.ANOMOLY.0.65+,Global Temperature Anomaly for 2012 (Jan-Dec) to be 0.65 or more,2012-11-16,,,,3.8,4,0,55.0,3.0
751684,2012.TEMP.ANOMOLY.0.65+,Global Temperature Anomaly for 2012 (Jan-Dec) to be 0.65 or more,2012-11-17,,,,3.8,4,0,55.0,3.0
751684,2012.TEMP.ANOMOLY.0.65+,Global Temperature Anomaly for 2012 (Jan-Dec) to be 0.65 or more,2012-11-18,,,,3.8,4,0,55.0,3.0
751684,2012.TEMP.ANOMOLY.0.65+,Global Temperature Anomaly for 2012 (Jan-Dec) to be 0.65 or more,2012-11-19,,,,3.8,4,0,55.0,3.0
751684,2012.TEMP.ANOMOLY.0.65+,Global Temperature Anomaly for 2012 (Jan-Dec) to be 0.65 or more,2012-11-20,,,,3.8,4,0,55.0,3.0
751684,2012.TEMP.ANOMOLY.0.65+,Global Temperature Anomaly for 2012 (Jan-Dec) to be 0.65 or more,2012-11-21,,,,3.8,4,0,55.0,3.0
751684,2012.TEMP.ANOMOLY.0.65+,Global Temperature Anomaly for 2012 (Jan-Dec) to be 0.65 or more,2012-11-22,,,,3.8,4,0,55.0,3.0
751684,2012.TEMP.ANOMOLY.0.65+,Global Temperature Anomaly for 2012 (Jan-Dec) to be 0.65 or more,2012-11-23,,,,3.8,4,0,55.0,3.0
751684,2012.TEMP.ANOMOLY.0.65+,Global Temperature Anomaly for 2012 (Jan-Dec) to be 0.65 or more,2012-11-24,,,,3.8,4,0,55.0,3.0
751684,2012.TEMP.ANOMOLY.0.65+,Global Temperature Anomaly for 2012 (Jan-Dec) to be 0.65 or more,2012-11-25,,,,3.8,4,0,55.0,3.0
751684,2012.TEMP.ANOMOLY.0.65+,Global Temperature Anomaly for 2012 (Jan-Dec) to be 0.65 or more,2012-11-26,,,,3.8,4,0,55.0,3.0
751684,2012.TEMP.ANOMOLY.0.65+,Global Temperature Anomaly for 2012 (Jan-Dec) to be 0.65 or more,2012-11-27,,,,3.8,4,0,55.0,3.0
751684,2012.TEMP.ANOMOLY.0.65+,Global Temperature Anomaly for 2012 (Jan-Dec) to be 0.65 or more,2012-11-28,0.3,0.3,0.2,0.2,3,4,55.0,0.2
751684,2012.TEMP.ANOMOLY.0.65+,Global Temperature Anomaly for 2012 (Jan-Dec) to be 0.65 or more,2012-11-29,0.2,0.2,0.2,0.2,7,4,55.0,0.2
751684,2012.TEMP.ANOMOLY.0.65+,Global Temperature Anomaly for 2012 (Jan-Dec) to be 0.65 or more,2012-11-30,,,,0.2,7,0,55.0,0.2
751684,2012.TEMP.ANOMOLY.0.65+,Global Temperature Anomaly for 2012 (Jan-Dec) to be 0.65 or more,2012-12-01,,,,0.2,7,0,55.0,0.2
751684,2012.TEMP.ANOMOLY.0.65+,Global Temperature Anomaly for 2012 (Jan-Dec) to be 0.65 or more,2012-12-02,,,,0.2,7,0,55.0,0.2
751684,2012.TEMP.ANOMOLY.0.65+,Global Temperature Anomaly for 2012 (Jan-Dec) to be 0.65 or more,2012-12-03,,,,0.2,7,0,55.0,0.2
751684,2012.TEMP.ANOMOLY.0.65+,Global Temperature Anomaly for 2012 (Jan-Dec) to be 0.65 or more,2012-12-04,,,,0.2,7,0,55.0,0.2
751684,2012.TEMP.ANOMOLY.0.65+,Global Temperature Anomaly for 2012 (Jan-Dec) to be 0.65 or more,2012-12-05,,,,0.2,7,0,55.0,0.2
751684,2012.TEMP.ANOMOLY.0.65+,Global Temperature Anomaly for 2012 (Jan-Dec) to be 0.65 or more,2012-12-06,,,,0.2,7,0,55.0,0.2
751684,2012.TEMP.ANOMOLY.0.65+,Global Temperature Anomaly for 2012 (Jan-Dec) to be 0.65 or more,2012-12-07,,,,0.2,7,0,55.0,0.2
751684,2012.TEMP.ANOMOLY.0.65+,Global Temperature Anomaly for 2012 (Jan-Dec) to be 0.65 or more,2012-12-08,,,,0.2,7,0,55.0,0.2
751684,2012.TEMP.ANOMOLY.0.65+,Global Temperature Anomaly for 2012 (Jan-Dec) to be 0.65 or more,2012-12-09,,,,0.2,7,0,55.0,0.2
751684,2012.TEMP.ANOMOLY.0.65+,Global Temperature Anomaly for 2012 (Jan-Dec) to be 0.65 or more,2012-12-10,,,,0.2,7,0,55.0,0.2
751684,2012.TEMP.ANOMOLY.0.65+,Global Temperature Anomaly for 2012 (Jan-Dec) to be 0.65 or more,2012-12-11,,,,0.2,7,0,55.0,0.2
751684,2012.TEMP.ANOMOLY.0.65+,Global Temperature Anomaly for 2012 (Jan-Dec) to be 0.65 or more,2012-12-12,,,,0.2,7,0,55.0,0.2
751684,2012.TEMP.ANOMOLY.0.65+,Global Temperature Anomaly for 2012 (Jan-Dec) to be 0.65 or more,2012-12-13,,,,0.2,7,0,55.0,0.2
751684,2012.TEMP.ANOMOLY.0.65+,Global Temperature Anomaly for 2012 (Jan-Dec) to be 0.65 or more,2012-12-14,,,,0.2,7,0,55.0,0.2
751684,2012.TEMP.ANOMOLY.0.65+,Global Temperature Anomaly for 2012 (Jan-Dec) to be 0.65 or more,2012-12-15,,,,0.2,7,0,55.0,0.2
751684,2012.TEMP.ANOMOLY.0.65+,Global Temperature Anomaly for 2012 (Jan-Dec) to be 0.65 or more,2012-12-16,,,,0.2,7,0,55.0,0.2
751684,2012.TEMP.ANOMOLY.0.65+,Global Temperature Anomaly for 2012 (Jan-Dec) to be 0.65 or more,2012-12-17,,,,0.2,7,0,55.0,0.2
751684,2012.TEMP.ANOMOLY.0.65+,Global Temperature Anomaly for 2012 (Jan-Dec) to be 0.65 or more,2012-12-18,,,,0.2,7,0,55.0,0.2
751684,2012.TEMP.ANOMOLY.0.65+,Global Temperature Anomaly for 2012 (Jan-Dec) to be 0.65 or more,2012-12-19,,,,0.2,7,0,55.0,0.2
751684,2012.TEMP.ANOMOLY.0.65+,Global Temperature Anomaly for 2012 (Jan-Dec) to be 0.65 or more,2012-12-20,,,,0.2,7,0,55.0,0.2
751684,2012.TEMP.ANOMOLY.0.65+,Global Temperature Anomaly for 2012 (Jan-Dec) to be 0.65 or more,2012-12-21,,,,0.2,7,0,55.0,0.2
751684,2012.TEMP.ANOMOLY.0.65+,Global Temperature Anomaly for 2012 (Jan-Dec) to be 0.65 or more,2012-12-22,,,,0.2,7,0,55.0,0.2
751684,2012.TEMP.ANOMOLY.0.65+,Global Temperature Anomaly for 2012 (Jan-Dec) to be 0.65 or more,2012-12-23,0.2,0.2,0.2,0.2,4,10,55.0,0.2
751684,2012.TEMP.ANOMOLY.0.65+,Global Temperature Anomaly for 2012 (Jan-Dec) to be 0.65 or more,2012-12-24,,,,0.2,4,0,55.0,0.2
751684,2012.TEMP.ANOMOLY.0.65+,Global Temperature Anomaly for 2012 (Jan-Dec) to be 0.65 or more,2012-12-25,,,,0.2,4,0,55.0,0.2
751684,2012.TEMP.ANOMOLY.0.65+,Global Temperature Anomaly for 2012 (Jan-Dec) to be 0.65 or more,2012-12-26,,,,0.2,4,0,55.0,0.2
751684,2012.TEMP.ANOMOLY.0.65+,Global Temperature Anomaly for 2012 (Jan-Dec) to be 0.65 or more,2012-12-27,,,,0.2,4,0,55.0,0.2
751684,2012.TEMP.ANOMOLY.0.65+,Global Temperature Anomaly for 2012 (Jan-Dec) to be 0.65 or more,2012-12-28,,,,0.2,4,0,55.0,0.2
751684,2012.TEMP.ANOMOLY.0.65+,Global Temperature Anomaly for 2012 (Jan-Dec) to be 0.65 or more,2012-12-29,,,,0.2,4,0,55.0,0.2
751684,2012.TEMP.ANOMOLY.0.65+,Global Temperature Anomaly for 2012 (Jan-Dec) to be 0.65 or more,2012-12-30,,,,0.2,4,0,55.0,0.2
751684,2012.TEMP.ANOMOLY.0.65+,Global Temperature Anomaly for 2012 (Jan-Dec) to be 0.65 or more,2012-12-31,,,,0.2,4,0,55.0,0.2
751684,2012.TEMP.ANOMOLY.0.65+,Global Temperature Anomaly for 2012 (Jan-Dec) to be 0.65 or more,2013-01-01,,,,0.2,4,0,55.0,0.2
751684,2012.TEMP.ANOMOLY.0.65+,Global Temperature Anomaly for 2012 (Jan-Dec) to be 0.65 or more,2013-01-02,,,,0.2,4,0,55.0,0.2
751684,2012.TEMP.ANOMOLY.0.65+,Global Temperature Anomaly for 2012 (Jan-Dec) to be 0.65 or more,2013-01-03,,,,0.2,4,0,55.0,0.2
751684,2012.TEMP.ANOMOLY.0.65+,Global Temperature Anomaly for 2012 (Jan-Dec) to be 0.65 or more,2013-01-04,,,,0.2,4,0,55.0,0.2
751684,2012.TEMP.ANOMOLY.0.65+,Global Temperature Anomaly for 2012 (Jan-Dec) to be 0.65 or more,2013-01-05,,,,0.2,4,0,55.0,0.2
751684,2012.TEMP.ANOMOLY.0.65+,Global Temperature Anomaly for 2012 (Jan-Dec) to be 0.65 or more,2013-01-06,,,,0.2,4,0,55.0,0.2
751684,2012.TEMP.ANOMOLY.0.65+,Global Temperature Anomaly for 2012 (Jan-Dec) to be 0.65 or more,2013-01-07,,,,0.2,4,0,55.0,0.2
751684,2012.TEMP.ANOMOLY.0.65+,Global Temperature Anomaly for 2012 (Jan-Dec) to be 0.65 or more,2013-01-08,,,,0.2,4,0,55.0,0.2
751684,2012.TEMP.ANOMOLY.0.65+,Global Temperature Anomaly for 2012 (Jan-Dec) to be 0.65 or more,2013-01-09,,,,0.2,4,0,55.0,0.2
751684,2012.TEMP.ANOMOLY.0.65+,Global Temperature Anomaly for 2012 (Jan-Dec) to be 0.65 or more,2013-01-10,,,,0.2,4,0,55.0,0.2
751684,2012.TEMP.ANOMOLY.0.65+,Global Temperature Anomaly for 2012 (Jan-Dec) to be 0.65 or more,2013-01-11,,,,0.2,4,0,55.0,0.2
751684,2012.TEMP.ANOMOLY.0.65+,Global Temperature Anomaly for 2012 (Jan-Dec) to be 0.65 or more,2013-01-12,,,,0.2,4,0,55.0,0.2
751684,2012.TEMP.ANOMOLY.0.65+,Global Temperature Anomaly for 2012 (Jan-Dec) to be 0.65 or more,2013-01-13,,,,0.2,4,0,55.0,0.2
751684,2012.TEMP.ANOMOLY.0.65+,Global Temperature Anomaly for 2012 (Jan-Dec) to be 0.65 or more,2013-01-14,,,,0.2,4,0,55.0,0.2
751684,2012.TEMP.ANOMOLY.0.65+,Global Temperature Anomaly for 2012 (Jan-Dec) to be 0.65 or more,2013-01-15,,,,0.2,4,0,55.0,0.2
