market id,market symbol,market name,trade quantity,trade price,date/time [utc]
751679,2012.TEMP.ANOMOLY.0.90+,Global Temperature Anomaly for 2012 (Jan-Dec) to be 0.90 or more,1,0.5,Sep/29/2011 17:15:59
751679,2012.TEMP.ANOMOLY.0.90+,Global Temperature Anomaly for 2012 (Jan-Dec) to be 0.90 or more,3,0.3,Nov/08/2012 17:12:29
751679,2012.TEMP.ANOMOLY.0.90+,Global Temperature Anomaly for 2012 (Jan-Dec) to be 0.90 or more,4,0.1,Dec/23/2012 10:42:53
751679,2012.TEMP.ANOMOLY.0.90+,Global Temperature Anomaly for 2012 (Jan-Dec) to be 0.90 or more,1,0.1,Dec/23/2012 10:42:53
751679,2012.TEMP.ANOMOLY.0.90+,Global Temperature Anomaly for 2012 (Jan-Dec) to be 0.90 or more,3,0.1,Dec/23/2012 10:42:53
