market id,market symbol,market name,business day,session open,session high,session low,closing price,open interest,session trade volume,lifetime high,lifetime low
751682,2012.TEMP.ANOMOLY.0.75+,Global Temperature Anomaly for 2012 (Jan-Dec) to be 0.75 or more,2011-09-08,0.0,0.0,0.0,0.0,0,0,0.0,0.0
751682,2012.TEMP.ANOMOLY.0.75+,Global Temperature Anomaly for 2012 (Jan-Dec) to be 0.75 or more,2011-09-09,0.0,0.0,0.0,0.0,0,0,0.0,0.0
751682,2012.TEMP.ANOMOLY.0.75+,Global Temperature Anomaly for 2012 (Jan-Dec) to be 0.75 or more,2011-09-10,0.0,0.0,0.0,0.0,0,0,0.0,0.0
751682,2012.TEMP.ANOMOLY.0.75+,Global Temperature Anomaly for 2012 (Jan-Dec) to be 0.75 or more,2011-09-11,0.0,0.0,0.0,0.0,0,0,0.0,0.0
751682,2012.TEMP.ANOMOLY.0.75+,Global Temperature Anomaly for 2012 (Jan-Dec) to be 0.75 or more,2011-09-12,0.0,0.0,0.0,0.0,0,0,0.0,0.0
751682,2012.TEMP.ANOMOLY.0.75+,Global Temperature Anomaly for 2012 (Jan-Dec) to be 0.75 or more,2011-09-13,0.0,0.0,0.0,0.0,0,0,0.0,0.0
751682,2012.TEMP.ANOMOLY.0.75+,Global Temperature Anomaly for 2012 (Jan-Dec) to be 0.75 or more,2011-09-14,0.0,0.0,0.0,0.0,0,0,0.0,0.0
751682,2012.TEMP.ANOMOLY.0.75+,Global Temperature Anomaly for 2012 (Jan-Dec) to be 0.75 or more,2011-09-15,0.0,0.0,0.0,0.0,0,0,0.0,0.0
751682,2012.TEMP.ANOMOLY.0.75+,Global Temperature Anomaly for 2012 (Jan-Dec) to be 0.75 or more,2011-09-16,0.0,0.0,0.0,0.0,0,0,0.0,0.0
751682,2012.TEMP.ANOMOLY.0.75+,Global Temperature Anomaly for 2012 (Jan-Dec) to be 0.75 or more,2011-09-17,0.0,0.0,0.0,0.0,0,0,0.0,0.0
751682,2012.TEMP.ANOMOLY.0.75+,Global Temperature Anomaly for 2012 (Jan-Dec) to be 0.75 or more,2011-09-18,0.0,0.0,0.0,0.0,0,0,0.0,0.0
751682,2012.TEMP.ANOMOLY.0.75+,Global Temperature Anomaly for 2012 (Jan-Dec) to be 0.75 or more,2011-09-19,0.0,0.0,0.0,0.0,0,0,0.0,0.0
751682,2012.TEMP.ANOMOLY.0.75+,Global Temperature Anomaly for 2012 (Jan-Dec) to be 0.75 or more,2011-09-20,0.0,0.0,0.0,0.0,0,0,0.0,0.0
751682,2012.TEMP.ANOMOLY.0.75+,Global Temperature Anomaly for 2012 (Jan-Dec) to be 0.75 or more,2011-09-21,0.0,0.0,0.0,0.0,0,0,0.0,0.0
751682,2012.TEMP.ANOMOLY.0.75+,Global Temperature Anomaly for 2012 (Jan-Dec) to be 0.75 or more,2011-09-22,0.0,0.0,0.0,0.0,0,0,0.0,0.0
751682,2012.TEMP.ANOMOLY.0.75+,Global Temperature Anomaly for 2012 (Jan-Dec) to be 0.75 or more,2011-09-23,0.0,0.0,0.0,0.0,0,0,0.0,0.0
751682,2012.TEMP.ANOMOLY.0.75+,Global Temperature Anomaly for 2012 (Jan-Dec) to be 0.75 or more,2011-09-24,0.0,0.0,0.0,0.0,0,0,0.0,0.0
751682,2012.TEMP.ANOMOLY.0.75+,Global Temperature Anomaly for 2012 (Jan-Dec) to be 0.75 or more,2011-09-25,0.0,0.0,0.0,0.0,0,0,0.0,0.0
751682,2012.TEMP.ANOMOLY.0.75+,Global Temperature Anomaly for 2012 (Jan-Dec) to be 0.75 or more,2011-09-26,0.0,0.0,0.0,0.0,0,0,0.0,0.0
751682,2012.TEMP.ANOMOLY.0.75+,Global Temperature Anomaly for 2012 (Jan-Dec) to be 0.75 or more,2011-09-27,0.0,0.0,0.0,0.0,0,0,0.0,0.0
751682,2012.TEMP.ANOMOLY.0.75+,Global Temperature Anomaly for 2012 (Jan-Dec) to be 0.75 or more,2011-09-28,0.0,0.0,0.0,0.0,0,0,0.0,0.0
751682,2012.TEMP.ANOMOLY.0.75+,Global Temperature Anomaly for 2012 (Jan-Dec) to be 0.75 or more,2011-09-29,0.0,0.0,0.0,0.0,0,0,0.0,0.0
751682,2012.TEMP.ANOMOLY.0.75+,Global Temperature Anomaly for 2012 (Jan-Dec) to be 0.75 or more,2011-09-30,0.0,0.0,0.0,0.0,0,0,0.0,0.0
751682,2012.TEMP.ANOMOLY.0.75+,Global Temperature Anomaly for 2012 (Jan-Dec) to be 0.75 or more,2011-10-01,0.0,0.0,0.0,0.0,0,0,0.0,0.0
751682,2012.TEMP.ANOMOLY.0.75+,Global Temperature Anomaly for 2012 (Jan-Dec) to be 0.75 or more,2011-10-02,0.0,0.0,0.0,0.0,0,0,0.0,0.0
751682,2012.TEMP.ANOMOLY.0.75+,Global Temperature Anomaly for 2012 (Jan-Dec) to be 0.75 or more,2011-10-03,0.0,0.0,0.0,0.0,0,0,0.0,0.0
751682,2012.TEMP.ANOMOLY.0.75+,Global Temperature Anomaly for 2012 (Jan-Dec) to be 0.75 or more,2011-10-04,0.0,0.0,0.0,0.0,0,0,0.0,0.0
751682,2012.TEMP.ANOMOLY.0.75+,Global Temperature Anomaly for 2012 (Jan-Dec) to be 0.75 or more,2011-10-05,9.0,9.0,9.0,9.0,1,1,9.0,9.0
751682,2012.TEMP.ANOMOLY.0.75+,Global Temperature Anomaly for 2012 (Jan-Dec) to be 0.75 or more,2011-10-06,0.0,0.0,0.0,9.0,1,0,9.0,9.0
751682,2012.TEMP.ANOMOLY.0.75+,Global Temperature Anomaly for 2012 (Jan-Dec) to be 0.75 or more,2011-10-07,0.0,0.0,0.0,9.0,1,0,9.0,9.0
751682,2012.TEMP.ANOMOLY.0.75+,Global Temperature Anomaly for 2012 (Jan-Dec) to be 0.75 or more,2011-10-08,0.0,0.0,0.0,9.0,1,0,9.0,9.0
751682,2012.TEMP.ANOMOLY.0.75+,Global Temperature Anomaly for 2012 (Jan-Dec) to be 0.75 or more,2011-10-09,0.0,0.0,0.0,9.0,1,0,9.0,9.0
751682,2012.TEMP.ANOMOLY.0.75+,Global Temperature Anomaly for 2012 (Jan-Dec) to be 0.75 or more,2011-10-10,0.0,0.0,0.0,9.0,1,0,9.0,9.0
751682,2012.TEMP.ANOMOLY.0.75+,Global Temperature Anomaly for 2012 (Jan-Dec) to be 0.75 or more,2011-10-11,0.0,0.0,0.0,9.0,1,0,9.0,9.0
751682,2012.TEMP.ANOMOLY.0.75+,Global Temperature Anomaly for 2012 (Jan-Dec) to be 0.75 or more,2011-10-12,0.0,0.0,0.0,9.0,1,0,9.0,9.0
751682,2012.TEMP.ANOMOLY.0.75+,Global Temperature Anomaly for 2012 (Jan-Dec) to be 0.75 or more,2011-10-13,0.0,0.0,0.0,9.0,1,0,9.0,9.0
751682,2012.TEMP.ANOMOLY.0.75+,Global Temperature Anomaly for 2012 (Jan-Dec) to be 0.75 or more,2011-10-14,0.0,0.0,0.0,9.0,1,0,9.0,9.0
751682,2012.TEMP.ANOMOLY.0.75+,Global Temperature Anomaly for 2012 (Jan-Dec) to be 0.75 or more,2011-10-15,0.0,0.0,0.0,9.0,1,0,9.0,9.0
751682,2012.TEMP.ANOMOLY.0.75+,Global Temperature Anomaly for 2012 (Jan-Dec) to be 0.75 or more,2011-10-16,0.0,0.0,0.0,9.0,1,0,9.0,9.0
751682,2012.TEMP.ANOMOLY.0.75+,Global Temperature Anomaly for 2012 (Jan-Dec) to be 0.75 or more,2011-10-17,0.0,0.0,0.0,9.0,1,0,9.0,9.0
751682,2012.TEMP.ANOMOLY.0.75+,Global Temperature Anomaly for 2012 (Jan-Dec) to be 0.75 or more,2011-10-18,0.0,0.0,0.0,9.0,1,0,9.0,9.0
751682,2012.TEMP.ANOMOLY.0.75+,Global Temperature Anomaly for 2012 (Jan-Dec) to be 0.75 or more,2011-10-19,0.0,0.0,0.0,9.0,1,0,9.0,9.0
751682,2012.TEMP.ANOMOLY.0.75+,Global Temperature Anomaly for 2012 (Jan-Dec) to be 0.75 or more,2011-10-20,0.0,0.0,0.0,9.0,1,0,9.0,9.0
751682,2012.TEMP.ANOMOLY.0.75+,Global Temperature Anomaly for 2012 (Jan-Dec) to be 0.75 or more,2011-10-21,0.0,0.0,0.0,9.0,1,0,9.0,9.0
751682,2012.TEMP.ANOMOLY.0.75+,Global Temperature Anomaly for 2012 (Jan-Dec) to be 0.75 or more,2011-10-22,0.0,0.0,0.0,9.0,1,0,9.0,9.0
751682,2012.TEMP.ANOMOLY.0.75+,Global Temperature Anomaly for 2012 (Jan-Dec) to be 0.75 or more,2011-10-23,0.0,0.0,0.0,9.0,1,0,9.0,9.0
751682,2012.TEMP.ANOMOLY.0.75+,Global Temperature Anomaly for 2012 (Jan-Dec) to be 0.75 or more,2011-10-24,0.0,0.0,0.0,9.0,1,0,9.0,9.0
751682,2012.TEMP.ANOMOLY.0.75+,Global Temperature Anomaly for 2012 (Jan-Dec) to be 0.75 or more,2011-10-25,0.0,0.0,0.0,9.0,1,0,9.0,9.0
751682,2012.TEMP.ANOMOLY.0.75+,Global Temperature Anomaly for 2012 (Jan-Dec) to be 0.75 or more,2011-10-26,0.0,0.0,0.0,9.0,1,0,9.0,9.0
751682,2012.TEMP.ANOMOLY.0.75+,Global Temperature Anomaly for 2012 (Jan-Dec) to be 0.75 or more,2011-10-27,0.0,0.0,0.0,9.0,1,0,9.0,9.0
751682,2012.TEMP.ANOMOLY.0.75+,Global Temperature Anomaly for 2012 (Jan-Dec) to be 0.75 or more,2011-10-28,0.0,0.0,0.0,9.0,1,0,9.0,9.0
751682,2012.TEMP.ANOMOLY.0.75+,Global Temperature Anomaly for 2012 (Jan-Dec) to be 0.75 or more,2011-10-29,0.0,0.0,0.0,9.0,1,0,9.0,9.0
751682,2012.TEMP.ANOMOLY.0.75+,Global Temperature Anomaly for 2012 (Jan-Dec) to be 0.75 or more,2011-10-30,0.0,0.0,0.0,9.0,1,0,9.0,9.0
751682,2012.TEMP.ANOMOLY.0.75+,Global Temperature Anomaly for 2012 (Jan-Dec) to be 0.75 or more,2011-10-31,0.0,0.0,0.0,9.0,1,0,9.0,9.0
751682,2012.TEMP.ANOMOLY.0.75+,Global Temperature Anomaly for 2012 (Jan-Dec) to be 0.75 or more,2011-11-01,0.0,0.0,0.0,9.0,1,0,9.0,9.0
751682,2012.TEMP.ANOMOLY.0.75+,Global Temperature Anomaly for 2012 (Jan-Dec) to be 0.75 or more,2011-11-02,0.0,0.0,0.0,9.0,1,0,9.0,9.0
751682,2012.TEMP.ANOMOLY.0.75+,Global Temperature Anomaly for 2012 (Jan-Dec) to be 0.75 or more,2011-11-03,0.0,0.0,0.0,9.0,1,0,9.0,9.0
751682,2012.TEMP.ANOMOLY.0.75+,Global Temperature Anomaly for 2012 (Jan-Dec) to be 0.75 or more,2011-11-04,0.0,0.0,0.0,9.0,1,0,9.0,9.0
751682,2012.TEMP.ANOMOLY.0.75+,Global Temperature Anomaly for 2012 (Jan-Dec) to be 0.75 or more,2011-11-05,0.0,0.0,0.0,9.0,1,0,9.0,9.0
751682,2012.TEMP.ANOMOLY.0.75+,Global Temperature Anomaly for 2012 (Jan-Dec) to be 0.75 or more,2011-11-06,0.0,0.0,0.0,9.0,1,0,9.0,9.0
751682,2012.TEMP.ANOMOLY.0.75+,Global Temperature Anomaly for 2012 (Jan-Dec) to be 0.75 or more,2011-11-07,0.0,0.0,0.0,9.0,1,0,9.0,9.0
751682,2012.TEMP.ANOMOLY.0.75+,Global Temperature Anomaly for 2012 (Jan-Dec) to be 0.75 or more,2011-11-08,0.0,0.0,0.0,9.0,1,0,9.0,9.0
751682,2012.TEMP.ANOMOLY.0.75+,Global Temperature Anomaly for 2012 (Jan-Dec) to be 0.75 or more,2011-11-09,0.0,0.0,0.0,9.0,1,0,9.0,9.0
751682,2012.TEMP.ANOMOLY.0.75+,Global Temperature Anomaly for 2012 (Jan-Dec) to be 0.75 or more,2011-11-10,0.0,0.0,0.0,9.0,1,0,9.0,9.0
751682,2012.TEMP.ANOMOLY.0.75+,Global Temperature Anomaly for 2012 (Jan-Dec) to be 0.75 or more,2011-11-11,0.0,0.0,0.0,9.0,1,0,9.0,9.0
751682,2012.TEMP.ANOMOLY.0.75+,Global Temperature Anomaly for 2012 (Jan-Dec) to be 0.75 or more,2011-11-12,0.0,0.0,0.0,9.0,1,0,9.0,9.0
751682,2012.TEMP.ANOMOLY.0.75+,Global Temperature Anomaly for 2012 (Jan-Dec) to be 0.75 or more,2011-11-13,0.0,0.0,0.0,9.0,1,0,9.0,9.0
751682,2012.TEMP.ANOMOLY.0.75+,Global Temperature Anomaly for 2012 (Jan-Dec) to be 0.75 or more,2011-11-14,0.0,0.0,0.0,9.0,1,0,9.0,9.0
751682,2012.TEMP.ANOMOLY.0.75+,Global Temperature Anomaly for 2012 (Jan-Dec) to be 0.75 or more,2011-11-15,0.0,0.0,0.0,9.0,1,0,9.0,9.0
751682,2012.TEMP.ANOMOLY.0.75+,Global Temperature Anomaly for 2012 (Jan-Dec) to be 0.75 or more,2011-11-16,0.0,0.0,0.0,9.0,1,0,9.0,9.0
751682,2012.TEMP.ANOMOLY.0.75+,Global Temperature Anomaly for 2012 (Jan-Dec) to be 0.75 or more,2011-11-17,0.0,0.0,0.0,9.0,1,0,9.0,9.0
751682,2012.TEMP.ANOMOLY.0.75+,Global Temperature Anomaly for 2012 (Jan-Dec) to be 0.75 or more,2011-11-18,0.0,0.0,0.0,9.0,1,0,9.0,9.0
751682,2012.TEMP.ANOMOLY.0.75+,Global Temperature Anomaly for 2012 (Jan-Dec) to be 0.75 or more,2011-11-19,0.0,0.0,0.0,9.0,1,0,9.0,9.0
751682,2012.TEMP.ANOMOLY.0.75+,Global Temperature Anomaly for 2012 (Jan-Dec) to be 0.75 or more,2011-11-20,0.0,0.0,0.0,9.0,1,0,9.0,9.0
751682,2012.TEMP.ANOMOLY.0.75+,Global Temperature Anomaly for 2012 (Jan-Dec) to be 0.75 or more,2011-11-21,0.0,0.0,0.0,9.0,1,0,9.0,9.0
751682,2012.TEMP.ANOMOLY.0.75+,Global Temperature Anomaly for 2012 (Jan-Dec) to be 0.75 or more,2011-11-22,0.0,0.0,0.0,9.0,1,0,9.0,9.0
751682,2012.TEMP.ANOMOLY.0.75+,Global Temperature Anomaly for 2012 (Jan-Dec) to be 0.75 or more,2011-11-23,0.0,0.0,0.0,9.0,1,0,9.0,9.0
751682,2012.TEMP.ANOMOLY.0.75+,Global Temperature Anomaly for 2012 (Jan-Dec) to be 0.75 or more,2011-11-24,0.0,0.0,0.0,9.0,1,0,9.0,9.0
751682,2012.TEMP.ANOMOLY.0.75+,Global Temperature Anomaly for 2012 (Jan-Dec) to be 0.75 or more,2011-11-25,0.0,0.0,0.0,9.0,1,0,9.0,9.0
751682,2012.TEMP.ANOMOLY.0.75+,Global Temperature Anomaly for 2012 (Jan-Dec) to be 0.75 or more,2011-11-26,0.0,0.0,0.0,9.0,1,0,9.0,9.0
751682,2012.TEMP.ANOMOLY.0.75+,Global Temperature Anomaly for 2012 (Jan-Dec) to be 0.75 or more,2011-11-27,0.0,0.0,0.0,9.0,1,0,9.0,9.0
751682,2012.TEMP.ANOMOLY.0.75+,Global Temperature Anomaly for 2012 (Jan-Dec) to be 0.75 or more,2011-11-28,0.0,0.0,0.0,9.0,1,0,9.0,9.0
751682,2012.TEMP.ANOMOLY.0.75+,Global Temperature Anomaly for 2012 (Jan-Dec) to be 0.75 or more,2011-11-29,0.0,0.0,0.0,9.0,1,0,9.0,9.0
751682,2012.TEMP.ANOMOLY.0.75+,Global Temperature Anomaly for 2012 (Jan-Dec) to be 0.75 or more,2011-11-30,0.0,0.0,0.0,9.0,1,0,9.0,9.0
751682,2012.TEMP.ANOMOLY.0.75+,Global Temperature Anomaly for 2012 (Jan-Dec) to be 0.75 or more,2011-12-01,0.0,0.0,0.0,9.0,1,0,9.0,9.0
751682,2012.TEMP.ANOMOLY.0.75+,Global Temperature Anomaly for 2012 (Jan-Dec) to be 0.75 or more,2011-12-02,0.0,0.0,0.0,9.0,1,0,9.0,9.0
751682,2012.TEMP.ANOMOLY.0.75+,Global Temperature Anomaly for 2012 (Jan-Dec) to be 0.75 or more,2011-12-03,0.0,0.0,0.0,9.0,1,0,9.0,9.0
751682,2012.TEMP.ANOMOLY.0.75+,Global Temperature Anomaly for 2012 (Jan-Dec) to be 0.75 or more,2011-12-04,0.0,0.0,0.0,9.0,1,0,9.0,9.0
751682,2012.TEMP.ANOMOLY.0.75+,Global Temperature Anomaly for 2012 (Jan-Dec) to be 0.75 or more,2011-12-05,0.0,0.0,0.0,9.0,1,0,9.0,9.0
751682,2012.TEMP.ANOMOLY.0.75+,Global Temperature Anomaly for 2012 (Jan-Dec) to be 0.75 or more,2011-12-06,0.0,0.0,0.0,9.0,1,0,9.0,9.0
751682,2012.TEMP.ANOMOLY.0.75+,Global Temperature Anomaly for 2012 (Jan-Dec) to be 0.75 or more,2011-12-07,0.0,0.0,0.0,9.0,1,0,9.0,9.0
751682,2012.TEMP.ANOMOLY.0.75+,Global Temperature Anomaly for 2012 (Jan-Dec) to be 0.75 or more,2011-12-08,0.0,0.0,0.0,9.0,1,0,9.0,9.0
751682,2012.TEMP.ANOMOLY.0.75+,Global Temperature Anomaly for 2012 (Jan-Dec) to be 0.75 or more,2011-12-09,0.0,0.0,0.0,9.0,1,0,9.0,9.0
751682,2012.TEMP.ANOMOLY.0.75+,Global Temperature Anomaly for 2012 (Jan-Dec) to be 0.75 or more,2011-12-10,0.0,0.0,0.0,9.0,1,0,9.0,9.0
751682,2012.TEMP.ANOMOLY.0.75+,Global Temperature Anomaly for 2012 (Jan-Dec) to be 0.75 or more,2011-12-11,0.0,0.0,0.0,9.0,1,0,9.0,9.0
751682,2012.TEMP.ANOMOLY.0.75+,Global Temperature Anomaly for 2012 (Jan-Dec) to be 0.75 or more,2011-12-12,0.0,0.0,0.0,9.0,1,0,9.0,9.0
751682,2012.TEMP.ANOMOLY.0.75+,Global Temperature Anomaly for 2012 (Jan-Dec) to be 0.75 or more,2011-12-13,0.0,0.0,0.0,9.0,1,0,9.0,9.0
751682,2012.TEMP.ANOMOLY.0.75+,Global Temperature Anomaly for 2012 (Jan-Dec) to be 0.75 or more,2011-12-14,0.0,0.0,0.0,9.0,1,0,9.0,9.0
751682,2012.TEMP.ANOMOLY.0.75+,Global Temperature Anomaly for 2012 (Jan-Dec) to be 0.75 or more,2011-12-15,0.0,0.0,0.0,9.0,1,0,9.0,9.0
751682,2012.TEMP.ANOMOLY.0.75+,Global Temperature Anomaly for 2012 (Jan-Dec) to be 0.75 or more,2011-12-16,0.0,0.0,0.0,9.0,1,0,9.0,9.0
751682,2012.TEMP.ANOMOLY.0.75+,Global Temperature Anomaly for 2012 (Jan-Dec) to be 0.75 or more,2011-12-17,0.0,0.0,0.0,9.0,1,0,9.0,9.0
751682,2012.TEMP.ANOMOLY.0.75+,Global Temperature Anomaly for 2012 (Jan-Dec) to be 0.75 or more,2011-12-18,0.0,0.0,0.0,9.0,1,0,9.0,9.0
751682,2012.TEMP.ANOMOLY.0.75+,Global Temperature Anomaly for 2012 (Jan-Dec) to be 0.75 or more,2011-12-19,0.0,0.0,0.0,9.0,1,0,9.0,9.0
751682,2012.TEMP.ANOMOLY.0.75+,Global Temperature Anomaly for 2012 (Jan-Dec) to be 0.75 or more,2011-12-20,0.0,0.0,0.0,9.0,1,0,9.0,9.0
751682,2012.TEMP.ANOMOLY.0.75+,Global Temperature Anomaly for 2012 (Jan-Dec) to be 0.75 or more,2011-12-21,0.0,0.0,0.0,9.0,1,0,9.0,9.0
751682,2012.TEMP.ANOMOLY.0.75+,Global Temperature Anomaly for 2012 (Jan-Dec) to be 0.75 or more,2011-12-22,0.0,0.0,0.0,9.0,1,0,9.0,9.0
751682,2012.TEMP.ANOMOLY.0.75+,Global Temperature Anomaly for 2012 (Jan-Dec) to be 0.75 or more,2011-12-23,0.0,0.0,0.0,9.0,1,0,9.0,9.0
751682,2012.TEMP.ANOMOLY.0.75+,Global Temperature Anomaly for 2012 (Jan-Dec) to be 0.75 or more,2011-12-24,0.0,0.0,0.0,9.0,1,0,9.0,9.0
751682,2012.TEMP.ANOMOLY.0.75+,Global Temperature Anomaly for 2012 (Jan-Dec) to be 0.75 or more,2011-12-25,0.0,0.0,0.0,9.0,1,0,9.0,9.0
751682,2012.TEMP.ANOMOLY.0.75+,Global Temperature Anomaly for 2012 (Jan-Dec) to be 0.75 or more,2011-12-26,0.0,0.0,0.0,9.0,1,0,9.0,9.0
751682,2012.TEMP.ANOMOLY.0.75+,Global Temperature Anomaly for 2012 (Jan-Dec) to be 0.75 or more,2011-12-27,0.0,0.0,0.0,9.0,1,0,9.0,9.0
751682,2012.TEMP.ANOMOLY.0.75+,Global Temperature Anomaly for 2012 (Jan-Dec) to be 0.75 or more,2011-12-28,0.0,0.0,0.0,9.0,1,0,9.0,9.0
751682,2012.TEMP.ANOMOLY.0.75+,Global Temperature Anomaly for 2012 (Jan-Dec) to be 0.75 or more,2011-12-29,0.0,0.0,0.0,9.0,1,0,9.0,9.0
751682,2012.TEMP.ANOMOLY.0.75+,Global Temperature Anomaly for 2012 (Jan-Dec) to be 0.75 or more,2011-12-30,0.0,0.0,0.0,9.0,1,0,9.0,9.0
751682,2012.TEMP.ANOMOLY.0.75+,Global Temperature Anomaly for 2012 (Jan-Dec) to be 0.75 or more,2011-12-31,0.0,0.0,0.0,9.0,1,0,9.0,9.0
751682,2012.TEMP.ANOMOLY.0.75+,Global Temperature Anomaly for 2012 (Jan-Dec) to be 0.75 or more,2012-01-01,0.0,0.0,0.0,9.0,1,0,9.0,9.0
751682,2012.TEMP.ANOMOLY.0.75+,Global Temperature Anomaly for 2012 (Jan-Dec) to be 0.75 or more,2012-01-02,0.0,0.0,0.0,9.0,1,0,9.0,9.0
751682,2012.TEMP.ANOMOLY.0.75+,Global Temperature Anomaly for 2012 (Jan-Dec) to be 0.75 or more,2012-01-03,0.0,0.0,0.0,9.0,1,0,9.0,9.0
751682,2012.TEMP.ANOMOLY.0.75+,Global Temperature Anomaly for 2012 (Jan-Dec) to be 0.75 or more,2012-01-04,0.0,0.0,0.0,9.0,1,0,9.0,9.0
751682,2012.TEMP.ANOMOLY.0.75+,Global Temperature Anomaly for 2012 (Jan-Dec) to be 0.75 or more,2012-01-05,0.0,0.0,0.0,9.0,1,0,9.0,9.0
751682,2012.TEMP.ANOMOLY.0.75+,Global Temperature Anomaly for 2012 (Jan-Dec) to be 0.75 or more,2012-01-06,0.0,0.0,0.0,9.0,1,0,9.0,9.0
751682,2012.TEMP.ANOMOLY.0.75+,Global Temperature Anomaly for 2012 (Jan-Dec) to be 0.75 or more,2012-01-07,0.0,0.0,0.0,9.0,1,0,9.0,9.0
751682,2012.TEMP.ANOMOLY.0.75+,Global Temperature Anomaly for 2012 (Jan-Dec) to be 0.75 or more,2012-01-08,0.0,0.0,0.0,9.0,1,0,9.0,9.0
751682,2012.TEMP.ANOMOLY.0.75+,Global Temperature Anomaly for 2012 (Jan-Dec) to be 0.75 or more,2012-01-09,0.0,0.0,0.0,9.0,1,0,9.0,9.0
751682,2012.TEMP.ANOMOLY.0.75+,Global Temperature Anomaly for 2012 (Jan-Dec) to be 0.75 or more,2012-01-10,0.0,0.0,0.0,9.0,1,0,9.0,9.0
751682,2012.TEMP.ANOMOLY.0.75+,Global Temperature Anomaly for 2012 (Jan-Dec) to be 0.75 or more,2012-01-11,0.0,0.0,0.0,9.0,1,0,9.0,9.0
751682,2012.TEMP.ANOMOLY.0.75+,Global Temperature Anomaly for 2012 (Jan-Dec) to be 0.75 or more,2012-01-12,0.0,0.0,0.0,9.0,1,0,9.0,9.0
751682,2012.TEMP.ANOMOLY.0.75+,Global Temperature Anomaly for 2012 (Jan-Dec) to be 0.75 or more,2012-01-13,0.0,0.0,0.0,9.0,1,0,9.0,9.0
751682,2012.TEMP.ANOMOLY.0.75+,Global Temperature Anomaly for 2012 (Jan-Dec) to be 0.75 or more,2012-01-14,0.0,0.0,0.0,9.0,1,0,9.0,9.0
751682,2012.TEMP.ANOMOLY.0.75+,Global Temperature Anomaly for 2012 (Jan-Dec) to be 0.75 or more,2012-01-15,0.0,0.0,0.0,9.0,1,0,9.0,9.0
751682,2012.TEMP.ANOMOLY.0.75+,Global Temperature Anomaly for 2012 (Jan-Dec) to be 0.75 or more,2012-01-16,0.0,0.0,0.0,9.0,1,0,9.0,9.0
751682,2012.TEMP.ANOMOLY.0.75+,Global Temperature Anomaly for 2012 (Jan-Dec) to be 0.75 or more,2012-01-17,0.0,0.0,0.0,9.0,1,0,9.0,9.0
751682,2012.TEMP.ANOMOLY.0.75+,Global Temperature Anomaly for 2012 (Jan-Dec) to be 0.75 or more,2012-01-18,0.0,0.0,0.0,9.0,1,0,9.0,9.0
751682,2012.TEMP.ANOMOLY.0.75+,Global Temperature Anomaly for 2012 (Jan-Dec) to be 0.75 or more,2012-01-19,0.0,0.0,0.0,9.0,1,0,9.0,9.0
751682,2012.TEMP.ANOMOLY.0.75+,Global Temperature Anomaly for 2012 (Jan-Dec) to be 0.75 or more,2012-01-20,0.0,0.0,0.0,9.0,1,0,9.0,9.0
751682,2012.TEMP.ANOMOLY.0.75+,Global Temperature Anomaly for 2012 (Jan-Dec) to be 0.75 or more,2012-01-21,0.0,0.0,0.0,9.0,1,0,9.0,9.0
751682,2012.TEMP.ANOMOLY.0.75+,Global Temperature Anomaly for 2012 (Jan-Dec) to be 0.75 or more,2012-01-22,0.0,0.0,0.0,9.0,1,0,9.0,9.0
751682,2012.TEMP.ANOMOLY.0.75+,Global Temperature Anomaly for 2012 (Jan-Dec) to be 0.75 or more,2012-01-23,0.0,0.0,0.0,9.0,1,0,9.0,9.0
751682,2012.TEMP.ANOMOLY.0.75+,Global Temperature Anomaly for 2012 (Jan-Dec) to be 0.75 or more,2012-01-24,0.0,0.0,0.0,9.0,1,0,9.0,9.0
751682,2012.TEMP.ANOMOLY.0.75+,Global Temperature Anomaly for 2012 (Jan-Dec) to be 0.75 or more,2012-01-25,0.0,0.0,0.0,9.0,1,0,9.0,9.0
751682,2012.TEMP.ANOMOLY.0.75+,Global Temperature Anomaly for 2012 (Jan-Dec) to be 0.75 or more,2012-01-26,0.0,0.0,0.0,9.0,1,0,9.0,9.0
751682,2012.TEMP.ANOMOLY.0.75+,Global Temperature Anomaly for 2012 (Jan-Dec) to be 0.75 or more,2012-01-27,0.0,0.0,0.0,9.0,1,0,9.0,9.0
751682,2012.TEMP.ANOMOLY.0.75+,Global Temperature Anomaly for 2012 (Jan-Dec) to be 0.75 or more,2012-01-28,0.0,0.0,0.0,9.0,1,0,9.0,9.0
751682,2012.TEMP.ANOMOLY.0.75+,Global Temperature Anomaly for 2012 (Jan-Dec) to be 0.75 or more,2012-01-29,0.0,0.0,0.0,9.0,1,0,9.0,9.0
751682,2012.TEMP.ANOMOLY.0.75+,Global Temperature Anomaly for 2012 (Jan-Dec) to be 0.75 or more,2012-01-30,0.0,0.0,0.0,9.0,1,0,9.0,9.0
751682,2012.TEMP.ANOMOLY.0.75+,Global Temperature Anomaly for 2012 (Jan-Dec) to be 0.75 or more,2012-01-31,0.0,0.0,0.0,9.0,1,0,9.0,9.0
751682,2012.TEMP.ANOMOLY.0.75+,Global Temperature Anomaly for 2012 (Jan-Dec) to be 0.75 or more,2012-02-01,0.0,0.0,0.0,9.0,1,0,9.0,9.0
751682,2012.TEMP.ANOMOLY.0.75+,Global Temperature Anomaly for 2012 (Jan-Dec) to be 0.75 or more,2012-02-02,0.0,0.0,0.0,9.0,1,0,9.0,9.0
751682,2012.TEMP.ANOMOLY.0.75+,Global Temperature Anomaly for 2012 (Jan-Dec) to be 0.75 or more,2012-02-03,0.0,0.0,0.0,9.0,1,0,9.0,9.0
751682,2012.TEMP.ANOMOLY.0.75+,Global Temperature Anomaly for 2012 (Jan-Dec) to be 0.75 or more,2012-02-04,0.0,0.0,0.0,9.0,1,0,9.0,9.0
751682,2012.TEMP.ANOMOLY.0.75+,Global Temperature Anomaly for 2012 (Jan-Dec) to be 0.75 or more,2012-02-05,0.0,0.0,0.0,9.0,1,0,9.0,9.0
751682,2012.TEMP.ANOMOLY.0.75+,Global Temperature Anomaly for 2012 (Jan-Dec) to be 0.75 or more,2012-02-06,0.0,0.0,0.0,9.0,1,0,9.0,9.0
751682,2012.TEMP.ANOMOLY.0.75+,Global Temperature Anomaly for 2012 (Jan-Dec) to be 0.75 or more,2012-02-07,0.0,0.0,0.0,9.0,1,0,9.0,9.0
751682,2012.TEMP.ANOMOLY.0.75+,Global Temperature Anomaly for 2012 (Jan-Dec) to be 0.75 or more,2012-02-08,0.0,0.0,0.0,9.0,1,0,9.0,9.0
751682,2012.TEMP.ANOMOLY.0.75+,Global Temperature Anomaly for 2012 (Jan-Dec) to be 0.75 or more,2012-02-09,0.0,0.0,0.0,9.0,1,0,9.0,9.0
751682,2012.TEMP.ANOMOLY.0.75+,Global Temperature Anomaly for 2012 (Jan-Dec) to be 0.75 or more,2012-02-10,0.0,0.0,0.0,9.0,1,0,9.0,9.0
751682,2012.TEMP.ANOMOLY.0.75+,Global Temperature Anomaly for 2012 (Jan-Dec) to be 0.75 or more,2012-02-11,0.0,0.0,0.0,9.0,1,0,9.0,9.0
751682,2012.TEMP.ANOMOLY.0.75+,Global Temperature Anomaly for 2012 (Jan-Dec) to be 0.75 or more,2012-02-12,0.0,0.0,0.0,9.0,1,0,9.0,9.0
751682,2012.TEMP.ANOMOLY.0.75+,Global Temperature Anomaly for 2012 (Jan-Dec) to be 0.75 or more,2012-02-13,0.0,0.0,0.0,9.0,1,0,9.0,9.0
751682,2012.TEMP.ANOMOLY.0.75+,Global Temperature Anomaly for 2012 (Jan-Dec) to be 0.75 or more,2012-02-14,0.0,0.0,0.0,9.0,1,0,9.0,9.0
751682,2012.TEMP.ANOMOLY.0.75+,Global Temperature Anomaly for 2012 (Jan-Dec) to be 0.75 or more,2012-02-15,0.0,0.0,0.0,9.0,1,0,9.0,9.0
751682,2012.TEMP.ANOMOLY.0.75+,Global Temperature Anomaly for 2012 (Jan-Dec) to be 0.75 or more,2012-02-16,0.0,0.0,0.0,9.0,1,0,9.0,9.0
751682,2012.TEMP.ANOMOLY.0.75+,Global Temperature Anomaly for 2012 (Jan-Dec) to be 0.75 or more,2012-02-17,0.0,0.0,0.0,9.0,1,0,9.0,9.0
751682,2012.TEMP.ANOMOLY.0.75+,Global Temperature Anomaly for 2012 (Jan-Dec) to be 0.75 or more,2012-02-18,0.0,0.0,0.0,9.0,1,0,9.0,9.0
751682,2012.TEMP.ANOMOLY.0.75+,Global Temperature Anomaly for 2012 (Jan-Dec) to be 0.75 or more,2012-02-19,0.0,0.0,0.0,9.0,1,0,9.0,9.0
751682,2012.TEMP.ANOMOLY.0.75+,Global Temperature Anomaly for 2012 (Jan-Dec) to be 0.75 or more,2012-02-20,0.0,0.0,0.0,9.0,1,0,9.0,9.0
751682,2012.TEMP.ANOMOLY.0.75+,Global Temperature Anomaly for 2012 (Jan-Dec) to be 0.75 or more,2012-02-21,0.0,0.0,0.0,9.0,1,0,9.0,9.0
751682,2012.TEMP.ANOMOLY.0.75+,Global Temperature Anomaly for 2012 (Jan-Dec) to be 0.75 or more,2012-02-22,0.0,0.0,0.0,9.0,1,0,9.0,9.0
751682,2012.TEMP.ANOMOLY.0.75+,Global Temperature Anomaly for 2012 (Jan-Dec) to be 0.75 or more,2012-02-23,0.0,0.0,0.0,9.0,1,0,9.0,9.0
751682,2012.TEMP.ANOMOLY.0.75+,Global Temperature Anomaly for 2012 (Jan-Dec) to be 0.75 or more,2012-02-24,0.0,0.0,0.0,9.0,1,0,9.0,9.0
751682,2012.TEMP.ANOMOLY.0.75+,Global Temperature Anomaly for 2012 (Jan-Dec) to be 0.75 or more,2012-02-25,0.0,0.0,0.0,9.0,1,0,9.0,9.0
751682,2012.TEMP.ANOMOLY.0.75+,Global Temperature Anomaly for 2012 (Jan-Dec) to be 0.75 or more,2012-02-26,0.0,0.0,0.0,9.0,1,0,9.0,9.0
751682,2012.TEMP.ANOMOLY.0.75+,Global Temperature Anomaly for 2012 (Jan-Dec) to be 0.75 or more,2012-02-27,0.0,0.0,0.0,9.0,1,0,9.0,9.0
751682,2012.TEMP.ANOMOLY.0.75+,Global Temperature Anomaly for 2012 (Jan-Dec) to be 0.75 or more,2012-02-28,0.0,0.0,0.0,9.0,1,0,9.0,9.0
751682,2012.TEMP.ANOMOLY.0.75+,Global Temperature Anomaly for 2012 (Jan-Dec) to be 0.75 or more,2012-02-29,0.0,0.0,0.0,9.0,1,0,9.0,9.0
751682,2012.TEMP.ANOMOLY.0.75+,Global Temperature Anomaly for 2012 (Jan-Dec) to be 0.75 or more,2012-03-01,0.0,0.0,0.0,9.0,1,0,9.0,9.0
751682,2012.TEMP.ANOMOLY.0.75+,Global Temperature Anomaly for 2012 (Jan-Dec) to be 0.75 or more,2012-03-02,,,,9.0,1,0,9.0,9.0
751682,2012.TEMP.ANOMOLY.0.75+,Global Temperature Anomaly for 2012 (Jan-Dec) to be 0.75 or more,2012-03-03,,,,9.0,1,0,9.0,9.0
751682,2012.TEMP.ANOMOLY.0.75+,Global Temperature Anomaly for 2012 (Jan-Dec) to be 0.75 or more,2012-03-04,,,,9.0,1,0,9.0,9.0
751682,2012.TEMP.ANOMOLY.0.75+,Global Temperature Anomaly for 2012 (Jan-Dec) to be 0.75 or more,2012-03-05,,,,9.0,1,0,9.0,9.0
751682,2012.TEMP.ANOMOLY.0.75+,Global Temperature Anomaly for 2012 (Jan-Dec) to be 0.75 or more,2012-03-06,,,,9.0,1,0,9.0,9.0
751682,2012.TEMP.ANOMOLY.0.75+,Global Temperature Anomaly for 2012 (Jan-Dec) to be 0.75 or more,2012-03-07,,,,,1,0,9.0,9.0
751682,2012.TEMP.ANOMOLY.0.75+,Global Temperature Anomaly for 2012 (Jan-Dec) to be 0.75 or more,2012-03-08,,,,9.0,1,0,9.0,9.0
751682,2012.TEMP.ANOMOLY.0.75+,Global Temperature Anomaly for 2012 (Jan-Dec) to be 0.75 or more,2012-03-09,,,,9.0,1,0,9.0,9.0
751682,2012.TEMP.ANOMOLY.0.75+,Global Temperature Anomaly for 2012 (Jan-Dec) to be 0.75 or more,2012-03-10,,,,9.0,1,0,9.0,9.0
751682,2012.TEMP.ANOMOLY.0.75+,Global Temperature Anomaly for 2012 (Jan-Dec) to be 0.75 or more,2012-03-11,,,,9.0,1,0,9.0,9.0
751682,2012.TEMP.ANOMOLY.0.75+,Global Temperature Anomaly for 2012 (Jan-Dec) to be 0.75 or more,2012-03-12,,,,9.0,1,0,9.0,9.0
751682,2012.TEMP.ANOMOLY.0.75+,Global Temperature Anomaly for 2012 (Jan-Dec) to be 0.75 or more,2012-03-13,,,,9.0,1,0,9.0,9.0
751682,2012.TEMP.ANOMOLY.0.75+,Global Temperature Anomaly for 2012 (Jan-Dec) to be 0.75 or more,2012-03-14,,,,9.0,1,0,9.0,9.0
751682,2012.TEMP.ANOMOLY.0.75+,Global Temperature Anomaly for 2012 (Jan-Dec) to be 0.75 or more,2012-03-15,,,,9.0,1,0,9.0,9.0
751682,2012.TEMP.ANOMOLY.0.75+,Global Temperature Anomaly for 2012 (Jan-Dec) to be 0.75 or more,2012-03-16,,,,9.0,1,0,9.0,9.0
751682,2012.TEMP.ANOMOLY.0.75+,Global Temperature Anomaly for 2012 (Jan-Dec) to be 0.75 or more,2012-03-17,,,,9.0,1,0,9.0,9.0
751682,2012.TEMP.ANOMOLY.0.75+,Global Temperature Anomaly for 2012 (Jan-Dec) to be 0.75 or more,2012-03-18,,,,9.0,1,0,9.0,9.0
751682,2012.TEMP.ANOMOLY.0.75+,Global Temperature Anomaly for 2012 (Jan-Dec) to be 0.75 or more,2012-03-19,,,,9.0,1,0,9.0,9.0
751682,2012.TEMP.ANOMOLY.0.75+,Global Temperature Anomaly for 2012 (Jan-Dec) to be 0.75 or more,2012-03-20,,,,9.0,1,0,9.0,9.0
751682,2012.TEMP.ANOMOLY.0.75+,Global Temperature Anomaly for 2012 (Jan-Dec) to be 0.75 or more,2012-03-21,,,,9.0,1,0,9.0,9.0
751682,2012.TEMP.ANOMOLY.0.75+,Global Temperature Anomaly for 2012 (Jan-Dec) to be 0.75 or more,2012-03-22,,,,9.0,1,0,9.0,9.0
751682,2012.TEMP.ANOMOLY.0.75+,Global Temperature Anomaly for 2012 (Jan-Dec) to be 0.75 or more,2012-03-23,,,,9.0,1,0,9.0,9.0
751682,2012.TEMP.ANOMOLY.0.75+,Global Temperature Anomaly for 2012 (Jan-Dec) to be 0.75 or more,2012-03-24,,,,9.0,1,0,9.0,9.0
751682,2012.TEMP.ANOMOLY.0.75+,Global Temperature Anomaly for 2012 (Jan-Dec) to be 0.75 or more,2012-03-25,,,,9.0,1,0,9.0,9.0
751682,2012.TEMP.ANOMOLY.0.75+,Global Temperature Anomaly for 2012 (Jan-Dec) to be 0.75 or more,2012-03-26,,,,9.0,1,0,9.0,9.0
751682,2012.TEMP.ANOMOLY.0.75+,Global Temperature Anomaly for 2012 (Jan-Dec) to be 0.75 or more,2012-03-27,,,,9.0,1,0,9.0,9.0
751682,2012.TEMP.ANOMOLY.0.75+,Global Temperature Anomaly for 2012 (Jan-Dec) to be 0.75 or more,2012-03-28,,,,9.0,1,0,9.0,9.0
751682,2012.TEMP.ANOMOLY.0.75+,Global Temperature Anomaly for 2012 (Jan-Dec) to be 0.75 or more,2012-03-29,,,,9.0,1,0,9.0,9.0
751682,2012.TEMP.ANOMOLY.0.75+,Global Temperature Anomaly for 2012 (Jan-Dec) to be 0.75 or more,2012-03-30,,,,9.0,1,0,9.0,9.0
751682,2012.TEMP.ANOMOLY.0.75+,Global Temperature Anomaly for 2012 (Jan-Dec) to be 0.75 or more,2012-03-31,,,,9.0,1,0,9.0,9.0
751682,2012.TEMP.ANOMOLY.0.75+,Global Temperature Anomaly for 2012 (Jan-Dec) to be 0.75 or more,2012-04-01,,,,9.0,1,0,9.0,9.0
751682,2012.TEMP.ANOMOLY.0.75+,Global Temperature Anomaly for 2012 (Jan-Dec) to be 0.75 or more,2012-04-02,,,,9.0,1,0,9.0,9.0
751682,2012.TEMP.ANOMOLY.0.75+,Global Temperature Anomaly for 2012 (Jan-Dec) to be 0.75 or more,2012-04-03,,,,9.0,1,0,9.0,9.0
751682,2012.TEMP.ANOMOLY.0.75+,Global Temperature Anomaly for 2012 (Jan-Dec) to be 0.75 or more,2012-04-04,,,,9.0,1,0,9.0,9.0
751682,2012.TEMP.ANOMOLY.0.75+,Global Temperature Anomaly for 2012 (Jan-Dec) to be 0.75 or more,2012-04-05,,,,9.0,1,0,9.0,9.0
751682,2012.TEMP.ANOMOLY.0.75+,Global Temperature Anomaly for 2012 (Jan-Dec) to be 0.75 or more,2012-04-06,,,,9.0,1,0,9.0,9.0
751682,2012.TEMP.ANOMOLY.0.75+,Global Temperature Anomaly for 2012 (Jan-Dec) to be 0.75 or more,2012-04-07,,,,9.0,1,0,9.0,9.0
751682,2012.TEMP.ANOMOLY.0.75+,Global Temperature Anomaly for 2012 (Jan-Dec) to be 0.75 or more,2012-04-08,,,,9.0,1,0,9.0,9.0
751682,2012.TEMP.ANOMOLY.0.75+,Global Temperature Anomaly for 2012 (Jan-Dec) to be 0.75 or more,2012-04-09,,,,9.0,1,0,9.0,9.0
751682,2012.TEMP.ANOMOLY.0.75+,Global Temperature Anomaly for 2012 (Jan-Dec) to be 0.75 or more,2012-04-10,,,,9.0,1,0,9.0,9.0
751682,2012.TEMP.ANOMOLY.0.75+,Global Temperature Anomaly for 2012 (Jan-Dec) to be 0.75 or more,2012-04-11,,,,9.0,1,0,9.0,9.0
751682,2012.TEMP.ANOMOLY.0.75+,Global Temperature Anomaly for 2012 (Jan-Dec) to be 0.75 or more,2012-04-12,,,,9.0,1,0,9.0,9.0
751682,2012.TEMP.ANOMOLY.0.75+,Global Temperature Anomaly for 2012 (Jan-Dec) to be 0.75 or more,2012-04-13,,,,9.0,1,0,9.0,9.0
751682,2012.TEMP.ANOMOLY.0.75+,Global Temperature Anomaly for 2012 (Jan-Dec) to be 0.75 or more,2012-04-14,,,,9.0,1,0,9.0,9.0
751682,2012.TEMP.ANOMOLY.0.75+,Global Temperature Anomaly for 2012 (Jan-Dec) to be 0.75 or more,2012-04-15,,,,9.0,1,0,9.0,9.0
751682,2012.TEMP.ANOMOLY.0.75+,Global Temperature Anomaly for 2012 (Jan-Dec) to be 0.75 or more,2012-04-16,,,,9.0,1,0,9.0,9.0
751682,2012.TEMP.ANOMOLY.0.75+,Global Temperature Anomaly for 2012 (Jan-Dec) to be 0.75 or more,2012-04-17,,,,9.0,1,0,9.0,9.0
751682,2012.TEMP.ANOMOLY.0.75+,Global Temperature Anomaly for 2012 (Jan-Dec) to be 0.75 or more,2012-04-18,,,,9.0,1,0,9.0,9.0
751682,2012.TEMP.ANOMOLY.0.75+,Global Temperature Anomaly for 2012 (Jan-Dec) to be 0.75 or more,2012-04-19,,,,9.0,1,0,9.0,9.0
751682,2012.TEMP.ANOMOLY.0.75+,Global Temperature Anomaly for 2012 (Jan-Dec) to be 0.75 or more,2012-04-20,,,,9.0,1,0,9.0,9.0
751682,2012.TEMP.ANOMOLY.0.75+,Global Temperature Anomaly for 2012 (Jan-Dec) to be 0.75 or more,2012-04-21,,,,9.0,1,0,9.0,9.0
751682,2012.TEMP.ANOMOLY.0.75+,Global Temperature Anomaly for 2012 (Jan-Dec) to be 0.75 or more,2012-04-22,,,,9.0,1,0,9.0,9.0
751682,2012.TEMP.ANOMOLY.0.75+,Global Temperature Anomaly for 2012 (Jan-Dec) to be 0.75 or more,2012-04-23,,,,9.0,1,0,9.0,9.0
751682,2012.TEMP.ANOMOLY.0.75+,Global Temperature Anomaly for 2012 (Jan-Dec) to be 0.75 or more,2012-04-24,,,,9.0,1,0,9.0,9.0
751682,2012.TEMP.ANOMOLY.0.75+,Global Temperature Anomaly for 2012 (Jan-Dec) to be 0.75 or more,2012-04-25,,,,9.0,1,0,9.0,9.0
751682,2012.TEMP.ANOMOLY.0.75+,Global Temperature Anomaly for 2012 (Jan-Dec) to be 0.75 or more,2012-04-26,,,,9.0,1,0,9.0,9.0
751682,2012.TEMP.ANOMOLY.0.75+,Global Temperature Anomaly for 2012 (Jan-Dec) to be 0.75 or more,2012-04-27,,,,9.0,1,0,9.0,9.0
751682,2012.TEMP.ANOMOLY.0.75+,Global Temperature Anomaly for 2012 (Jan-Dec) to be 0.75 or more,2012-04-28,,,,9.0,1,0,9.0,9.0
751682,2012.TEMP.ANOMOLY.0.75+,Global Temperature Anomaly for 2012 (Jan-Dec) to be 0.75 or more,2012-04-29,,,,9.0,1,0,9.0,9.0
751682,2012.TEMP.ANOMOLY.0.75+,Global Temperature Anomaly for 2012 (Jan-Dec) to be 0.75 or more,2012-04-30,,,,9.0,1,0,9.0,9.0
751682,2012.TEMP.ANOMOLY.0.75+,Global Temperature Anomaly for 2012 (Jan-Dec) to be 0.75 or more,2012-05-01,,,,9.0,1,0,9.0,9.0
751682,2012.TEMP.ANOMOLY.0.75+,Global Temperature Anomaly for 2012 (Jan-Dec) to be 0.75 or more,2012-05-02,,,,9.0,1,0,9.0,9.0
751682,2012.TEMP.ANOMOLY.0.75+,Global Temperature Anomaly for 2012 (Jan-Dec) to be 0.75 or more,2012-05-03,,,,9.0,1,0,9.0,9.0
751682,2012.TEMP.ANOMOLY.0.75+,Global Temperature Anomaly for 2012 (Jan-Dec) to be 0.75 or more,2012-05-04,,,,9.0,1,0,9.0,9.0
751682,2012.TEMP.ANOMOLY.0.75+,Global Temperature Anomaly for 2012 (Jan-Dec) to be 0.75 or more,2012-05-05,,,,9.0,1,0,9.0,9.0
751682,2012.TEMP.ANOMOLY.0.75+,Global Temperature Anomaly for 2012 (Jan-Dec) to be 0.75 or more,2012-05-06,,,,9.0,1,0,9.0,9.0
751682,2012.TEMP.ANOMOLY.0.75+,Global Temperature Anomaly for 2012 (Jan-Dec) to be 0.75 or more,2012-05-07,,,,9.0,1,0,9.0,9.0
751682,2012.TEMP.ANOMOLY.0.75+,Global Temperature Anomaly for 2012 (Jan-Dec) to be 0.75 or more,2012-05-08,,,,9.0,1,0,9.0,9.0
751682,2012.TEMP.ANOMOLY.0.75+,Global Temperature Anomaly for 2012 (Jan-Dec) to be 0.75 or more,2012-05-09,,,,9.0,1,0,9.0,9.0
751682,2012.TEMP.ANOMOLY.0.75+,Global Temperature Anomaly for 2012 (Jan-Dec) to be 0.75 or more,2012-05-10,,,,9.0,1,0,9.0,9.0
751682,2012.TEMP.ANOMOLY.0.75+,Global Temperature Anomaly for 2012 (Jan-Dec) to be 0.75 or more,2012-05-11,,,,9.0,1,0,9.0,9.0
751682,2012.TEMP.ANOMOLY.0.75+,Global Temperature Anomaly for 2012 (Jan-Dec) to be 0.75 or more,2012-05-12,,,,9.0,1,0,9.0,9.0
751682,2012.TEMP.ANOMOLY.0.75+,Global Temperature Anomaly for 2012 (Jan-Dec) to be 0.75 or more,2012-05-13,,,,9.0,1,0,9.0,9.0
751682,2012.TEMP.ANOMOLY.0.75+,Global Temperature Anomaly for 2012 (Jan-Dec) to be 0.75 or more,2012-05-14,,,,9.0,1,0,9.0,9.0
751682,2012.TEMP.ANOMOLY.0.75+,Global Temperature Anomaly for 2012 (Jan-Dec) to be 0.75 or more,2012-05-15,,,,9.0,1,0,9.0,9.0
751682,2012.TEMP.ANOMOLY.0.75+,Global Temperature Anomaly for 2012 (Jan-Dec) to be 0.75 or more,2012-05-16,,,,9.0,1,0,9.0,9.0
751682,2012.TEMP.ANOMOLY.0.75+,Global Temperature Anomaly for 2012 (Jan-Dec) to be 0.75 or more,2012-05-17,,,,9.0,1,0,9.0,9.0
751682,2012.TEMP.ANOMOLY.0.75+,Global Temperature Anomaly for 2012 (Jan-Dec) to be 0.75 or more,2012-05-18,,,,9.0,1,0,9.0,9.0
751682,2012.TEMP.ANOMOLY.0.75+,Global Temperature Anomaly for 2012 (Jan-Dec) to be 0.75 or more,2012-05-19,,,,9.0,1,0,9.0,9.0
751682,2012.TEMP.ANOMOLY.0.75+,Global Temperature Anomaly for 2012 (Jan-Dec) to be 0.75 or more,2012-05-20,,,,9.0,1,0,9.0,9.0
751682,2012.TEMP.ANOMOLY.0.75+,Global Temperature Anomaly for 2012 (Jan-Dec) to be 0.75 or more,2012-05-21,,,,9.0,1,0,9.0,9.0
751682,2012.TEMP.ANOMOLY.0.75+,Global Temperature Anomaly for 2012 (Jan-Dec) to be 0.75 or more,2012-05-22,,,,9.0,1,0,9.0,9.0
751682,2012.TEMP.ANOMOLY.0.75+,Global Temperature Anomaly for 2012 (Jan-Dec) to be 0.75 or more,2012-05-23,,,,9.0,1,0,9.0,9.0
751682,2012.TEMP.ANOMOLY.0.75+,Global Temperature Anomaly for 2012 (Jan-Dec) to be 0.75 or more,2012-05-24,,,,9.0,1,0,9.0,9.0
751682,2012.TEMP.ANOMOLY.0.75+,Global Temperature Anomaly for 2012 (Jan-Dec) to be 0.75 or more,2012-05-25,,,,9.0,1,0,9.0,9.0
751682,2012.TEMP.ANOMOLY.0.75+,Global Temperature Anomaly for 2012 (Jan-Dec) to be 0.75 or more,2012-05-26,,,,9.0,1,0,9.0,9.0
751682,2012.TEMP.ANOMOLY.0.75+,Global Temperature Anomaly for 2012 (Jan-Dec) to be 0.75 or more,2012-05-27,,,,9.0,1,0,9.0,9.0
751682,2012.TEMP.ANOMOLY.0.75+,Global Temperature Anomaly for 2012 (Jan-Dec) to be 0.75 or more,2012-05-28,,,,9.0,1,0,9.0,9.0
751682,2012.TEMP.ANOMOLY.0.75+,Global Temperature Anomaly for 2012 (Jan-Dec) to be 0.75 or more,2012-05-29,,,,9.0,1,0,9.0,9.0
751682,2012.TEMP.ANOMOLY.0.75+,Global Temperature Anomaly for 2012 (Jan-Dec) to be 0.75 or more,2012-05-30,,,,9.0,1,0,9.0,9.0
751682,2012.TEMP.ANOMOLY.0.75+,Global Temperature Anomaly for 2012 (Jan-Dec) to be 0.75 or more,2012-05-31,,,,9.0,1,0,9.0,9.0
751682,2012.TEMP.ANOMOLY.0.75+,Global Temperature Anomaly for 2012 (Jan-Dec) to be 0.75 or more,2012-06-01,,,,9.0,1,0,9.0,9.0
751682,2012.TEMP.ANOMOLY.0.75+,Global Temperature Anomaly for 2012 (Jan-Dec) to be 0.75 or more,2012-06-02,,,,9.0,1,0,9.0,9.0
751682,2012.TEMP.ANOMOLY.0.75+,Global Temperature Anomaly for 2012 (Jan-Dec) to be 0.75 or more,2012-06-03,,,,9.0,1,0,9.0,9.0
751682,2012.TEMP.ANOMOLY.0.75+,Global Temperature Anomaly for 2012 (Jan-Dec) to be 0.75 or more,2012-06-04,,,,9.0,1,0,9.0,9.0
751682,2012.TEMP.ANOMOLY.0.75+,Global Temperature Anomaly for 2012 (Jan-Dec) to be 0.75 or more,2012-06-05,,,,9.0,1,0,9.0,9.0
751682,2012.TEMP.ANOMOLY.0.75+,Global Temperature Anomaly for 2012 (Jan-Dec) to be 0.75 or more,2012-06-06,,,,9.0,1,0,9.0,9.0
751682,2012.TEMP.ANOMOLY.0.75+,Global Temperature Anomaly for 2012 (Jan-Dec) to be 0.75 or more,2012-06-07,,,,9.0,1,0,9.0,9.0
751682,2012.TEMP.ANOMOLY.0.75+,Global Temperature Anomaly for 2012 (Jan-Dec) to be 0.75 or more,2012-06-08,,,,9.0,1,0,9.0,9.0
751682,2012.TEMP.ANOMOLY.0.75+,Global Temperature Anomaly for 2012 (Jan-Dec) to be 0.75 or more,2012-06-09,,,,9.0,1,0,9.0,9.0
751682,2012.TEMP.ANOMOLY.0.75+,Global Temperature Anomaly for 2012 (Jan-Dec) to be 0.75 or more,2012-06-10,,,,9.0,1,0,9.0,9.0
751682,2012.TEMP.ANOMOLY.0.75+,Global Temperature Anomaly for 2012 (Jan-Dec) to be 0.75 or more,2012-06-11,,,,9.0,1,0,9.0,9.0
751682,2012.TEMP.ANOMOLY.0.75+,Global Temperature Anomaly for 2012 (Jan-Dec) to be 0.75 or more,2012-06-12,,,,9.0,1,0,9.0,9.0
751682,2012.TEMP.ANOMOLY.0.75+,Global Temperature Anomaly for 2012 (Jan-Dec) to be 0.75 or more,2012-06-13,,,,9.0,1,0,9.0,9.0
751682,2012.TEMP.ANOMOLY.0.75+,Global Temperature Anomaly for 2012 (Jan-Dec) to be 0.75 or more,2012-06-14,,,,9.0,1,0,9.0,9.0
751682,2012.TEMP.ANOMOLY.0.75+,Global Temperature Anomaly for 2012 (Jan-Dec) to be 0.75 or more,2012-06-15,,,,9.0,1,0,9.0,9.0
751682,2012.TEMP.ANOMOLY.0.75+,Global Temperature Anomaly for 2012 (Jan-Dec) to be 0.75 or more,2012-06-16,,,,9.0,1,0,9.0,9.0
751682,2012.TEMP.ANOMOLY.0.75+,Global Temperature Anomaly for 2012 (Jan-Dec) to be 0.75 or more,2012-06-17,,,,9.0,1,0,9.0,9.0
751682,2012.TEMP.ANOMOLY.0.75+,Global Temperature Anomaly for 2012 (Jan-Dec) to be 0.75 or more,2012-06-18,,,,9.0,1,0,9.0,9.0
751682,2012.TEMP.ANOMOLY.0.75+,Global Temperature Anomaly for 2012 (Jan-Dec) to be 0.75 or more,2012-06-19,,,,9.0,1,0,9.0,9.0
751682,2012.TEMP.ANOMOLY.0.75+,Global Temperature Anomaly for 2012 (Jan-Dec) to be 0.75 or more,2012-06-20,,,,9.0,1,0,9.0,9.0
751682,2012.TEMP.ANOMOLY.0.75+,Global Temperature Anomaly for 2012 (Jan-Dec) to be 0.75 or more,2012-06-21,,,,9.0,1,0,9.0,9.0
751682,2012.TEMP.ANOMOLY.0.75+,Global Temperature Anomaly for 2012 (Jan-Dec) to be 0.75 or more,2012-06-22,,,,9.0,1,0,9.0,9.0
751682,2012.TEMP.ANOMOLY.0.75+,Global Temperature Anomaly for 2012 (Jan-Dec) to be 0.75 or more,2012-06-23,,,,9.0,1,0,9.0,9.0
751682,2012.TEMP.ANOMOLY.0.75+,Global Temperature Anomaly for 2012 (Jan-Dec) to be 0.75 or more,2012-06-24,,,,9.0,1,0,9.0,9.0
751682,2012.TEMP.ANOMOLY.0.75+,Global Temperature Anomaly for 2012 (Jan-Dec) to be 0.75 or more,2012-06-25,,,,9.0,1,0,9.0,9.0
751682,2012.TEMP.ANOMOLY.0.75+,Global Temperature Anomaly for 2012 (Jan-Dec) to be 0.75 or more,2012-06-26,,,,9.0,1,0,9.0,9.0
751682,2012.TEMP.ANOMOLY.0.75+,Global Temperature Anomaly for 2012 (Jan-Dec) to be 0.75 or more,2012-06-27,,,,9.0,1,0,9.0,9.0
751682,2012.TEMP.ANOMOLY.0.75+,Global Temperature Anomaly for 2012 (Jan-Dec) to be 0.75 or more,2012-06-28,,,,9.0,1,0,9.0,9.0
751682,2012.TEMP.ANOMOLY.0.75+,Global Temperature Anomaly for 2012 (Jan-Dec) to be 0.75 or more,2012-06-29,,,,9.0,1,0,9.0,9.0
751682,2012.TEMP.ANOMOLY.0.75+,Global Temperature Anomaly for 2012 (Jan-Dec) to be 0.75 or more,2012-06-30,,,,9.0,1,0,9.0,9.0
751682,2012.TEMP.ANOMOLY.0.75+,Global Temperature Anomaly for 2012 (Jan-Dec) to be 0.75 or more,2012-07-01,,,,9.0,1,0,9.0,9.0
751682,2012.TEMP.ANOMOLY.0.75+,Global Temperature Anomaly for 2012 (Jan-Dec) to be 0.75 or more,2012-07-02,,,,9.0,1,0,9.0,9.0
751682,2012.TEMP.ANOMOLY.0.75+,Global Temperature Anomaly for 2012 (Jan-Dec) to be 0.75 or more,2012-07-03,,,,9.0,1,0,9.0,9.0
751682,2012.TEMP.ANOMOLY.0.75+,Global Temperature Anomaly for 2012 (Jan-Dec) to be 0.75 or more,2012-07-04,,,,9.0,1,0,9.0,9.0
751682,2012.TEMP.ANOMOLY.0.75+,Global Temperature Anomaly for 2012 (Jan-Dec) to be 0.75 or more,2012-07-05,,,,9.0,1,0,9.0,9.0
751682,2012.TEMP.ANOMOLY.0.75+,Global Temperature Anomaly for 2012 (Jan-Dec) to be 0.75 or more,2012-07-06,,,,9.0,1,0,9.0,9.0
751682,2012.TEMP.ANOMOLY.0.75+,Global Temperature Anomaly for 2012 (Jan-Dec) to be 0.75 or more,2012-07-07,,,,9.0,1,0,9.0,9.0
751682,2012.TEMP.ANOMOLY.0.75+,Global Temperature Anomaly for 2012 (Jan-Dec) to be 0.75 or more,2012-07-08,,,,9.0,1,0,9.0,9.0
751682,2012.TEMP.ANOMOLY.0.75+,Global Temperature Anomaly for 2012 (Jan-Dec) to be 0.75 or more,2012-07-09,,,,9.0,1,0,9.0,9.0
751682,2012.TEMP.ANOMOLY.0.75+,Global Temperature Anomaly for 2012 (Jan-Dec) to be 0.75 or more,2012-07-10,,,,9.0,1,0,9.0,9.0
751682,2012.TEMP.ANOMOLY.0.75+,Global Temperature Anomaly for 2012 (Jan-Dec) to be 0.75 or more,2012-07-11,,,,9.0,1,0,9.0,9.0
751682,2012.TEMP.ANOMOLY.0.75+,Global Temperature Anomaly for 2012 (Jan-Dec) to be 0.75 or more,2012-07-12,,,,9.0,1,0,9.0,9.0
751682,2012.TEMP.ANOMOLY.0.75+,Global Temperature Anomaly for 2012 (Jan-Dec) to be 0.75 or more,2012-07-13,,,,9.0,1,0,9.0,9.0
751682,2012.TEMP.ANOMOLY.0.75+,Global Temperature Anomaly for 2012 (Jan-Dec) to be 0.75 or more,2012-07-14,,,,9.0,1,0,9.0,9.0
751682,2012.TEMP.ANOMOLY.0.75+,Global Temperature Anomaly for 2012 (Jan-Dec) to be 0.75 or more,2012-07-15,,,,9.0,1,0,9.0,9.0
751682,2012.TEMP.ANOMOLY.0.75+,Global Temperature Anomaly for 2012 (Jan-Dec) to be 0.75 or more,2012-07-16,,,,9.0,1,0,9.0,9.0
751682,2012.TEMP.ANOMOLY.0.75+,Global Temperature Anomaly for 2012 (Jan-Dec) to be 0.75 or more,2012-07-17,,,,9.0,1,0,9.0,9.0
751682,2012.TEMP.ANOMOLY.0.75+,Global Temperature Anomaly for 2012 (Jan-Dec) to be 0.75 or more,2012-07-18,,,,9.0,1,0,9.0,9.0
751682,2012.TEMP.ANOMOLY.0.75+,Global Temperature Anomaly for 2012 (Jan-Dec) to be 0.75 or more,2012-07-19,,,,9.0,1,0,9.0,9.0
751682,2012.TEMP.ANOMOLY.0.75+,Global Temperature Anomaly for 2012 (Jan-Dec) to be 0.75 or more,2012-07-20,,,,9.0,1,0,9.0,9.0
751682,2012.TEMP.ANOMOLY.0.75+,Global Temperature Anomaly for 2012 (Jan-Dec) to be 0.75 or more,2012-07-21,,,,9.0,1,0,9.0,9.0
751682,2012.TEMP.ANOMOLY.0.75+,Global Temperature Anomaly for 2012 (Jan-Dec) to be 0.75 or more,2012-07-22,,,,9.0,1,0,9.0,9.0
751682,2012.TEMP.ANOMOLY.0.75+,Global Temperature Anomaly for 2012 (Jan-Dec) to be 0.75 or more,2012-07-23,,,,9.0,1,0,9.0,9.0
751682,2012.TEMP.ANOMOLY.0.75+,Global Temperature Anomaly for 2012 (Jan-Dec) to be 0.75 or more,2012-07-24,,,,9.0,1,0,9.0,9.0
751682,2012.TEMP.ANOMOLY.0.75+,Global Temperature Anomaly for 2012 (Jan-Dec) to be 0.75 or more,2012-07-25,,,,9.0,1,0,9.0,9.0
751682,2012.TEMP.ANOMOLY.0.75+,Global Temperature Anomaly for 2012 (Jan-Dec) to be 0.75 or more,2012-07-26,,,,9.0,1,0,9.0,9.0
751682,2012.TEMP.ANOMOLY.0.75+,Global Temperature Anomaly for 2012 (Jan-Dec) to be 0.75 or more,2012-07-27,,,,9.0,1,0,9.0,9.0
751682,2012.TEMP.ANOMOLY.0.75+,Global Temperature Anomaly for 2012 (Jan-Dec) to be 0.75 or more,2012-07-28,,,,9.0,1,0,9.0,9.0
751682,2012.TEMP.ANOMOLY.0.75+,Global Temperature Anomaly for 2012 (Jan-Dec) to be 0.75 or more,2012-07-29,,,,9.0,1,0,9.0,9.0
751682,2012.TEMP.ANOMOLY.0.75+,Global Temperature Anomaly for 2012 (Jan-Dec) to be 0.75 or more,2012-07-30,,,,9.0,1,0,9.0,9.0
751682,2012.TEMP.ANOMOLY.0.75+,Global Temperature Anomaly for 2012 (Jan-Dec) to be 0.75 or more,2012-07-31,,,,9.0,1,0,9.0,9.0
751682,2012.TEMP.ANOMOLY.0.75+,Global Temperature Anomaly for 2012 (Jan-Dec) to be 0.75 or more,2012-08-01,,,,9.0,1,0,9.0,9.0
751682,2012.TEMP.ANOMOLY.0.75+,Global Temperature Anomaly for 2012 (Jan-Dec) to be 0.75 or more,2012-08-02,,,,9.0,1,0,9.0,9.0
751682,2012.TEMP.ANOMOLY.0.75+,Global Temperature Anomaly for 2012 (Jan-Dec) to be 0.75 or more,2012-08-03,,,,9.0,1,0,9.0,9.0
751682,2012.TEMP.ANOMOLY.0.75+,Global Temperature Anomaly for 2012 (Jan-Dec) to be 0.75 or more,2012-08-04,,,,9.0,1,0,9.0,9.0
751682,2012.TEMP.ANOMOLY.0.75+,Global Temperature Anomaly for 2012 (Jan-Dec) to be 0.75 or more,2012-08-05,,,,9.0,1,0,9.0,9.0
751682,2012.TEMP.ANOMOLY.0.75+,Global Temperature Anomaly for 2012 (Jan-Dec) to be 0.75 or more,2012-08-06,,,,9.0,1,0,9.0,9.0
751682,2012.TEMP.ANOMOLY.0.75+,Global Temperature Anomaly for 2012 (Jan-Dec) to be 0.75 or more,2012-08-07,,,,9.0,1,0,9.0,9.0
751682,2012.TEMP.ANOMOLY.0.75+,Global Temperature Anomaly for 2012 (Jan-Dec) to be 0.75 or more,2012-08-08,,,,9.0,1,0,9.0,9.0
751682,2012.TEMP.ANOMOLY.0.75+,Global Temperature Anomaly for 2012 (Jan-Dec) to be 0.75 or more,2012-08-09,,,,9.0,1,0,9.0,9.0
751682,2012.TEMP.ANOMOLY.0.75+,Global Temperature Anomaly for 2012 (Jan-Dec) to be 0.75 or more,2012-08-10,,,,9.0,1,0,9.0,9.0
751682,2012.TEMP.ANOMOLY.0.75+,Global Temperature Anomaly for 2012 (Jan-Dec) to be 0.75 or more,2012-08-11,,,,9.0,1,0,9.0,9.0
751682,2012.TEMP.ANOMOLY.0.75+,Global Temperature Anomaly for 2012 (Jan-Dec) to be 0.75 or more,2012-08-12,,,,9.0,1,0,9.0,9.0
751682,2012.TEMP.ANOMOLY.0.75+,Global Temperature Anomaly for 2012 (Jan-Dec) to be 0.75 or more,2012-08-13,,,,9.0,1,0,9.0,9.0
751682,2012.TEMP.ANOMOLY.0.75+,Global Temperature Anomaly for 2012 (Jan-Dec) to be 0.75 or more,2012-08-14,,,,9.0,1,0,9.0,9.0
751682,2012.TEMP.ANOMOLY.0.75+,Global Temperature Anomaly for 2012 (Jan-Dec) to be 0.75 or more,2012-08-15,,,,9.0,1,0,9.0,9.0
751682,2012.TEMP.ANOMOLY.0.75+,Global Temperature Anomaly for 2012 (Jan-Dec) to be 0.75 or more,2012-08-16,,,,9.0,1,0,9.0,9.0
751682,2012.TEMP.ANOMOLY.0.75+,Global Temperature Anomaly for 2012 (Jan-Dec) to be 0.75 or more,2012-08-17,,,,9.0,1,0,9.0,9.0
751682,2012.TEMP.ANOMOLY.0.75+,Global Temperature Anomaly for 2012 (Jan-Dec) to be 0.75 or more,2012-08-18,,,,9.0,1,0,9.0,9.0
751682,2012.TEMP.ANOMOLY.0.75+,Global Temperature Anomaly for 2012 (Jan-Dec) to be 0.75 or more,2012-08-19,,,,9.0,1,0,9.0,9.0
751682,2012.TEMP.ANOMOLY.0.75+,Global Temperature Anomaly for 2012 (Jan-Dec) to be 0.75 or more,2012-08-20,,,,9.0,1,0,9.0,9.0
751682,2012.TEMP.ANOMOLY.0.75+,Global Temperature Anomaly for 2012 (Jan-Dec) to be 0.75 or more,2012-08-21,,,,9.0,1,0,9.0,9.0
751682,2012.TEMP.ANOMOLY.0.75+,Global Temperature Anomaly for 2012 (Jan-Dec) to be 0.75 or more,2012-08-22,,,,9.0,1,0,9.0,9.0
751682,2012.TEMP.ANOMOLY.0.75+,Global Temperature Anomaly for 2012 (Jan-Dec) to be 0.75 or more,2012-08-23,,,,9.0,1,0,9.0,9.0
751682,2012.TEMP.ANOMOLY.0.75+,Global Temperature Anomaly for 2012 (Jan-Dec) to be 0.75 or more,2012-08-24,,,,9.0,1,0,9.0,9.0
751682,2012.TEMP.ANOMOLY.0.75+,Global Temperature Anomaly for 2012 (Jan-Dec) to be 0.75 or more,2012-08-25,,,,9.0,1,0,9.0,9.0
751682,2012.TEMP.ANOMOLY.0.75+,Global Temperature Anomaly for 2012 (Jan-Dec) to be 0.75 or more,2012-08-26,,,,9.0,1,0,9.0,9.0
751682,2012.TEMP.ANOMOLY.0.75+,Global Temperature Anomaly for 2012 (Jan-Dec) to be 0.75 or more,2012-08-27,,,,9.0,1,0,9.0,9.0
751682,2012.TEMP.ANOMOLY.0.75+,Global Temperature Anomaly for 2012 (Jan-Dec) to be 0.75 or more,2012-08-28,,,,9.0,1,0,9.0,9.0
751682,2012.TEMP.ANOMOLY.0.75+,Global Temperature Anomaly for 2012 (Jan-Dec) to be 0.75 or more,2012-08-29,,,,9.0,1,0,9.0,9.0
751682,2012.TEMP.ANOMOLY.0.75+,Global Temperature Anomaly for 2012 (Jan-Dec) to be 0.75 or more,2012-08-30,,,,9.0,1,0,9.0,9.0
751682,2012.TEMP.ANOMOLY.0.75+,Global Temperature Anomaly for 2012 (Jan-Dec) to be 0.75 or more,2012-08-31,,,,9.0,1,0,9.0,9.0
751682,2012.TEMP.ANOMOLY.0.75+,Global Temperature Anomaly for 2012 (Jan-Dec) to be 0.75 or more,2012-09-01,,,,9.0,1,0,9.0,9.0
751682,2012.TEMP.ANOMOLY.0.75+,Global Temperature Anomaly for 2012 (Jan-Dec) to be 0.75 or more,2012-09-02,,,,9.0,1,0,9.0,9.0
751682,2012.TEMP.ANOMOLY.0.75+,Global Temperature Anomaly for 2012 (Jan-Dec) to be 0.75 or more,2012-09-03,,,,9.0,1,0,9.0,9.0
751682,2012.TEMP.ANOMOLY.0.75+,Global Temperature Anomaly for 2012 (Jan-Dec) to be 0.75 or more,2012-09-04,,,,9.0,1,0,9.0,9.0
751682,2012.TEMP.ANOMOLY.0.75+,Global Temperature Anomaly for 2012 (Jan-Dec) to be 0.75 or more,2012-09-05,,,,9.0,1,0,9.0,9.0
751682,2012.TEMP.ANOMOLY.0.75+,Global Temperature Anomaly for 2012 (Jan-Dec) to be 0.75 or more,2012-09-06,,,,9.0,1,0,9.0,9.0
751682,2012.TEMP.ANOMOLY.0.75+,Global Temperature Anomaly for 2012 (Jan-Dec) to be 0.75 or more,2012-09-07,,,,9.0,1,0,9.0,9.0
751682,2012.TEMP.ANOMOLY.0.75+,Global Temperature Anomaly for 2012 (Jan-Dec) to be 0.75 or more,2012-09-08,,,,9.0,1,0,9.0,9.0
751682,2012.TEMP.ANOMOLY.0.75+,Global Temperature Anomaly for 2012 (Jan-Dec) to be 0.75 or more,2012-09-09,,,,9.0,1,0,9.0,9.0
751682,2012.TEMP.ANOMOLY.0.75+,Global Temperature Anomaly for 2012 (Jan-Dec) to be 0.75 or more,2012-09-10,,,,9.0,1,0,9.0,9.0
751682,2012.TEMP.ANOMOLY.0.75+,Global Temperature Anomaly for 2012 (Jan-Dec) to be 0.75 or more,2012-09-11,,,,9.0,1,0,9.0,9.0
751682,2012.TEMP.ANOMOLY.0.75+,Global Temperature Anomaly for 2012 (Jan-Dec) to be 0.75 or more,2012-09-12,,,,9.0,1,0,9.0,9.0
751682,2012.TEMP.ANOMOLY.0.75+,Global Temperature Anomaly for 2012 (Jan-Dec) to be 0.75 or more,2012-09-13,,,,9.0,1,0,9.0,9.0
751682,2012.TEMP.ANOMOLY.0.75+,Global Temperature Anomaly for 2012 (Jan-Dec) to be 0.75 or more,2012-09-14,,,,9.0,1,0,9.0,9.0
751682,2012.TEMP.ANOMOLY.0.75+,Global Temperature Anomaly for 2012 (Jan-Dec) to be 0.75 or more,2012-09-15,,,,9.0,1,0,9.0,9.0
751682,2012.TEMP.ANOMOLY.0.75+,Global Temperature Anomaly for 2012 (Jan-Dec) to be 0.75 or more,2012-09-16,,,,9.0,1,0,9.0,9.0
751682,2012.TEMP.ANOMOLY.0.75+,Global Temperature Anomaly for 2012 (Jan-Dec) to be 0.75 or more,2012-09-17,,,,9.0,1,0,9.0,9.0
751682,2012.TEMP.ANOMOLY.0.75+,Global Temperature Anomaly for 2012 (Jan-Dec) to be 0.75 or more,2012-09-18,,,,9.0,1,0,9.0,9.0
751682,2012.TEMP.ANOMOLY.0.75+,Global Temperature Anomaly for 2012 (Jan-Dec) to be 0.75 or more,2012-09-19,,,,9.0,1,0,9.0,9.0
751682,2012.TEMP.ANOMOLY.0.75+,Global Temperature Anomaly for 2012 (Jan-Dec) to be 0.75 or more,2012-09-20,,,,9.0,1,0,9.0,9.0
751682,2012.TEMP.ANOMOLY.0.75+,Global Temperature Anomaly for 2012 (Jan-Dec) to be 0.75 or more,2012-09-21,,,,9.0,1,0,9.0,9.0
751682,2012.TEMP.ANOMOLY.0.75+,Global Temperature Anomaly for 2012 (Jan-Dec) to be 0.75 or more,2012-09-22,,,,9.0,1,0,9.0,9.0
751682,2012.TEMP.ANOMOLY.0.75+,Global Temperature Anomaly for 2012 (Jan-Dec) to be 0.75 or more,2012-09-23,,,,9.0,1,0,9.0,9.0
751682,2012.TEMP.ANOMOLY.0.75+,Global Temperature Anomaly for 2012 (Jan-Dec) to be 0.75 or more,2012-09-24,,,,9.0,1,0,9.0,9.0
751682,2012.TEMP.ANOMOLY.0.75+,Global Temperature Anomaly for 2012 (Jan-Dec) to be 0.75 or more,2012-09-25,,,,9.0,1,0,9.0,9.0
751682,2012.TEMP.ANOMOLY.0.75+,Global Temperature Anomaly for 2012 (Jan-Dec) to be 0.75 or more,2012-09-26,,,,9.0,1,0,9.0,9.0
751682,2012.TEMP.ANOMOLY.0.75+,Global Temperature Anomaly for 2012 (Jan-Dec) to be 0.75 or more,2012-09-27,,,,9.0,1,0,9.0,9.0
751682,2012.TEMP.ANOMOLY.0.75+,Global Temperature Anomaly for 2012 (Jan-Dec) to be 0.75 or more,2012-09-28,,,,9.0,1,0,9.0,9.0
751682,2012.TEMP.ANOMOLY.0.75+,Global Temperature Anomaly for 2012 (Jan-Dec) to be 0.75 or more,2012-09-29,,,,9.0,1,0,9.0,9.0
751682,2012.TEMP.ANOMOLY.0.75+,Global Temperature Anomaly for 2012 (Jan-Dec) to be 0.75 or more,2012-09-30,,,,9.0,1,0,9.0,9.0
751682,2012.TEMP.ANOMOLY.0.75+,Global Temperature Anomaly for 2012 (Jan-Dec) to be 0.75 or more,2012-10-01,,,,9.0,1,0,9.0,9.0
751682,2012.TEMP.ANOMOLY.0.75+,Global Temperature Anomaly for 2012 (Jan-Dec) to be 0.75 or more,2012-10-02,,,,9.0,1,0,9.0,9.0
751682,2012.TEMP.ANOMOLY.0.75+,Global Temperature Anomaly for 2012 (Jan-Dec) to be 0.75 or more,2012-10-03,,,,9.0,1,0,9.0,9.0
751682,2012.TEMP.ANOMOLY.0.75+,Global Temperature Anomaly for 2012 (Jan-Dec) to be 0.75 or more,2012-10-04,,,,9.0,1,0,9.0,9.0
751682,2012.TEMP.ANOMOLY.0.75+,Global Temperature Anomaly for 2012 (Jan-Dec) to be 0.75 or more,2012-10-05,,,,9.0,1,0,9.0,9.0
751682,2012.TEMP.ANOMOLY.0.75+,Global Temperature Anomaly for 2012 (Jan-Dec) to be 0.75 or more,2012-10-06,,,,9.0,1,0,9.0,9.0
751682,2012.TEMP.ANOMOLY.0.75+,Global Temperature Anomaly for 2012 (Jan-Dec) to be 0.75 or more,2012-10-07,,,,9.0,1,0,9.0,9.0
751682,2012.TEMP.ANOMOLY.0.75+,Global Temperature Anomaly for 2012 (Jan-Dec) to be 0.75 or more,2012-10-08,,,,9.0,1,0,9.0,9.0
751682,2012.TEMP.ANOMOLY.0.75+,Global Temperature Anomaly for 2012 (Jan-Dec) to be 0.75 or more,2012-10-09,,,,9.0,1,0,9.0,9.0
751682,2012.TEMP.ANOMOLY.0.75+,Global Temperature Anomaly for 2012 (Jan-Dec) to be 0.75 or more,2012-10-10,,,,9.0,1,0,9.0,9.0
751682,2012.TEMP.ANOMOLY.0.75+,Global Temperature Anomaly for 2012 (Jan-Dec) to be 0.75 or more,2012-10-11,,,,9.0,1,0,9.0,9.0
751682,2012.TEMP.ANOMOLY.0.75+,Global Temperature Anomaly for 2012 (Jan-Dec) to be 0.75 or more,2012-10-12,,,,9.0,1,0,9.0,9.0
751682,2012.TEMP.ANOMOLY.0.75+,Global Temperature Anomaly for 2012 (Jan-Dec) to be 0.75 or more,2012-10-13,,,,9.0,1,0,9.0,9.0
751682,2012.TEMP.ANOMOLY.0.75+,Global Temperature Anomaly for 2012 (Jan-Dec) to be 0.75 or more,2012-10-14,,,,9.0,1,0,9.0,9.0
751682,2012.TEMP.ANOMOLY.0.75+,Global Temperature Anomaly for 2012 (Jan-Dec) to be 0.75 or more,2012-10-15,,,,9.0,1,0,9.0,9.0
751682,2012.TEMP.ANOMOLY.0.75+,Global Temperature Anomaly for 2012 (Jan-Dec) to be 0.75 or more,2012-10-16,,,,9.0,1,0,9.0,9.0
751682,2012.TEMP.ANOMOLY.0.75+,Global Temperature Anomaly for 2012 (Jan-Dec) to be 0.75 or more,2012-10-17,,,,9.0,1,0,9.0,9.0
751682,2012.TEMP.ANOMOLY.0.75+,Global Temperature Anomaly for 2012 (Jan-Dec) to be 0.75 or more,2012-10-18,,,,9.0,1,0,9.0,9.0
751682,2012.TEMP.ANOMOLY.0.75+,Global Temperature Anomaly for 2012 (Jan-Dec) to be 0.75 or more,2012-10-19,,,,9.0,1,0,9.0,9.0
751682,2012.TEMP.ANOMOLY.0.75+,Global Temperature Anomaly for 2012 (Jan-Dec) to be 0.75 or more,2012-10-20,,,,9.0,1,0,9.0,9.0
751682,2012.TEMP.ANOMOLY.0.75+,Global Temperature Anomaly for 2012 (Jan-Dec) to be 0.75 or more,2012-10-21,,,,9.0,1,0,9.0,9.0
751682,2012.TEMP.ANOMOLY.0.75+,Global Temperature Anomaly for 2012 (Jan-Dec) to be 0.75 or more,2012-10-22,,,,9.0,1,0,9.0,9.0
751682,2012.TEMP.ANOMOLY.0.75+,Global Temperature Anomaly for 2012 (Jan-Dec) to be 0.75 or more,2012-10-23,,,,9.0,1,0,9.0,9.0
751682,2012.TEMP.ANOMOLY.0.75+,Global Temperature Anomaly for 2012 (Jan-Dec) to be 0.75 or more,2012-10-24,,,,9.0,1,0,9.0,9.0
751682,2012.TEMP.ANOMOLY.0.75+,Global Temperature Anomaly for 2012 (Jan-Dec) to be 0.75 or more,2012-10-25,,,,9.0,1,0,9.0,9.0
751682,2012.TEMP.ANOMOLY.0.75+,Global Temperature Anomaly for 2012 (Jan-Dec) to be 0.75 or more,2012-10-26,,,,9.0,1,0,9.0,9.0
751682,2012.TEMP.ANOMOLY.0.75+,Global Temperature Anomaly for 2012 (Jan-Dec) to be 0.75 or more,2012-10-27,,,,9.0,1,0,9.0,9.0
751682,2012.TEMP.ANOMOLY.0.75+,Global Temperature Anomaly for 2012 (Jan-Dec) to be 0.75 or more,2012-10-28,,,,9.0,1,0,9.0,9.0
751682,2012.TEMP.ANOMOLY.0.75+,Global Temperature Anomaly for 2012 (Jan-Dec) to be 0.75 or more,2012-10-29,,,,9.0,1,0,9.0,9.0
751682,2012.TEMP.ANOMOLY.0.75+,Global Temperature Anomaly for 2012 (Jan-Dec) to be 0.75 or more,2012-10-30,,,,9.0,1,0,9.0,9.0
751682,2012.TEMP.ANOMOLY.0.75+,Global Temperature Anomaly for 2012 (Jan-Dec) to be 0.75 or more,2012-10-31,,,,9.0,1,0,9.0,9.0
751682,2012.TEMP.ANOMOLY.0.75+,Global Temperature Anomaly for 2012 (Jan-Dec) to be 0.75 or more,2012-11-01,,,,9.0,1,0,9.0,9.0
751682,2012.TEMP.ANOMOLY.0.75+,Global Temperature Anomaly for 2012 (Jan-Dec) to be 0.75 or more,2012-11-02,,,,9.0,1,0,9.0,9.0
751682,2012.TEMP.ANOMOLY.0.75+,Global Temperature Anomaly for 2012 (Jan-Dec) to be 0.75 or more,2012-11-03,,,,9.0,1,0,9.0,9.0
751682,2012.TEMP.ANOMOLY.0.75+,Global Temperature Anomaly for 2012 (Jan-Dec) to be 0.75 or more,2012-11-04,,,,9.0,1,0,9.0,9.0
751682,2012.TEMP.ANOMOLY.0.75+,Global Temperature Anomaly for 2012 (Jan-Dec) to be 0.75 or more,2012-11-05,,,,9.0,1,0,9.0,9.0
751682,2012.TEMP.ANOMOLY.0.75+,Global Temperature Anomaly for 2012 (Jan-Dec) to be 0.75 or more,2012-11-06,,,,9.0,1,0,9.0,9.0
751682,2012.TEMP.ANOMOLY.0.75+,Global Temperature Anomaly for 2012 (Jan-Dec) to be 0.75 or more,2012-11-07,,,,9.0,1,0,9.0,9.0
751682,2012.TEMP.ANOMOLY.0.75+,Global Temperature Anomaly for 2012 (Jan-Dec) to be 0.75 or more,2012-11-08,,,,9.0,1,0,9.0,9.0
751682,2012.TEMP.ANOMOLY.0.75+,Global Temperature Anomaly for 2012 (Jan-Dec) to be 0.75 or more,2012-11-09,,,,9.0,1,0,9.0,9.0
751682,2012.TEMP.ANOMOLY.0.75+,Global Temperature Anomaly for 2012 (Jan-Dec) to be 0.75 or more,2012-11-10,,,,9.0,1,0,9.0,9.0
751682,2012.TEMP.ANOMOLY.0.75+,Global Temperature Anomaly for 2012 (Jan-Dec) to be 0.75 or more,2012-11-11,,,,9.0,1,0,9.0,9.0
751682,2012.TEMP.ANOMOLY.0.75+,Global Temperature Anomaly for 2012 (Jan-Dec) to be 0.75 or more,2012-11-12,,,,9.0,1,0,9.0,9.0
751682,2012.TEMP.ANOMOLY.0.75+,Global Temperature Anomaly for 2012 (Jan-Dec) to be 0.75 or more,2012-11-13,,,,9.0,1,0,9.0,9.0
751682,2012.TEMP.ANOMOLY.0.75+,Global Temperature Anomaly for 2012 (Jan-Dec) to be 0.75 or more,2012-11-14,,,,9.0,1,0,9.0,9.0
751682,2012.TEMP.ANOMOLY.0.75+,Global Temperature Anomaly for 2012 (Jan-Dec) to be 0.75 or more,2012-11-15,,,,9.0,1,0,9.0,9.0
751682,2012.TEMP.ANOMOLY.0.75+,Global Temperature Anomaly for 2012 (Jan-Dec) to be 0.75 or more,2012-11-16,,,,9.0,1,0,9.0,9.0
751682,2012.TEMP.ANOMOLY.0.75+,Global Temperature Anomaly for 2012 (Jan-Dec) to be 0.75 or more,2012-11-17,,,,9.0,1,0,9.0,9.0
751682,2012.TEMP.ANOMOLY.0.75+,Global Temperature Anomaly for 2012 (Jan-Dec) to be 0.75 or more,2012-11-18,,,,9.0,1,0,9.0,9.0
751682,2012.TEMP.ANOMOLY.0.75+,Global Temperature Anomaly for 2012 (Jan-Dec) to be 0.75 or more,2012-11-19,,,,9.0,1,0,9.0,9.0
751682,2012.TEMP.ANOMOLY.0.75+,Global Temperature Anomaly for 2012 (Jan-Dec) to be 0.75 or more,2012-11-20,0.1,0.1,0.1,0.1,2,1,9.0,0.1
751682,2012.TEMP.ANOMOLY.0.75+,Global Temperature Anomaly for 2012 (Jan-Dec) to be 0.75 or more,2012-11-21,,,,0.1,2,0,9.0,0.1
751682,2012.TEMP.ANOMOLY.0.75+,Global Temperature Anomaly for 2012 (Jan-Dec) to be 0.75 or more,2012-11-22,,,,0.1,2,0,9.0,0.1
751682,2012.TEMP.ANOMOLY.0.75+,Global Temperature Anomaly for 2012 (Jan-Dec) to be 0.75 or more,2012-11-23,,,,0.1,2,0,9.0,0.1
751682,2012.TEMP.ANOMOLY.0.75+,Global Temperature Anomaly for 2012 (Jan-Dec) to be 0.75 or more,2012-11-24,,,,0.1,2,0,9.0,0.1
751682,2012.TEMP.ANOMOLY.0.75+,Global Temperature Anomaly for 2012 (Jan-Dec) to be 0.75 or more,2012-11-25,,,,0.1,2,0,9.0,0.1
751682,2012.TEMP.ANOMOLY.0.75+,Global Temperature Anomaly for 2012 (Jan-Dec) to be 0.75 or more,2012-11-26,,,,0.1,2,0,9.0,0.1
751682,2012.TEMP.ANOMOLY.0.75+,Global Temperature Anomaly for 2012 (Jan-Dec) to be 0.75 or more,2012-11-27,,,,0.1,2,0,9.0,0.1
751682,2012.TEMP.ANOMOLY.0.75+,Global Temperature Anomaly for 2012 (Jan-Dec) to be 0.75 or more,2012-11-28,,,,0.1,2,0,9.0,0.1
751682,2012.TEMP.ANOMOLY.0.75+,Global Temperature Anomaly for 2012 (Jan-Dec) to be 0.75 or more,2012-11-29,,,,0.1,2,0,9.0,0.1
751682,2012.TEMP.ANOMOLY.0.75+,Global Temperature Anomaly for 2012 (Jan-Dec) to be 0.75 or more,2012-11-30,,,,0.1,2,0,9.0,0.1
751682,2012.TEMP.ANOMOLY.0.75+,Global Temperature Anomaly for 2012 (Jan-Dec) to be 0.75 or more,2012-12-01,,,,0.1,2,0,9.0,0.1
751682,2012.TEMP.ANOMOLY.0.75+,Global Temperature Anomaly for 2012 (Jan-Dec) to be 0.75 or more,2012-12-02,,,,0.1,2,0,9.0,0.1
751682,2012.TEMP.ANOMOLY.0.75+,Global Temperature Anomaly for 2012 (Jan-Dec) to be 0.75 or more,2012-12-03,,,,0.1,2,0,9.0,0.1
751682,2012.TEMP.ANOMOLY.0.75+,Global Temperature Anomaly for 2012 (Jan-Dec) to be 0.75 or more,2012-12-04,,,,0.1,2,0,9.0,0.1
751682,2012.TEMP.ANOMOLY.0.75+,Global Temperature Anomaly for 2012 (Jan-Dec) to be 0.75 or more,2012-12-05,,,,0.1,2,0,9.0,0.1
751682,2012.TEMP.ANOMOLY.0.75+,Global Temperature Anomaly for 2012 (Jan-Dec) to be 0.75 or more,2012-12-06,,,,0.1,2,0,9.0,0.1
751682,2012.TEMP.ANOMOLY.0.75+,Global Temperature Anomaly for 2012 (Jan-Dec) to be 0.75 or more,2012-12-07,,,,0.1,2,0,9.0,0.1
751682,2012.TEMP.ANOMOLY.0.75+,Global Temperature Anomaly for 2012 (Jan-Dec) to be 0.75 or more,2012-12-08,,,,0.1,2,0,9.0,0.1
751682,2012.TEMP.ANOMOLY.0.75+,Global Temperature Anomaly for 2012 (Jan-Dec) to be 0.75 or more,2012-12-09,,,,0.1,2,0,9.0,0.1
751682,2012.TEMP.ANOMOLY.0.75+,Global Temperature Anomaly for 2012 (Jan-Dec) to be 0.75 or more,2012-12-10,,,,0.1,2,0,9.0,0.1
751682,2012.TEMP.ANOMOLY.0.75+,Global Temperature Anomaly for 2012 (Jan-Dec) to be 0.75 or more,2012-12-11,,,,0.1,2,0,9.0,0.1
751682,2012.TEMP.ANOMOLY.0.75+,Global Temperature Anomaly for 2012 (Jan-Dec) to be 0.75 or more,2012-12-12,,,,0.1,2,0,9.0,0.1
751682,2012.TEMP.ANOMOLY.0.75+,Global Temperature Anomaly for 2012 (Jan-Dec) to be 0.75 or more,2012-12-13,,,,0.1,2,0,9.0,0.1
751682,2012.TEMP.ANOMOLY.0.75+,Global Temperature Anomaly for 2012 (Jan-Dec) to be 0.75 or more,2012-12-14,,,,0.1,2,0,9.0,0.1
751682,2012.TEMP.ANOMOLY.0.75+,Global Temperature Anomaly for 2012 (Jan-Dec) to be 0.75 or more,2012-12-15,,,,0.1,2,0,9.0,0.1
751682,2012.TEMP.ANOMOLY.0.75+,Global Temperature Anomaly for 2012 (Jan-Dec) to be 0.75 or more,2012-12-16,,,,0.1,2,0,9.0,0.1
751682,2012.TEMP.ANOMOLY.0.75+,Global Temperature Anomaly for 2012 (Jan-Dec) to be 0.75 or more,2012-12-17,,,,0.1,2,0,9.0,0.1
751682,2012.TEMP.ANOMOLY.0.75+,Global Temperature Anomaly for 2012 (Jan-Dec) to be 0.75 or more,2012-12-18,,,,0.1,2,0,9.0,0.1
751682,2012.TEMP.ANOMOLY.0.75+,Global Temperature Anomaly for 2012 (Jan-Dec) to be 0.75 or more,2012-12-19,,,,0.1,2,0,9.0,0.1
751682,2012.TEMP.ANOMOLY.0.75+,Global Temperature Anomaly for 2012 (Jan-Dec) to be 0.75 or more,2012-12-20,,,,0.1,2,0,9.0,0.1
751682,2012.TEMP.ANOMOLY.0.75+,Global Temperature Anomaly for 2012 (Jan-Dec) to be 0.75 or more,2012-12-21,,,,0.1,2,0,9.0,0.1
751682,2012.TEMP.ANOMOLY.0.75+,Global Temperature Anomaly for 2012 (Jan-Dec) to be 0.75 or more,2012-12-22,,,,0.1,2,0,9.0,0.1
751682,2012.TEMP.ANOMOLY.0.75+,Global Temperature Anomaly for 2012 (Jan-Dec) to be 0.75 or more,2012-12-23,0.1,0.1,0.1,0.1,0,4,9.0,0.1
751682,2012.TEMP.ANOMOLY.0.75+,Global Temperature Anomaly for 2012 (Jan-Dec) to be 0.75 or more,2012-12-24,,,,0.1,0,0,9.0,0.1
751682,2012.TEMP.ANOMOLY.0.75+,Global Temperature Anomaly for 2012 (Jan-Dec) to be 0.75 or more,2012-12-25,,,,0.1,0,0,9.0,0.1
751682,2012.TEMP.ANOMOLY.0.75+,Global Temperature Anomaly for 2012 (Jan-Dec) to be 0.75 or more,2012-12-26,,,,0.1,0,0,9.0,0.1
751682,2012.TEMP.ANOMOLY.0.75+,Global Temperature Anomaly for 2012 (Jan-Dec) to be 0.75 or more,2012-12-27,,,,0.1,0,0,9.0,0.1
751682,2012.TEMP.ANOMOLY.0.75+,Global Temperature Anomaly for 2012 (Jan-Dec) to be 0.75 or more,2012-12-28,,,,0.1,0,0,9.0,0.1
751682,2012.TEMP.ANOMOLY.0.75+,Global Temperature Anomaly for 2012 (Jan-Dec) to be 0.75 or more,2012-12-29,,,,0.1,0,0,9.0,0.1
751682,2012.TEMP.ANOMOLY.0.75+,Global Temperature Anomaly for 2012 (Jan-Dec) to be 0.75 or more,2012-12-30,,,,0.1,0,0,9.0,0.1
751682,2012.TEMP.ANOMOLY.0.75+,Global Temperature Anomaly for 2012 (Jan-Dec) to be 0.75 or more,2012-12-31,,,,0.1,0,0,9.0,0.1
751682,2012.TEMP.ANOMOLY.0.75+,Global Temperature Anomaly for 2012 (Jan-Dec) to be 0.75 or more,2013-01-01,,,,0.1,0,0,9.0,0.1
751682,2012.TEMP.ANOMOLY.0.75+,Global Temperature Anomaly for 2012 (Jan-Dec) to be 0.75 or more,2013-01-02,,,,0.1,0,0,9.0,0.1
751682,2012.TEMP.ANOMOLY.0.75+,Global Temperature Anomaly for 2012 (Jan-Dec) to be 0.75 or more,2013-01-03,,,,0.1,0,0,9.0,0.1
751682,2012.TEMP.ANOMOLY.0.75+,Global Temperature Anomaly for 2012 (Jan-Dec) to be 0.75 or more,2013-01-04,,,,0.1,0,0,9.0,0.1
751682,2012.TEMP.ANOMOLY.0.75+,Global Temperature Anomaly for 2012 (Jan-Dec) to be 0.75 or more,2013-01-05,,,,0.1,0,0,9.0,0.1
751682,2012.TEMP.ANOMOLY.0.75+,Global Temperature Anomaly for 2012 (Jan-Dec) to be 0.75 or more,2013-01-06,,,,0.1,0,0,9.0,0.1
751682,2012.TEMP.ANOMOLY.0.75+,Global Temperature Anomaly for 2012 (Jan-Dec) to be 0.75 or more,2013-01-07,,,,0.1,0,0,9.0,0.1
751682,2012.TEMP.ANOMOLY.0.75+,Global Temperature Anomaly for 2012 (Jan-Dec) to be 0.75 or more,2013-01-08,,,,0.1,0,0,9.0,0.1
751682,2012.TEMP.ANOMOLY.0.75+,Global Temperature Anomaly for 2012 (Jan-Dec) to be 0.75 or more,2013-01-09,,,,0.1,0,0,9.0,0.1
751682,2012.TEMP.ANOMOLY.0.75+,Global Temperature Anomaly for 2012 (Jan-Dec) to be 0.75 or more,2013-01-10,,,,0.1,0,0,9.0,0.1
751682,2012.TEMP.ANOMOLY.0.75+,Global Temperature Anomaly for 2012 (Jan-Dec) to be 0.75 or more,2013-01-11,,,,0.1,0,0,9.0,0.1
751682,2012.TEMP.ANOMOLY.0.75+,Global Temperature Anomaly for 2012 (Jan-Dec) to be 0.75 or more,2013-01-12,,,,0.1,0,0,9.0,0.1
751682,2012.TEMP.ANOMOLY.0.75+,Global Temperature Anomaly for 2012 (Jan-Dec) to be 0.75 or more,2013-01-13,,,,0.1,0,0,9.0,0.1
751682,2012.TEMP.ANOMOLY.0.75+,Global Temperature Anomaly for 2012 (Jan-Dec) to be 0.75 or more,2013-01-14,,,,0.1,0,0,9.0,0.1
751682,2012.TEMP.ANOMOLY.0.75+,Global Temperature Anomaly for 2012 (Jan-Dec) to be 0.75 or more,2013-01-15,,,,0.1,0,0,9.0,0.1
