market id,market symbol,market name,business day,session open,session high,session low,closing price,open interest,session trade volume,lifetime high,lifetime low
751685,2012.TEMP.ANOMOLY.0.60+,Global Temperature Anomaly for 2012 (Jan-Dec) to be 0.60 or more,2011-09-08,0.0,0.0,0.0,0.0,0,0,0.0,0.0
751685,2012.TEMP.ANOMOLY.0.60+,Global Temperature Anomaly for 2012 (Jan-Dec) to be 0.60 or more,2011-09-09,0.0,0.0,0.0,0.0,0,0,0.0,0.0
751685,2012.TEMP.ANOMOLY.0.60+,Global Temperature Anomaly for 2012 (Jan-Dec) to be 0.60 or more,2011-09-10,0.0,0.0,0.0,0.0,0,0,0.0,0.0
751685,2012.TEMP.ANOMOLY.0.60+,Global Temperature Anomaly for 2012 (Jan-Dec) to be 0.60 or more,2011-09-11,0.0,0.0,0.0,0.0,0,0,0.0,0.0
751685,2012.TEMP.ANOMOLY.0.60+,Global Temperature Anomaly for 2012 (Jan-Dec) to be 0.60 or more,2011-09-12,0.0,0.0,0.0,0.0,0,0,0.0,0.0
751685,2012.TEMP.ANOMOLY.0.60+,Global Temperature Anomaly for 2012 (Jan-Dec) to be 0.60 or more,2011-09-13,0.0,0.0,0.0,0.0,0,0,0.0,0.0
751685,2012.TEMP.ANOMOLY.0.60+,Global Temperature Anomaly for 2012 (Jan-Dec) to be 0.60 or more,2011-09-14,0.0,0.0,0.0,0.0,0,0,0.0,0.0
751685,2012.TEMP.ANOMOLY.0.60+,Global Temperature Anomaly for 2012 (Jan-Dec) to be 0.60 or more,2011-09-15,0.0,0.0,0.0,0.0,0,0,0.0,0.0
751685,2012.TEMP.ANOMOLY.0.60+,Global Temperature Anomaly for 2012 (Jan-Dec) to be 0.60 or more,2011-09-16,0.0,0.0,0.0,0.0,0,0,0.0,0.0
751685,2012.TEMP.ANOMOLY.0.60+,Global Temperature Anomaly for 2012 (Jan-Dec) to be 0.60 or more,2011-09-17,0.0,0.0,0.0,0.0,0,0,0.0,0.0
751685,2012.TEMP.ANOMOLY.0.60+,Global Temperature Anomaly for 2012 (Jan-Dec) to be 0.60 or more,2011-09-18,0.0,0.0,0.0,0.0,0,0,0.0,0.0
751685,2012.TEMP.ANOMOLY.0.60+,Global Temperature Anomaly for 2012 (Jan-Dec) to be 0.60 or more,2011-09-19,0.0,0.0,0.0,0.0,0,0,0.0,0.0
751685,2012.TEMP.ANOMOLY.0.60+,Global Temperature Anomaly for 2012 (Jan-Dec) to be 0.60 or more,2011-09-20,0.0,0.0,0.0,0.0,0,0,0.0,0.0
751685,2012.TEMP.ANOMOLY.0.60+,Global Temperature Anomaly for 2012 (Jan-Dec) to be 0.60 or more,2011-09-21,0.0,0.0,0.0,0.0,0,0,0.0,0.0
751685,2012.TEMP.ANOMOLY.0.60+,Global Temperature Anomaly for 2012 (Jan-Dec) to be 0.60 or more,2011-09-22,0.0,0.0,0.0,0.0,0,0,0.0,0.0
751685,2012.TEMP.ANOMOLY.0.60+,Global Temperature Anomaly for 2012 (Jan-Dec) to be 0.60 or more,2011-09-23,0.0,0.0,0.0,0.0,0,0,0.0,0.0
751685,2012.TEMP.ANOMOLY.0.60+,Global Temperature Anomaly for 2012 (Jan-Dec) to be 0.60 or more,2011-09-24,0.0,0.0,0.0,0.0,0,0,0.0,0.0
751685,2012.TEMP.ANOMOLY.0.60+,Global Temperature Anomaly for 2012 (Jan-Dec) to be 0.60 or more,2011-09-25,0.0,0.0,0.0,0.0,0,0,0.0,0.0
751685,2012.TEMP.ANOMOLY.0.60+,Global Temperature Anomaly for 2012 (Jan-Dec) to be 0.60 or more,2011-09-26,0.0,0.0,0.0,0.0,0,0,0.0,0.0
751685,2012.TEMP.ANOMOLY.0.60+,Global Temperature Anomaly for 2012 (Jan-Dec) to be 0.60 or more,2011-09-27,0.0,0.0,0.0,0.0,0,0,0.0,0.0
751685,2012.TEMP.ANOMOLY.0.60+,Global Temperature Anomaly for 2012 (Jan-Dec) to be 0.60 or more,2011-09-28,0.0,0.0,0.0,0.0,0,0,0.0,0.0
751685,2012.TEMP.ANOMOLY.0.60+,Global Temperature Anomaly for 2012 (Jan-Dec) to be 0.60 or more,2011-09-29,60.0,60.0,60.0,60.0,3,3,60.0,60.0
751685,2012.TEMP.ANOMOLY.0.60+,Global Temperature Anomaly for 2012 (Jan-Dec) to be 0.60 or more,2011-09-30,0.0,0.0,0.0,60.0,3,0,60.0,60.0
751685,2012.TEMP.ANOMOLY.0.60+,Global Temperature Anomaly for 2012 (Jan-Dec) to be 0.60 or more,2011-10-01,0.0,0.0,0.0,60.0,3,0,60.0,60.0
751685,2012.TEMP.ANOMOLY.0.60+,Global Temperature Anomaly for 2012 (Jan-Dec) to be 0.60 or more,2011-10-02,0.0,0.0,0.0,60.0,3,0,60.0,60.0
751685,2012.TEMP.ANOMOLY.0.60+,Global Temperature Anomaly for 2012 (Jan-Dec) to be 0.60 or more,2011-10-03,0.0,0.0,0.0,60.0,3,0,60.0,60.0
751685,2012.TEMP.ANOMOLY.0.60+,Global Temperature Anomaly for 2012 (Jan-Dec) to be 0.60 or more,2011-10-04,0.0,0.0,0.0,60.0,3,0,60.0,60.0
751685,2012.TEMP.ANOMOLY.0.60+,Global Temperature Anomaly for 2012 (Jan-Dec) to be 0.60 or more,2011-10-05,0.0,0.0,0.0,60.0,3,0,60.0,60.0
751685,2012.TEMP.ANOMOLY.0.60+,Global Temperature Anomaly for 2012 (Jan-Dec) to be 0.60 or more,2011-10-06,0.0,0.0,0.0,60.0,3,0,60.0,60.0
751685,2012.TEMP.ANOMOLY.0.60+,Global Temperature Anomaly for 2012 (Jan-Dec) to be 0.60 or more,2011-10-07,0.0,0.0,0.0,60.0,3,0,60.0,60.0
751685,2012.TEMP.ANOMOLY.0.60+,Global Temperature Anomaly for 2012 (Jan-Dec) to be 0.60 or more,2011-10-08,0.0,0.0,0.0,60.0,3,0,60.0,60.0
751685,2012.TEMP.ANOMOLY.0.60+,Global Temperature Anomaly for 2012 (Jan-Dec) to be 0.60 or more,2011-10-09,0.0,0.0,0.0,60.0,3,0,60.0,60.0
751685,2012.TEMP.ANOMOLY.0.60+,Global Temperature Anomaly for 2012 (Jan-Dec) to be 0.60 or more,2011-10-10,0.0,0.0,0.0,60.0,3,0,60.0,60.0
751685,2012.TEMP.ANOMOLY.0.60+,Global Temperature Anomaly for 2012 (Jan-Dec) to be 0.60 or more,2011-10-11,0.0,0.0,0.0,60.0,3,0,60.0,60.0
751685,2012.TEMP.ANOMOLY.0.60+,Global Temperature Anomaly for 2012 (Jan-Dec) to be 0.60 or more,2011-10-12,0.0,0.0,0.0,60.0,3,0,60.0,60.0
751685,2012.TEMP.ANOMOLY.0.60+,Global Temperature Anomaly for 2012 (Jan-Dec) to be 0.60 or more,2011-10-13,0.0,0.0,0.0,60.0,3,0,60.0,60.0
751685,2012.TEMP.ANOMOLY.0.60+,Global Temperature Anomaly for 2012 (Jan-Dec) to be 0.60 or more,2011-10-14,0.0,0.0,0.0,60.0,3,0,60.0,60.0
751685,2012.TEMP.ANOMOLY.0.60+,Global Temperature Anomaly for 2012 (Jan-Dec) to be 0.60 or more,2011-10-15,0.0,0.0,0.0,60.0,3,0,60.0,60.0
751685,2012.TEMP.ANOMOLY.0.60+,Global Temperature Anomaly for 2012 (Jan-Dec) to be 0.60 or more,2011-10-16,0.0,0.0,0.0,60.0,3,0,60.0,60.0
751685,2012.TEMP.ANOMOLY.0.60+,Global Temperature Anomaly for 2012 (Jan-Dec) to be 0.60 or more,2011-10-17,0.0,0.0,0.0,60.0,3,0,60.0,60.0
751685,2012.TEMP.ANOMOLY.0.60+,Global Temperature Anomaly for 2012 (Jan-Dec) to be 0.60 or more,2011-10-18,0.0,0.0,0.0,60.0,3,0,60.0,60.0
751685,2012.TEMP.ANOMOLY.0.60+,Global Temperature Anomaly for 2012 (Jan-Dec) to be 0.60 or more,2011-10-19,0.0,0.0,0.0,60.0,3,0,60.0,60.0
751685,2012.TEMP.ANOMOLY.0.60+,Global Temperature Anomaly for 2012 (Jan-Dec) to be 0.60 or more,2011-10-20,0.0,0.0,0.0,60.0,3,0,60.0,60.0
751685,2012.TEMP.ANOMOLY.0.60+,Global Temperature Anomaly for 2012 (Jan-Dec) to be 0.60 or more,2011-10-21,0.0,0.0,0.0,60.0,3,0,60.0,60.0
751685,2012.TEMP.ANOMOLY.0.60+,Global Temperature Anomaly for 2012 (Jan-Dec) to be 0.60 or more,2011-10-22,0.0,0.0,0.0,60.0,3,0,60.0,60.0
751685,2012.TEMP.ANOMOLY.0.60+,Global Temperature Anomaly for 2012 (Jan-Dec) to be 0.60 or more,2011-10-23,0.0,0.0,0.0,60.0,3,0,60.0,60.0
751685,2012.TEMP.ANOMOLY.0.60+,Global Temperature Anomaly for 2012 (Jan-Dec) to be 0.60 or more,2011-10-24,0.0,0.0,0.0,60.0,3,0,60.0,60.0
751685,2012.TEMP.ANOMOLY.0.60+,Global Temperature Anomaly for 2012 (Jan-Dec) to be 0.60 or more,2011-10-25,0.0,0.0,0.0,60.0,3,0,60.0,60.0
751685,2012.TEMP.ANOMOLY.0.60+,Global Temperature Anomaly for 2012 (Jan-Dec) to be 0.60 or more,2011-10-26,0.0,0.0,0.0,60.0,3,0,60.0,60.0
751685,2012.TEMP.ANOMOLY.0.60+,Global Temperature Anomaly for 2012 (Jan-Dec) to be 0.60 or more,2011-10-27,0.0,0.0,0.0,60.0,3,0,60.0,60.0
751685,2012.TEMP.ANOMOLY.0.60+,Global Temperature Anomaly for 2012 (Jan-Dec) to be 0.60 or more,2011-10-28,0.0,0.0,0.0,60.0,3,0,60.0,60.0
751685,2012.TEMP.ANOMOLY.0.60+,Global Temperature Anomaly for 2012 (Jan-Dec) to be 0.60 or more,2011-10-29,0.0,0.0,0.0,60.0,3,0,60.0,60.0
751685,2012.TEMP.ANOMOLY.0.60+,Global Temperature Anomaly for 2012 (Jan-Dec) to be 0.60 or more,2011-10-30,0.0,0.0,0.0,60.0,3,0,60.0,60.0
751685,2012.TEMP.ANOMOLY.0.60+,Global Temperature Anomaly for 2012 (Jan-Dec) to be 0.60 or more,2011-10-31,0.0,0.0,0.0,60.0,3,0,60.0,60.0
751685,2012.TEMP.ANOMOLY.0.60+,Global Temperature Anomaly for 2012 (Jan-Dec) to be 0.60 or more,2011-11-01,0.0,0.0,0.0,60.0,3,0,60.0,60.0
751685,2012.TEMP.ANOMOLY.0.60+,Global Temperature Anomaly for 2012 (Jan-Dec) to be 0.60 or more,2011-11-02,0.0,0.0,0.0,60.0,3,0,60.0,60.0
751685,2012.TEMP.ANOMOLY.0.60+,Global Temperature Anomaly for 2012 (Jan-Dec) to be 0.60 or more,2011-11-03,0.0,0.0,0.0,60.0,3,0,60.0,60.0
751685,2012.TEMP.ANOMOLY.0.60+,Global Temperature Anomaly for 2012 (Jan-Dec) to be 0.60 or more,2011-11-04,0.0,0.0,0.0,60.0,3,0,60.0,60.0
751685,2012.TEMP.ANOMOLY.0.60+,Global Temperature Anomaly for 2012 (Jan-Dec) to be 0.60 or more,2011-11-05,0.0,0.0,0.0,60.0,3,0,60.0,60.0
751685,2012.TEMP.ANOMOLY.0.60+,Global Temperature Anomaly for 2012 (Jan-Dec) to be 0.60 or more,2011-11-06,0.0,0.0,0.0,60.0,3,0,60.0,60.0
751685,2012.TEMP.ANOMOLY.0.60+,Global Temperature Anomaly for 2012 (Jan-Dec) to be 0.60 or more,2011-11-07,0.0,0.0,0.0,60.0,3,0,60.0,60.0
751685,2012.TEMP.ANOMOLY.0.60+,Global Temperature Anomaly for 2012 (Jan-Dec) to be 0.60 or more,2011-11-08,0.0,0.0,0.0,60.0,3,0,60.0,60.0
751685,2012.TEMP.ANOMOLY.0.60+,Global Temperature Anomaly for 2012 (Jan-Dec) to be 0.60 or more,2011-11-09,0.0,0.0,0.0,60.0,3,0,60.0,60.0
751685,2012.TEMP.ANOMOLY.0.60+,Global Temperature Anomaly for 2012 (Jan-Dec) to be 0.60 or more,2011-11-10,0.0,0.0,0.0,60.0,3,0,60.0,60.0
751685,2012.TEMP.ANOMOLY.0.60+,Global Temperature Anomaly for 2012 (Jan-Dec) to be 0.60 or more,2011-11-11,0.0,0.0,0.0,60.0,3,0,60.0,60.0
751685,2012.TEMP.ANOMOLY.0.60+,Global Temperature Anomaly for 2012 (Jan-Dec) to be 0.60 or more,2011-11-12,70.0,70.0,70.0,70.0,5,2,70.0,60.0
751685,2012.TEMP.ANOMOLY.0.60+,Global Temperature Anomaly for 2012 (Jan-Dec) to be 0.60 or more,2011-11-13,0.0,0.0,0.0,70.0,5,0,70.0,60.0
751685,2012.TEMP.ANOMOLY.0.60+,Global Temperature Anomaly for 2012 (Jan-Dec) to be 0.60 or more,2011-11-14,0.0,0.0,0.0,70.0,5,0,70.0,60.0
751685,2012.TEMP.ANOMOLY.0.60+,Global Temperature Anomaly for 2012 (Jan-Dec) to be 0.60 or more,2011-11-15,0.0,0.0,0.0,70.0,5,0,70.0,60.0
751685,2012.TEMP.ANOMOLY.0.60+,Global Temperature Anomaly for 2012 (Jan-Dec) to be 0.60 or more,2011-11-16,0.0,0.0,0.0,70.0,5,0,70.0,60.0
751685,2012.TEMP.ANOMOLY.0.60+,Global Temperature Anomaly for 2012 (Jan-Dec) to be 0.60 or more,2011-11-17,0.0,0.0,0.0,70.0,5,0,70.0,60.0
751685,2012.TEMP.ANOMOLY.0.60+,Global Temperature Anomaly for 2012 (Jan-Dec) to be 0.60 or more,2011-11-18,0.0,0.0,0.0,70.0,5,0,70.0,60.0
751685,2012.TEMP.ANOMOLY.0.60+,Global Temperature Anomaly for 2012 (Jan-Dec) to be 0.60 or more,2011-11-19,0.0,0.0,0.0,70.0,5,0,70.0,60.0
751685,2012.TEMP.ANOMOLY.0.60+,Global Temperature Anomaly for 2012 (Jan-Dec) to be 0.60 or more,2011-11-20,0.0,0.0,0.0,70.0,5,0,70.0,60.0
751685,2012.TEMP.ANOMOLY.0.60+,Global Temperature Anomaly for 2012 (Jan-Dec) to be 0.60 or more,2011-11-21,0.0,0.0,0.0,70.0,5,0,70.0,60.0
751685,2012.TEMP.ANOMOLY.0.60+,Global Temperature Anomaly for 2012 (Jan-Dec) to be 0.60 or more,2011-11-22,0.0,0.0,0.0,70.0,5,0,70.0,60.0
751685,2012.TEMP.ANOMOLY.0.60+,Global Temperature Anomaly for 2012 (Jan-Dec) to be 0.60 or more,2011-11-23,0.0,0.0,0.0,70.0,5,0,70.0,60.0
751685,2012.TEMP.ANOMOLY.0.60+,Global Temperature Anomaly for 2012 (Jan-Dec) to be 0.60 or more,2011-11-24,0.0,0.0,0.0,70.0,5,0,70.0,60.0
751685,2012.TEMP.ANOMOLY.0.60+,Global Temperature Anomaly for 2012 (Jan-Dec) to be 0.60 or more,2011-11-25,0.0,0.0,0.0,70.0,5,0,70.0,60.0
751685,2012.TEMP.ANOMOLY.0.60+,Global Temperature Anomaly for 2012 (Jan-Dec) to be 0.60 or more,2011-11-26,0.0,0.0,0.0,70.0,5,0,70.0,60.0
751685,2012.TEMP.ANOMOLY.0.60+,Global Temperature Anomaly for 2012 (Jan-Dec) to be 0.60 or more,2011-11-27,0.0,0.0,0.0,70.0,5,0,70.0,60.0
751685,2012.TEMP.ANOMOLY.0.60+,Global Temperature Anomaly for 2012 (Jan-Dec) to be 0.60 or more,2011-11-28,0.0,0.0,0.0,70.0,5,0,70.0,60.0
751685,2012.TEMP.ANOMOLY.0.60+,Global Temperature Anomaly for 2012 (Jan-Dec) to be 0.60 or more,2011-11-29,0.0,0.0,0.0,70.0,5,0,70.0,60.0
751685,2012.TEMP.ANOMOLY.0.60+,Global Temperature Anomaly for 2012 (Jan-Dec) to be 0.60 or more,2011-11-30,0.0,0.0,0.0,70.0,5,0,70.0,60.0
751685,2012.TEMP.ANOMOLY.0.60+,Global Temperature Anomaly for 2012 (Jan-Dec) to be 0.60 or more,2011-12-01,0.0,0.0,0.0,70.0,5,0,70.0,60.0
751685,2012.TEMP.ANOMOLY.0.60+,Global Temperature Anomaly for 2012 (Jan-Dec) to be 0.60 or more,2011-12-02,0.0,0.0,0.0,70.0,5,0,70.0,60.0
751685,2012.TEMP.ANOMOLY.0.60+,Global Temperature Anomaly for 2012 (Jan-Dec) to be 0.60 or more,2011-12-03,0.0,0.0,0.0,70.0,5,0,70.0,60.0
751685,2012.TEMP.ANOMOLY.0.60+,Global Temperature Anomaly for 2012 (Jan-Dec) to be 0.60 or more,2011-12-04,0.0,0.0,0.0,70.0,5,0,70.0,60.0
751685,2012.TEMP.ANOMOLY.0.60+,Global Temperature Anomaly for 2012 (Jan-Dec) to be 0.60 or more,2011-12-05,0.0,0.0,0.0,70.0,5,0,70.0,60.0
751685,2012.TEMP.ANOMOLY.0.60+,Global Temperature Anomaly for 2012 (Jan-Dec) to be 0.60 or more,2011-12-06,0.0,0.0,0.0,70.0,5,0,70.0,60.0
751685,2012.TEMP.ANOMOLY.0.60+,Global Temperature Anomaly for 2012 (Jan-Dec) to be 0.60 or more,2011-12-07,0.0,0.0,0.0,70.0,5,0,70.0,60.0
751685,2012.TEMP.ANOMOLY.0.60+,Global Temperature Anomaly for 2012 (Jan-Dec) to be 0.60 or more,2011-12-08,0.0,0.0,0.0,70.0,5,0,70.0,60.0
751685,2012.TEMP.ANOMOLY.0.60+,Global Temperature Anomaly for 2012 (Jan-Dec) to be 0.60 or more,2011-12-09,0.0,0.0,0.0,70.0,5,0,70.0,60.0
751685,2012.TEMP.ANOMOLY.0.60+,Global Temperature Anomaly for 2012 (Jan-Dec) to be 0.60 or more,2011-12-10,0.0,0.0,0.0,70.0,5,0,70.0,60.0
751685,2012.TEMP.ANOMOLY.0.60+,Global Temperature Anomaly for 2012 (Jan-Dec) to be 0.60 or more,2011-12-11,0.0,0.0,0.0,70.0,5,0,70.0,60.0
751685,2012.TEMP.ANOMOLY.0.60+,Global Temperature Anomaly for 2012 (Jan-Dec) to be 0.60 or more,2011-12-12,0.0,0.0,0.0,70.0,5,0,70.0,60.0
751685,2012.TEMP.ANOMOLY.0.60+,Global Temperature Anomaly for 2012 (Jan-Dec) to be 0.60 or more,2011-12-13,0.0,0.0,0.0,70.0,5,0,70.0,60.0
751685,2012.TEMP.ANOMOLY.0.60+,Global Temperature Anomaly for 2012 (Jan-Dec) to be 0.60 or more,2011-12-14,0.0,0.0,0.0,70.0,5,0,70.0,60.0
751685,2012.TEMP.ANOMOLY.0.60+,Global Temperature Anomaly for 2012 (Jan-Dec) to be 0.60 or more,2011-12-15,0.0,0.0,0.0,70.0,5,0,70.0,60.0
751685,2012.TEMP.ANOMOLY.0.60+,Global Temperature Anomaly for 2012 (Jan-Dec) to be 0.60 or more,2011-12-16,0.0,0.0,0.0,70.0,5,0,70.0,60.0
751685,2012.TEMP.ANOMOLY.0.60+,Global Temperature Anomaly for 2012 (Jan-Dec) to be 0.60 or more,2011-12-17,0.0,0.0,0.0,70.0,5,0,70.0,60.0
751685,2012.TEMP.ANOMOLY.0.60+,Global Temperature Anomaly for 2012 (Jan-Dec) to be 0.60 or more,2011-12-18,0.0,0.0,0.0,70.0,5,0,70.0,60.0
751685,2012.TEMP.ANOMOLY.0.60+,Global Temperature Anomaly for 2012 (Jan-Dec) to be 0.60 or more,2011-12-19,0.0,0.0,0.0,70.0,5,0,70.0,60.0
751685,2012.TEMP.ANOMOLY.0.60+,Global Temperature Anomaly for 2012 (Jan-Dec) to be 0.60 or more,2011-12-20,0.0,0.0,0.0,70.0,5,0,70.0,60.0
751685,2012.TEMP.ANOMOLY.0.60+,Global Temperature Anomaly for 2012 (Jan-Dec) to be 0.60 or more,2011-12-21,0.0,0.0,0.0,70.0,5,0,70.0,60.0
751685,2012.TEMP.ANOMOLY.0.60+,Global Temperature Anomaly for 2012 (Jan-Dec) to be 0.60 or more,2011-12-22,0.0,0.0,0.0,70.0,5,0,70.0,60.0
751685,2012.TEMP.ANOMOLY.0.60+,Global Temperature Anomaly for 2012 (Jan-Dec) to be 0.60 or more,2011-12-23,0.0,0.0,0.0,70.0,5,0,70.0,60.0
751685,2012.TEMP.ANOMOLY.0.60+,Global Temperature Anomaly for 2012 (Jan-Dec) to be 0.60 or more,2011-12-24,0.0,0.0,0.0,70.0,5,0,70.0,60.0
751685,2012.TEMP.ANOMOLY.0.60+,Global Temperature Anomaly for 2012 (Jan-Dec) to be 0.60 or more,2011-12-25,0.0,0.0,0.0,70.0,5,0,70.0,60.0
751685,2012.TEMP.ANOMOLY.0.60+,Global Temperature Anomaly for 2012 (Jan-Dec) to be 0.60 or more,2011-12-26,0.0,0.0,0.0,70.0,5,0,70.0,60.0
751685,2012.TEMP.ANOMOLY.0.60+,Global Temperature Anomaly for 2012 (Jan-Dec) to be 0.60 or more,2011-12-27,0.0,0.0,0.0,70.0,5,0,70.0,60.0
751685,2012.TEMP.ANOMOLY.0.60+,Global Temperature Anomaly for 2012 (Jan-Dec) to be 0.60 or more,2011-12-28,0.0,0.0,0.0,70.0,5,0,70.0,60.0
751685,2012.TEMP.ANOMOLY.0.60+,Global Temperature Anomaly for 2012 (Jan-Dec) to be 0.60 or more,2011-12-29,37.0,37.0,37.0,37.0,6,1,70.0,37.0
751685,2012.TEMP.ANOMOLY.0.60+,Global Temperature Anomaly for 2012 (Jan-Dec) to be 0.60 or more,2011-12-30,0.0,0.0,0.0,37.0,6,0,70.0,37.0
751685,2012.TEMP.ANOMOLY.0.60+,Global Temperature Anomaly for 2012 (Jan-Dec) to be 0.60 or more,2011-12-31,0.0,0.0,0.0,37.0,6,0,70.0,37.0
751685,2012.TEMP.ANOMOLY.0.60+,Global Temperature Anomaly for 2012 (Jan-Dec) to be 0.60 or more,2012-01-01,0.0,0.0,0.0,37.0,6,0,70.0,37.0
751685,2012.TEMP.ANOMOLY.0.60+,Global Temperature Anomaly for 2012 (Jan-Dec) to be 0.60 or more,2012-01-02,0.0,0.0,0.0,37.0,6,0,70.0,37.0
751685,2012.TEMP.ANOMOLY.0.60+,Global Temperature Anomaly for 2012 (Jan-Dec) to be 0.60 or more,2012-01-03,0.0,0.0,0.0,37.0,6,0,70.0,37.0
751685,2012.TEMP.ANOMOLY.0.60+,Global Temperature Anomaly for 2012 (Jan-Dec) to be 0.60 or more,2012-01-04,0.0,0.0,0.0,37.0,6,0,70.0,37.0
751685,2012.TEMP.ANOMOLY.0.60+,Global Temperature Anomaly for 2012 (Jan-Dec) to be 0.60 or more,2012-01-05,0.0,0.0,0.0,37.0,6,0,70.0,37.0
751685,2012.TEMP.ANOMOLY.0.60+,Global Temperature Anomaly for 2012 (Jan-Dec) to be 0.60 or more,2012-01-06,0.0,0.0,0.0,37.0,6,0,70.0,37.0
751685,2012.TEMP.ANOMOLY.0.60+,Global Temperature Anomaly for 2012 (Jan-Dec) to be 0.60 or more,2012-01-07,0.0,0.0,0.0,37.0,6,0,70.0,37.0
751685,2012.TEMP.ANOMOLY.0.60+,Global Temperature Anomaly for 2012 (Jan-Dec) to be 0.60 or more,2012-01-08,0.0,0.0,0.0,37.0,6,0,70.0,37.0
751685,2012.TEMP.ANOMOLY.0.60+,Global Temperature Anomaly for 2012 (Jan-Dec) to be 0.60 or more,2012-01-09,0.0,0.0,0.0,37.0,6,0,70.0,37.0
751685,2012.TEMP.ANOMOLY.0.60+,Global Temperature Anomaly for 2012 (Jan-Dec) to be 0.60 or more,2012-01-10,0.0,0.0,0.0,37.0,6,0,70.0,37.0
751685,2012.TEMP.ANOMOLY.0.60+,Global Temperature Anomaly for 2012 (Jan-Dec) to be 0.60 or more,2012-01-11,0.0,0.0,0.0,37.0,6,0,70.0,37.0
751685,2012.TEMP.ANOMOLY.0.60+,Global Temperature Anomaly for 2012 (Jan-Dec) to be 0.60 or more,2012-01-12,0.0,0.0,0.0,37.0,6,0,70.0,37.0
751685,2012.TEMP.ANOMOLY.0.60+,Global Temperature Anomaly for 2012 (Jan-Dec) to be 0.60 or more,2012-01-13,0.0,0.0,0.0,37.0,6,0,70.0,37.0
751685,2012.TEMP.ANOMOLY.0.60+,Global Temperature Anomaly for 2012 (Jan-Dec) to be 0.60 or more,2012-01-14,0.0,0.0,0.0,37.0,6,0,70.0,37.0
751685,2012.TEMP.ANOMOLY.0.60+,Global Temperature Anomaly for 2012 (Jan-Dec) to be 0.60 or more,2012-01-15,0.0,0.0,0.0,37.0,6,0,70.0,37.0
751685,2012.TEMP.ANOMOLY.0.60+,Global Temperature Anomaly for 2012 (Jan-Dec) to be 0.60 or more,2012-01-16,0.0,0.0,0.0,37.0,6,0,70.0,37.0
751685,2012.TEMP.ANOMOLY.0.60+,Global Temperature Anomaly for 2012 (Jan-Dec) to be 0.60 or more,2012-01-17,0.0,0.0,0.0,37.0,6,0,70.0,37.0
751685,2012.TEMP.ANOMOLY.0.60+,Global Temperature Anomaly for 2012 (Jan-Dec) to be 0.60 or more,2012-01-18,0.0,0.0,0.0,37.0,6,0,70.0,37.0
751685,2012.TEMP.ANOMOLY.0.60+,Global Temperature Anomaly for 2012 (Jan-Dec) to be 0.60 or more,2012-01-19,0.0,0.0,0.0,37.0,6,0,70.0,37.0
751685,2012.TEMP.ANOMOLY.0.60+,Global Temperature Anomaly for 2012 (Jan-Dec) to be 0.60 or more,2012-01-20,0.0,0.0,0.0,37.0,6,0,70.0,37.0
751685,2012.TEMP.ANOMOLY.0.60+,Global Temperature Anomaly for 2012 (Jan-Dec) to be 0.60 or more,2012-01-21,60.0,60.0,60.0,60.0,11,5,70.0,37.0
751685,2012.TEMP.ANOMOLY.0.60+,Global Temperature Anomaly for 2012 (Jan-Dec) to be 0.60 or more,2012-01-22,0.0,0.0,0.0,60.0,11,0,70.0,37.0
751685,2012.TEMP.ANOMOLY.0.60+,Global Temperature Anomaly for 2012 (Jan-Dec) to be 0.60 or more,2012-01-23,0.0,0.0,0.0,60.0,11,0,70.0,37.0
751685,2012.TEMP.ANOMOLY.0.60+,Global Temperature Anomaly for 2012 (Jan-Dec) to be 0.60 or more,2012-01-24,0.0,0.0,0.0,60.0,11,0,70.0,37.0
751685,2012.TEMP.ANOMOLY.0.60+,Global Temperature Anomaly for 2012 (Jan-Dec) to be 0.60 or more,2012-01-25,0.0,0.0,0.0,60.0,11,0,70.0,37.0
751685,2012.TEMP.ANOMOLY.0.60+,Global Temperature Anomaly for 2012 (Jan-Dec) to be 0.60 or more,2012-01-26,0.0,0.0,0.0,60.0,11,0,70.0,37.0
751685,2012.TEMP.ANOMOLY.0.60+,Global Temperature Anomaly for 2012 (Jan-Dec) to be 0.60 or more,2012-01-27,0.0,0.0,0.0,60.0,11,0,70.0,37.0
751685,2012.TEMP.ANOMOLY.0.60+,Global Temperature Anomaly for 2012 (Jan-Dec) to be 0.60 or more,2012-01-28,0.0,0.0,0.0,60.0,11,0,70.0,37.0
751685,2012.TEMP.ANOMOLY.0.60+,Global Temperature Anomaly for 2012 (Jan-Dec) to be 0.60 or more,2012-01-29,0.0,0.0,0.0,60.0,11,0,70.0,37.0
751685,2012.TEMP.ANOMOLY.0.60+,Global Temperature Anomaly for 2012 (Jan-Dec) to be 0.60 or more,2012-01-30,0.0,0.0,0.0,60.0,11,0,70.0,37.0
751685,2012.TEMP.ANOMOLY.0.60+,Global Temperature Anomaly for 2012 (Jan-Dec) to be 0.60 or more,2012-01-31,0.0,0.0,0.0,60.0,11,0,70.0,37.0
751685,2012.TEMP.ANOMOLY.0.60+,Global Temperature Anomaly for 2012 (Jan-Dec) to be 0.60 or more,2012-02-01,0.0,0.0,0.0,60.0,11,0,70.0,37.0
751685,2012.TEMP.ANOMOLY.0.60+,Global Temperature Anomaly for 2012 (Jan-Dec) to be 0.60 or more,2012-02-02,0.0,0.0,0.0,60.0,11,0,70.0,37.0
751685,2012.TEMP.ANOMOLY.0.60+,Global Temperature Anomaly for 2012 (Jan-Dec) to be 0.60 or more,2012-02-03,0.0,0.0,0.0,60.0,11,0,70.0,37.0
751685,2012.TEMP.ANOMOLY.0.60+,Global Temperature Anomaly for 2012 (Jan-Dec) to be 0.60 or more,2012-02-04,0.0,0.0,0.0,60.0,11,0,70.0,37.0
751685,2012.TEMP.ANOMOLY.0.60+,Global Temperature Anomaly for 2012 (Jan-Dec) to be 0.60 or more,2012-02-05,0.0,0.0,0.0,60.0,11,0,70.0,37.0
751685,2012.TEMP.ANOMOLY.0.60+,Global Temperature Anomaly for 2012 (Jan-Dec) to be 0.60 or more,2012-02-06,0.0,0.0,0.0,60.0,11,0,70.0,37.0
751685,2012.TEMP.ANOMOLY.0.60+,Global Temperature Anomaly for 2012 (Jan-Dec) to be 0.60 or more,2012-02-07,0.0,0.0,0.0,60.0,11,0,70.0,37.0
751685,2012.TEMP.ANOMOLY.0.60+,Global Temperature Anomaly for 2012 (Jan-Dec) to be 0.60 or more,2012-02-08,0.0,0.0,0.0,60.0,11,0,70.0,37.0
751685,2012.TEMP.ANOMOLY.0.60+,Global Temperature Anomaly for 2012 (Jan-Dec) to be 0.60 or more,2012-02-09,0.0,0.0,0.0,60.0,11,0,70.0,37.0
751685,2012.TEMP.ANOMOLY.0.60+,Global Temperature Anomaly for 2012 (Jan-Dec) to be 0.60 or more,2012-02-10,0.0,0.0,0.0,60.0,11,0,70.0,37.0
751685,2012.TEMP.ANOMOLY.0.60+,Global Temperature Anomaly for 2012 (Jan-Dec) to be 0.60 or more,2012-02-11,0.0,0.0,0.0,60.0,11,0,70.0,37.0
751685,2012.TEMP.ANOMOLY.0.60+,Global Temperature Anomaly for 2012 (Jan-Dec) to be 0.60 or more,2012-02-12,0.0,0.0,0.0,60.0,11,0,70.0,37.0
751685,2012.TEMP.ANOMOLY.0.60+,Global Temperature Anomaly for 2012 (Jan-Dec) to be 0.60 or more,2012-02-13,0.0,0.0,0.0,60.0,11,0,70.0,37.0
751685,2012.TEMP.ANOMOLY.0.60+,Global Temperature Anomaly for 2012 (Jan-Dec) to be 0.60 or more,2012-02-14,0.0,0.0,0.0,60.0,11,0,70.0,37.0
751685,2012.TEMP.ANOMOLY.0.60+,Global Temperature Anomaly for 2012 (Jan-Dec) to be 0.60 or more,2012-02-15,0.0,0.0,0.0,60.0,11,0,70.0,37.0
751685,2012.TEMP.ANOMOLY.0.60+,Global Temperature Anomaly for 2012 (Jan-Dec) to be 0.60 or more,2012-02-16,0.0,0.0,0.0,60.0,11,0,70.0,37.0
751685,2012.TEMP.ANOMOLY.0.60+,Global Temperature Anomaly for 2012 (Jan-Dec) to be 0.60 or more,2012-02-17,0.0,0.0,0.0,60.0,11,0,70.0,37.0
751685,2012.TEMP.ANOMOLY.0.60+,Global Temperature Anomaly for 2012 (Jan-Dec) to be 0.60 or more,2012-02-18,0.0,0.0,0.0,60.0,11,0,70.0,37.0
751685,2012.TEMP.ANOMOLY.0.60+,Global Temperature Anomaly for 2012 (Jan-Dec) to be 0.60 or more,2012-02-19,0.0,0.0,0.0,60.0,11,0,70.0,37.0
751685,2012.TEMP.ANOMOLY.0.60+,Global Temperature Anomaly for 2012 (Jan-Dec) to be 0.60 or more,2012-02-20,0.0,0.0,0.0,60.0,11,0,70.0,37.0
751685,2012.TEMP.ANOMOLY.0.60+,Global Temperature Anomaly for 2012 (Jan-Dec) to be 0.60 or more,2012-02-21,0.0,0.0,0.0,60.0,11,0,70.0,37.0
751685,2012.TEMP.ANOMOLY.0.60+,Global Temperature Anomaly for 2012 (Jan-Dec) to be 0.60 or more,2012-02-22,0.0,0.0,0.0,60.0,11,0,70.0,37.0
751685,2012.TEMP.ANOMOLY.0.60+,Global Temperature Anomaly for 2012 (Jan-Dec) to be 0.60 or more,2012-02-23,0.0,0.0,0.0,60.0,11,0,70.0,37.0
751685,2012.TEMP.ANOMOLY.0.60+,Global Temperature Anomaly for 2012 (Jan-Dec) to be 0.60 or more,2012-02-24,0.0,0.0,0.0,60.0,11,0,70.0,37.0
751685,2012.TEMP.ANOMOLY.0.60+,Global Temperature Anomaly for 2012 (Jan-Dec) to be 0.60 or more,2012-02-25,0.0,0.0,0.0,60.0,11,0,70.0,37.0
751685,2012.TEMP.ANOMOLY.0.60+,Global Temperature Anomaly for 2012 (Jan-Dec) to be 0.60 or more,2012-02-26,0.0,0.0,0.0,60.0,11,0,70.0,37.0
751685,2012.TEMP.ANOMOLY.0.60+,Global Temperature Anomaly for 2012 (Jan-Dec) to be 0.60 or more,2012-02-27,0.0,0.0,0.0,60.0,11,0,70.0,37.0
751685,2012.TEMP.ANOMOLY.0.60+,Global Temperature Anomaly for 2012 (Jan-Dec) to be 0.60 or more,2012-02-28,0.0,0.0,0.0,60.0,11,0,70.0,37.0
751685,2012.TEMP.ANOMOLY.0.60+,Global Temperature Anomaly for 2012 (Jan-Dec) to be 0.60 or more,2012-02-29,0.0,0.0,0.0,60.0,11,0,70.0,37.0
751685,2012.TEMP.ANOMOLY.0.60+,Global Temperature Anomaly for 2012 (Jan-Dec) to be 0.60 or more,2012-03-01,0.0,0.0,0.0,60.0,11,0,70.0,37.0
751685,2012.TEMP.ANOMOLY.0.60+,Global Temperature Anomaly for 2012 (Jan-Dec) to be 0.60 or more,2012-03-02,,,,60.0,11,0,70.0,37.0
751685,2012.TEMP.ANOMOLY.0.60+,Global Temperature Anomaly for 2012 (Jan-Dec) to be 0.60 or more,2012-03-03,,,,60.0,11,0,70.0,37.0
751685,2012.TEMP.ANOMOLY.0.60+,Global Temperature Anomaly for 2012 (Jan-Dec) to be 0.60 or more,2012-03-04,,,,60.0,11,0,70.0,37.0
751685,2012.TEMP.ANOMOLY.0.60+,Global Temperature Anomaly for 2012 (Jan-Dec) to be 0.60 or more,2012-03-05,,,,60.0,11,0,70.0,37.0
751685,2012.TEMP.ANOMOLY.0.60+,Global Temperature Anomaly for 2012 (Jan-Dec) to be 0.60 or more,2012-03-06,,,,60.0,11,0,70.0,37.0
751685,2012.TEMP.ANOMOLY.0.60+,Global Temperature Anomaly for 2012 (Jan-Dec) to be 0.60 or more,2012-03-07,,,,,11,0,70.0,37.0
751685,2012.TEMP.ANOMOLY.0.60+,Global Temperature Anomaly for 2012 (Jan-Dec) to be 0.60 or more,2012-03-08,,,,60.0,11,0,70.0,37.0
751685,2012.TEMP.ANOMOLY.0.60+,Global Temperature Anomaly for 2012 (Jan-Dec) to be 0.60 or more,2012-03-09,,,,60.0,11,0,70.0,37.0
751685,2012.TEMP.ANOMOLY.0.60+,Global Temperature Anomaly for 2012 (Jan-Dec) to be 0.60 or more,2012-03-10,,,,60.0,11,0,70.0,37.0
751685,2012.TEMP.ANOMOLY.0.60+,Global Temperature Anomaly for 2012 (Jan-Dec) to be 0.60 or more,2012-03-11,,,,60.0,11,0,70.0,37.0
751685,2012.TEMP.ANOMOLY.0.60+,Global Temperature Anomaly for 2012 (Jan-Dec) to be 0.60 or more,2012-03-12,,,,60.0,11,0,70.0,37.0
751685,2012.TEMP.ANOMOLY.0.60+,Global Temperature Anomaly for 2012 (Jan-Dec) to be 0.60 or more,2012-03-13,,,,60.0,11,0,70.0,37.0
751685,2012.TEMP.ANOMOLY.0.60+,Global Temperature Anomaly for 2012 (Jan-Dec) to be 0.60 or more,2012-03-14,,,,60.0,11,0,70.0,37.0
751685,2012.TEMP.ANOMOLY.0.60+,Global Temperature Anomaly for 2012 (Jan-Dec) to be 0.60 or more,2012-03-15,,,,60.0,11,0,70.0,37.0
751685,2012.TEMP.ANOMOLY.0.60+,Global Temperature Anomaly for 2012 (Jan-Dec) to be 0.60 or more,2012-03-16,,,,60.0,11,0,70.0,37.0
751685,2012.TEMP.ANOMOLY.0.60+,Global Temperature Anomaly for 2012 (Jan-Dec) to be 0.60 or more,2012-03-17,,,,60.0,11,0,70.0,37.0
751685,2012.TEMP.ANOMOLY.0.60+,Global Temperature Anomaly for 2012 (Jan-Dec) to be 0.60 or more,2012-03-18,,,,60.0,11,0,70.0,37.0
751685,2012.TEMP.ANOMOLY.0.60+,Global Temperature Anomaly for 2012 (Jan-Dec) to be 0.60 or more,2012-03-19,,,,60.0,11,0,70.0,37.0
751685,2012.TEMP.ANOMOLY.0.60+,Global Temperature Anomaly for 2012 (Jan-Dec) to be 0.60 or more,2012-03-20,,,,60.0,11,0,70.0,37.0
751685,2012.TEMP.ANOMOLY.0.60+,Global Temperature Anomaly for 2012 (Jan-Dec) to be 0.60 or more,2012-03-21,,,,60.0,11,0,70.0,37.0
751685,2012.TEMP.ANOMOLY.0.60+,Global Temperature Anomaly for 2012 (Jan-Dec) to be 0.60 or more,2012-03-22,,,,60.0,11,0,70.0,37.0
751685,2012.TEMP.ANOMOLY.0.60+,Global Temperature Anomaly for 2012 (Jan-Dec) to be 0.60 or more,2012-03-23,,,,60.0,11,0,70.0,37.0
751685,2012.TEMP.ANOMOLY.0.60+,Global Temperature Anomaly for 2012 (Jan-Dec) to be 0.60 or more,2012-03-24,,,,60.0,11,0,70.0,37.0
751685,2012.TEMP.ANOMOLY.0.60+,Global Temperature Anomaly for 2012 (Jan-Dec) to be 0.60 or more,2012-03-25,,,,60.0,11,0,70.0,37.0
751685,2012.TEMP.ANOMOLY.0.60+,Global Temperature Anomaly for 2012 (Jan-Dec) to be 0.60 or more,2012-03-26,,,,60.0,11,0,70.0,37.0
751685,2012.TEMP.ANOMOLY.0.60+,Global Temperature Anomaly for 2012 (Jan-Dec) to be 0.60 or more,2012-03-27,,,,60.0,11,0,70.0,37.0
751685,2012.TEMP.ANOMOLY.0.60+,Global Temperature Anomaly for 2012 (Jan-Dec) to be 0.60 or more,2012-03-28,,,,60.0,11,0,70.0,37.0
751685,2012.TEMP.ANOMOLY.0.60+,Global Temperature Anomaly for 2012 (Jan-Dec) to be 0.60 or more,2012-03-29,,,,60.0,11,0,70.0,37.0
751685,2012.TEMP.ANOMOLY.0.60+,Global Temperature Anomaly for 2012 (Jan-Dec) to be 0.60 or more,2012-03-30,,,,60.0,11,0,70.0,37.0
751685,2012.TEMP.ANOMOLY.0.60+,Global Temperature Anomaly for 2012 (Jan-Dec) to be 0.60 or more,2012-03-31,,,,60.0,11,0,70.0,37.0
751685,2012.TEMP.ANOMOLY.0.60+,Global Temperature Anomaly for 2012 (Jan-Dec) to be 0.60 or more,2012-04-01,,,,60.0,11,0,70.0,37.0
751685,2012.TEMP.ANOMOLY.0.60+,Global Temperature Anomaly for 2012 (Jan-Dec) to be 0.60 or more,2012-04-02,,,,60.0,11,0,70.0,37.0
751685,2012.TEMP.ANOMOLY.0.60+,Global Temperature Anomaly for 2012 (Jan-Dec) to be 0.60 or more,2012-04-03,,,,60.0,11,0,70.0,37.0
751685,2012.TEMP.ANOMOLY.0.60+,Global Temperature Anomaly for 2012 (Jan-Dec) to be 0.60 or more,2012-04-04,,,,60.0,11,0,70.0,37.0
751685,2012.TEMP.ANOMOLY.0.60+,Global Temperature Anomaly for 2012 (Jan-Dec) to be 0.60 or more,2012-04-05,,,,60.0,11,0,70.0,37.0
751685,2012.TEMP.ANOMOLY.0.60+,Global Temperature Anomaly for 2012 (Jan-Dec) to be 0.60 or more,2012-04-06,,,,60.0,11,0,70.0,37.0
751685,2012.TEMP.ANOMOLY.0.60+,Global Temperature Anomaly for 2012 (Jan-Dec) to be 0.60 or more,2012-04-07,,,,60.0,11,0,70.0,37.0
751685,2012.TEMP.ANOMOLY.0.60+,Global Temperature Anomaly for 2012 (Jan-Dec) to be 0.60 or more,2012-04-08,,,,60.0,11,0,70.0,37.0
751685,2012.TEMP.ANOMOLY.0.60+,Global Temperature Anomaly for 2012 (Jan-Dec) to be 0.60 or more,2012-04-09,,,,60.0,11,0,70.0,37.0
751685,2012.TEMP.ANOMOLY.0.60+,Global Temperature Anomaly for 2012 (Jan-Dec) to be 0.60 or more,2012-04-10,,,,60.0,11,0,70.0,37.0
751685,2012.TEMP.ANOMOLY.0.60+,Global Temperature Anomaly for 2012 (Jan-Dec) to be 0.60 or more,2012-04-11,,,,60.0,11,0,70.0,37.0
751685,2012.TEMP.ANOMOLY.0.60+,Global Temperature Anomaly for 2012 (Jan-Dec) to be 0.60 or more,2012-04-12,35.0,35.0,35.0,35.0,19,8,70.0,35.0
751685,2012.TEMP.ANOMOLY.0.60+,Global Temperature Anomaly for 2012 (Jan-Dec) to be 0.60 or more,2012-04-13,,,,35.0,19,0,70.0,35.0
751685,2012.TEMP.ANOMOLY.0.60+,Global Temperature Anomaly for 2012 (Jan-Dec) to be 0.60 or more,2012-04-14,,,,35.0,19,0,70.0,35.0
751685,2012.TEMP.ANOMOLY.0.60+,Global Temperature Anomaly for 2012 (Jan-Dec) to be 0.60 or more,2012-04-15,,,,35.0,19,0,70.0,35.0
751685,2012.TEMP.ANOMOLY.0.60+,Global Temperature Anomaly for 2012 (Jan-Dec) to be 0.60 or more,2012-04-16,,,,35.0,19,0,70.0,35.0
751685,2012.TEMP.ANOMOLY.0.60+,Global Temperature Anomaly for 2012 (Jan-Dec) to be 0.60 or more,2012-04-17,,,,35.0,19,0,70.0,35.0
751685,2012.TEMP.ANOMOLY.0.60+,Global Temperature Anomaly for 2012 (Jan-Dec) to be 0.60 or more,2012-04-18,,,,35.0,19,0,70.0,35.0
751685,2012.TEMP.ANOMOLY.0.60+,Global Temperature Anomaly for 2012 (Jan-Dec) to be 0.60 or more,2012-04-19,,,,35.0,19,0,70.0,35.0
751685,2012.TEMP.ANOMOLY.0.60+,Global Temperature Anomaly for 2012 (Jan-Dec) to be 0.60 or more,2012-04-20,,,,35.0,19,0,70.0,35.0
751685,2012.TEMP.ANOMOLY.0.60+,Global Temperature Anomaly for 2012 (Jan-Dec) to be 0.60 or more,2012-04-21,,,,35.0,19,0,70.0,35.0
751685,2012.TEMP.ANOMOLY.0.60+,Global Temperature Anomaly for 2012 (Jan-Dec) to be 0.60 or more,2012-04-22,,,,35.0,19,0,70.0,35.0
751685,2012.TEMP.ANOMOLY.0.60+,Global Temperature Anomaly for 2012 (Jan-Dec) to be 0.60 or more,2012-04-23,,,,35.0,19,0,70.0,35.0
751685,2012.TEMP.ANOMOLY.0.60+,Global Temperature Anomaly for 2012 (Jan-Dec) to be 0.60 or more,2012-04-24,,,,35.0,19,0,70.0,35.0
751685,2012.TEMP.ANOMOLY.0.60+,Global Temperature Anomaly for 2012 (Jan-Dec) to be 0.60 or more,2012-04-25,,,,35.0,19,0,70.0,35.0
751685,2012.TEMP.ANOMOLY.0.60+,Global Temperature Anomaly for 2012 (Jan-Dec) to be 0.60 or more,2012-04-26,,,,35.0,19,0,70.0,35.0
751685,2012.TEMP.ANOMOLY.0.60+,Global Temperature Anomaly for 2012 (Jan-Dec) to be 0.60 or more,2012-04-27,,,,35.0,19,0,70.0,35.0
751685,2012.TEMP.ANOMOLY.0.60+,Global Temperature Anomaly for 2012 (Jan-Dec) to be 0.60 or more,2012-04-28,,,,35.0,19,0,70.0,35.0
751685,2012.TEMP.ANOMOLY.0.60+,Global Temperature Anomaly for 2012 (Jan-Dec) to be 0.60 or more,2012-04-29,,,,35.0,19,0,70.0,35.0
751685,2012.TEMP.ANOMOLY.0.60+,Global Temperature Anomaly for 2012 (Jan-Dec) to be 0.60 or more,2012-04-30,,,,35.0,19,0,70.0,35.0
751685,2012.TEMP.ANOMOLY.0.60+,Global Temperature Anomaly for 2012 (Jan-Dec) to be 0.60 or more,2012-05-01,,,,35.0,19,0,70.0,35.0
751685,2012.TEMP.ANOMOLY.0.60+,Global Temperature Anomaly for 2012 (Jan-Dec) to be 0.60 or more,2012-05-02,,,,35.0,19,0,70.0,35.0
751685,2012.TEMP.ANOMOLY.0.60+,Global Temperature Anomaly for 2012 (Jan-Dec) to be 0.60 or more,2012-05-03,,,,35.0,19,0,70.0,35.0
751685,2012.TEMP.ANOMOLY.0.60+,Global Temperature Anomaly for 2012 (Jan-Dec) to be 0.60 or more,2012-05-04,,,,35.0,19,0,70.0,35.0
751685,2012.TEMP.ANOMOLY.0.60+,Global Temperature Anomaly for 2012 (Jan-Dec) to be 0.60 or more,2012-05-05,,,,35.0,19,0,70.0,35.0
751685,2012.TEMP.ANOMOLY.0.60+,Global Temperature Anomaly for 2012 (Jan-Dec) to be 0.60 or more,2012-05-06,,,,35.0,19,0,70.0,35.0
751685,2012.TEMP.ANOMOLY.0.60+,Global Temperature Anomaly for 2012 (Jan-Dec) to be 0.60 or more,2012-05-07,,,,35.0,19,0,70.0,35.0
751685,2012.TEMP.ANOMOLY.0.60+,Global Temperature Anomaly for 2012 (Jan-Dec) to be 0.60 or more,2012-05-08,15.0,15.0,15.0,15.0,6,18,70.0,15.0
751685,2012.TEMP.ANOMOLY.0.60+,Global Temperature Anomaly for 2012 (Jan-Dec) to be 0.60 or more,2012-05-09,,,,15.0,6,0,70.0,15.0
751685,2012.TEMP.ANOMOLY.0.60+,Global Temperature Anomaly for 2012 (Jan-Dec) to be 0.60 or more,2012-05-10,,,,15.0,6,0,70.0,15.0
751685,2012.TEMP.ANOMOLY.0.60+,Global Temperature Anomaly for 2012 (Jan-Dec) to be 0.60 or more,2012-05-11,,,,15.0,6,0,70.0,15.0
751685,2012.TEMP.ANOMOLY.0.60+,Global Temperature Anomaly for 2012 (Jan-Dec) to be 0.60 or more,2012-05-12,,,,15.0,6,0,70.0,15.0
751685,2012.TEMP.ANOMOLY.0.60+,Global Temperature Anomaly for 2012 (Jan-Dec) to be 0.60 or more,2012-05-13,,,,15.0,6,0,70.0,15.0
751685,2012.TEMP.ANOMOLY.0.60+,Global Temperature Anomaly for 2012 (Jan-Dec) to be 0.60 or more,2012-05-14,,,,15.0,6,0,70.0,15.0
751685,2012.TEMP.ANOMOLY.0.60+,Global Temperature Anomaly for 2012 (Jan-Dec) to be 0.60 or more,2012-05-15,,,,15.0,6,0,70.0,15.0
751685,2012.TEMP.ANOMOLY.0.60+,Global Temperature Anomaly for 2012 (Jan-Dec) to be 0.60 or more,2012-05-16,,,,15.0,6,0,70.0,15.0
751685,2012.TEMP.ANOMOLY.0.60+,Global Temperature Anomaly for 2012 (Jan-Dec) to be 0.60 or more,2012-05-17,,,,15.0,6,0,70.0,15.0
751685,2012.TEMP.ANOMOLY.0.60+,Global Temperature Anomaly for 2012 (Jan-Dec) to be 0.60 or more,2012-05-18,,,,15.0,6,0,70.0,15.0
751685,2012.TEMP.ANOMOLY.0.60+,Global Temperature Anomaly for 2012 (Jan-Dec) to be 0.60 or more,2012-05-19,,,,15.0,6,0,70.0,15.0
751685,2012.TEMP.ANOMOLY.0.60+,Global Temperature Anomaly for 2012 (Jan-Dec) to be 0.60 or more,2012-05-20,,,,15.0,6,0,70.0,15.0
751685,2012.TEMP.ANOMOLY.0.60+,Global Temperature Anomaly for 2012 (Jan-Dec) to be 0.60 or more,2012-05-21,,,,15.0,6,0,70.0,15.0
751685,2012.TEMP.ANOMOLY.0.60+,Global Temperature Anomaly for 2012 (Jan-Dec) to be 0.60 or more,2012-05-22,,,,15.0,6,0,70.0,15.0
751685,2012.TEMP.ANOMOLY.0.60+,Global Temperature Anomaly for 2012 (Jan-Dec) to be 0.60 or more,2012-05-23,,,,15.0,6,0,70.0,15.0
751685,2012.TEMP.ANOMOLY.0.60+,Global Temperature Anomaly for 2012 (Jan-Dec) to be 0.60 or more,2012-05-24,,,,15.0,6,0,70.0,15.0
751685,2012.TEMP.ANOMOLY.0.60+,Global Temperature Anomaly for 2012 (Jan-Dec) to be 0.60 or more,2012-05-25,,,,15.0,6,0,70.0,15.0
751685,2012.TEMP.ANOMOLY.0.60+,Global Temperature Anomaly for 2012 (Jan-Dec) to be 0.60 or more,2012-05-26,,,,15.0,6,0,70.0,15.0
751685,2012.TEMP.ANOMOLY.0.60+,Global Temperature Anomaly for 2012 (Jan-Dec) to be 0.60 or more,2012-05-27,,,,15.0,6,0,70.0,15.0
751685,2012.TEMP.ANOMOLY.0.60+,Global Temperature Anomaly for 2012 (Jan-Dec) to be 0.60 or more,2012-05-28,,,,15.0,6,0,70.0,15.0
751685,2012.TEMP.ANOMOLY.0.60+,Global Temperature Anomaly for 2012 (Jan-Dec) to be 0.60 or more,2012-05-29,,,,15.0,6,0,70.0,15.0
751685,2012.TEMP.ANOMOLY.0.60+,Global Temperature Anomaly for 2012 (Jan-Dec) to be 0.60 or more,2012-05-30,,,,15.0,6,0,70.0,15.0
751685,2012.TEMP.ANOMOLY.0.60+,Global Temperature Anomaly for 2012 (Jan-Dec) to be 0.60 or more,2012-05-31,,,,15.0,6,0,70.0,15.0
751685,2012.TEMP.ANOMOLY.0.60+,Global Temperature Anomaly for 2012 (Jan-Dec) to be 0.60 or more,2012-06-01,,,,15.0,6,0,70.0,15.0
751685,2012.TEMP.ANOMOLY.0.60+,Global Temperature Anomaly for 2012 (Jan-Dec) to be 0.60 or more,2012-06-02,,,,15.0,6,0,70.0,15.0
751685,2012.TEMP.ANOMOLY.0.60+,Global Temperature Anomaly for 2012 (Jan-Dec) to be 0.60 or more,2012-06-03,,,,15.0,6,0,70.0,15.0
751685,2012.TEMP.ANOMOLY.0.60+,Global Temperature Anomaly for 2012 (Jan-Dec) to be 0.60 or more,2012-06-04,,,,15.0,6,0,70.0,15.0
751685,2012.TEMP.ANOMOLY.0.60+,Global Temperature Anomaly for 2012 (Jan-Dec) to be 0.60 or more,2012-06-05,,,,15.0,6,0,70.0,15.0
751685,2012.TEMP.ANOMOLY.0.60+,Global Temperature Anomaly for 2012 (Jan-Dec) to be 0.60 or more,2012-06-06,,,,15.0,6,0,70.0,15.0
751685,2012.TEMP.ANOMOLY.0.60+,Global Temperature Anomaly for 2012 (Jan-Dec) to be 0.60 or more,2012-06-07,,,,15.0,6,0,70.0,15.0
751685,2012.TEMP.ANOMOLY.0.60+,Global Temperature Anomaly for 2012 (Jan-Dec) to be 0.60 or more,2012-06-08,,,,15.0,6,0,70.0,15.0
751685,2012.TEMP.ANOMOLY.0.60+,Global Temperature Anomaly for 2012 (Jan-Dec) to be 0.60 or more,2012-06-09,,,,15.0,6,0,70.0,15.0
751685,2012.TEMP.ANOMOLY.0.60+,Global Temperature Anomaly for 2012 (Jan-Dec) to be 0.60 or more,2012-06-10,,,,15.0,6,0,70.0,15.0
751685,2012.TEMP.ANOMOLY.0.60+,Global Temperature Anomaly for 2012 (Jan-Dec) to be 0.60 or more,2012-06-11,,,,15.0,6,0,70.0,15.0
751685,2012.TEMP.ANOMOLY.0.60+,Global Temperature Anomaly for 2012 (Jan-Dec) to be 0.60 or more,2012-06-12,,,,15.0,6,0,70.0,15.0
751685,2012.TEMP.ANOMOLY.0.60+,Global Temperature Anomaly for 2012 (Jan-Dec) to be 0.60 or more,2012-06-13,,,,15.0,6,0,70.0,15.0
751685,2012.TEMP.ANOMOLY.0.60+,Global Temperature Anomaly for 2012 (Jan-Dec) to be 0.60 or more,2012-06-14,,,,15.0,6,0,70.0,15.0
751685,2012.TEMP.ANOMOLY.0.60+,Global Temperature Anomaly for 2012 (Jan-Dec) to be 0.60 or more,2012-06-15,,,,15.0,6,0,70.0,15.0
751685,2012.TEMP.ANOMOLY.0.60+,Global Temperature Anomaly for 2012 (Jan-Dec) to be 0.60 or more,2012-06-16,,,,15.0,6,0,70.0,15.0
751685,2012.TEMP.ANOMOLY.0.60+,Global Temperature Anomaly for 2012 (Jan-Dec) to be 0.60 or more,2012-06-17,,,,15.0,6,0,70.0,15.0
751685,2012.TEMP.ANOMOLY.0.60+,Global Temperature Anomaly for 2012 (Jan-Dec) to be 0.60 or more,2012-06-18,,,,15.0,6,0,70.0,15.0
751685,2012.TEMP.ANOMOLY.0.60+,Global Temperature Anomaly for 2012 (Jan-Dec) to be 0.60 or more,2012-06-19,,,,15.0,6,0,70.0,15.0
751685,2012.TEMP.ANOMOLY.0.60+,Global Temperature Anomaly for 2012 (Jan-Dec) to be 0.60 or more,2012-06-20,,,,15.0,6,0,70.0,15.0
751685,2012.TEMP.ANOMOLY.0.60+,Global Temperature Anomaly for 2012 (Jan-Dec) to be 0.60 or more,2012-06-21,,,,15.0,6,0,70.0,15.0
751685,2012.TEMP.ANOMOLY.0.60+,Global Temperature Anomaly for 2012 (Jan-Dec) to be 0.60 or more,2012-06-22,,,,15.0,6,0,70.0,15.0
751685,2012.TEMP.ANOMOLY.0.60+,Global Temperature Anomaly for 2012 (Jan-Dec) to be 0.60 or more,2012-06-23,,,,15.0,6,0,70.0,15.0
751685,2012.TEMP.ANOMOLY.0.60+,Global Temperature Anomaly for 2012 (Jan-Dec) to be 0.60 or more,2012-06-24,,,,15.0,6,0,70.0,15.0
751685,2012.TEMP.ANOMOLY.0.60+,Global Temperature Anomaly for 2012 (Jan-Dec) to be 0.60 or more,2012-06-25,,,,15.0,6,0,70.0,15.0
751685,2012.TEMP.ANOMOLY.0.60+,Global Temperature Anomaly for 2012 (Jan-Dec) to be 0.60 or more,2012-06-26,,,,15.0,6,0,70.0,15.0
751685,2012.TEMP.ANOMOLY.0.60+,Global Temperature Anomaly for 2012 (Jan-Dec) to be 0.60 or more,2012-06-27,,,,15.0,6,0,70.0,15.0
751685,2012.TEMP.ANOMOLY.0.60+,Global Temperature Anomaly for 2012 (Jan-Dec) to be 0.60 or more,2012-06-28,,,,15.0,6,0,70.0,15.0
751685,2012.TEMP.ANOMOLY.0.60+,Global Temperature Anomaly for 2012 (Jan-Dec) to be 0.60 or more,2012-06-29,,,,15.0,6,0,70.0,15.0
751685,2012.TEMP.ANOMOLY.0.60+,Global Temperature Anomaly for 2012 (Jan-Dec) to be 0.60 or more,2012-06-30,,,,15.0,6,0,70.0,15.0
751685,2012.TEMP.ANOMOLY.0.60+,Global Temperature Anomaly for 2012 (Jan-Dec) to be 0.60 or more,2012-07-01,,,,15.0,6,0,70.0,15.0
751685,2012.TEMP.ANOMOLY.0.60+,Global Temperature Anomaly for 2012 (Jan-Dec) to be 0.60 or more,2012-07-02,,,,15.0,6,0,70.0,15.0
751685,2012.TEMP.ANOMOLY.0.60+,Global Temperature Anomaly for 2012 (Jan-Dec) to be 0.60 or more,2012-07-03,,,,15.0,6,0,70.0,15.0
751685,2012.TEMP.ANOMOLY.0.60+,Global Temperature Anomaly for 2012 (Jan-Dec) to be 0.60 or more,2012-07-04,,,,15.0,6,0,70.0,15.0
751685,2012.TEMP.ANOMOLY.0.60+,Global Temperature Anomaly for 2012 (Jan-Dec) to be 0.60 or more,2012-07-05,,,,15.0,6,0,70.0,15.0
751685,2012.TEMP.ANOMOLY.0.60+,Global Temperature Anomaly for 2012 (Jan-Dec) to be 0.60 or more,2012-07-06,,,,15.0,6,0,70.0,15.0
751685,2012.TEMP.ANOMOLY.0.60+,Global Temperature Anomaly for 2012 (Jan-Dec) to be 0.60 or more,2012-07-07,,,,15.0,6,0,70.0,15.0
751685,2012.TEMP.ANOMOLY.0.60+,Global Temperature Anomaly for 2012 (Jan-Dec) to be 0.60 or more,2012-07-08,,,,15.0,6,0,70.0,15.0
751685,2012.TEMP.ANOMOLY.0.60+,Global Temperature Anomaly for 2012 (Jan-Dec) to be 0.60 or more,2012-07-09,,,,15.0,6,0,70.0,15.0
751685,2012.TEMP.ANOMOLY.0.60+,Global Temperature Anomaly for 2012 (Jan-Dec) to be 0.60 or more,2012-07-10,,,,15.0,6,0,70.0,15.0
751685,2012.TEMP.ANOMOLY.0.60+,Global Temperature Anomaly for 2012 (Jan-Dec) to be 0.60 or more,2012-07-11,,,,15.0,6,0,70.0,15.0
751685,2012.TEMP.ANOMOLY.0.60+,Global Temperature Anomaly for 2012 (Jan-Dec) to be 0.60 or more,2012-07-12,,,,15.0,6,0,70.0,15.0
751685,2012.TEMP.ANOMOLY.0.60+,Global Temperature Anomaly for 2012 (Jan-Dec) to be 0.60 or more,2012-07-13,,,,15.0,6,0,70.0,15.0
751685,2012.TEMP.ANOMOLY.0.60+,Global Temperature Anomaly for 2012 (Jan-Dec) to be 0.60 or more,2012-07-14,,,,15.0,6,0,70.0,15.0
751685,2012.TEMP.ANOMOLY.0.60+,Global Temperature Anomaly for 2012 (Jan-Dec) to be 0.60 or more,2012-07-15,,,,15.0,6,0,70.0,15.0
751685,2012.TEMP.ANOMOLY.0.60+,Global Temperature Anomaly for 2012 (Jan-Dec) to be 0.60 or more,2012-07-16,,,,15.0,6,0,70.0,15.0
751685,2012.TEMP.ANOMOLY.0.60+,Global Temperature Anomaly for 2012 (Jan-Dec) to be 0.60 or more,2012-07-17,,,,15.0,6,0,70.0,15.0
751685,2012.TEMP.ANOMOLY.0.60+,Global Temperature Anomaly for 2012 (Jan-Dec) to be 0.60 or more,2012-07-18,,,,15.0,6,0,70.0,15.0
751685,2012.TEMP.ANOMOLY.0.60+,Global Temperature Anomaly for 2012 (Jan-Dec) to be 0.60 or more,2012-07-19,,,,15.0,6,0,70.0,15.0
751685,2012.TEMP.ANOMOLY.0.60+,Global Temperature Anomaly for 2012 (Jan-Dec) to be 0.60 or more,2012-07-20,16.1,16.1,16.1,16.1,11,5,70.0,15.0
751685,2012.TEMP.ANOMOLY.0.60+,Global Temperature Anomaly for 2012 (Jan-Dec) to be 0.60 or more,2012-07-21,,,,16.1,11,0,70.0,15.0
751685,2012.TEMP.ANOMOLY.0.60+,Global Temperature Anomaly for 2012 (Jan-Dec) to be 0.60 or more,2012-07-22,,,,16.1,11,0,70.0,15.0
751685,2012.TEMP.ANOMOLY.0.60+,Global Temperature Anomaly for 2012 (Jan-Dec) to be 0.60 or more,2012-07-23,,,,16.1,11,0,70.0,15.0
751685,2012.TEMP.ANOMOLY.0.60+,Global Temperature Anomaly for 2012 (Jan-Dec) to be 0.60 or more,2012-07-24,,,,16.1,11,0,70.0,15.0
751685,2012.TEMP.ANOMOLY.0.60+,Global Temperature Anomaly for 2012 (Jan-Dec) to be 0.60 or more,2012-07-25,,,,16.1,11,0,70.0,15.0
751685,2012.TEMP.ANOMOLY.0.60+,Global Temperature Anomaly for 2012 (Jan-Dec) to be 0.60 or more,2012-07-26,,,,16.1,11,0,70.0,15.0
751685,2012.TEMP.ANOMOLY.0.60+,Global Temperature Anomaly for 2012 (Jan-Dec) to be 0.60 or more,2012-07-27,,,,16.1,11,0,70.0,15.0
751685,2012.TEMP.ANOMOLY.0.60+,Global Temperature Anomaly for 2012 (Jan-Dec) to be 0.60 or more,2012-07-28,,,,16.1,11,0,70.0,15.0
751685,2012.TEMP.ANOMOLY.0.60+,Global Temperature Anomaly for 2012 (Jan-Dec) to be 0.60 or more,2012-07-29,,,,16.1,11,0,70.0,15.0
751685,2012.TEMP.ANOMOLY.0.60+,Global Temperature Anomaly for 2012 (Jan-Dec) to be 0.60 or more,2012-07-30,,,,16.1,11,0,70.0,15.0
751685,2012.TEMP.ANOMOLY.0.60+,Global Temperature Anomaly for 2012 (Jan-Dec) to be 0.60 or more,2012-07-31,,,,16.1,11,0,70.0,15.0
751685,2012.TEMP.ANOMOLY.0.60+,Global Temperature Anomaly for 2012 (Jan-Dec) to be 0.60 or more,2012-08-01,,,,16.1,11,0,70.0,15.0
751685,2012.TEMP.ANOMOLY.0.60+,Global Temperature Anomaly for 2012 (Jan-Dec) to be 0.60 or more,2012-08-02,,,,16.1,11,0,70.0,15.0
751685,2012.TEMP.ANOMOLY.0.60+,Global Temperature Anomaly for 2012 (Jan-Dec) to be 0.60 or more,2012-08-03,,,,16.1,11,0,70.0,15.0
751685,2012.TEMP.ANOMOLY.0.60+,Global Temperature Anomaly for 2012 (Jan-Dec) to be 0.60 or more,2012-08-04,,,,16.1,11,0,70.0,15.0
751685,2012.TEMP.ANOMOLY.0.60+,Global Temperature Anomaly for 2012 (Jan-Dec) to be 0.60 or more,2012-08-05,,,,16.1,11,0,70.0,15.0
751685,2012.TEMP.ANOMOLY.0.60+,Global Temperature Anomaly for 2012 (Jan-Dec) to be 0.60 or more,2012-08-06,,,,16.1,11,0,70.0,15.0
751685,2012.TEMP.ANOMOLY.0.60+,Global Temperature Anomaly for 2012 (Jan-Dec) to be 0.60 or more,2012-08-07,,,,16.1,11,0,70.0,15.0
751685,2012.TEMP.ANOMOLY.0.60+,Global Temperature Anomaly for 2012 (Jan-Dec) to be 0.60 or more,2012-08-08,,,,16.1,11,0,70.0,15.0
751685,2012.TEMP.ANOMOLY.0.60+,Global Temperature Anomaly for 2012 (Jan-Dec) to be 0.60 or more,2012-08-09,,,,16.1,11,0,70.0,15.0
751685,2012.TEMP.ANOMOLY.0.60+,Global Temperature Anomaly for 2012 (Jan-Dec) to be 0.60 or more,2012-08-10,,,,16.1,11,0,70.0,15.0
751685,2012.TEMP.ANOMOLY.0.60+,Global Temperature Anomaly for 2012 (Jan-Dec) to be 0.60 or more,2012-08-11,,,,16.1,11,0,70.0,15.0
751685,2012.TEMP.ANOMOLY.0.60+,Global Temperature Anomaly for 2012 (Jan-Dec) to be 0.60 or more,2012-08-12,,,,16.1,11,0,70.0,15.0
751685,2012.TEMP.ANOMOLY.0.60+,Global Temperature Anomaly for 2012 (Jan-Dec) to be 0.60 or more,2012-08-13,,,,16.1,11,0,70.0,15.0
751685,2012.TEMP.ANOMOLY.0.60+,Global Temperature Anomaly for 2012 (Jan-Dec) to be 0.60 or more,2012-08-14,,,,16.1,11,0,70.0,15.0
751685,2012.TEMP.ANOMOLY.0.60+,Global Temperature Anomaly for 2012 (Jan-Dec) to be 0.60 or more,2012-08-15,,,,16.1,11,0,70.0,15.0
751685,2012.TEMP.ANOMOLY.0.60+,Global Temperature Anomaly for 2012 (Jan-Dec) to be 0.60 or more,2012-08-16,,,,16.1,11,0,70.0,15.0
751685,2012.TEMP.ANOMOLY.0.60+,Global Temperature Anomaly for 2012 (Jan-Dec) to be 0.60 or more,2012-08-17,,,,16.1,11,0,70.0,15.0
751685,2012.TEMP.ANOMOLY.0.60+,Global Temperature Anomaly for 2012 (Jan-Dec) to be 0.60 or more,2012-08-18,,,,16.1,11,0,70.0,15.0
751685,2012.TEMP.ANOMOLY.0.60+,Global Temperature Anomaly for 2012 (Jan-Dec) to be 0.60 or more,2012-08-19,,,,16.1,11,0,70.0,15.0
751685,2012.TEMP.ANOMOLY.0.60+,Global Temperature Anomaly for 2012 (Jan-Dec) to be 0.60 or more,2012-08-20,,,,16.1,11,0,70.0,15.0
751685,2012.TEMP.ANOMOLY.0.60+,Global Temperature Anomaly for 2012 (Jan-Dec) to be 0.60 or more,2012-08-21,,,,16.1,11,0,70.0,15.0
751685,2012.TEMP.ANOMOLY.0.60+,Global Temperature Anomaly for 2012 (Jan-Dec) to be 0.60 or more,2012-08-22,,,,16.1,11,0,70.0,15.0
751685,2012.TEMP.ANOMOLY.0.60+,Global Temperature Anomaly for 2012 (Jan-Dec) to be 0.60 or more,2012-08-23,,,,16.1,11,0,70.0,15.0
751685,2012.TEMP.ANOMOLY.0.60+,Global Temperature Anomaly for 2012 (Jan-Dec) to be 0.60 or more,2012-08-24,,,,16.1,11,0,70.0,15.0
751685,2012.TEMP.ANOMOLY.0.60+,Global Temperature Anomaly for 2012 (Jan-Dec) to be 0.60 or more,2012-08-25,,,,16.1,11,0,70.0,15.0
751685,2012.TEMP.ANOMOLY.0.60+,Global Temperature Anomaly for 2012 (Jan-Dec) to be 0.60 or more,2012-08-26,,,,16.1,11,0,70.0,15.0
751685,2012.TEMP.ANOMOLY.0.60+,Global Temperature Anomaly for 2012 (Jan-Dec) to be 0.60 or more,2012-08-27,,,,16.1,11,0,70.0,15.0
751685,2012.TEMP.ANOMOLY.0.60+,Global Temperature Anomaly for 2012 (Jan-Dec) to be 0.60 or more,2012-08-28,,,,16.1,11,0,70.0,15.0
751685,2012.TEMP.ANOMOLY.0.60+,Global Temperature Anomaly for 2012 (Jan-Dec) to be 0.60 or more,2012-08-29,,,,16.1,11,0,70.0,15.0
751685,2012.TEMP.ANOMOLY.0.60+,Global Temperature Anomaly for 2012 (Jan-Dec) to be 0.60 or more,2012-08-30,,,,16.1,11,0,70.0,15.0
751685,2012.TEMP.ANOMOLY.0.60+,Global Temperature Anomaly for 2012 (Jan-Dec) to be 0.60 or more,2012-08-31,,,,16.1,11,0,70.0,15.0
751685,2012.TEMP.ANOMOLY.0.60+,Global Temperature Anomaly for 2012 (Jan-Dec) to be 0.60 or more,2012-09-01,,,,16.1,11,0,70.0,15.0
751685,2012.TEMP.ANOMOLY.0.60+,Global Temperature Anomaly for 2012 (Jan-Dec) to be 0.60 or more,2012-09-02,,,,16.1,11,0,70.0,15.0
751685,2012.TEMP.ANOMOLY.0.60+,Global Temperature Anomaly for 2012 (Jan-Dec) to be 0.60 or more,2012-09-03,,,,16.1,11,0,70.0,15.0
751685,2012.TEMP.ANOMOLY.0.60+,Global Temperature Anomaly for 2012 (Jan-Dec) to be 0.60 or more,2012-09-04,,,,16.1,11,0,70.0,15.0
751685,2012.TEMP.ANOMOLY.0.60+,Global Temperature Anomaly for 2012 (Jan-Dec) to be 0.60 or more,2012-09-05,,,,16.1,11,0,70.0,15.0
751685,2012.TEMP.ANOMOLY.0.60+,Global Temperature Anomaly for 2012 (Jan-Dec) to be 0.60 or more,2012-09-06,,,,16.1,11,0,70.0,15.0
751685,2012.TEMP.ANOMOLY.0.60+,Global Temperature Anomaly for 2012 (Jan-Dec) to be 0.60 or more,2012-09-07,,,,16.1,11,0,70.0,15.0
751685,2012.TEMP.ANOMOLY.0.60+,Global Temperature Anomaly for 2012 (Jan-Dec) to be 0.60 or more,2012-09-08,,,,16.1,11,0,70.0,15.0
751685,2012.TEMP.ANOMOLY.0.60+,Global Temperature Anomaly for 2012 (Jan-Dec) to be 0.60 or more,2012-09-09,,,,16.1,11,0,70.0,15.0
751685,2012.TEMP.ANOMOLY.0.60+,Global Temperature Anomaly for 2012 (Jan-Dec) to be 0.60 or more,2012-09-10,,,,16.1,11,0,70.0,15.0
751685,2012.TEMP.ANOMOLY.0.60+,Global Temperature Anomaly for 2012 (Jan-Dec) to be 0.60 or more,2012-09-11,,,,16.1,11,0,70.0,15.0
751685,2012.TEMP.ANOMOLY.0.60+,Global Temperature Anomaly for 2012 (Jan-Dec) to be 0.60 or more,2012-09-12,16.0,16.0,16.0,16.0,12,1,70.0,15.0
751685,2012.TEMP.ANOMOLY.0.60+,Global Temperature Anomaly for 2012 (Jan-Dec) to be 0.60 or more,2012-09-13,,,,16.0,12,0,70.0,15.0
751685,2012.TEMP.ANOMOLY.0.60+,Global Temperature Anomaly for 2012 (Jan-Dec) to be 0.60 or more,2012-09-14,,,,16.0,12,0,70.0,15.0
751685,2012.TEMP.ANOMOLY.0.60+,Global Temperature Anomaly for 2012 (Jan-Dec) to be 0.60 or more,2012-09-15,,,,16.0,12,0,70.0,15.0
751685,2012.TEMP.ANOMOLY.0.60+,Global Temperature Anomaly for 2012 (Jan-Dec) to be 0.60 or more,2012-09-16,,,,16.0,12,0,70.0,15.0
751685,2012.TEMP.ANOMOLY.0.60+,Global Temperature Anomaly for 2012 (Jan-Dec) to be 0.60 or more,2012-09-17,,,,16.0,12,0,70.0,15.0
751685,2012.TEMP.ANOMOLY.0.60+,Global Temperature Anomaly for 2012 (Jan-Dec) to be 0.60 or more,2012-09-18,,,,16.0,12,0,70.0,15.0
751685,2012.TEMP.ANOMOLY.0.60+,Global Temperature Anomaly for 2012 (Jan-Dec) to be 0.60 or more,2012-09-19,,,,16.0,12,0,70.0,15.0
751685,2012.TEMP.ANOMOLY.0.60+,Global Temperature Anomaly for 2012 (Jan-Dec) to be 0.60 or more,2012-09-20,,,,16.0,12,0,70.0,15.0
751685,2012.TEMP.ANOMOLY.0.60+,Global Temperature Anomaly for 2012 (Jan-Dec) to be 0.60 or more,2012-09-21,,,,16.0,12,0,70.0,15.0
751685,2012.TEMP.ANOMOLY.0.60+,Global Temperature Anomaly for 2012 (Jan-Dec) to be 0.60 or more,2012-09-22,,,,16.0,12,0,70.0,15.0
751685,2012.TEMP.ANOMOLY.0.60+,Global Temperature Anomaly for 2012 (Jan-Dec) to be 0.60 or more,2012-09-23,,,,16.0,12,0,70.0,15.0
751685,2012.TEMP.ANOMOLY.0.60+,Global Temperature Anomaly for 2012 (Jan-Dec) to be 0.60 or more,2012-09-24,,,,16.0,12,0,70.0,15.0
751685,2012.TEMP.ANOMOLY.0.60+,Global Temperature Anomaly for 2012 (Jan-Dec) to be 0.60 or more,2012-09-25,,,,16.0,12,0,70.0,15.0
751685,2012.TEMP.ANOMOLY.0.60+,Global Temperature Anomaly for 2012 (Jan-Dec) to be 0.60 or more,2012-09-26,,,,16.0,12,0,70.0,15.0
751685,2012.TEMP.ANOMOLY.0.60+,Global Temperature Anomaly for 2012 (Jan-Dec) to be 0.60 or more,2012-09-27,,,,16.0,12,0,70.0,15.0
751685,2012.TEMP.ANOMOLY.0.60+,Global Temperature Anomaly for 2012 (Jan-Dec) to be 0.60 or more,2012-09-28,,,,16.0,12,0,70.0,15.0
751685,2012.TEMP.ANOMOLY.0.60+,Global Temperature Anomaly for 2012 (Jan-Dec) to be 0.60 or more,2012-09-29,,,,16.0,12,0,70.0,15.0
751685,2012.TEMP.ANOMOLY.0.60+,Global Temperature Anomaly for 2012 (Jan-Dec) to be 0.60 or more,2012-09-30,,,,16.0,12,0,70.0,15.0
751685,2012.TEMP.ANOMOLY.0.60+,Global Temperature Anomaly for 2012 (Jan-Dec) to be 0.60 or more,2012-10-01,,,,16.0,12,0,70.0,15.0
751685,2012.TEMP.ANOMOLY.0.60+,Global Temperature Anomaly for 2012 (Jan-Dec) to be 0.60 or more,2012-10-02,,,,16.0,12,0,70.0,15.0
751685,2012.TEMP.ANOMOLY.0.60+,Global Temperature Anomaly for 2012 (Jan-Dec) to be 0.60 or more,2012-10-03,,,,16.0,12,0,70.0,15.0
751685,2012.TEMP.ANOMOLY.0.60+,Global Temperature Anomaly for 2012 (Jan-Dec) to be 0.60 or more,2012-10-04,,,,16.0,12,0,70.0,15.0
751685,2012.TEMP.ANOMOLY.0.60+,Global Temperature Anomaly for 2012 (Jan-Dec) to be 0.60 or more,2012-10-05,,,,16.0,12,0,70.0,15.0
751685,2012.TEMP.ANOMOLY.0.60+,Global Temperature Anomaly for 2012 (Jan-Dec) to be 0.60 or more,2012-10-06,,,,16.0,12,0,70.0,15.0
751685,2012.TEMP.ANOMOLY.0.60+,Global Temperature Anomaly for 2012 (Jan-Dec) to be 0.60 or more,2012-10-07,,,,16.0,12,0,70.0,15.0
751685,2012.TEMP.ANOMOLY.0.60+,Global Temperature Anomaly for 2012 (Jan-Dec) to be 0.60 or more,2012-10-08,,,,16.0,12,0,70.0,15.0
751685,2012.TEMP.ANOMOLY.0.60+,Global Temperature Anomaly for 2012 (Jan-Dec) to be 0.60 or more,2012-10-09,,,,16.0,12,0,70.0,15.0
751685,2012.TEMP.ANOMOLY.0.60+,Global Temperature Anomaly for 2012 (Jan-Dec) to be 0.60 or more,2012-10-10,,,,16.0,12,0,70.0,15.0
751685,2012.TEMP.ANOMOLY.0.60+,Global Temperature Anomaly for 2012 (Jan-Dec) to be 0.60 or more,2012-10-11,,,,16.0,12,0,70.0,15.0
751685,2012.TEMP.ANOMOLY.0.60+,Global Temperature Anomaly for 2012 (Jan-Dec) to be 0.60 or more,2012-10-12,,,,16.0,12,0,70.0,15.0
751685,2012.TEMP.ANOMOLY.0.60+,Global Temperature Anomaly for 2012 (Jan-Dec) to be 0.60 or more,2012-10-13,,,,16.0,12,0,70.0,15.0
751685,2012.TEMP.ANOMOLY.0.60+,Global Temperature Anomaly for 2012 (Jan-Dec) to be 0.60 or more,2012-10-14,,,,16.0,12,0,70.0,15.0
751685,2012.TEMP.ANOMOLY.0.60+,Global Temperature Anomaly for 2012 (Jan-Dec) to be 0.60 or more,2012-10-15,,,,16.0,12,0,70.0,15.0
751685,2012.TEMP.ANOMOLY.0.60+,Global Temperature Anomaly for 2012 (Jan-Dec) to be 0.60 or more,2012-10-16,,,,16.0,12,0,70.0,15.0
751685,2012.TEMP.ANOMOLY.0.60+,Global Temperature Anomaly for 2012 (Jan-Dec) to be 0.60 or more,2012-10-17,,,,16.0,12,0,70.0,15.0
751685,2012.TEMP.ANOMOLY.0.60+,Global Temperature Anomaly for 2012 (Jan-Dec) to be 0.60 or more,2012-10-18,,,,16.0,12,0,70.0,15.0
751685,2012.TEMP.ANOMOLY.0.60+,Global Temperature Anomaly for 2012 (Jan-Dec) to be 0.60 or more,2012-10-19,5.0,6.0,5.0,6.0,8,6,70.0,5.0
751685,2012.TEMP.ANOMOLY.0.60+,Global Temperature Anomaly for 2012 (Jan-Dec) to be 0.60 or more,2012-10-20,,,,6.0,8,0,70.0,5.0
751685,2012.TEMP.ANOMOLY.0.60+,Global Temperature Anomaly for 2012 (Jan-Dec) to be 0.60 or more,2012-10-21,,,,6.0,8,0,70.0,5.0
751685,2012.TEMP.ANOMOLY.0.60+,Global Temperature Anomaly for 2012 (Jan-Dec) to be 0.60 or more,2012-10-22,,,,6.0,8,0,70.0,5.0
751685,2012.TEMP.ANOMOLY.0.60+,Global Temperature Anomaly for 2012 (Jan-Dec) to be 0.60 or more,2012-10-23,3.0,3.0,3.0,3.0,8,2,70.0,3.0
751685,2012.TEMP.ANOMOLY.0.60+,Global Temperature Anomaly for 2012 (Jan-Dec) to be 0.60 or more,2012-10-24,,,,3.0,8,0,70.0,3.0
751685,2012.TEMP.ANOMOLY.0.60+,Global Temperature Anomaly for 2012 (Jan-Dec) to be 0.60 or more,2012-10-25,,,,3.0,8,0,70.0,3.0
751685,2012.TEMP.ANOMOLY.0.60+,Global Temperature Anomaly for 2012 (Jan-Dec) to be 0.60 or more,2012-10-26,,,,3.0,8,0,70.0,3.0
751685,2012.TEMP.ANOMOLY.0.60+,Global Temperature Anomaly for 2012 (Jan-Dec) to be 0.60 or more,2012-10-27,,,,3.0,8,0,70.0,3.0
751685,2012.TEMP.ANOMOLY.0.60+,Global Temperature Anomaly for 2012 (Jan-Dec) to be 0.60 or more,2012-10-28,,,,3.0,8,0,70.0,3.0
751685,2012.TEMP.ANOMOLY.0.60+,Global Temperature Anomaly for 2012 (Jan-Dec) to be 0.60 or more,2012-10-29,,,,3.0,8,0,70.0,3.0
751685,2012.TEMP.ANOMOLY.0.60+,Global Temperature Anomaly for 2012 (Jan-Dec) to be 0.60 or more,2012-10-30,,,,3.0,8,0,70.0,3.0
751685,2012.TEMP.ANOMOLY.0.60+,Global Temperature Anomaly for 2012 (Jan-Dec) to be 0.60 or more,2012-10-31,,,,3.0,8,0,70.0,3.0
751685,2012.TEMP.ANOMOLY.0.60+,Global Temperature Anomaly for 2012 (Jan-Dec) to be 0.60 or more,2012-11-01,,,,3.0,8,0,70.0,3.0
751685,2012.TEMP.ANOMOLY.0.60+,Global Temperature Anomaly for 2012 (Jan-Dec) to be 0.60 or more,2012-11-02,,,,3.0,8,0,70.0,3.0
751685,2012.TEMP.ANOMOLY.0.60+,Global Temperature Anomaly for 2012 (Jan-Dec) to be 0.60 or more,2012-11-03,,,,3.0,8,0,70.0,3.0
751685,2012.TEMP.ANOMOLY.0.60+,Global Temperature Anomaly for 2012 (Jan-Dec) to be 0.60 or more,2012-11-04,,,,3.0,8,0,70.0,3.0
751685,2012.TEMP.ANOMOLY.0.60+,Global Temperature Anomaly for 2012 (Jan-Dec) to be 0.60 or more,2012-11-05,,,,3.0,8,0,70.0,3.0
751685,2012.TEMP.ANOMOLY.0.60+,Global Temperature Anomaly for 2012 (Jan-Dec) to be 0.60 or more,2012-11-06,,,,3.0,8,0,70.0,3.0
751685,2012.TEMP.ANOMOLY.0.60+,Global Temperature Anomaly for 2012 (Jan-Dec) to be 0.60 or more,2012-11-07,,,,3.0,8,0,70.0,3.0
751685,2012.TEMP.ANOMOLY.0.60+,Global Temperature Anomaly for 2012 (Jan-Dec) to be 0.60 or more,2012-11-08,8.0,8.0,8.0,8.0,13,5,70.0,3.0
751685,2012.TEMP.ANOMOLY.0.60+,Global Temperature Anomaly for 2012 (Jan-Dec) to be 0.60 or more,2012-11-09,,,,8.0,13,0,70.0,3.0
751685,2012.TEMP.ANOMOLY.0.60+,Global Temperature Anomaly for 2012 (Jan-Dec) to be 0.60 or more,2012-11-10,8.0,8.0,8.0,8.0,32,19,70.0,3.0
751685,2012.TEMP.ANOMOLY.0.60+,Global Temperature Anomaly for 2012 (Jan-Dec) to be 0.60 or more,2012-11-11,2.5,2.5,2.5,2.5,83,51,70.0,2.5
751685,2012.TEMP.ANOMOLY.0.60+,Global Temperature Anomaly for 2012 (Jan-Dec) to be 0.60 or more,2012-11-12,4.0,4.0,4.0,4.0,83,7,70.0,2.5
751685,2012.TEMP.ANOMOLY.0.60+,Global Temperature Anomaly for 2012 (Jan-Dec) to be 0.60 or more,2012-11-13,,,,4.0,83,0,70.0,2.5
751685,2012.TEMP.ANOMOLY.0.60+,Global Temperature Anomaly for 2012 (Jan-Dec) to be 0.60 or more,2012-11-14,,,,4.0,83,0,70.0,2.5
751685,2012.TEMP.ANOMOLY.0.60+,Global Temperature Anomaly for 2012 (Jan-Dec) to be 0.60 or more,2012-11-15,,,,4.0,83,0,70.0,2.5
751685,2012.TEMP.ANOMOLY.0.60+,Global Temperature Anomaly for 2012 (Jan-Dec) to be 0.60 or more,2012-11-16,,,,4.0,83,0,70.0,2.5
751685,2012.TEMP.ANOMOLY.0.60+,Global Temperature Anomaly for 2012 (Jan-Dec) to be 0.60 or more,2012-11-17,,,,4.0,83,0,70.0,2.5
751685,2012.TEMP.ANOMOLY.0.60+,Global Temperature Anomaly for 2012 (Jan-Dec) to be 0.60 or more,2012-11-18,,,,4.0,83,0,70.0,2.5
751685,2012.TEMP.ANOMOLY.0.60+,Global Temperature Anomaly for 2012 (Jan-Dec) to be 0.60 or more,2012-11-19,,,,4.0,83,0,70.0,2.5
751685,2012.TEMP.ANOMOLY.0.60+,Global Temperature Anomaly for 2012 (Jan-Dec) to be 0.60 or more,2012-11-20,,,,4.0,83,0,70.0,2.5
751685,2012.TEMP.ANOMOLY.0.60+,Global Temperature Anomaly for 2012 (Jan-Dec) to be 0.60 or more,2012-11-21,,,,4.0,83,0,70.0,2.5
751685,2012.TEMP.ANOMOLY.0.60+,Global Temperature Anomaly for 2012 (Jan-Dec) to be 0.60 or more,2012-11-22,,,,4.0,83,0,70.0,2.5
751685,2012.TEMP.ANOMOLY.0.60+,Global Temperature Anomaly for 2012 (Jan-Dec) to be 0.60 or more,2012-11-23,,,,4.0,83,0,70.0,2.5
751685,2012.TEMP.ANOMOLY.0.60+,Global Temperature Anomaly for 2012 (Jan-Dec) to be 0.60 or more,2012-11-24,,,,4.0,83,0,70.0,2.5
751685,2012.TEMP.ANOMOLY.0.60+,Global Temperature Anomaly for 2012 (Jan-Dec) to be 0.60 or more,2012-11-25,,,,4.0,83,0,70.0,2.5
751685,2012.TEMP.ANOMOLY.0.60+,Global Temperature Anomaly for 2012 (Jan-Dec) to be 0.60 or more,2012-11-26,,,,4.0,83,0,70.0,2.5
751685,2012.TEMP.ANOMOLY.0.60+,Global Temperature Anomaly for 2012 (Jan-Dec) to be 0.60 or more,2012-11-27,,,,4.0,83,0,70.0,2.5
751685,2012.TEMP.ANOMOLY.0.60+,Global Temperature Anomaly for 2012 (Jan-Dec) to be 0.60 or more,2012-11-28,0.3,0.3,0.3,0.3,75,8,70.0,0.3
751685,2012.TEMP.ANOMOLY.0.60+,Global Temperature Anomaly for 2012 (Jan-Dec) to be 0.60 or more,2012-11-29,0.3,0.3,0.3,0.3,75,74,70.0,0.3
751685,2012.TEMP.ANOMOLY.0.60+,Global Temperature Anomaly for 2012 (Jan-Dec) to be 0.60 or more,2012-11-30,,,,0.3,75,0,70.0,0.3
751685,2012.TEMP.ANOMOLY.0.60+,Global Temperature Anomaly for 2012 (Jan-Dec) to be 0.60 or more,2012-12-01,,,,0.3,75,0,70.0,0.3
751685,2012.TEMP.ANOMOLY.0.60+,Global Temperature Anomaly for 2012 (Jan-Dec) to be 0.60 or more,2012-12-02,,,,0.3,75,0,70.0,0.3
751685,2012.TEMP.ANOMOLY.0.60+,Global Temperature Anomaly for 2012 (Jan-Dec) to be 0.60 or more,2012-12-03,,,,0.3,75,0,70.0,0.3
751685,2012.TEMP.ANOMOLY.0.60+,Global Temperature Anomaly for 2012 (Jan-Dec) to be 0.60 or more,2012-12-04,,,,0.3,75,0,70.0,0.3
751685,2012.TEMP.ANOMOLY.0.60+,Global Temperature Anomaly for 2012 (Jan-Dec) to be 0.60 or more,2012-12-05,,,,0.3,75,0,70.0,0.3
751685,2012.TEMP.ANOMOLY.0.60+,Global Temperature Anomaly for 2012 (Jan-Dec) to be 0.60 or more,2012-12-06,,,,0.3,75,0,70.0,0.3
751685,2012.TEMP.ANOMOLY.0.60+,Global Temperature Anomaly for 2012 (Jan-Dec) to be 0.60 or more,2012-12-07,,,,0.3,75,0,70.0,0.3
751685,2012.TEMP.ANOMOLY.0.60+,Global Temperature Anomaly for 2012 (Jan-Dec) to be 0.60 or more,2012-12-08,,,,0.3,75,0,70.0,0.3
751685,2012.TEMP.ANOMOLY.0.60+,Global Temperature Anomaly for 2012 (Jan-Dec) to be 0.60 or more,2012-12-09,,,,0.3,75,0,70.0,0.3
751685,2012.TEMP.ANOMOLY.0.60+,Global Temperature Anomaly for 2012 (Jan-Dec) to be 0.60 or more,2012-12-10,,,,0.3,75,0,70.0,0.3
751685,2012.TEMP.ANOMOLY.0.60+,Global Temperature Anomaly for 2012 (Jan-Dec) to be 0.60 or more,2012-12-11,,,,0.3,75,0,70.0,0.3
751685,2012.TEMP.ANOMOLY.0.60+,Global Temperature Anomaly for 2012 (Jan-Dec) to be 0.60 or more,2012-12-12,,,,0.3,75,0,70.0,0.3
751685,2012.TEMP.ANOMOLY.0.60+,Global Temperature Anomaly for 2012 (Jan-Dec) to be 0.60 or more,2012-12-13,,,,0.3,75,0,70.0,0.3
751685,2012.TEMP.ANOMOLY.0.60+,Global Temperature Anomaly for 2012 (Jan-Dec) to be 0.60 or more,2012-12-14,,,,0.3,75,0,70.0,0.3
751685,2012.TEMP.ANOMOLY.0.60+,Global Temperature Anomaly for 2012 (Jan-Dec) to be 0.60 or more,2012-12-15,,,,0.3,75,0,70.0,0.3
751685,2012.TEMP.ANOMOLY.0.60+,Global Temperature Anomaly for 2012 (Jan-Dec) to be 0.60 or more,2012-12-16,,,,0.3,75,0,70.0,0.3
751685,2012.TEMP.ANOMOLY.0.60+,Global Temperature Anomaly for 2012 (Jan-Dec) to be 0.60 or more,2012-12-17,,,,0.3,75,0,70.0,0.3
751685,2012.TEMP.ANOMOLY.0.60+,Global Temperature Anomaly for 2012 (Jan-Dec) to be 0.60 or more,2012-12-18,,,,0.3,75,0,70.0,0.3
751685,2012.TEMP.ANOMOLY.0.60+,Global Temperature Anomaly for 2012 (Jan-Dec) to be 0.60 or more,2012-12-19,,,,0.3,75,0,70.0,0.3
751685,2012.TEMP.ANOMOLY.0.60+,Global Temperature Anomaly for 2012 (Jan-Dec) to be 0.60 or more,2012-12-20,,,,0.3,75,0,70.0,0.3
751685,2012.TEMP.ANOMOLY.0.60+,Global Temperature Anomaly for 2012 (Jan-Dec) to be 0.60 or more,2012-12-21,,,,0.3,75,0,70.0,0.3
751685,2012.TEMP.ANOMOLY.0.60+,Global Temperature Anomaly for 2012 (Jan-Dec) to be 0.60 or more,2012-12-22,,,,0.3,75,0,70.0,0.3
751685,2012.TEMP.ANOMOLY.0.60+,Global Temperature Anomaly for 2012 (Jan-Dec) to be 0.60 or more,2012-12-23,0.3,0.3,0.3,0.3,75,5,70.0,0.3
751685,2012.TEMP.ANOMOLY.0.60+,Global Temperature Anomaly for 2012 (Jan-Dec) to be 0.60 or more,2012-12-24,,,,0.3,75,0,70.0,0.3
751685,2012.TEMP.ANOMOLY.0.60+,Global Temperature Anomaly for 2012 (Jan-Dec) to be 0.60 or more,2012-12-25,,,,0.3,75,0,70.0,0.3
751685,2012.TEMP.ANOMOLY.0.60+,Global Temperature Anomaly for 2012 (Jan-Dec) to be 0.60 or more,2012-12-26,,,,0.3,75,0,70.0,0.3
751685,2012.TEMP.ANOMOLY.0.60+,Global Temperature Anomaly for 2012 (Jan-Dec) to be 0.60 or more,2012-12-27,,,,0.3,75,0,70.0,0.3
751685,2012.TEMP.ANOMOLY.0.60+,Global Temperature Anomaly for 2012 (Jan-Dec) to be 0.60 or more,2012-12-28,,,,0.3,75,0,70.0,0.3
751685,2012.TEMP.ANOMOLY.0.60+,Global Temperature Anomaly for 2012 (Jan-Dec) to be 0.60 or more,2012-12-29,,,,0.3,75,0,70.0,0.3
751685,2012.TEMP.ANOMOLY.0.60+,Global Temperature Anomaly for 2012 (Jan-Dec) to be 0.60 or more,2012-12-30,,,,0.3,75,0,70.0,0.3
751685,2012.TEMP.ANOMOLY.0.60+,Global Temperature Anomaly for 2012 (Jan-Dec) to be 0.60 or more,2012-12-31,,,,0.3,75,0,70.0,0.3
751685,2012.TEMP.ANOMOLY.0.60+,Global Temperature Anomaly for 2012 (Jan-Dec) to be 0.60 or more,2013-01-01,,,,0.3,75,0,70.0,0.3
751685,2012.TEMP.ANOMOLY.0.60+,Global Temperature Anomaly for 2012 (Jan-Dec) to be 0.60 or more,2013-01-02,,,,0.3,75,0,70.0,0.3
751685,2012.TEMP.ANOMOLY.0.60+,Global Temperature Anomaly for 2012 (Jan-Dec) to be 0.60 or more,2013-01-03,,,,0.3,75,0,70.0,0.3
751685,2012.TEMP.ANOMOLY.0.60+,Global Temperature Anomaly for 2012 (Jan-Dec) to be 0.60 or more,2013-01-04,,,,0.3,75,0,70.0,0.3
751685,2012.TEMP.ANOMOLY.0.60+,Global Temperature Anomaly for 2012 (Jan-Dec) to be 0.60 or more,2013-01-05,,,,0.3,75,0,70.0,0.3
751685,2012.TEMP.ANOMOLY.0.60+,Global Temperature Anomaly for 2012 (Jan-Dec) to be 0.60 or more,2013-01-06,,,,0.3,75,0,70.0,0.3
751685,2012.TEMP.ANOMOLY.0.60+,Global Temperature Anomaly for 2012 (Jan-Dec) to be 0.60 or more,2013-01-07,,,,0.3,75,0,70.0,0.3
751685,2012.TEMP.ANOMOLY.0.60+,Global Temperature Anomaly for 2012 (Jan-Dec) to be 0.60 or more,2013-01-08,,,,0.3,75,0,70.0,0.3
751685,2012.TEMP.ANOMOLY.0.60+,Global Temperature Anomaly for 2012 (Jan-Dec) to be 0.60 or more,2013-01-09,,,,0.3,75,0,70.0,0.3
751685,2012.TEMP.ANOMOLY.0.60+,Global Temperature Anomaly for 2012 (Jan-Dec) to be 0.60 or more,2013-01-10,,,,0.3,75,0,70.0,0.3
751685,2012.TEMP.ANOMOLY.0.60+,Global Temperature Anomaly for 2012 (Jan-Dec) to be 0.60 or more,2013-01-11,,,,0.3,75,0,70.0,0.3
751685,2012.TEMP.ANOMOLY.0.60+,Global Temperature Anomaly for 2012 (Jan-Dec) to be 0.60 or more,2013-01-12,,,,0.3,75,0,70.0,0.3
751685,2012.TEMP.ANOMOLY.0.60+,Global Temperature Anomaly for 2012 (Jan-Dec) to be 0.60 or more,2013-01-13,,,,0.3,75,0,70.0,0.3
751685,2012.TEMP.ANOMOLY.0.60+,Global Temperature Anomaly for 2012 (Jan-Dec) to be 0.60 or more,2013-01-14,,,,0.3,75,0,70.0,0.3
751685,2012.TEMP.ANOMOLY.0.60+,Global Temperature Anomaly for 2012 (Jan-Dec) to be 0.60 or more,2013-01-15,,,,0.3,75,0,70.0,0.3
