market id,market symbol,market name,business day,session open,session high,session low,closing price,open interest,session trade volume,lifetime high,lifetime low
751689,2012.TEMP.ANOMOLY.0.40+,Global Temperature Anomaly for 2012 (Jan-Dec) to be 0.40 or more,2011-09-08,0.0,0.0,0.0,0.0,0,0,0.0,0.0
751689,2012.TEMP.ANOMOLY.0.40+,Global Temperature Anomaly for 2012 (Jan-Dec) to be 0.40 or more,2011-09-09,0.0,0.0,0.0,0.0,0,0,0.0,0.0
751689,2012.TEMP.ANOMOLY.0.40+,Global Temperature Anomaly for 2012 (Jan-Dec) to be 0.40 or more,2011-09-10,0.0,0.0,0.0,0.0,0,0,0.0,0.0
751689,2012.TEMP.ANOMOLY.0.40+,Global Temperature Anomaly for 2012 (Jan-Dec) to be 0.40 or more,2011-09-11,0.0,0.0,0.0,0.0,0,0,0.0,0.0
751689,2012.TEMP.ANOMOLY.0.40+,Global Temperature Anomaly for 2012 (Jan-Dec) to be 0.40 or more,2011-09-12,0.0,0.0,0.0,0.0,0,0,0.0,0.0
751689,2012.TEMP.ANOMOLY.0.40+,Global Temperature Anomaly for 2012 (Jan-Dec) to be 0.40 or more,2011-09-13,0.0,0.0,0.0,0.0,0,0,0.0,0.0
751689,2012.TEMP.ANOMOLY.0.40+,Global Temperature Anomaly for 2012 (Jan-Dec) to be 0.40 or more,2011-09-14,0.0,0.0,0.0,0.0,0,0,0.0,0.0
751689,2012.TEMP.ANOMOLY.0.40+,Global Temperature Anomaly for 2012 (Jan-Dec) to be 0.40 or more,2011-09-15,0.0,0.0,0.0,0.0,0,0,0.0,0.0
751689,2012.TEMP.ANOMOLY.0.40+,Global Temperature Anomaly for 2012 (Jan-Dec) to be 0.40 or more,2011-09-16,0.0,0.0,0.0,0.0,0,0,0.0,0.0
751689,2012.TEMP.ANOMOLY.0.40+,Global Temperature Anomaly for 2012 (Jan-Dec) to be 0.40 or more,2011-09-17,0.0,0.0,0.0,0.0,0,0,0.0,0.0
751689,2012.TEMP.ANOMOLY.0.40+,Global Temperature Anomaly for 2012 (Jan-Dec) to be 0.40 or more,2011-09-18,0.0,0.0,0.0,0.0,0,0,0.0,0.0
751689,2012.TEMP.ANOMOLY.0.40+,Global Temperature Anomaly for 2012 (Jan-Dec) to be 0.40 or more,2011-09-19,0.0,0.0,0.0,0.0,0,0,0.0,0.0
751689,2012.TEMP.ANOMOLY.0.40+,Global Temperature Anomaly for 2012 (Jan-Dec) to be 0.40 or more,2011-09-20,0.0,0.0,0.0,0.0,0,0,0.0,0.0
751689,2012.TEMP.ANOMOLY.0.40+,Global Temperature Anomaly for 2012 (Jan-Dec) to be 0.40 or more,2011-09-21,0.0,0.0,0.0,0.0,0,0,0.0,0.0
751689,2012.TEMP.ANOMOLY.0.40+,Global Temperature Anomaly for 2012 (Jan-Dec) to be 0.40 or more,2011-09-22,0.0,0.0,0.0,0.0,0,0,0.0,0.0
751689,2012.TEMP.ANOMOLY.0.40+,Global Temperature Anomaly for 2012 (Jan-Dec) to be 0.40 or more,2011-09-23,0.0,0.0,0.0,0.0,0,0,0.0,0.0
751689,2012.TEMP.ANOMOLY.0.40+,Global Temperature Anomaly for 2012 (Jan-Dec) to be 0.40 or more,2011-09-24,0.0,0.0,0.0,0.0,0,0,0.0,0.0
751689,2012.TEMP.ANOMOLY.0.40+,Global Temperature Anomaly for 2012 (Jan-Dec) to be 0.40 or more,2011-09-25,0.0,0.0,0.0,0.0,0,0,0.0,0.0
751689,2012.TEMP.ANOMOLY.0.40+,Global Temperature Anomaly for 2012 (Jan-Dec) to be 0.40 or more,2011-09-26,0.0,0.0,0.0,0.0,0,0,0.0,0.0
751689,2012.TEMP.ANOMOLY.0.40+,Global Temperature Anomaly for 2012 (Jan-Dec) to be 0.40 or more,2011-09-27,0.0,0.0,0.0,0.0,0,0,0.0,0.0
751689,2012.TEMP.ANOMOLY.0.40+,Global Temperature Anomaly for 2012 (Jan-Dec) to be 0.40 or more,2011-09-28,0.0,0.0,0.0,0.0,0,0,0.0,0.0
751689,2012.TEMP.ANOMOLY.0.40+,Global Temperature Anomaly for 2012 (Jan-Dec) to be 0.40 or more,2011-09-29,0.0,0.0,0.0,0.0,0,0,0.0,0.0
751689,2012.TEMP.ANOMOLY.0.40+,Global Temperature Anomaly for 2012 (Jan-Dec) to be 0.40 or more,2011-09-30,0.0,0.0,0.0,0.0,0,0,0.0,0.0
751689,2012.TEMP.ANOMOLY.0.40+,Global Temperature Anomaly for 2012 (Jan-Dec) to be 0.40 or more,2011-10-01,99.1,99.1,99.1,99.1,1,1,99.1,99.1
751689,2012.TEMP.ANOMOLY.0.40+,Global Temperature Anomaly for 2012 (Jan-Dec) to be 0.40 or more,2011-10-02,0.0,0.0,0.0,99.1,1,0,99.1,99.1
751689,2012.TEMP.ANOMOLY.0.40+,Global Temperature Anomaly for 2012 (Jan-Dec) to be 0.40 or more,2011-10-03,0.0,0.0,0.0,99.1,1,0,99.1,99.1
751689,2012.TEMP.ANOMOLY.0.40+,Global Temperature Anomaly for 2012 (Jan-Dec) to be 0.40 or more,2011-10-04,0.0,0.0,0.0,99.1,1,0,99.1,99.1
751689,2012.TEMP.ANOMOLY.0.40+,Global Temperature Anomaly for 2012 (Jan-Dec) to be 0.40 or more,2011-10-05,0.0,0.0,0.0,99.1,1,0,99.1,99.1
751689,2012.TEMP.ANOMOLY.0.40+,Global Temperature Anomaly for 2012 (Jan-Dec) to be 0.40 or more,2011-10-06,0.0,0.0,0.0,99.1,1,0,99.1,99.1
751689,2012.TEMP.ANOMOLY.0.40+,Global Temperature Anomaly for 2012 (Jan-Dec) to be 0.40 or more,2011-10-07,0.0,0.0,0.0,99.1,1,0,99.1,99.1
751689,2012.TEMP.ANOMOLY.0.40+,Global Temperature Anomaly for 2012 (Jan-Dec) to be 0.40 or more,2011-10-08,0.0,0.0,0.0,99.1,1,0,99.1,99.1
751689,2012.TEMP.ANOMOLY.0.40+,Global Temperature Anomaly for 2012 (Jan-Dec) to be 0.40 or more,2011-10-09,0.0,0.0,0.0,99.1,1,0,99.1,99.1
751689,2012.TEMP.ANOMOLY.0.40+,Global Temperature Anomaly for 2012 (Jan-Dec) to be 0.40 or more,2011-10-10,0.0,0.0,0.0,99.1,1,0,99.1,99.1
751689,2012.TEMP.ANOMOLY.0.40+,Global Temperature Anomaly for 2012 (Jan-Dec) to be 0.40 or more,2011-10-11,0.0,0.0,0.0,99.1,1,0,99.1,99.1
751689,2012.TEMP.ANOMOLY.0.40+,Global Temperature Anomaly for 2012 (Jan-Dec) to be 0.40 or more,2011-10-12,0.0,0.0,0.0,99.1,1,0,99.1,99.1
751689,2012.TEMP.ANOMOLY.0.40+,Global Temperature Anomaly for 2012 (Jan-Dec) to be 0.40 or more,2011-10-13,0.0,0.0,0.0,99.1,1,0,99.1,99.1
751689,2012.TEMP.ANOMOLY.0.40+,Global Temperature Anomaly for 2012 (Jan-Dec) to be 0.40 or more,2011-10-14,0.0,0.0,0.0,99.1,1,0,99.1,99.1
751689,2012.TEMP.ANOMOLY.0.40+,Global Temperature Anomaly for 2012 (Jan-Dec) to be 0.40 or more,2011-10-15,0.0,0.0,0.0,99.1,1,0,99.1,99.1
751689,2012.TEMP.ANOMOLY.0.40+,Global Temperature Anomaly for 2012 (Jan-Dec) to be 0.40 or more,2011-10-16,0.0,0.0,0.0,99.1,1,0,99.1,99.1
751689,2012.TEMP.ANOMOLY.0.40+,Global Temperature Anomaly for 2012 (Jan-Dec) to be 0.40 or more,2011-10-17,0.0,0.0,0.0,99.1,1,0,99.1,99.1
751689,2012.TEMP.ANOMOLY.0.40+,Global Temperature Anomaly for 2012 (Jan-Dec) to be 0.40 or more,2011-10-18,0.0,0.0,0.0,99.1,1,0,99.1,99.1
751689,2012.TEMP.ANOMOLY.0.40+,Global Temperature Anomaly for 2012 (Jan-Dec) to be 0.40 or more,2011-10-19,0.0,0.0,0.0,99.1,1,0,99.1,99.1
751689,2012.TEMP.ANOMOLY.0.40+,Global Temperature Anomaly for 2012 (Jan-Dec) to be 0.40 or more,2011-10-20,0.0,0.0,0.0,99.1,1,0,99.1,99.1
751689,2012.TEMP.ANOMOLY.0.40+,Global Temperature Anomaly for 2012 (Jan-Dec) to be 0.40 or more,2011-10-21,0.0,0.0,0.0,99.1,1,0,99.1,99.1
751689,2012.TEMP.ANOMOLY.0.40+,Global Temperature Anomaly for 2012 (Jan-Dec) to be 0.40 or more,2011-10-22,95.0,95.0,95.0,95.0,1,1,99.1,95.0
751689,2012.TEMP.ANOMOLY.0.40+,Global Temperature Anomaly for 2012 (Jan-Dec) to be 0.40 or more,2011-10-23,0.0,0.0,0.0,95.0,1,0,99.1,95.0
751689,2012.TEMP.ANOMOLY.0.40+,Global Temperature Anomaly for 2012 (Jan-Dec) to be 0.40 or more,2011-10-24,0.0,0.0,0.0,95.0,1,0,99.1,95.0
751689,2012.TEMP.ANOMOLY.0.40+,Global Temperature Anomaly for 2012 (Jan-Dec) to be 0.40 or more,2011-10-25,0.0,0.0,0.0,95.0,1,0,99.1,95.0
751689,2012.TEMP.ANOMOLY.0.40+,Global Temperature Anomaly for 2012 (Jan-Dec) to be 0.40 or more,2011-10-26,0.0,0.0,0.0,95.0,1,0,99.1,95.0
751689,2012.TEMP.ANOMOLY.0.40+,Global Temperature Anomaly for 2012 (Jan-Dec) to be 0.40 or more,2011-10-27,0.0,0.0,0.0,95.0,1,0,99.1,95.0
751689,2012.TEMP.ANOMOLY.0.40+,Global Temperature Anomaly for 2012 (Jan-Dec) to be 0.40 or more,2011-10-28,0.0,0.0,0.0,95.0,1,0,99.1,95.0
751689,2012.TEMP.ANOMOLY.0.40+,Global Temperature Anomaly for 2012 (Jan-Dec) to be 0.40 or more,2011-10-29,0.0,0.0,0.0,95.0,1,0,99.1,95.0
751689,2012.TEMP.ANOMOLY.0.40+,Global Temperature Anomaly for 2012 (Jan-Dec) to be 0.40 or more,2011-10-30,0.0,0.0,0.0,95.0,1,0,99.1,95.0
751689,2012.TEMP.ANOMOLY.0.40+,Global Temperature Anomaly for 2012 (Jan-Dec) to be 0.40 or more,2011-10-31,0.0,0.0,0.0,95.0,1,0,99.1,95.0
751689,2012.TEMP.ANOMOLY.0.40+,Global Temperature Anomaly for 2012 (Jan-Dec) to be 0.40 or more,2011-11-01,0.0,0.0,0.0,95.0,1,0,99.1,95.0
751689,2012.TEMP.ANOMOLY.0.40+,Global Temperature Anomaly for 2012 (Jan-Dec) to be 0.40 or more,2011-11-02,0.0,0.0,0.0,95.0,1,0,99.1,95.0
751689,2012.TEMP.ANOMOLY.0.40+,Global Temperature Anomaly for 2012 (Jan-Dec) to be 0.40 or more,2011-11-03,0.0,0.0,0.0,95.0,1,0,99.1,95.0
751689,2012.TEMP.ANOMOLY.0.40+,Global Temperature Anomaly for 2012 (Jan-Dec) to be 0.40 or more,2011-11-04,0.0,0.0,0.0,95.0,1,0,99.1,95.0
751689,2012.TEMP.ANOMOLY.0.40+,Global Temperature Anomaly for 2012 (Jan-Dec) to be 0.40 or more,2011-11-05,0.0,0.0,0.0,95.0,1,0,99.1,95.0
751689,2012.TEMP.ANOMOLY.0.40+,Global Temperature Anomaly for 2012 (Jan-Dec) to be 0.40 or more,2011-11-06,0.0,0.0,0.0,95.0,1,0,99.1,95.0
751689,2012.TEMP.ANOMOLY.0.40+,Global Temperature Anomaly for 2012 (Jan-Dec) to be 0.40 or more,2011-11-07,0.0,0.0,0.0,95.0,1,0,99.1,95.0
751689,2012.TEMP.ANOMOLY.0.40+,Global Temperature Anomaly for 2012 (Jan-Dec) to be 0.40 or more,2011-11-08,0.0,0.0,0.0,95.0,1,0,99.1,95.0
751689,2012.TEMP.ANOMOLY.0.40+,Global Temperature Anomaly for 2012 (Jan-Dec) to be 0.40 or more,2011-11-09,0.0,0.0,0.0,95.0,1,0,99.1,95.0
751689,2012.TEMP.ANOMOLY.0.40+,Global Temperature Anomaly for 2012 (Jan-Dec) to be 0.40 or more,2011-11-10,0.0,0.0,0.0,95.0,1,0,99.1,95.0
751689,2012.TEMP.ANOMOLY.0.40+,Global Temperature Anomaly for 2012 (Jan-Dec) to be 0.40 or more,2011-11-11,0.0,0.0,0.0,95.0,1,0,99.1,95.0
751689,2012.TEMP.ANOMOLY.0.40+,Global Temperature Anomaly for 2012 (Jan-Dec) to be 0.40 or more,2011-11-12,0.0,0.0,0.0,95.0,1,0,99.1,95.0
751689,2012.TEMP.ANOMOLY.0.40+,Global Temperature Anomaly for 2012 (Jan-Dec) to be 0.40 or more,2011-11-13,0.0,0.0,0.0,95.0,1,0,99.1,95.0
751689,2012.TEMP.ANOMOLY.0.40+,Global Temperature Anomaly for 2012 (Jan-Dec) to be 0.40 or more,2011-11-14,0.0,0.0,0.0,95.0,1,0,99.1,95.0
751689,2012.TEMP.ANOMOLY.0.40+,Global Temperature Anomaly for 2012 (Jan-Dec) to be 0.40 or more,2011-11-15,0.0,0.0,0.0,95.0,1,0,99.1,95.0
751689,2012.TEMP.ANOMOLY.0.40+,Global Temperature Anomaly for 2012 (Jan-Dec) to be 0.40 or more,2011-11-16,0.0,0.0,0.0,95.0,1,0,99.1,95.0
751689,2012.TEMP.ANOMOLY.0.40+,Global Temperature Anomaly for 2012 (Jan-Dec) to be 0.40 or more,2011-11-17,0.0,0.0,0.0,95.0,1,0,99.1,95.0
751689,2012.TEMP.ANOMOLY.0.40+,Global Temperature Anomaly for 2012 (Jan-Dec) to be 0.40 or more,2011-11-18,0.0,0.0,0.0,95.0,1,0,99.1,95.0
751689,2012.TEMP.ANOMOLY.0.40+,Global Temperature Anomaly for 2012 (Jan-Dec) to be 0.40 or more,2011-11-19,0.0,0.0,0.0,95.0,1,0,99.1,95.0
751689,2012.TEMP.ANOMOLY.0.40+,Global Temperature Anomaly for 2012 (Jan-Dec) to be 0.40 or more,2011-11-20,0.0,0.0,0.0,95.0,1,0,99.1,95.0
751689,2012.TEMP.ANOMOLY.0.40+,Global Temperature Anomaly for 2012 (Jan-Dec) to be 0.40 or more,2011-11-21,0.0,0.0,0.0,95.0,1,0,99.1,95.0
751689,2012.TEMP.ANOMOLY.0.40+,Global Temperature Anomaly for 2012 (Jan-Dec) to be 0.40 or more,2011-11-22,0.0,0.0,0.0,95.0,1,0,99.1,95.0
751689,2012.TEMP.ANOMOLY.0.40+,Global Temperature Anomaly for 2012 (Jan-Dec) to be 0.40 or more,2011-11-23,0.0,0.0,0.0,95.0,1,0,99.1,95.0
751689,2012.TEMP.ANOMOLY.0.40+,Global Temperature Anomaly for 2012 (Jan-Dec) to be 0.40 or more,2011-11-24,0.0,0.0,0.0,95.0,1,0,99.1,95.0
751689,2012.TEMP.ANOMOLY.0.40+,Global Temperature Anomaly for 2012 (Jan-Dec) to be 0.40 or more,2011-11-25,0.0,0.0,0.0,95.0,1,0,99.1,95.0
751689,2012.TEMP.ANOMOLY.0.40+,Global Temperature Anomaly for 2012 (Jan-Dec) to be 0.40 or more,2011-11-26,0.0,0.0,0.0,95.0,1,0,99.1,95.0
751689,2012.TEMP.ANOMOLY.0.40+,Global Temperature Anomaly for 2012 (Jan-Dec) to be 0.40 or more,2011-11-27,0.0,0.0,0.0,95.0,1,0,99.1,95.0
751689,2012.TEMP.ANOMOLY.0.40+,Global Temperature Anomaly for 2012 (Jan-Dec) to be 0.40 or more,2011-11-28,0.0,0.0,0.0,95.0,1,0,99.1,95.0
751689,2012.TEMP.ANOMOLY.0.40+,Global Temperature Anomaly for 2012 (Jan-Dec) to be 0.40 or more,2011-11-29,0.0,0.0,0.0,95.0,1,0,99.1,95.0
751689,2012.TEMP.ANOMOLY.0.40+,Global Temperature Anomaly for 2012 (Jan-Dec) to be 0.40 or more,2011-11-30,0.0,0.0,0.0,95.0,1,0,99.1,95.0
751689,2012.TEMP.ANOMOLY.0.40+,Global Temperature Anomaly for 2012 (Jan-Dec) to be 0.40 or more,2011-12-01,0.0,0.0,0.0,95.0,1,0,99.1,95.0
751689,2012.TEMP.ANOMOLY.0.40+,Global Temperature Anomaly for 2012 (Jan-Dec) to be 0.40 or more,2011-12-02,0.0,0.0,0.0,95.0,1,0,99.1,95.0
751689,2012.TEMP.ANOMOLY.0.40+,Global Temperature Anomaly for 2012 (Jan-Dec) to be 0.40 or more,2011-12-03,0.0,0.0,0.0,95.0,1,0,99.1,95.0
751689,2012.TEMP.ANOMOLY.0.40+,Global Temperature Anomaly for 2012 (Jan-Dec) to be 0.40 or more,2011-12-04,0.0,0.0,0.0,95.0,1,0,99.1,95.0
751689,2012.TEMP.ANOMOLY.0.40+,Global Temperature Anomaly for 2012 (Jan-Dec) to be 0.40 or more,2011-12-05,0.0,0.0,0.0,95.0,1,0,99.1,95.0
751689,2012.TEMP.ANOMOLY.0.40+,Global Temperature Anomaly for 2012 (Jan-Dec) to be 0.40 or more,2011-12-06,0.0,0.0,0.0,95.0,1,0,99.1,95.0
751689,2012.TEMP.ANOMOLY.0.40+,Global Temperature Anomaly for 2012 (Jan-Dec) to be 0.40 or more,2011-12-07,0.0,0.0,0.0,95.0,1,0,99.1,95.0
751689,2012.TEMP.ANOMOLY.0.40+,Global Temperature Anomaly for 2012 (Jan-Dec) to be 0.40 or more,2011-12-08,0.0,0.0,0.0,95.0,1,0,99.1,95.0
751689,2012.TEMP.ANOMOLY.0.40+,Global Temperature Anomaly for 2012 (Jan-Dec) to be 0.40 or more,2011-12-09,0.0,0.0,0.0,95.0,1,0,99.1,95.0
751689,2012.TEMP.ANOMOLY.0.40+,Global Temperature Anomaly for 2012 (Jan-Dec) to be 0.40 or more,2011-12-10,0.0,0.0,0.0,95.0,1,0,99.1,95.0
751689,2012.TEMP.ANOMOLY.0.40+,Global Temperature Anomaly for 2012 (Jan-Dec) to be 0.40 or more,2011-12-11,0.0,0.0,0.0,95.0,1,0,99.1,95.0
751689,2012.TEMP.ANOMOLY.0.40+,Global Temperature Anomaly for 2012 (Jan-Dec) to be 0.40 or more,2011-12-12,0.0,0.0,0.0,95.0,1,0,99.1,95.0
751689,2012.TEMP.ANOMOLY.0.40+,Global Temperature Anomaly for 2012 (Jan-Dec) to be 0.40 or more,2011-12-13,0.0,0.0,0.0,95.0,1,0,99.1,95.0
751689,2012.TEMP.ANOMOLY.0.40+,Global Temperature Anomaly for 2012 (Jan-Dec) to be 0.40 or more,2011-12-14,0.0,0.0,0.0,95.0,1,0,99.1,95.0
751689,2012.TEMP.ANOMOLY.0.40+,Global Temperature Anomaly for 2012 (Jan-Dec) to be 0.40 or more,2011-12-15,0.0,0.0,0.0,95.0,1,0,99.1,95.0
751689,2012.TEMP.ANOMOLY.0.40+,Global Temperature Anomaly for 2012 (Jan-Dec) to be 0.40 or more,2011-12-16,0.0,0.0,0.0,95.0,1,0,99.1,95.0
751689,2012.TEMP.ANOMOLY.0.40+,Global Temperature Anomaly for 2012 (Jan-Dec) to be 0.40 or more,2011-12-17,0.0,0.0,0.0,95.0,1,0,99.1,95.0
751689,2012.TEMP.ANOMOLY.0.40+,Global Temperature Anomaly for 2012 (Jan-Dec) to be 0.40 or more,2011-12-18,0.0,0.0,0.0,95.0,1,0,99.1,95.0
751689,2012.TEMP.ANOMOLY.0.40+,Global Temperature Anomaly for 2012 (Jan-Dec) to be 0.40 or more,2011-12-19,0.0,0.0,0.0,95.0,1,0,99.1,95.0
751689,2012.TEMP.ANOMOLY.0.40+,Global Temperature Anomaly for 2012 (Jan-Dec) to be 0.40 or more,2011-12-20,0.0,0.0,0.0,95.0,1,0,99.1,95.0
751689,2012.TEMP.ANOMOLY.0.40+,Global Temperature Anomaly for 2012 (Jan-Dec) to be 0.40 or more,2011-12-21,0.0,0.0,0.0,95.0,1,0,99.1,95.0
751689,2012.TEMP.ANOMOLY.0.40+,Global Temperature Anomaly for 2012 (Jan-Dec) to be 0.40 or more,2011-12-22,0.0,0.0,0.0,95.0,1,0,99.1,95.0
751689,2012.TEMP.ANOMOLY.0.40+,Global Temperature Anomaly for 2012 (Jan-Dec) to be 0.40 or more,2011-12-23,0.0,0.0,0.0,95.0,1,0,99.1,95.0
751689,2012.TEMP.ANOMOLY.0.40+,Global Temperature Anomaly for 2012 (Jan-Dec) to be 0.40 or more,2011-12-24,0.0,0.0,0.0,95.0,1,0,99.1,95.0
751689,2012.TEMP.ANOMOLY.0.40+,Global Temperature Anomaly for 2012 (Jan-Dec) to be 0.40 or more,2011-12-25,0.0,0.0,0.0,95.0,1,0,99.1,95.0
751689,2012.TEMP.ANOMOLY.0.40+,Global Temperature Anomaly for 2012 (Jan-Dec) to be 0.40 or more,2011-12-26,0.0,0.0,0.0,95.0,1,0,99.1,95.0
751689,2012.TEMP.ANOMOLY.0.40+,Global Temperature Anomaly for 2012 (Jan-Dec) to be 0.40 or more,2011-12-27,0.0,0.0,0.0,95.0,1,0,99.1,95.0
751689,2012.TEMP.ANOMOLY.0.40+,Global Temperature Anomaly for 2012 (Jan-Dec) to be 0.40 or more,2011-12-28,0.0,0.0,0.0,95.0,1,0,99.1,95.0
751689,2012.TEMP.ANOMOLY.0.40+,Global Temperature Anomaly for 2012 (Jan-Dec) to be 0.40 or more,2011-12-29,0.0,0.0,0.0,95.0,1,0,99.1,95.0
751689,2012.TEMP.ANOMOLY.0.40+,Global Temperature Anomaly for 2012 (Jan-Dec) to be 0.40 or more,2011-12-30,0.0,0.0,0.0,95.0,1,0,99.1,95.0
751689,2012.TEMP.ANOMOLY.0.40+,Global Temperature Anomaly for 2012 (Jan-Dec) to be 0.40 or more,2011-12-31,0.0,0.0,0.0,95.0,1,0,99.1,95.0
751689,2012.TEMP.ANOMOLY.0.40+,Global Temperature Anomaly for 2012 (Jan-Dec) to be 0.40 or more,2012-01-01,0.0,0.0,0.0,95.0,1,0,99.1,95.0
751689,2012.TEMP.ANOMOLY.0.40+,Global Temperature Anomaly for 2012 (Jan-Dec) to be 0.40 or more,2012-01-02,0.0,0.0,0.0,95.0,1,0,99.1,95.0
751689,2012.TEMP.ANOMOLY.0.40+,Global Temperature Anomaly for 2012 (Jan-Dec) to be 0.40 or more,2012-01-03,0.0,0.0,0.0,95.0,1,0,99.1,95.0
751689,2012.TEMP.ANOMOLY.0.40+,Global Temperature Anomaly for 2012 (Jan-Dec) to be 0.40 or more,2012-01-04,0.0,0.0,0.0,95.0,1,0,99.1,95.0
751689,2012.TEMP.ANOMOLY.0.40+,Global Temperature Anomaly for 2012 (Jan-Dec) to be 0.40 or more,2012-01-05,0.0,0.0,0.0,95.0,1,0,99.1,95.0
751689,2012.TEMP.ANOMOLY.0.40+,Global Temperature Anomaly for 2012 (Jan-Dec) to be 0.40 or more,2012-01-06,0.0,0.0,0.0,95.0,1,0,99.1,95.0
751689,2012.TEMP.ANOMOLY.0.40+,Global Temperature Anomaly for 2012 (Jan-Dec) to be 0.40 or more,2012-01-07,0.0,0.0,0.0,95.0,1,0,99.1,95.0
751689,2012.TEMP.ANOMOLY.0.40+,Global Temperature Anomaly for 2012 (Jan-Dec) to be 0.40 or more,2012-01-08,0.0,0.0,0.0,95.0,1,0,99.1,95.0
751689,2012.TEMP.ANOMOLY.0.40+,Global Temperature Anomaly for 2012 (Jan-Dec) to be 0.40 or more,2012-01-09,0.0,0.0,0.0,95.0,1,0,99.1,95.0
751689,2012.TEMP.ANOMOLY.0.40+,Global Temperature Anomaly for 2012 (Jan-Dec) to be 0.40 or more,2012-01-10,0.0,0.0,0.0,95.0,1,0,99.1,95.0
751689,2012.TEMP.ANOMOLY.0.40+,Global Temperature Anomaly for 2012 (Jan-Dec) to be 0.40 or more,2012-01-11,0.0,0.0,0.0,95.0,1,0,99.1,95.0
751689,2012.TEMP.ANOMOLY.0.40+,Global Temperature Anomaly for 2012 (Jan-Dec) to be 0.40 or more,2012-01-12,0.0,0.0,0.0,95.0,1,0,99.1,95.0
751689,2012.TEMP.ANOMOLY.0.40+,Global Temperature Anomaly for 2012 (Jan-Dec) to be 0.40 or more,2012-01-13,0.0,0.0,0.0,95.0,1,0,99.1,95.0
751689,2012.TEMP.ANOMOLY.0.40+,Global Temperature Anomaly for 2012 (Jan-Dec) to be 0.40 or more,2012-01-14,0.0,0.0,0.0,95.0,1,0,99.1,95.0
751689,2012.TEMP.ANOMOLY.0.40+,Global Temperature Anomaly for 2012 (Jan-Dec) to be 0.40 or more,2012-01-15,0.0,0.0,0.0,95.0,1,0,99.1,95.0
751689,2012.TEMP.ANOMOLY.0.40+,Global Temperature Anomaly for 2012 (Jan-Dec) to be 0.40 or more,2012-01-16,0.0,0.0,0.0,95.0,1,0,99.1,95.0
751689,2012.TEMP.ANOMOLY.0.40+,Global Temperature Anomaly for 2012 (Jan-Dec) to be 0.40 or more,2012-01-17,0.0,0.0,0.0,95.0,1,0,99.1,95.0
751689,2012.TEMP.ANOMOLY.0.40+,Global Temperature Anomaly for 2012 (Jan-Dec) to be 0.40 or more,2012-01-18,0.0,0.0,0.0,95.0,1,0,99.1,95.0
751689,2012.TEMP.ANOMOLY.0.40+,Global Temperature Anomaly for 2012 (Jan-Dec) to be 0.40 or more,2012-01-19,85.0,85.0,85.0,85.0,11,10,99.1,85.0
751689,2012.TEMP.ANOMOLY.0.40+,Global Temperature Anomaly for 2012 (Jan-Dec) to be 0.40 or more,2012-01-20,0.0,0.0,0.0,85.0,11,0,99.1,85.0
751689,2012.TEMP.ANOMOLY.0.40+,Global Temperature Anomaly for 2012 (Jan-Dec) to be 0.40 or more,2012-01-21,81.5,81.5,81.5,81.5,24,13,99.1,81.5
751689,2012.TEMP.ANOMOLY.0.40+,Global Temperature Anomaly for 2012 (Jan-Dec) to be 0.40 or more,2012-01-22,0.0,0.0,0.0,81.5,24,0,99.1,81.5
751689,2012.TEMP.ANOMOLY.0.40+,Global Temperature Anomaly for 2012 (Jan-Dec) to be 0.40 or more,2012-01-23,0.0,0.0,0.0,81.5,24,0,99.1,81.5
751689,2012.TEMP.ANOMOLY.0.40+,Global Temperature Anomaly for 2012 (Jan-Dec) to be 0.40 or more,2012-01-24,90.0,90.0,90.0,90.0,24,3,99.1,81.5
751689,2012.TEMP.ANOMOLY.0.40+,Global Temperature Anomaly for 2012 (Jan-Dec) to be 0.40 or more,2012-01-25,0.0,0.0,0.0,90.0,24,0,99.1,81.5
751689,2012.TEMP.ANOMOLY.0.40+,Global Temperature Anomaly for 2012 (Jan-Dec) to be 0.40 or more,2012-01-26,0.0,0.0,0.0,90.0,24,0,99.1,81.5
751689,2012.TEMP.ANOMOLY.0.40+,Global Temperature Anomaly for 2012 (Jan-Dec) to be 0.40 or more,2012-01-27,0.0,0.0,0.0,90.0,24,0,99.1,81.5
751689,2012.TEMP.ANOMOLY.0.40+,Global Temperature Anomaly for 2012 (Jan-Dec) to be 0.40 or more,2012-01-28,0.0,0.0,0.0,90.0,24,0,99.1,81.5
751689,2012.TEMP.ANOMOLY.0.40+,Global Temperature Anomaly for 2012 (Jan-Dec) to be 0.40 or more,2012-01-29,0.0,0.0,0.0,90.0,24,0,99.1,81.5
751689,2012.TEMP.ANOMOLY.0.40+,Global Temperature Anomaly for 2012 (Jan-Dec) to be 0.40 or more,2012-01-30,0.0,0.0,0.0,90.0,24,0,99.1,81.5
751689,2012.TEMP.ANOMOLY.0.40+,Global Temperature Anomaly for 2012 (Jan-Dec) to be 0.40 or more,2012-01-31,0.0,0.0,0.0,90.0,24,0,99.1,81.5
751689,2012.TEMP.ANOMOLY.0.40+,Global Temperature Anomaly for 2012 (Jan-Dec) to be 0.40 or more,2012-02-01,0.0,0.0,0.0,90.0,24,0,99.1,81.5
751689,2012.TEMP.ANOMOLY.0.40+,Global Temperature Anomaly for 2012 (Jan-Dec) to be 0.40 or more,2012-02-02,0.0,0.0,0.0,90.0,24,0,99.1,81.5
751689,2012.TEMP.ANOMOLY.0.40+,Global Temperature Anomaly for 2012 (Jan-Dec) to be 0.40 or more,2012-02-03,0.0,0.0,0.0,90.0,24,0,99.1,81.5
751689,2012.TEMP.ANOMOLY.0.40+,Global Temperature Anomaly for 2012 (Jan-Dec) to be 0.40 or more,2012-02-04,0.0,0.0,0.0,90.0,24,0,99.1,81.5
751689,2012.TEMP.ANOMOLY.0.40+,Global Temperature Anomaly for 2012 (Jan-Dec) to be 0.40 or more,2012-02-05,0.0,0.0,0.0,90.0,24,0,99.1,81.5
751689,2012.TEMP.ANOMOLY.0.40+,Global Temperature Anomaly for 2012 (Jan-Dec) to be 0.40 or more,2012-02-06,0.0,0.0,0.0,90.0,24,0,99.1,81.5
751689,2012.TEMP.ANOMOLY.0.40+,Global Temperature Anomaly for 2012 (Jan-Dec) to be 0.40 or more,2012-02-07,0.0,0.0,0.0,90.0,24,0,99.1,81.5
751689,2012.TEMP.ANOMOLY.0.40+,Global Temperature Anomaly for 2012 (Jan-Dec) to be 0.40 or more,2012-02-08,0.0,0.0,0.0,90.0,24,0,99.1,81.5
751689,2012.TEMP.ANOMOLY.0.40+,Global Temperature Anomaly for 2012 (Jan-Dec) to be 0.40 or more,2012-02-09,0.0,0.0,0.0,90.0,24,0,99.1,81.5
751689,2012.TEMP.ANOMOLY.0.40+,Global Temperature Anomaly for 2012 (Jan-Dec) to be 0.40 or more,2012-02-10,0.0,0.0,0.0,90.0,24,0,99.1,81.5
751689,2012.TEMP.ANOMOLY.0.40+,Global Temperature Anomaly for 2012 (Jan-Dec) to be 0.40 or more,2012-02-11,0.0,0.0,0.0,90.0,24,0,99.1,81.5
751689,2012.TEMP.ANOMOLY.0.40+,Global Temperature Anomaly for 2012 (Jan-Dec) to be 0.40 or more,2012-02-12,0.0,0.0,0.0,90.0,24,0,99.1,81.5
751689,2012.TEMP.ANOMOLY.0.40+,Global Temperature Anomaly for 2012 (Jan-Dec) to be 0.40 or more,2012-02-13,0.0,0.0,0.0,90.0,24,0,99.1,81.5
751689,2012.TEMP.ANOMOLY.0.40+,Global Temperature Anomaly for 2012 (Jan-Dec) to be 0.40 or more,2012-02-14,0.0,0.0,0.0,90.0,24,0,99.1,81.5
751689,2012.TEMP.ANOMOLY.0.40+,Global Temperature Anomaly for 2012 (Jan-Dec) to be 0.40 or more,2012-02-15,0.0,0.0,0.0,90.0,24,0,99.1,81.5
751689,2012.TEMP.ANOMOLY.0.40+,Global Temperature Anomaly for 2012 (Jan-Dec) to be 0.40 or more,2012-02-16,0.0,0.0,0.0,90.0,24,0,99.1,81.5
751689,2012.TEMP.ANOMOLY.0.40+,Global Temperature Anomaly for 2012 (Jan-Dec) to be 0.40 or more,2012-02-17,0.0,0.0,0.0,90.0,24,0,99.1,81.5
751689,2012.TEMP.ANOMOLY.0.40+,Global Temperature Anomaly for 2012 (Jan-Dec) to be 0.40 or more,2012-02-18,0.0,0.0,0.0,90.0,24,0,99.1,81.5
751689,2012.TEMP.ANOMOLY.0.40+,Global Temperature Anomaly for 2012 (Jan-Dec) to be 0.40 or more,2012-02-19,82.0,82.0,82.0,82.0,29,5,99.1,81.5
751689,2012.TEMP.ANOMOLY.0.40+,Global Temperature Anomaly for 2012 (Jan-Dec) to be 0.40 or more,2012-02-20,0.0,0.0,0.0,82.0,29,0,99.1,81.5
751689,2012.TEMP.ANOMOLY.0.40+,Global Temperature Anomaly for 2012 (Jan-Dec) to be 0.40 or more,2012-02-21,0.0,0.0,0.0,82.0,29,0,99.1,81.5
751689,2012.TEMP.ANOMOLY.0.40+,Global Temperature Anomaly for 2012 (Jan-Dec) to be 0.40 or more,2012-02-22,0.0,0.0,0.0,82.0,29,0,99.1,81.5
751689,2012.TEMP.ANOMOLY.0.40+,Global Temperature Anomaly for 2012 (Jan-Dec) to be 0.40 or more,2012-02-23,0.0,0.0,0.0,82.0,29,0,99.1,81.5
751689,2012.TEMP.ANOMOLY.0.40+,Global Temperature Anomaly for 2012 (Jan-Dec) to be 0.40 or more,2012-02-24,0.0,0.0,0.0,82.0,29,0,99.1,81.5
751689,2012.TEMP.ANOMOLY.0.40+,Global Temperature Anomaly for 2012 (Jan-Dec) to be 0.40 or more,2012-02-25,0.0,0.0,0.0,82.0,29,0,99.1,81.5
751689,2012.TEMP.ANOMOLY.0.40+,Global Temperature Anomaly for 2012 (Jan-Dec) to be 0.40 or more,2012-02-26,0.0,0.0,0.0,82.0,29,0,99.1,81.5
751689,2012.TEMP.ANOMOLY.0.40+,Global Temperature Anomaly for 2012 (Jan-Dec) to be 0.40 or more,2012-02-27,0.0,0.0,0.0,82.0,29,0,99.1,81.5
751689,2012.TEMP.ANOMOLY.0.40+,Global Temperature Anomaly for 2012 (Jan-Dec) to be 0.40 or more,2012-02-28,0.0,0.0,0.0,82.0,29,0,99.1,81.5
751689,2012.TEMP.ANOMOLY.0.40+,Global Temperature Anomaly for 2012 (Jan-Dec) to be 0.40 or more,2012-02-29,0.0,0.0,0.0,82.0,29,0,99.1,81.5
751689,2012.TEMP.ANOMOLY.0.40+,Global Temperature Anomaly for 2012 (Jan-Dec) to be 0.40 or more,2012-03-01,0.0,0.0,0.0,82.0,29,0,99.1,81.5
751689,2012.TEMP.ANOMOLY.0.40+,Global Temperature Anomaly for 2012 (Jan-Dec) to be 0.40 or more,2012-03-02,,,,82.0,29,0,99.1,81.5
751689,2012.TEMP.ANOMOLY.0.40+,Global Temperature Anomaly for 2012 (Jan-Dec) to be 0.40 or more,2012-03-03,,,,82.0,29,0,99.1,81.5
751689,2012.TEMP.ANOMOLY.0.40+,Global Temperature Anomaly for 2012 (Jan-Dec) to be 0.40 or more,2012-03-04,,,,82.0,29,0,99.1,81.5
751689,2012.TEMP.ANOMOLY.0.40+,Global Temperature Anomaly for 2012 (Jan-Dec) to be 0.40 or more,2012-03-05,,,,82.0,29,0,99.1,81.5
751689,2012.TEMP.ANOMOLY.0.40+,Global Temperature Anomaly for 2012 (Jan-Dec) to be 0.40 or more,2012-03-06,,,,82.0,29,0,99.1,81.5
751689,2012.TEMP.ANOMOLY.0.40+,Global Temperature Anomaly for 2012 (Jan-Dec) to be 0.40 or more,2012-03-07,,,,,29,0,99.1,81.5
751689,2012.TEMP.ANOMOLY.0.40+,Global Temperature Anomaly for 2012 (Jan-Dec) to be 0.40 or more,2012-03-08,,,,82.0,29,0,99.1,81.5
751689,2012.TEMP.ANOMOLY.0.40+,Global Temperature Anomaly for 2012 (Jan-Dec) to be 0.40 or more,2012-03-09,,,,82.0,29,0,99.1,81.5
751689,2012.TEMP.ANOMOLY.0.40+,Global Temperature Anomaly for 2012 (Jan-Dec) to be 0.40 or more,2012-03-10,,,,82.0,29,0,99.1,81.5
751689,2012.TEMP.ANOMOLY.0.40+,Global Temperature Anomaly for 2012 (Jan-Dec) to be 0.40 or more,2012-03-11,,,,82.0,29,0,99.1,81.5
751689,2012.TEMP.ANOMOLY.0.40+,Global Temperature Anomaly for 2012 (Jan-Dec) to be 0.40 or more,2012-03-12,,,,82.0,29,0,99.1,81.5
751689,2012.TEMP.ANOMOLY.0.40+,Global Temperature Anomaly for 2012 (Jan-Dec) to be 0.40 or more,2012-03-13,,,,82.0,29,0,99.1,81.5
751689,2012.TEMP.ANOMOLY.0.40+,Global Temperature Anomaly for 2012 (Jan-Dec) to be 0.40 or more,2012-03-14,,,,82.0,29,0,99.1,81.5
751689,2012.TEMP.ANOMOLY.0.40+,Global Temperature Anomaly for 2012 (Jan-Dec) to be 0.40 or more,2012-03-15,,,,82.0,29,0,99.1,81.5
751689,2012.TEMP.ANOMOLY.0.40+,Global Temperature Anomaly for 2012 (Jan-Dec) to be 0.40 or more,2012-03-16,,,,82.0,29,0,99.1,81.5
751689,2012.TEMP.ANOMOLY.0.40+,Global Temperature Anomaly for 2012 (Jan-Dec) to be 0.40 or more,2012-03-17,,,,82.0,29,0,99.1,81.5
751689,2012.TEMP.ANOMOLY.0.40+,Global Temperature Anomaly for 2012 (Jan-Dec) to be 0.40 or more,2012-03-18,,,,82.0,29,0,99.1,81.5
751689,2012.TEMP.ANOMOLY.0.40+,Global Temperature Anomaly for 2012 (Jan-Dec) to be 0.40 or more,2012-03-19,,,,82.0,29,0,99.1,81.5
751689,2012.TEMP.ANOMOLY.0.40+,Global Temperature Anomaly for 2012 (Jan-Dec) to be 0.40 or more,2012-03-20,,,,82.0,29,0,99.1,81.5
751689,2012.TEMP.ANOMOLY.0.40+,Global Temperature Anomaly for 2012 (Jan-Dec) to be 0.40 or more,2012-03-21,,,,82.0,29,0,99.1,81.5
751689,2012.TEMP.ANOMOLY.0.40+,Global Temperature Anomaly for 2012 (Jan-Dec) to be 0.40 or more,2012-03-22,,,,82.0,29,0,99.1,81.5
751689,2012.TEMP.ANOMOLY.0.40+,Global Temperature Anomaly for 2012 (Jan-Dec) to be 0.40 or more,2012-03-23,,,,82.0,29,0,99.1,81.5
751689,2012.TEMP.ANOMOLY.0.40+,Global Temperature Anomaly for 2012 (Jan-Dec) to be 0.40 or more,2012-03-24,86.0,87.5,86.0,86.0,29,23,99.1,81.5
751689,2012.TEMP.ANOMOLY.0.40+,Global Temperature Anomaly for 2012 (Jan-Dec) to be 0.40 or more,2012-03-25,,,,86.0,29,0,99.1,81.5
751689,2012.TEMP.ANOMOLY.0.40+,Global Temperature Anomaly for 2012 (Jan-Dec) to be 0.40 or more,2012-03-26,,,,86.0,29,0,99.1,81.5
751689,2012.TEMP.ANOMOLY.0.40+,Global Temperature Anomaly for 2012 (Jan-Dec) to be 0.40 or more,2012-03-27,,,,86.0,29,0,99.1,81.5
751689,2012.TEMP.ANOMOLY.0.40+,Global Temperature Anomaly for 2012 (Jan-Dec) to be 0.40 or more,2012-03-28,,,,86.0,29,0,99.1,81.5
751689,2012.TEMP.ANOMOLY.0.40+,Global Temperature Anomaly for 2012 (Jan-Dec) to be 0.40 or more,2012-03-29,,,,86.0,29,0,99.1,81.5
751689,2012.TEMP.ANOMOLY.0.40+,Global Temperature Anomaly for 2012 (Jan-Dec) to be 0.40 or more,2012-03-30,,,,86.0,29,0,99.1,81.5
751689,2012.TEMP.ANOMOLY.0.40+,Global Temperature Anomaly for 2012 (Jan-Dec) to be 0.40 or more,2012-03-31,,,,86.0,29,0,99.1,81.5
751689,2012.TEMP.ANOMOLY.0.40+,Global Temperature Anomaly for 2012 (Jan-Dec) to be 0.40 or more,2012-04-01,,,,86.0,29,0,99.1,81.5
751689,2012.TEMP.ANOMOLY.0.40+,Global Temperature Anomaly for 2012 (Jan-Dec) to be 0.40 or more,2012-04-02,,,,86.0,29,0,99.1,81.5
751689,2012.TEMP.ANOMOLY.0.40+,Global Temperature Anomaly for 2012 (Jan-Dec) to be 0.40 or more,2012-04-03,,,,86.0,29,0,99.1,81.5
751689,2012.TEMP.ANOMOLY.0.40+,Global Temperature Anomaly for 2012 (Jan-Dec) to be 0.40 or more,2012-04-04,,,,86.0,29,0,99.1,81.5
751689,2012.TEMP.ANOMOLY.0.40+,Global Temperature Anomaly for 2012 (Jan-Dec) to be 0.40 or more,2012-04-05,,,,86.0,29,0,99.1,81.5
751689,2012.TEMP.ANOMOLY.0.40+,Global Temperature Anomaly for 2012 (Jan-Dec) to be 0.40 or more,2012-04-06,,,,86.0,29,0,99.1,81.5
751689,2012.TEMP.ANOMOLY.0.40+,Global Temperature Anomaly for 2012 (Jan-Dec) to be 0.40 or more,2012-04-07,,,,86.0,29,0,99.1,81.5
751689,2012.TEMP.ANOMOLY.0.40+,Global Temperature Anomaly for 2012 (Jan-Dec) to be 0.40 or more,2012-04-08,,,,86.0,29,0,99.1,81.5
751689,2012.TEMP.ANOMOLY.0.40+,Global Temperature Anomaly for 2012 (Jan-Dec) to be 0.40 or more,2012-04-09,,,,86.0,29,0,99.1,81.5
751689,2012.TEMP.ANOMOLY.0.40+,Global Temperature Anomaly for 2012 (Jan-Dec) to be 0.40 or more,2012-04-10,,,,86.0,29,0,99.1,81.5
751689,2012.TEMP.ANOMOLY.0.40+,Global Temperature Anomaly for 2012 (Jan-Dec) to be 0.40 or more,2012-04-11,,,,86.0,29,0,99.1,81.5
751689,2012.TEMP.ANOMOLY.0.40+,Global Temperature Anomaly for 2012 (Jan-Dec) to be 0.40 or more,2012-04-12,,,,86.0,29,0,99.1,81.5
751689,2012.TEMP.ANOMOLY.0.40+,Global Temperature Anomaly for 2012 (Jan-Dec) to be 0.40 or more,2012-04-13,,,,86.0,29,0,99.1,81.5
751689,2012.TEMP.ANOMOLY.0.40+,Global Temperature Anomaly for 2012 (Jan-Dec) to be 0.40 or more,2012-04-14,,,,86.0,29,0,99.1,81.5
751689,2012.TEMP.ANOMOLY.0.40+,Global Temperature Anomaly for 2012 (Jan-Dec) to be 0.40 or more,2012-04-15,,,,86.0,29,0,99.1,81.5
751689,2012.TEMP.ANOMOLY.0.40+,Global Temperature Anomaly for 2012 (Jan-Dec) to be 0.40 or more,2012-04-16,,,,86.0,29,0,99.1,81.5
751689,2012.TEMP.ANOMOLY.0.40+,Global Temperature Anomaly for 2012 (Jan-Dec) to be 0.40 or more,2012-04-17,,,,86.0,29,0,99.1,81.5
751689,2012.TEMP.ANOMOLY.0.40+,Global Temperature Anomaly for 2012 (Jan-Dec) to be 0.40 or more,2012-04-18,,,,86.0,29,0,99.1,81.5
751689,2012.TEMP.ANOMOLY.0.40+,Global Temperature Anomaly for 2012 (Jan-Dec) to be 0.40 or more,2012-04-19,,,,86.0,29,0,99.1,81.5
751689,2012.TEMP.ANOMOLY.0.40+,Global Temperature Anomaly for 2012 (Jan-Dec) to be 0.40 or more,2012-04-20,,,,86.0,29,0,99.1,81.5
751689,2012.TEMP.ANOMOLY.0.40+,Global Temperature Anomaly for 2012 (Jan-Dec) to be 0.40 or more,2012-04-21,,,,86.0,29,0,99.1,81.5
751689,2012.TEMP.ANOMOLY.0.40+,Global Temperature Anomaly for 2012 (Jan-Dec) to be 0.40 or more,2012-04-22,,,,86.0,29,0,99.1,81.5
751689,2012.TEMP.ANOMOLY.0.40+,Global Temperature Anomaly for 2012 (Jan-Dec) to be 0.40 or more,2012-04-23,,,,86.0,29,0,99.1,81.5
751689,2012.TEMP.ANOMOLY.0.40+,Global Temperature Anomaly for 2012 (Jan-Dec) to be 0.40 or more,2012-04-24,,,,86.0,29,0,99.1,81.5
751689,2012.TEMP.ANOMOLY.0.40+,Global Temperature Anomaly for 2012 (Jan-Dec) to be 0.40 or more,2012-04-25,,,,86.0,29,0,99.1,81.5
751689,2012.TEMP.ANOMOLY.0.40+,Global Temperature Anomaly for 2012 (Jan-Dec) to be 0.40 or more,2012-04-26,,,,86.0,29,0,99.1,81.5
751689,2012.TEMP.ANOMOLY.0.40+,Global Temperature Anomaly for 2012 (Jan-Dec) to be 0.40 or more,2012-04-27,,,,86.0,29,0,99.1,81.5
751689,2012.TEMP.ANOMOLY.0.40+,Global Temperature Anomaly for 2012 (Jan-Dec) to be 0.40 or more,2012-04-28,,,,86.0,29,0,99.1,81.5
751689,2012.TEMP.ANOMOLY.0.40+,Global Temperature Anomaly for 2012 (Jan-Dec) to be 0.40 or more,2012-04-29,,,,86.0,29,0,99.1,81.5
751689,2012.TEMP.ANOMOLY.0.40+,Global Temperature Anomaly for 2012 (Jan-Dec) to be 0.40 or more,2012-04-30,,,,86.0,29,0,99.1,81.5
751689,2012.TEMP.ANOMOLY.0.40+,Global Temperature Anomaly for 2012 (Jan-Dec) to be 0.40 or more,2012-05-01,,,,86.0,29,0,99.1,81.5
751689,2012.TEMP.ANOMOLY.0.40+,Global Temperature Anomaly for 2012 (Jan-Dec) to be 0.40 or more,2012-05-02,,,,86.0,29,0,99.1,81.5
751689,2012.TEMP.ANOMOLY.0.40+,Global Temperature Anomaly for 2012 (Jan-Dec) to be 0.40 or more,2012-05-03,,,,86.0,29,0,99.1,81.5
751689,2012.TEMP.ANOMOLY.0.40+,Global Temperature Anomaly for 2012 (Jan-Dec) to be 0.40 or more,2012-05-04,,,,86.0,29,0,99.1,81.5
751689,2012.TEMP.ANOMOLY.0.40+,Global Temperature Anomaly for 2012 (Jan-Dec) to be 0.40 or more,2012-05-05,,,,86.0,29,0,99.1,81.5
751689,2012.TEMP.ANOMOLY.0.40+,Global Temperature Anomaly for 2012 (Jan-Dec) to be 0.40 or more,2012-05-06,,,,86.0,29,0,99.1,81.5
751689,2012.TEMP.ANOMOLY.0.40+,Global Temperature Anomaly for 2012 (Jan-Dec) to be 0.40 or more,2012-05-07,,,,86.0,29,0,99.1,81.5
751689,2012.TEMP.ANOMOLY.0.40+,Global Temperature Anomaly for 2012 (Jan-Dec) to be 0.40 or more,2012-05-08,,,,86.0,29,0,99.1,81.5
751689,2012.TEMP.ANOMOLY.0.40+,Global Temperature Anomaly for 2012 (Jan-Dec) to be 0.40 or more,2012-05-09,,,,86.0,29,0,99.1,81.5
751689,2012.TEMP.ANOMOLY.0.40+,Global Temperature Anomaly for 2012 (Jan-Dec) to be 0.40 or more,2012-05-10,,,,86.0,29,0,99.1,81.5
751689,2012.TEMP.ANOMOLY.0.40+,Global Temperature Anomaly for 2012 (Jan-Dec) to be 0.40 or more,2012-05-11,,,,86.0,29,0,99.1,81.5
751689,2012.TEMP.ANOMOLY.0.40+,Global Temperature Anomaly for 2012 (Jan-Dec) to be 0.40 or more,2012-05-12,,,,86.0,29,0,99.1,81.5
751689,2012.TEMP.ANOMOLY.0.40+,Global Temperature Anomaly for 2012 (Jan-Dec) to be 0.40 or more,2012-05-13,,,,86.0,29,0,99.1,81.5
751689,2012.TEMP.ANOMOLY.0.40+,Global Temperature Anomaly for 2012 (Jan-Dec) to be 0.40 or more,2012-05-14,,,,86.0,29,0,99.1,81.5
751689,2012.TEMP.ANOMOLY.0.40+,Global Temperature Anomaly for 2012 (Jan-Dec) to be 0.40 or more,2012-05-15,,,,86.0,29,0,99.1,81.5
751689,2012.TEMP.ANOMOLY.0.40+,Global Temperature Anomaly for 2012 (Jan-Dec) to be 0.40 or more,2012-05-16,,,,86.0,29,0,99.1,81.5
751689,2012.TEMP.ANOMOLY.0.40+,Global Temperature Anomaly for 2012 (Jan-Dec) to be 0.40 or more,2012-05-17,,,,86.0,29,0,99.1,81.5
751689,2012.TEMP.ANOMOLY.0.40+,Global Temperature Anomaly for 2012 (Jan-Dec) to be 0.40 or more,2012-05-18,,,,86.0,29,0,99.1,81.5
751689,2012.TEMP.ANOMOLY.0.40+,Global Temperature Anomaly for 2012 (Jan-Dec) to be 0.40 or more,2012-05-19,,,,86.0,29,0,99.1,81.5
751689,2012.TEMP.ANOMOLY.0.40+,Global Temperature Anomaly for 2012 (Jan-Dec) to be 0.40 or more,2012-05-20,,,,86.0,29,0,99.1,81.5
751689,2012.TEMP.ANOMOLY.0.40+,Global Temperature Anomaly for 2012 (Jan-Dec) to be 0.40 or more,2012-05-21,,,,86.0,29,0,99.1,81.5
751689,2012.TEMP.ANOMOLY.0.40+,Global Temperature Anomaly for 2012 (Jan-Dec) to be 0.40 or more,2012-05-22,,,,86.0,29,0,99.1,81.5
751689,2012.TEMP.ANOMOLY.0.40+,Global Temperature Anomaly for 2012 (Jan-Dec) to be 0.40 or more,2012-05-23,,,,86.0,29,0,99.1,81.5
751689,2012.TEMP.ANOMOLY.0.40+,Global Temperature Anomaly for 2012 (Jan-Dec) to be 0.40 or more,2012-05-24,,,,86.0,29,0,99.1,81.5
751689,2012.TEMP.ANOMOLY.0.40+,Global Temperature Anomaly for 2012 (Jan-Dec) to be 0.40 or more,2012-05-25,,,,86.0,29,0,99.1,81.5
751689,2012.TEMP.ANOMOLY.0.40+,Global Temperature Anomaly for 2012 (Jan-Dec) to be 0.40 or more,2012-05-26,,,,86.0,29,0,99.1,81.5
751689,2012.TEMP.ANOMOLY.0.40+,Global Temperature Anomaly for 2012 (Jan-Dec) to be 0.40 or more,2012-05-27,,,,86.0,29,0,99.1,81.5
751689,2012.TEMP.ANOMOLY.0.40+,Global Temperature Anomaly for 2012 (Jan-Dec) to be 0.40 or more,2012-05-28,,,,86.0,29,0,99.1,81.5
751689,2012.TEMP.ANOMOLY.0.40+,Global Temperature Anomaly for 2012 (Jan-Dec) to be 0.40 or more,2012-05-29,,,,86.0,29,0,99.1,81.5
751689,2012.TEMP.ANOMOLY.0.40+,Global Temperature Anomaly for 2012 (Jan-Dec) to be 0.40 or more,2012-05-30,,,,86.0,29,0,99.1,81.5
751689,2012.TEMP.ANOMOLY.0.40+,Global Temperature Anomaly for 2012 (Jan-Dec) to be 0.40 or more,2012-05-31,,,,86.0,29,0,99.1,81.5
751689,2012.TEMP.ANOMOLY.0.40+,Global Temperature Anomaly for 2012 (Jan-Dec) to be 0.40 or more,2012-06-01,,,,86.0,29,0,99.1,81.5
751689,2012.TEMP.ANOMOLY.0.40+,Global Temperature Anomaly for 2012 (Jan-Dec) to be 0.40 or more,2012-06-02,,,,86.0,29,0,99.1,81.5
751689,2012.TEMP.ANOMOLY.0.40+,Global Temperature Anomaly for 2012 (Jan-Dec) to be 0.40 or more,2012-06-03,,,,86.0,29,0,99.1,81.5
751689,2012.TEMP.ANOMOLY.0.40+,Global Temperature Anomaly for 2012 (Jan-Dec) to be 0.40 or more,2012-06-04,,,,86.0,29,0,99.1,81.5
751689,2012.TEMP.ANOMOLY.0.40+,Global Temperature Anomaly for 2012 (Jan-Dec) to be 0.40 or more,2012-06-05,,,,86.0,29,0,99.1,81.5
751689,2012.TEMP.ANOMOLY.0.40+,Global Temperature Anomaly for 2012 (Jan-Dec) to be 0.40 or more,2012-06-06,,,,86.0,29,0,99.1,81.5
751689,2012.TEMP.ANOMOLY.0.40+,Global Temperature Anomaly for 2012 (Jan-Dec) to be 0.40 or more,2012-06-07,,,,86.0,29,0,99.1,81.5
751689,2012.TEMP.ANOMOLY.0.40+,Global Temperature Anomaly for 2012 (Jan-Dec) to be 0.40 or more,2012-06-08,,,,86.0,29,0,99.1,81.5
751689,2012.TEMP.ANOMOLY.0.40+,Global Temperature Anomaly for 2012 (Jan-Dec) to be 0.40 or more,2012-06-09,,,,86.0,29,0,99.1,81.5
751689,2012.TEMP.ANOMOLY.0.40+,Global Temperature Anomaly for 2012 (Jan-Dec) to be 0.40 or more,2012-06-10,,,,86.0,29,0,99.1,81.5
751689,2012.TEMP.ANOMOLY.0.40+,Global Temperature Anomaly for 2012 (Jan-Dec) to be 0.40 or more,2012-06-11,,,,86.0,29,0,99.1,81.5
751689,2012.TEMP.ANOMOLY.0.40+,Global Temperature Anomaly for 2012 (Jan-Dec) to be 0.40 or more,2012-06-12,,,,86.0,29,0,99.1,81.5
751689,2012.TEMP.ANOMOLY.0.40+,Global Temperature Anomaly for 2012 (Jan-Dec) to be 0.40 or more,2012-06-13,,,,86.0,29,0,99.1,81.5
751689,2012.TEMP.ANOMOLY.0.40+,Global Temperature Anomaly for 2012 (Jan-Dec) to be 0.40 or more,2012-06-14,,,,86.0,29,0,99.1,81.5
751689,2012.TEMP.ANOMOLY.0.40+,Global Temperature Anomaly for 2012 (Jan-Dec) to be 0.40 or more,2012-06-15,,,,86.0,29,0,99.1,81.5
751689,2012.TEMP.ANOMOLY.0.40+,Global Temperature Anomaly for 2012 (Jan-Dec) to be 0.40 or more,2012-06-16,,,,86.0,29,0,99.1,81.5
751689,2012.TEMP.ANOMOLY.0.40+,Global Temperature Anomaly for 2012 (Jan-Dec) to be 0.40 or more,2012-06-17,,,,86.0,29,0,99.1,81.5
751689,2012.TEMP.ANOMOLY.0.40+,Global Temperature Anomaly for 2012 (Jan-Dec) to be 0.40 or more,2012-06-18,,,,86.0,29,0,99.1,81.5
751689,2012.TEMP.ANOMOLY.0.40+,Global Temperature Anomaly for 2012 (Jan-Dec) to be 0.40 or more,2012-06-19,,,,86.0,29,0,99.1,81.5
751689,2012.TEMP.ANOMOLY.0.40+,Global Temperature Anomaly for 2012 (Jan-Dec) to be 0.40 or more,2012-06-20,,,,86.0,29,0,99.1,81.5
751689,2012.TEMP.ANOMOLY.0.40+,Global Temperature Anomaly for 2012 (Jan-Dec) to be 0.40 or more,2012-06-21,,,,86.0,29,0,99.1,81.5
751689,2012.TEMP.ANOMOLY.0.40+,Global Temperature Anomaly for 2012 (Jan-Dec) to be 0.40 or more,2012-06-22,,,,86.0,29,0,99.1,81.5
751689,2012.TEMP.ANOMOLY.0.40+,Global Temperature Anomaly for 2012 (Jan-Dec) to be 0.40 or more,2012-06-23,,,,86.0,29,0,99.1,81.5
751689,2012.TEMP.ANOMOLY.0.40+,Global Temperature Anomaly for 2012 (Jan-Dec) to be 0.40 or more,2012-06-24,,,,86.0,29,0,99.1,81.5
751689,2012.TEMP.ANOMOLY.0.40+,Global Temperature Anomaly for 2012 (Jan-Dec) to be 0.40 or more,2012-06-25,,,,86.0,29,0,99.1,81.5
751689,2012.TEMP.ANOMOLY.0.40+,Global Temperature Anomaly for 2012 (Jan-Dec) to be 0.40 or more,2012-06-26,,,,86.0,29,0,99.1,81.5
751689,2012.TEMP.ANOMOLY.0.40+,Global Temperature Anomaly for 2012 (Jan-Dec) to be 0.40 or more,2012-06-27,,,,86.0,29,0,99.1,81.5
751689,2012.TEMP.ANOMOLY.0.40+,Global Temperature Anomaly for 2012 (Jan-Dec) to be 0.40 or more,2012-06-28,,,,86.0,29,0,99.1,81.5
751689,2012.TEMP.ANOMOLY.0.40+,Global Temperature Anomaly for 2012 (Jan-Dec) to be 0.40 or more,2012-06-29,,,,86.0,29,0,99.1,81.5
751689,2012.TEMP.ANOMOLY.0.40+,Global Temperature Anomaly for 2012 (Jan-Dec) to be 0.40 or more,2012-06-30,,,,86.0,29,0,99.1,81.5
751689,2012.TEMP.ANOMOLY.0.40+,Global Temperature Anomaly for 2012 (Jan-Dec) to be 0.40 or more,2012-07-01,,,,86.0,29,0,99.1,81.5
751689,2012.TEMP.ANOMOLY.0.40+,Global Temperature Anomaly for 2012 (Jan-Dec) to be 0.40 or more,2012-07-02,,,,86.0,29,0,99.1,81.5
751689,2012.TEMP.ANOMOLY.0.40+,Global Temperature Anomaly for 2012 (Jan-Dec) to be 0.40 or more,2012-07-03,,,,86.0,29,0,99.1,81.5
751689,2012.TEMP.ANOMOLY.0.40+,Global Temperature Anomaly for 2012 (Jan-Dec) to be 0.40 or more,2012-07-04,,,,86.0,29,0,99.1,81.5
751689,2012.TEMP.ANOMOLY.0.40+,Global Temperature Anomaly for 2012 (Jan-Dec) to be 0.40 or more,2012-07-05,,,,86.0,29,0,99.1,81.5
751689,2012.TEMP.ANOMOLY.0.40+,Global Temperature Anomaly for 2012 (Jan-Dec) to be 0.40 or more,2012-07-06,,,,86.0,29,0,99.1,81.5
751689,2012.TEMP.ANOMOLY.0.40+,Global Temperature Anomaly for 2012 (Jan-Dec) to be 0.40 or more,2012-07-07,,,,86.0,29,0,99.1,81.5
751689,2012.TEMP.ANOMOLY.0.40+,Global Temperature Anomaly for 2012 (Jan-Dec) to be 0.40 or more,2012-07-08,,,,86.0,29,0,99.1,81.5
751689,2012.TEMP.ANOMOLY.0.40+,Global Temperature Anomaly for 2012 (Jan-Dec) to be 0.40 or more,2012-07-09,,,,86.0,29,0,99.1,81.5
751689,2012.TEMP.ANOMOLY.0.40+,Global Temperature Anomaly for 2012 (Jan-Dec) to be 0.40 or more,2012-07-10,,,,86.0,29,0,99.1,81.5
751689,2012.TEMP.ANOMOLY.0.40+,Global Temperature Anomaly for 2012 (Jan-Dec) to be 0.40 or more,2012-07-11,,,,86.0,29,0,99.1,81.5
751689,2012.TEMP.ANOMOLY.0.40+,Global Temperature Anomaly for 2012 (Jan-Dec) to be 0.40 or more,2012-07-12,97.0,97.0,97.0,97.0,28,1,99.1,81.5
751689,2012.TEMP.ANOMOLY.0.40+,Global Temperature Anomaly for 2012 (Jan-Dec) to be 0.40 or more,2012-07-13,,,,97.0,28,0,99.1,81.5
751689,2012.TEMP.ANOMOLY.0.40+,Global Temperature Anomaly for 2012 (Jan-Dec) to be 0.40 or more,2012-07-14,,,,97.0,28,0,99.1,81.5
751689,2012.TEMP.ANOMOLY.0.40+,Global Temperature Anomaly for 2012 (Jan-Dec) to be 0.40 or more,2012-07-15,,,,97.0,28,0,99.1,81.5
751689,2012.TEMP.ANOMOLY.0.40+,Global Temperature Anomaly for 2012 (Jan-Dec) to be 0.40 or more,2012-07-16,,,,97.0,28,0,99.1,81.5
751689,2012.TEMP.ANOMOLY.0.40+,Global Temperature Anomaly for 2012 (Jan-Dec) to be 0.40 or more,2012-07-17,,,,97.0,28,0,99.1,81.5
751689,2012.TEMP.ANOMOLY.0.40+,Global Temperature Anomaly for 2012 (Jan-Dec) to be 0.40 or more,2012-07-18,,,,97.0,28,0,99.1,81.5
751689,2012.TEMP.ANOMOLY.0.40+,Global Temperature Anomaly for 2012 (Jan-Dec) to be 0.40 or more,2012-07-19,,,,97.0,28,0,99.1,81.5
751689,2012.TEMP.ANOMOLY.0.40+,Global Temperature Anomaly for 2012 (Jan-Dec) to be 0.40 or more,2012-07-20,,,,97.0,28,0,99.1,81.5
751689,2012.TEMP.ANOMOLY.0.40+,Global Temperature Anomaly for 2012 (Jan-Dec) to be 0.40 or more,2012-07-21,,,,97.0,28,0,99.1,81.5
751689,2012.TEMP.ANOMOLY.0.40+,Global Temperature Anomaly for 2012 (Jan-Dec) to be 0.40 or more,2012-07-22,,,,97.0,28,0,99.1,81.5
751689,2012.TEMP.ANOMOLY.0.40+,Global Temperature Anomaly for 2012 (Jan-Dec) to be 0.40 or more,2012-07-23,,,,97.0,28,0,99.1,81.5
751689,2012.TEMP.ANOMOLY.0.40+,Global Temperature Anomaly for 2012 (Jan-Dec) to be 0.40 or more,2012-07-24,,,,97.0,28,0,99.1,81.5
751689,2012.TEMP.ANOMOLY.0.40+,Global Temperature Anomaly for 2012 (Jan-Dec) to be 0.40 or more,2012-07-25,,,,97.0,28,0,99.1,81.5
751689,2012.TEMP.ANOMOLY.0.40+,Global Temperature Anomaly for 2012 (Jan-Dec) to be 0.40 or more,2012-07-26,,,,97.0,28,0,99.1,81.5
751689,2012.TEMP.ANOMOLY.0.40+,Global Temperature Anomaly for 2012 (Jan-Dec) to be 0.40 or more,2012-07-27,,,,97.0,28,0,99.1,81.5
751689,2012.TEMP.ANOMOLY.0.40+,Global Temperature Anomaly for 2012 (Jan-Dec) to be 0.40 or more,2012-07-28,,,,97.0,28,0,99.1,81.5
751689,2012.TEMP.ANOMOLY.0.40+,Global Temperature Anomaly for 2012 (Jan-Dec) to be 0.40 or more,2012-07-29,,,,97.0,28,0,99.1,81.5
751689,2012.TEMP.ANOMOLY.0.40+,Global Temperature Anomaly for 2012 (Jan-Dec) to be 0.40 or more,2012-07-30,,,,97.0,28,0,99.1,81.5
751689,2012.TEMP.ANOMOLY.0.40+,Global Temperature Anomaly for 2012 (Jan-Dec) to be 0.40 or more,2012-07-31,,,,97.0,28,0,99.1,81.5
751689,2012.TEMP.ANOMOLY.0.40+,Global Temperature Anomaly for 2012 (Jan-Dec) to be 0.40 or more,2012-08-01,,,,97.0,28,0,99.1,81.5
751689,2012.TEMP.ANOMOLY.0.40+,Global Temperature Anomaly for 2012 (Jan-Dec) to be 0.40 or more,2012-08-02,,,,97.0,28,0,99.1,81.5
751689,2012.TEMP.ANOMOLY.0.40+,Global Temperature Anomaly for 2012 (Jan-Dec) to be 0.40 or more,2012-08-03,,,,97.0,28,0,99.1,81.5
751689,2012.TEMP.ANOMOLY.0.40+,Global Temperature Anomaly for 2012 (Jan-Dec) to be 0.40 or more,2012-08-04,,,,97.0,28,0,99.1,81.5
751689,2012.TEMP.ANOMOLY.0.40+,Global Temperature Anomaly for 2012 (Jan-Dec) to be 0.40 or more,2012-08-05,,,,97.0,28,0,99.1,81.5
751689,2012.TEMP.ANOMOLY.0.40+,Global Temperature Anomaly for 2012 (Jan-Dec) to be 0.40 or more,2012-08-06,,,,97.0,28,0,99.1,81.5
751689,2012.TEMP.ANOMOLY.0.40+,Global Temperature Anomaly for 2012 (Jan-Dec) to be 0.40 or more,2012-08-07,,,,97.0,28,0,99.1,81.5
751689,2012.TEMP.ANOMOLY.0.40+,Global Temperature Anomaly for 2012 (Jan-Dec) to be 0.40 or more,2012-08-08,,,,97.0,28,0,99.1,81.5
751689,2012.TEMP.ANOMOLY.0.40+,Global Temperature Anomaly for 2012 (Jan-Dec) to be 0.40 or more,2012-08-09,,,,97.0,28,0,99.1,81.5
751689,2012.TEMP.ANOMOLY.0.40+,Global Temperature Anomaly for 2012 (Jan-Dec) to be 0.40 or more,2012-08-10,,,,97.0,28,0,99.1,81.5
751689,2012.TEMP.ANOMOLY.0.40+,Global Temperature Anomaly for 2012 (Jan-Dec) to be 0.40 or more,2012-08-11,,,,97.0,28,0,99.1,81.5
751689,2012.TEMP.ANOMOLY.0.40+,Global Temperature Anomaly for 2012 (Jan-Dec) to be 0.40 or more,2012-08-12,,,,97.0,28,0,99.1,81.5
751689,2012.TEMP.ANOMOLY.0.40+,Global Temperature Anomaly for 2012 (Jan-Dec) to be 0.40 or more,2012-08-13,,,,97.0,28,0,99.1,81.5
751689,2012.TEMP.ANOMOLY.0.40+,Global Temperature Anomaly for 2012 (Jan-Dec) to be 0.40 or more,2012-08-14,,,,97.0,28,0,99.1,81.5
751689,2012.TEMP.ANOMOLY.0.40+,Global Temperature Anomaly for 2012 (Jan-Dec) to be 0.40 or more,2012-08-15,,,,97.0,28,0,99.1,81.5
751689,2012.TEMP.ANOMOLY.0.40+,Global Temperature Anomaly for 2012 (Jan-Dec) to be 0.40 or more,2012-08-16,,,,97.0,28,0,99.1,81.5
751689,2012.TEMP.ANOMOLY.0.40+,Global Temperature Anomaly for 2012 (Jan-Dec) to be 0.40 or more,2012-08-17,,,,97.0,28,0,99.1,81.5
751689,2012.TEMP.ANOMOLY.0.40+,Global Temperature Anomaly for 2012 (Jan-Dec) to be 0.40 or more,2012-08-18,,,,97.0,28,0,99.1,81.5
751689,2012.TEMP.ANOMOLY.0.40+,Global Temperature Anomaly for 2012 (Jan-Dec) to be 0.40 or more,2012-08-19,,,,97.0,28,0,99.1,81.5
751689,2012.TEMP.ANOMOLY.0.40+,Global Temperature Anomaly for 2012 (Jan-Dec) to be 0.40 or more,2012-08-20,,,,97.0,28,0,99.1,81.5
751689,2012.TEMP.ANOMOLY.0.40+,Global Temperature Anomaly for 2012 (Jan-Dec) to be 0.40 or more,2012-08-21,,,,97.0,28,0,99.1,81.5
751689,2012.TEMP.ANOMOLY.0.40+,Global Temperature Anomaly for 2012 (Jan-Dec) to be 0.40 or more,2012-08-22,,,,97.0,28,0,99.1,81.5
751689,2012.TEMP.ANOMOLY.0.40+,Global Temperature Anomaly for 2012 (Jan-Dec) to be 0.40 or more,2012-08-23,,,,97.0,28,0,99.1,81.5
751689,2012.TEMP.ANOMOLY.0.40+,Global Temperature Anomaly for 2012 (Jan-Dec) to be 0.40 or more,2012-08-24,,,,97.0,28,0,99.1,81.5
751689,2012.TEMP.ANOMOLY.0.40+,Global Temperature Anomaly for 2012 (Jan-Dec) to be 0.40 or more,2012-08-25,,,,97.0,28,0,99.1,81.5
751689,2012.TEMP.ANOMOLY.0.40+,Global Temperature Anomaly for 2012 (Jan-Dec) to be 0.40 or more,2012-08-26,,,,97.0,28,0,99.1,81.5
751689,2012.TEMP.ANOMOLY.0.40+,Global Temperature Anomaly for 2012 (Jan-Dec) to be 0.40 or more,2012-08-27,,,,97.0,28,0,99.1,81.5
751689,2012.TEMP.ANOMOLY.0.40+,Global Temperature Anomaly for 2012 (Jan-Dec) to be 0.40 or more,2012-08-28,,,,97.0,28,0,99.1,81.5
751689,2012.TEMP.ANOMOLY.0.40+,Global Temperature Anomaly for 2012 (Jan-Dec) to be 0.40 or more,2012-08-29,,,,97.0,28,0,99.1,81.5
751689,2012.TEMP.ANOMOLY.0.40+,Global Temperature Anomaly for 2012 (Jan-Dec) to be 0.40 or more,2012-08-30,,,,97.0,28,0,99.1,81.5
751689,2012.TEMP.ANOMOLY.0.40+,Global Temperature Anomaly for 2012 (Jan-Dec) to be 0.40 or more,2012-08-31,,,,97.0,28,0,99.1,81.5
751689,2012.TEMP.ANOMOLY.0.40+,Global Temperature Anomaly for 2012 (Jan-Dec) to be 0.40 or more,2012-09-01,,,,97.0,28,0,99.1,81.5
751689,2012.TEMP.ANOMOLY.0.40+,Global Temperature Anomaly for 2012 (Jan-Dec) to be 0.40 or more,2012-09-02,,,,97.0,28,0,99.1,81.5
751689,2012.TEMP.ANOMOLY.0.40+,Global Temperature Anomaly for 2012 (Jan-Dec) to be 0.40 or more,2012-09-03,,,,97.0,28,0,99.1,81.5
751689,2012.TEMP.ANOMOLY.0.40+,Global Temperature Anomaly for 2012 (Jan-Dec) to be 0.40 or more,2012-09-04,,,,97.0,28,0,99.1,81.5
751689,2012.TEMP.ANOMOLY.0.40+,Global Temperature Anomaly for 2012 (Jan-Dec) to be 0.40 or more,2012-09-05,,,,97.0,28,0,99.1,81.5
751689,2012.TEMP.ANOMOLY.0.40+,Global Temperature Anomaly for 2012 (Jan-Dec) to be 0.40 or more,2012-09-06,,,,97.0,28,0,99.1,81.5
751689,2012.TEMP.ANOMOLY.0.40+,Global Temperature Anomaly for 2012 (Jan-Dec) to be 0.40 or more,2012-09-07,,,,97.0,28,0,99.1,81.5
751689,2012.TEMP.ANOMOLY.0.40+,Global Temperature Anomaly for 2012 (Jan-Dec) to be 0.40 or more,2012-09-08,,,,97.0,28,0,99.1,81.5
751689,2012.TEMP.ANOMOLY.0.40+,Global Temperature Anomaly for 2012 (Jan-Dec) to be 0.40 or more,2012-09-09,,,,97.0,28,0,99.1,81.5
751689,2012.TEMP.ANOMOLY.0.40+,Global Temperature Anomaly for 2012 (Jan-Dec) to be 0.40 or more,2012-09-10,,,,97.0,28,0,99.1,81.5
751689,2012.TEMP.ANOMOLY.0.40+,Global Temperature Anomaly for 2012 (Jan-Dec) to be 0.40 or more,2012-09-11,,,,97.0,28,0,99.1,81.5
751689,2012.TEMP.ANOMOLY.0.40+,Global Temperature Anomaly for 2012 (Jan-Dec) to be 0.40 or more,2012-09-12,,,,97.0,28,0,99.1,81.5
751689,2012.TEMP.ANOMOLY.0.40+,Global Temperature Anomaly for 2012 (Jan-Dec) to be 0.40 or more,2012-09-13,,,,97.0,28,0,99.1,81.5
751689,2012.TEMP.ANOMOLY.0.40+,Global Temperature Anomaly for 2012 (Jan-Dec) to be 0.40 or more,2012-09-14,,,,97.0,28,0,99.1,81.5
751689,2012.TEMP.ANOMOLY.0.40+,Global Temperature Anomaly for 2012 (Jan-Dec) to be 0.40 or more,2012-09-15,,,,97.0,28,0,99.1,81.5
751689,2012.TEMP.ANOMOLY.0.40+,Global Temperature Anomaly for 2012 (Jan-Dec) to be 0.40 or more,2012-09-16,,,,97.0,28,0,99.1,81.5
751689,2012.TEMP.ANOMOLY.0.40+,Global Temperature Anomaly for 2012 (Jan-Dec) to be 0.40 or more,2012-09-17,,,,97.0,28,0,99.1,81.5
751689,2012.TEMP.ANOMOLY.0.40+,Global Temperature Anomaly for 2012 (Jan-Dec) to be 0.40 or more,2012-09-18,,,,97.0,28,0,99.1,81.5
751689,2012.TEMP.ANOMOLY.0.40+,Global Temperature Anomaly for 2012 (Jan-Dec) to be 0.40 or more,2012-09-19,,,,97.0,28,0,99.1,81.5
751689,2012.TEMP.ANOMOLY.0.40+,Global Temperature Anomaly for 2012 (Jan-Dec) to be 0.40 or more,2012-09-20,,,,97.0,28,0,99.1,81.5
751689,2012.TEMP.ANOMOLY.0.40+,Global Temperature Anomaly for 2012 (Jan-Dec) to be 0.40 or more,2012-09-21,,,,97.0,28,0,99.1,81.5
751689,2012.TEMP.ANOMOLY.0.40+,Global Temperature Anomaly for 2012 (Jan-Dec) to be 0.40 or more,2012-09-22,,,,97.0,28,0,99.1,81.5
751689,2012.TEMP.ANOMOLY.0.40+,Global Temperature Anomaly for 2012 (Jan-Dec) to be 0.40 or more,2012-09-23,,,,97.0,28,0,99.1,81.5
751689,2012.TEMP.ANOMOLY.0.40+,Global Temperature Anomaly for 2012 (Jan-Dec) to be 0.40 or more,2012-09-24,,,,97.0,28,0,99.1,81.5
751689,2012.TEMP.ANOMOLY.0.40+,Global Temperature Anomaly for 2012 (Jan-Dec) to be 0.40 or more,2012-09-25,,,,97.0,28,0,99.1,81.5
751689,2012.TEMP.ANOMOLY.0.40+,Global Temperature Anomaly for 2012 (Jan-Dec) to be 0.40 or more,2012-09-26,,,,97.0,28,0,99.1,81.5
751689,2012.TEMP.ANOMOLY.0.40+,Global Temperature Anomaly for 2012 (Jan-Dec) to be 0.40 or more,2012-09-27,,,,97.0,28,0,99.1,81.5
751689,2012.TEMP.ANOMOLY.0.40+,Global Temperature Anomaly for 2012 (Jan-Dec) to be 0.40 or more,2012-09-28,,,,97.0,28,0,99.1,81.5
751689,2012.TEMP.ANOMOLY.0.40+,Global Temperature Anomaly for 2012 (Jan-Dec) to be 0.40 or more,2012-09-29,,,,97.0,28,0,99.1,81.5
751689,2012.TEMP.ANOMOLY.0.40+,Global Temperature Anomaly for 2012 (Jan-Dec) to be 0.40 or more,2012-09-30,,,,97.0,28,0,99.1,81.5
751689,2012.TEMP.ANOMOLY.0.40+,Global Temperature Anomaly for 2012 (Jan-Dec) to be 0.40 or more,2012-10-01,,,,97.0,28,0,99.1,81.5
751689,2012.TEMP.ANOMOLY.0.40+,Global Temperature Anomaly for 2012 (Jan-Dec) to be 0.40 or more,2012-10-02,,,,97.0,28,0,99.1,81.5
751689,2012.TEMP.ANOMOLY.0.40+,Global Temperature Anomaly for 2012 (Jan-Dec) to be 0.40 or more,2012-10-03,,,,97.0,28,0,99.1,81.5
751689,2012.TEMP.ANOMOLY.0.40+,Global Temperature Anomaly for 2012 (Jan-Dec) to be 0.40 or more,2012-10-04,,,,97.0,28,0,99.1,81.5
751689,2012.TEMP.ANOMOLY.0.40+,Global Temperature Anomaly for 2012 (Jan-Dec) to be 0.40 or more,2012-10-05,,,,97.0,28,0,99.1,81.5
751689,2012.TEMP.ANOMOLY.0.40+,Global Temperature Anomaly for 2012 (Jan-Dec) to be 0.40 or more,2012-10-06,,,,97.0,28,0,99.1,81.5
751689,2012.TEMP.ANOMOLY.0.40+,Global Temperature Anomaly for 2012 (Jan-Dec) to be 0.40 or more,2012-10-07,,,,97.0,28,0,99.1,81.5
751689,2012.TEMP.ANOMOLY.0.40+,Global Temperature Anomaly for 2012 (Jan-Dec) to be 0.40 or more,2012-10-08,,,,97.0,28,0,99.1,81.5
751689,2012.TEMP.ANOMOLY.0.40+,Global Temperature Anomaly for 2012 (Jan-Dec) to be 0.40 or more,2012-10-09,,,,97.0,28,0,99.1,81.5
751689,2012.TEMP.ANOMOLY.0.40+,Global Temperature Anomaly for 2012 (Jan-Dec) to be 0.40 or more,2012-10-10,,,,97.0,28,0,99.1,81.5
751689,2012.TEMP.ANOMOLY.0.40+,Global Temperature Anomaly for 2012 (Jan-Dec) to be 0.40 or more,2012-10-11,,,,97.0,28,0,99.1,81.5
751689,2012.TEMP.ANOMOLY.0.40+,Global Temperature Anomaly for 2012 (Jan-Dec) to be 0.40 or more,2012-10-12,,,,97.0,28,0,99.1,81.5
751689,2012.TEMP.ANOMOLY.0.40+,Global Temperature Anomaly for 2012 (Jan-Dec) to be 0.40 or more,2012-10-13,,,,97.0,28,0,99.1,81.5
751689,2012.TEMP.ANOMOLY.0.40+,Global Temperature Anomaly for 2012 (Jan-Dec) to be 0.40 or more,2012-10-14,,,,97.0,28,0,99.1,81.5
751689,2012.TEMP.ANOMOLY.0.40+,Global Temperature Anomaly for 2012 (Jan-Dec) to be 0.40 or more,2012-10-15,,,,97.0,28,0,99.1,81.5
751689,2012.TEMP.ANOMOLY.0.40+,Global Temperature Anomaly for 2012 (Jan-Dec) to be 0.40 or more,2012-10-16,,,,97.0,28,0,99.1,81.5
751689,2012.TEMP.ANOMOLY.0.40+,Global Temperature Anomaly for 2012 (Jan-Dec) to be 0.40 or more,2012-10-17,,,,97.0,28,0,99.1,81.5
751689,2012.TEMP.ANOMOLY.0.40+,Global Temperature Anomaly for 2012 (Jan-Dec) to be 0.40 or more,2012-10-18,,,,97.0,28,0,99.1,81.5
751689,2012.TEMP.ANOMOLY.0.40+,Global Temperature Anomaly for 2012 (Jan-Dec) to be 0.40 or more,2012-10-19,,,,97.0,28,0,99.1,81.5
751689,2012.TEMP.ANOMOLY.0.40+,Global Temperature Anomaly for 2012 (Jan-Dec) to be 0.40 or more,2012-10-20,,,,97.0,28,0,99.1,81.5
751689,2012.TEMP.ANOMOLY.0.40+,Global Temperature Anomaly for 2012 (Jan-Dec) to be 0.40 or more,2012-10-21,,,,97.0,28,0,99.1,81.5
751689,2012.TEMP.ANOMOLY.0.40+,Global Temperature Anomaly for 2012 (Jan-Dec) to be 0.40 or more,2012-10-22,,,,97.0,28,0,99.1,81.5
751689,2012.TEMP.ANOMOLY.0.40+,Global Temperature Anomaly for 2012 (Jan-Dec) to be 0.40 or more,2012-10-23,,,,97.0,28,0,99.1,81.5
751689,2012.TEMP.ANOMOLY.0.40+,Global Temperature Anomaly for 2012 (Jan-Dec) to be 0.40 or more,2012-10-24,,,,97.0,28,0,99.1,81.5
751689,2012.TEMP.ANOMOLY.0.40+,Global Temperature Anomaly for 2012 (Jan-Dec) to be 0.40 or more,2012-10-25,,,,97.0,28,0,99.1,81.5
751689,2012.TEMP.ANOMOLY.0.40+,Global Temperature Anomaly for 2012 (Jan-Dec) to be 0.40 or more,2012-10-26,,,,97.0,28,0,99.1,81.5
751689,2012.TEMP.ANOMOLY.0.40+,Global Temperature Anomaly for 2012 (Jan-Dec) to be 0.40 or more,2012-10-27,,,,97.0,28,0,99.1,81.5
751689,2012.TEMP.ANOMOLY.0.40+,Global Temperature Anomaly for 2012 (Jan-Dec) to be 0.40 or more,2012-10-28,,,,97.0,28,0,99.1,81.5
751689,2012.TEMP.ANOMOLY.0.40+,Global Temperature Anomaly for 2012 (Jan-Dec) to be 0.40 or more,2012-10-29,,,,97.0,28,0,99.1,81.5
751689,2012.TEMP.ANOMOLY.0.40+,Global Temperature Anomaly for 2012 (Jan-Dec) to be 0.40 or more,2012-10-30,,,,97.0,28,0,99.1,81.5
751689,2012.TEMP.ANOMOLY.0.40+,Global Temperature Anomaly for 2012 (Jan-Dec) to be 0.40 or more,2012-10-31,,,,97.0,28,0,99.1,81.5
751689,2012.TEMP.ANOMOLY.0.40+,Global Temperature Anomaly for 2012 (Jan-Dec) to be 0.40 or more,2012-11-01,,,,97.0,28,0,99.1,81.5
751689,2012.TEMP.ANOMOLY.0.40+,Global Temperature Anomaly for 2012 (Jan-Dec) to be 0.40 or more,2012-11-02,,,,97.0,28,0,99.1,81.5
751689,2012.TEMP.ANOMOLY.0.40+,Global Temperature Anomaly for 2012 (Jan-Dec) to be 0.40 or more,2012-11-03,,,,97.0,28,0,99.1,81.5
751689,2012.TEMP.ANOMOLY.0.40+,Global Temperature Anomaly for 2012 (Jan-Dec) to be 0.40 or more,2012-11-04,,,,97.0,28,0,99.1,81.5
751689,2012.TEMP.ANOMOLY.0.40+,Global Temperature Anomaly for 2012 (Jan-Dec) to be 0.40 or more,2012-11-05,,,,97.0,28,0,99.1,81.5
751689,2012.TEMP.ANOMOLY.0.40+,Global Temperature Anomaly for 2012 (Jan-Dec) to be 0.40 or more,2012-11-06,,,,97.0,28,0,99.1,81.5
751689,2012.TEMP.ANOMOLY.0.40+,Global Temperature Anomaly for 2012 (Jan-Dec) to be 0.40 or more,2012-11-07,97.0,97.0,97.0,97.0,28,4,99.1,81.5
751689,2012.TEMP.ANOMOLY.0.40+,Global Temperature Anomaly for 2012 (Jan-Dec) to be 0.40 or more,2012-11-08,,,,97.0,28,0,99.1,81.5
751689,2012.TEMP.ANOMOLY.0.40+,Global Temperature Anomaly for 2012 (Jan-Dec) to be 0.40 or more,2012-11-09,,,,97.0,28,0,99.1,81.5
751689,2012.TEMP.ANOMOLY.0.40+,Global Temperature Anomaly for 2012 (Jan-Dec) to be 0.40 or more,2012-11-10,,,,97.0,28,0,99.1,81.5
751689,2012.TEMP.ANOMOLY.0.40+,Global Temperature Anomaly for 2012 (Jan-Dec) to be 0.40 or more,2012-11-11,,,,97.0,28,0,99.1,81.5
751689,2012.TEMP.ANOMOLY.0.40+,Global Temperature Anomaly for 2012 (Jan-Dec) to be 0.40 or more,2012-11-12,,,,97.0,28,0,99.1,81.5
751689,2012.TEMP.ANOMOLY.0.40+,Global Temperature Anomaly for 2012 (Jan-Dec) to be 0.40 or more,2012-11-13,,,,97.0,28,0,99.1,81.5
751689,2012.TEMP.ANOMOLY.0.40+,Global Temperature Anomaly for 2012 (Jan-Dec) to be 0.40 or more,2012-11-14,,,,97.0,28,0,99.1,81.5
751689,2012.TEMP.ANOMOLY.0.40+,Global Temperature Anomaly for 2012 (Jan-Dec) to be 0.40 or more,2012-11-15,,,,97.0,28,0,99.1,81.5
751689,2012.TEMP.ANOMOLY.0.40+,Global Temperature Anomaly for 2012 (Jan-Dec) to be 0.40 or more,2012-11-16,,,,97.0,28,0,99.1,81.5
751689,2012.TEMP.ANOMOLY.0.40+,Global Temperature Anomaly for 2012 (Jan-Dec) to be 0.40 or more,2012-11-17,,,,97.0,28,0,99.1,81.5
751689,2012.TEMP.ANOMOLY.0.40+,Global Temperature Anomaly for 2012 (Jan-Dec) to be 0.40 or more,2012-11-18,,,,97.0,28,0,99.1,81.5
751689,2012.TEMP.ANOMOLY.0.40+,Global Temperature Anomaly for 2012 (Jan-Dec) to be 0.40 or more,2012-11-19,,,,97.0,28,0,99.1,81.5
751689,2012.TEMP.ANOMOLY.0.40+,Global Temperature Anomaly for 2012 (Jan-Dec) to be 0.40 or more,2012-11-20,,,,97.0,28,0,99.1,81.5
751689,2012.TEMP.ANOMOLY.0.40+,Global Temperature Anomaly for 2012 (Jan-Dec) to be 0.40 or more,2012-11-21,,,,97.0,28,0,99.1,81.5
751689,2012.TEMP.ANOMOLY.0.40+,Global Temperature Anomaly for 2012 (Jan-Dec) to be 0.40 or more,2012-11-22,,,,97.0,28,0,99.1,81.5
751689,2012.TEMP.ANOMOLY.0.40+,Global Temperature Anomaly for 2012 (Jan-Dec) to be 0.40 or more,2012-11-23,,,,97.0,28,0,99.1,81.5
751689,2012.TEMP.ANOMOLY.0.40+,Global Temperature Anomaly for 2012 (Jan-Dec) to be 0.40 or more,2012-11-24,,,,97.0,28,0,99.1,81.5
751689,2012.TEMP.ANOMOLY.0.40+,Global Temperature Anomaly for 2012 (Jan-Dec) to be 0.40 or more,2012-11-25,,,,97.0,28,0,99.1,81.5
751689,2012.TEMP.ANOMOLY.0.40+,Global Temperature Anomaly for 2012 (Jan-Dec) to be 0.40 or more,2012-11-26,,,,97.0,28,0,99.1,81.5
751689,2012.TEMP.ANOMOLY.0.40+,Global Temperature Anomaly for 2012 (Jan-Dec) to be 0.40 or more,2012-11-27,,,,97.0,28,0,99.1,81.5
751689,2012.TEMP.ANOMOLY.0.40+,Global Temperature Anomaly for 2012 (Jan-Dec) to be 0.40 or more,2012-11-28,,,,97.0,28,0,99.1,81.5
751689,2012.TEMP.ANOMOLY.0.40+,Global Temperature Anomaly for 2012 (Jan-Dec) to be 0.40 or more,2012-11-29,99.5,99.5,99.5,99.5,28,23,99.5,81.5
751689,2012.TEMP.ANOMOLY.0.40+,Global Temperature Anomaly for 2012 (Jan-Dec) to be 0.40 or more,2012-11-30,,,,99.5,28,0,99.5,81.5
751689,2012.TEMP.ANOMOLY.0.40+,Global Temperature Anomaly for 2012 (Jan-Dec) to be 0.40 or more,2012-12-01,,,,99.5,28,0,99.5,81.5
751689,2012.TEMP.ANOMOLY.0.40+,Global Temperature Anomaly for 2012 (Jan-Dec) to be 0.40 or more,2012-12-02,,,,99.5,28,0,99.5,81.5
751689,2012.TEMP.ANOMOLY.0.40+,Global Temperature Anomaly for 2012 (Jan-Dec) to be 0.40 or more,2012-12-03,,,,99.5,28,0,99.5,81.5
751689,2012.TEMP.ANOMOLY.0.40+,Global Temperature Anomaly for 2012 (Jan-Dec) to be 0.40 or more,2012-12-04,,,,99.5,28,0,99.5,81.5
751689,2012.TEMP.ANOMOLY.0.40+,Global Temperature Anomaly for 2012 (Jan-Dec) to be 0.40 or more,2012-12-05,,,,99.5,28,0,99.5,81.5
751689,2012.TEMP.ANOMOLY.0.40+,Global Temperature Anomaly for 2012 (Jan-Dec) to be 0.40 or more,2012-12-06,99.8,99.8,99.8,99.8,28,4,99.8,81.5
751689,2012.TEMP.ANOMOLY.0.40+,Global Temperature Anomaly for 2012 (Jan-Dec) to be 0.40 or more,2012-12-07,,,,99.8,28,0,99.8,81.5
751689,2012.TEMP.ANOMOLY.0.40+,Global Temperature Anomaly for 2012 (Jan-Dec) to be 0.40 or more,2012-12-08,,,,99.8,28,0,99.8,81.5
751689,2012.TEMP.ANOMOLY.0.40+,Global Temperature Anomaly for 2012 (Jan-Dec) to be 0.40 or more,2012-12-09,,,,99.8,28,0,99.8,81.5
751689,2012.TEMP.ANOMOLY.0.40+,Global Temperature Anomaly for 2012 (Jan-Dec) to be 0.40 or more,2012-12-10,,,,99.8,28,0,99.8,81.5
751689,2012.TEMP.ANOMOLY.0.40+,Global Temperature Anomaly for 2012 (Jan-Dec) to be 0.40 or more,2012-12-11,,,,99.8,28,0,99.8,81.5
751689,2012.TEMP.ANOMOLY.0.40+,Global Temperature Anomaly for 2012 (Jan-Dec) to be 0.40 or more,2012-12-12,,,,99.8,28,0,99.8,81.5
751689,2012.TEMP.ANOMOLY.0.40+,Global Temperature Anomaly for 2012 (Jan-Dec) to be 0.40 or more,2012-12-13,,,,99.8,28,0,99.8,81.5
751689,2012.TEMP.ANOMOLY.0.40+,Global Temperature Anomaly for 2012 (Jan-Dec) to be 0.40 or more,2012-12-14,,,,99.8,28,0,99.8,81.5
751689,2012.TEMP.ANOMOLY.0.40+,Global Temperature Anomaly for 2012 (Jan-Dec) to be 0.40 or more,2012-12-15,,,,99.8,28,0,99.8,81.5
751689,2012.TEMP.ANOMOLY.0.40+,Global Temperature Anomaly for 2012 (Jan-Dec) to be 0.40 or more,2012-12-16,,,,99.8,28,0,99.8,81.5
751689,2012.TEMP.ANOMOLY.0.40+,Global Temperature Anomaly for 2012 (Jan-Dec) to be 0.40 or more,2012-12-17,,,,99.8,28,0,99.8,81.5
751689,2012.TEMP.ANOMOLY.0.40+,Global Temperature Anomaly for 2012 (Jan-Dec) to be 0.40 or more,2012-12-18,,,,99.8,28,0,99.8,81.5
751689,2012.TEMP.ANOMOLY.0.40+,Global Temperature Anomaly for 2012 (Jan-Dec) to be 0.40 or more,2012-12-19,,,,99.8,28,0,99.8,81.5
751689,2012.TEMP.ANOMOLY.0.40+,Global Temperature Anomaly for 2012 (Jan-Dec) to be 0.40 or more,2012-12-20,,,,99.8,28,0,99.8,81.5
751689,2012.TEMP.ANOMOLY.0.40+,Global Temperature Anomaly for 2012 (Jan-Dec) to be 0.40 or more,2012-12-21,,,,99.8,28,0,99.8,81.5
751689,2012.TEMP.ANOMOLY.0.40+,Global Temperature Anomaly for 2012 (Jan-Dec) to be 0.40 or more,2012-12-22,,,,99.8,28,0,99.8,81.5
751689,2012.TEMP.ANOMOLY.0.40+,Global Temperature Anomaly for 2012 (Jan-Dec) to be 0.40 or more,2012-12-23,99.9,99.9,99.9,99.9,27,29,99.9,81.5
751689,2012.TEMP.ANOMOLY.0.40+,Global Temperature Anomaly for 2012 (Jan-Dec) to be 0.40 or more,2012-12-24,,,,99.9,27,0,99.9,81.5
751689,2012.TEMP.ANOMOLY.0.40+,Global Temperature Anomaly for 2012 (Jan-Dec) to be 0.40 or more,2012-12-25,,,,99.9,27,0,99.9,81.5
751689,2012.TEMP.ANOMOLY.0.40+,Global Temperature Anomaly for 2012 (Jan-Dec) to be 0.40 or more,2012-12-26,,,,99.9,27,0,99.9,81.5
751689,2012.TEMP.ANOMOLY.0.40+,Global Temperature Anomaly for 2012 (Jan-Dec) to be 0.40 or more,2012-12-27,,,,99.9,27,0,99.9,81.5
751689,2012.TEMP.ANOMOLY.0.40+,Global Temperature Anomaly for 2012 (Jan-Dec) to be 0.40 or more,2012-12-28,,,,99.9,27,0,99.9,81.5
751689,2012.TEMP.ANOMOLY.0.40+,Global Temperature Anomaly for 2012 (Jan-Dec) to be 0.40 or more,2012-12-29,,,,99.9,27,0,99.9,81.5
751689,2012.TEMP.ANOMOLY.0.40+,Global Temperature Anomaly for 2012 (Jan-Dec) to be 0.40 or more,2012-12-30,,,,99.9,27,0,99.9,81.5
751689,2012.TEMP.ANOMOLY.0.40+,Global Temperature Anomaly for 2012 (Jan-Dec) to be 0.40 or more,2012-12-31,,,,99.9,27,0,99.9,81.5
751689,2012.TEMP.ANOMOLY.0.40+,Global Temperature Anomaly for 2012 (Jan-Dec) to be 0.40 or more,2013-01-01,,,,99.9,27,0,99.9,81.5
751689,2012.TEMP.ANOMOLY.0.40+,Global Temperature Anomaly for 2012 (Jan-Dec) to be 0.40 or more,2013-01-02,,,,99.9,27,0,99.9,81.5
751689,2012.TEMP.ANOMOLY.0.40+,Global Temperature Anomaly for 2012 (Jan-Dec) to be 0.40 or more,2013-01-03,,,,99.9,27,0,99.9,81.5
751689,2012.TEMP.ANOMOLY.0.40+,Global Temperature Anomaly for 2012 (Jan-Dec) to be 0.40 or more,2013-01-04,,,,99.9,27,0,99.9,81.5
751689,2012.TEMP.ANOMOLY.0.40+,Global Temperature Anomaly for 2012 (Jan-Dec) to be 0.40 or more,2013-01-05,,,,99.9,27,0,99.9,81.5
751689,2012.TEMP.ANOMOLY.0.40+,Global Temperature Anomaly for 2012 (Jan-Dec) to be 0.40 or more,2013-01-06,,,,99.9,27,0,99.9,81.5
751689,2012.TEMP.ANOMOLY.0.40+,Global Temperature Anomaly for 2012 (Jan-Dec) to be 0.40 or more,2013-01-07,,,,99.9,27,0,99.9,81.5
751689,2012.TEMP.ANOMOLY.0.40+,Global Temperature Anomaly for 2012 (Jan-Dec) to be 0.40 or more,2013-01-08,,,,99.9,27,0,99.9,81.5
751689,2012.TEMP.ANOMOLY.0.40+,Global Temperature Anomaly for 2012 (Jan-Dec) to be 0.40 or more,2013-01-09,,,,99.9,27,0,99.9,81.5
751689,2012.TEMP.ANOMOLY.0.40+,Global Temperature Anomaly for 2012 (Jan-Dec) to be 0.40 or more,2013-01-10,,,,99.9,27,0,99.9,81.5
751689,2012.TEMP.ANOMOLY.0.40+,Global Temperature Anomaly for 2012 (Jan-Dec) to be 0.40 or more,2013-01-11,,,,99.9,27,0,99.9,81.5
751689,2012.TEMP.ANOMOLY.0.40+,Global Temperature Anomaly for 2012 (Jan-Dec) to be 0.40 or more,2013-01-12,,,,99.9,27,0,99.9,81.5
751689,2012.TEMP.ANOMOLY.0.40+,Global Temperature Anomaly for 2012 (Jan-Dec) to be 0.40 or more,2013-01-13,,,,99.9,27,0,99.9,81.5
751689,2012.TEMP.ANOMOLY.0.40+,Global Temperature Anomaly for 2012 (Jan-Dec) to be 0.40 or more,2013-01-14,,,,99.9,27,0,99.9,81.5
751689,2012.TEMP.ANOMOLY.0.40+,Global Temperature Anomaly for 2012 (Jan-Dec) to be 0.40 or more,2013-01-15,,,,99.9,27,0,99.9,81.5
