market id,market symbol,market name,business day,session open,session high,session low,closing price,open interest,session trade volume,lifetime high,lifetime low
755624,GTA.MAR2012.>0.55,Global Temperature Anomaly for Mar  2012 to be greater than 0.55 Degrees C,2012-01-03,0.0,0.0,0.0,0.0,0,0,0.0,0.0
755624,GTA.MAR2012.>0.55,Global Temperature Anomaly for Mar  2012 to be greater than 0.55 Degrees C,2012-01-04,0.0,0.0,0.0,0.0,0,0,0.0,0.0
755624,GTA.MAR2012.>0.55,Global Temperature Anomaly for Mar  2012 to be greater than 0.55 Degrees C,2012-01-05,0.0,0.0,0.0,0.0,0,0,0.0,0.0
755624,GTA.MAR2012.>0.55,Global Temperature Anomaly for Mar  2012 to be greater than 0.55 Degrees C,2012-01-06,0.0,0.0,0.0,0.0,0,0,0.0,0.0
755624,GTA.MAR2012.>0.55,Global Temperature Anomaly for Mar  2012 to be greater than 0.55 Degrees C,2012-01-07,0.0,0.0,0.0,0.0,0,0,0.0,0.0
755624,GTA.MAR2012.>0.55,Global Temperature Anomaly for Mar  2012 to be greater than 0.55 Degrees C,2012-01-08,0.0,0.0,0.0,0.0,0,0,0.0,0.0
755624,GTA.MAR2012.>0.55,Global Temperature Anomaly for Mar  2012 to be greater than 0.55 Degrees C,2012-01-09,0.0,0.0,0.0,0.0,0,0,0.0,0.0
755624,GTA.MAR2012.>0.55,Global Temperature Anomaly for Mar  2012 to be greater than 0.55 Degrees C,2012-01-10,0.0,0.0,0.0,0.0,0,0,0.0,0.0
755624,GTA.MAR2012.>0.55,Global Temperature Anomaly for Mar  2012 to be greater than 0.55 Degrees C,2012-01-11,0.0,0.0,0.0,0.0,0,0,0.0,0.0
755624,GTA.MAR2012.>0.55,Global Temperature Anomaly for Mar  2012 to be greater than 0.55 Degrees C,2012-01-12,0.0,0.0,0.0,0.0,0,0,0.0,0.0
755624,GTA.MAR2012.>0.55,Global Temperature Anomaly for Mar  2012 to be greater than 0.55 Degrees C,2012-01-13,0.0,0.0,0.0,0.0,0,0,0.0,0.0
755624,GTA.MAR2012.>0.55,Global Temperature Anomaly for Mar  2012 to be greater than 0.55 Degrees C,2012-01-14,0.0,0.0,0.0,0.0,0,0,0.0,0.0
755624,GTA.MAR2012.>0.55,Global Temperature Anomaly for Mar  2012 to be greater than 0.55 Degrees C,2012-01-15,0.0,0.0,0.0,0.0,0,0,0.0,0.0
755624,GTA.MAR2012.>0.55,Global Temperature Anomaly for Mar  2012 to be greater than 0.55 Degrees C,2012-01-16,0.0,0.0,0.0,0.0,0,0,0.0,0.0
755624,GTA.MAR2012.>0.55,Global Temperature Anomaly for Mar  2012 to be greater than 0.55 Degrees C,2012-01-17,0.0,0.0,0.0,0.0,0,0,0.0,0.0
755624,GTA.MAR2012.>0.55,Global Temperature Anomaly for Mar  2012 to be greater than 0.55 Degrees C,2012-01-18,0.0,0.0,0.0,0.0,0,0,0.0,0.0
755624,GTA.MAR2012.>0.55,Global Temperature Anomaly for Mar  2012 to be greater than 0.55 Degrees C,2012-01-19,0.0,0.0,0.0,0.0,0,0,0.0,0.0
755624,GTA.MAR2012.>0.55,Global Temperature Anomaly for Mar  2012 to be greater than 0.55 Degrees C,2012-01-20,0.0,0.0,0.0,0.0,0,0,0.0,0.0
755624,GTA.MAR2012.>0.55,Global Temperature Anomaly for Mar  2012 to be greater than 0.55 Degrees C,2012-01-21,0.0,0.0,0.0,0.0,0,0,0.0,0.0
755624,GTA.MAR2012.>0.55,Global Temperature Anomaly for Mar  2012 to be greater than 0.55 Degrees C,2012-01-22,0.0,0.0,0.0,0.0,0,0,0.0,0.0
755624,GTA.MAR2012.>0.55,Global Temperature Anomaly for Mar  2012 to be greater than 0.55 Degrees C,2012-01-23,0.0,0.0,0.0,0.0,0,0,0.0,0.0
755624,GTA.MAR2012.>0.55,Global Temperature Anomaly for Mar  2012 to be greater than 0.55 Degrees C,2012-01-24,0.0,0.0,0.0,0.0,0,0,0.0,0.0
755624,GTA.MAR2012.>0.55,Global Temperature Anomaly for Mar  2012 to be greater than 0.55 Degrees C,2012-01-25,0.0,0.0,0.0,0.0,0,0,0.0,0.0
755624,GTA.MAR2012.>0.55,Global Temperature Anomaly for Mar  2012 to be greater than 0.55 Degrees C,2012-01-26,0.0,0.0,0.0,0.0,0,0,0.0,0.0
755624,GTA.MAR2012.>0.55,Global Temperature Anomaly for Mar  2012 to be greater than 0.55 Degrees C,2012-01-27,0.0,0.0,0.0,0.0,0,0,0.0,0.0
755624,GTA.MAR2012.>0.55,Global Temperature Anomaly for Mar  2012 to be greater than 0.55 Degrees C,2012-01-28,0.0,0.0,0.0,0.0,0,0,0.0,0.0
755624,GTA.MAR2012.>0.55,Global Temperature Anomaly for Mar  2012 to be greater than 0.55 Degrees C,2012-01-29,0.0,0.0,0.0,0.0,0,0,0.0,0.0
755624,GTA.MAR2012.>0.55,Global Temperature Anomaly for Mar  2012 to be greater than 0.55 Degrees C,2012-01-30,0.0,0.0,0.0,0.0,0,0,0.0,0.0
755624,GTA.MAR2012.>0.55,Global Temperature Anomaly for Mar  2012 to be greater than 0.55 Degrees C,2012-01-31,0.0,0.0,0.0,0.0,0,0,0.0,0.0
755624,GTA.MAR2012.>0.55,Global Temperature Anomaly for Mar  2012 to be greater than 0.55 Degrees C,2012-02-01,0.0,0.0,0.0,0.0,0,0,0.0,0.0
755624,GTA.MAR2012.>0.55,Global Temperature Anomaly for Mar  2012 to be greater than 0.55 Degrees C,2012-02-02,0.0,0.0,0.0,0.0,0,0,0.0,0.0
755624,GTA.MAR2012.>0.55,Global Temperature Anomaly for Mar  2012 to be greater than 0.55 Degrees C,2012-02-03,0.0,0.0,0.0,0.0,0,0,0.0,0.0
755624,GTA.MAR2012.>0.55,Global Temperature Anomaly for Mar  2012 to be greater than 0.55 Degrees C,2012-02-04,0.0,0.0,0.0,0.0,0,0,0.0,0.0
755624,GTA.MAR2012.>0.55,Global Temperature Anomaly for Mar  2012 to be greater than 0.55 Degrees C,2012-02-05,0.0,0.0,0.0,0.0,0,0,0.0,0.0
755624,GTA.MAR2012.>0.55,Global Temperature Anomaly for Mar  2012 to be greater than 0.55 Degrees C,2012-02-06,0.0,0.0,0.0,0.0,0,0,0.0,0.0
755624,GTA.MAR2012.>0.55,Global Temperature Anomaly for Mar  2012 to be greater than 0.55 Degrees C,2012-02-07,0.0,0.0,0.0,0.0,0,0,0.0,0.0
755624,GTA.MAR2012.>0.55,Global Temperature Anomaly for Mar  2012 to be greater than 0.55 Degrees C,2012-02-08,0.0,0.0,0.0,0.0,0,0,0.0,0.0
755624,GTA.MAR2012.>0.55,Global Temperature Anomaly for Mar  2012 to be greater than 0.55 Degrees C,2012-02-09,0.0,0.0,0.0,0.0,0,0,0.0,0.0
755624,GTA.MAR2012.>0.55,Global Temperature Anomaly for Mar  2012 to be greater than 0.55 Degrees C,2012-02-10,0.0,0.0,0.0,0.0,0,0,0.0,0.0
755624,GTA.MAR2012.>0.55,Global Temperature Anomaly for Mar  2012 to be greater than 0.55 Degrees C,2012-02-11,0.0,0.0,0.0,0.0,0,0,0.0,0.0
755624,GTA.MAR2012.>0.55,Global Temperature Anomaly for Mar  2012 to be greater than 0.55 Degrees C,2012-02-12,0.0,0.0,0.0,0.0,0,0,0.0,0.0
755624,GTA.MAR2012.>0.55,Global Temperature Anomaly for Mar  2012 to be greater than 0.55 Degrees C,2012-02-13,0.0,0.0,0.0,0.0,0,0,0.0,0.0
755624,GTA.MAR2012.>0.55,Global Temperature Anomaly for Mar  2012 to be greater than 0.55 Degrees C,2012-02-14,0.0,0.0,0.0,0.0,0,0,0.0,0.0
755624,GTA.MAR2012.>0.55,Global Temperature Anomaly for Mar  2012 to be greater than 0.55 Degrees C,2012-02-15,0.0,0.0,0.0,0.0,0,0,0.0,0.0
755624,GTA.MAR2012.>0.55,Global Temperature Anomaly for Mar  2012 to be greater than 0.55 Degrees C,2012-02-16,0.0,0.0,0.0,0.0,0,0,0.0,0.0
755624,GTA.MAR2012.>0.55,Global Temperature Anomaly for Mar  2012 to be greater than 0.55 Degrees C,2012-02-17,0.0,0.0,0.0,0.0,0,0,0.0,0.0
755624,GTA.MAR2012.>0.55,Global Temperature Anomaly for Mar  2012 to be greater than 0.55 Degrees C,2012-02-18,0.0,0.0,0.0,0.0,0,0,0.0,0.0
755624,GTA.MAR2012.>0.55,Global Temperature Anomaly for Mar  2012 to be greater than 0.55 Degrees C,2012-02-19,0.0,0.0,0.0,0.0,0,0,0.0,0.0
755624,GTA.MAR2012.>0.55,Global Temperature Anomaly for Mar  2012 to be greater than 0.55 Degrees C,2012-02-20,0.0,0.0,0.0,0.0,0,0,0.0,0.0
755624,GTA.MAR2012.>0.55,Global Temperature Anomaly for Mar  2012 to be greater than 0.55 Degrees C,2012-02-21,0.0,0.0,0.0,0.0,0,0,0.0,0.0
755624,GTA.MAR2012.>0.55,Global Temperature Anomaly for Mar  2012 to be greater than 0.55 Degrees C,2012-02-22,0.0,0.0,0.0,0.0,0,0,0.0,0.0
755624,GTA.MAR2012.>0.55,Global Temperature Anomaly for Mar  2012 to be greater than 0.55 Degrees C,2012-02-23,0.0,0.0,0.0,0.0,0,0,0.0,0.0
755624,GTA.MAR2012.>0.55,Global Temperature Anomaly for Mar  2012 to be greater than 0.55 Degrees C,2012-02-24,0.0,0.0,0.0,0.0,0,0,0.0,0.0
755624,GTA.MAR2012.>0.55,Global Temperature Anomaly for Mar  2012 to be greater than 0.55 Degrees C,2012-02-25,0.0,0.0,0.0,0.0,0,0,0.0,0.0
755624,GTA.MAR2012.>0.55,Global Temperature Anomaly for Mar  2012 to be greater than 0.55 Degrees C,2012-02-26,0.0,0.0,0.0,0.0,0,0,0.0,0.0
755624,GTA.MAR2012.>0.55,Global Temperature Anomaly for Mar  2012 to be greater than 0.55 Degrees C,2012-02-27,0.0,0.0,0.0,0.0,0,0,0.0,0.0
755624,GTA.MAR2012.>0.55,Global Temperature Anomaly for Mar  2012 to be greater than 0.55 Degrees C,2012-02-28,0.0,0.0,0.0,0.0,0,0,0.0,0.0
755624,GTA.MAR2012.>0.55,Global Temperature Anomaly for Mar  2012 to be greater than 0.55 Degrees C,2012-02-29,0.0,0.0,0.0,0.0,0,0,0.0,0.0
755624,GTA.MAR2012.>0.55,Global Temperature Anomaly for Mar  2012 to be greater than 0.55 Degrees C,2012-03-01,0.0,0.0,0.0,0.0,0,0,0.0,0.0
755624,GTA.MAR2012.>0.55,Global Temperature Anomaly for Mar  2012 to be greater than 0.55 Degrees C,2012-03-02,,,,,0,0,,
755624,GTA.MAR2012.>0.55,Global Temperature Anomaly for Mar  2012 to be greater than 0.55 Degrees C,2012-03-03,,,,,0,0,,
755624,GTA.MAR2012.>0.55,Global Temperature Anomaly for Mar  2012 to be greater than 0.55 Degrees C,2012-03-04,,,,,0,0,,
755624,GTA.MAR2012.>0.55,Global Temperature Anomaly for Mar  2012 to be greater than 0.55 Degrees C,2012-03-05,,,,,0,0,,
755624,GTA.MAR2012.>0.55,Global Temperature Anomaly for Mar  2012 to be greater than 0.55 Degrees C,2012-03-06,,,,,0,0,,
755624,GTA.MAR2012.>0.55,Global Temperature Anomaly for Mar  2012 to be greater than 0.55 Degrees C,2012-03-07,,,,,0,0,,
755624,GTA.MAR2012.>0.55,Global Temperature Anomaly for Mar  2012 to be greater than 0.55 Degrees C,2012-03-08,,,,,0,0,,
755624,GTA.MAR2012.>0.55,Global Temperature Anomaly for Mar  2012 to be greater than 0.55 Degrees C,2012-03-09,,,,,0,0,,
755624,GTA.MAR2012.>0.55,Global Temperature Anomaly for Mar  2012 to be greater than 0.55 Degrees C,2012-03-10,,,,,0,0,,
755624,GTA.MAR2012.>0.55,Global Temperature Anomaly for Mar  2012 to be greater than 0.55 Degrees C,2012-03-11,,,,,0,0,,
755624,GTA.MAR2012.>0.55,Global Temperature Anomaly for Mar  2012 to be greater than 0.55 Degrees C,2012-03-12,,,,,0,0,,
755624,GTA.MAR2012.>0.55,Global Temperature Anomaly for Mar  2012 to be greater than 0.55 Degrees C,2012-03-13,,,,,0,0,,
755624,GTA.MAR2012.>0.55,Global Temperature Anomaly for Mar  2012 to be greater than 0.55 Degrees C,2012-03-14,,,,,0,0,,
755624,GTA.MAR2012.>0.55,Global Temperature Anomaly for Mar  2012 to be greater than 0.55 Degrees C,2012-03-15,,,,,0,0,,
755624,GTA.MAR2012.>0.55,Global Temperature Anomaly for Mar  2012 to be greater than 0.55 Degrees C,2012-03-16,,,,,0,0,,
755624,GTA.MAR2012.>0.55,Global Temperature Anomaly for Mar  2012 to be greater than 0.55 Degrees C,2012-03-17,,,,,0,0,,
755624,GTA.MAR2012.>0.55,Global Temperature Anomaly for Mar  2012 to be greater than 0.55 Degrees C,2012-03-18,,,,,0,0,,
755624,GTA.MAR2012.>0.55,Global Temperature Anomaly for Mar  2012 to be greater than 0.55 Degrees C,2012-03-19,,,,,0,0,,
755624,GTA.MAR2012.>0.55,Global Temperature Anomaly for Mar  2012 to be greater than 0.55 Degrees C,2012-03-20,,,,,0,0,,
755624,GTA.MAR2012.>0.55,Global Temperature Anomaly for Mar  2012 to be greater than 0.55 Degrees C,2012-03-21,,,,,0,0,,
755624,GTA.MAR2012.>0.55,Global Temperature Anomaly for Mar  2012 to be greater than 0.55 Degrees C,2012-03-22,,,,,0,0,,
755624,GTA.MAR2012.>0.55,Global Temperature Anomaly for Mar  2012 to be greater than 0.55 Degrees C,2012-03-23,,,,,0,0,,
755624,GTA.MAR2012.>0.55,Global Temperature Anomaly for Mar  2012 to be greater than 0.55 Degrees C,2012-03-24,,,,,0,0,,
755624,GTA.MAR2012.>0.55,Global Temperature Anomaly for Mar  2012 to be greater than 0.55 Degrees C,2012-03-25,50.0,50.0,17.5,17.5,4,4,50.0,17.5
755624,GTA.MAR2012.>0.55,Global Temperature Anomaly for Mar  2012 to be greater than 0.55 Degrees C,2012-03-26,,,,17.5,4,0,50.0,17.5
755624,GTA.MAR2012.>0.55,Global Temperature Anomaly for Mar  2012 to be greater than 0.55 Degrees C,2012-03-27,,,,17.5,4,0,50.0,17.5
755624,GTA.MAR2012.>0.55,Global Temperature Anomaly for Mar  2012 to be greater than 0.55 Degrees C,2012-03-28,,,,17.5,4,0,50.0,17.5
755624,GTA.MAR2012.>0.55,Global Temperature Anomaly for Mar  2012 to be greater than 0.55 Degrees C,2012-03-29,32.5,32.5,1.0,1.0,12,8,50.0,1.0
755624,GTA.MAR2012.>0.55,Global Temperature Anomaly for Mar  2012 to be greater than 0.55 Degrees C,2012-03-30,40.0,40.0,40.0,40.0,11,1,50.0,1.0
755624,GTA.MAR2012.>0.55,Global Temperature Anomaly for Mar  2012 to be greater than 0.55 Degrees C,2012-03-31,,,,40.0,11,0,50.0,1.0
755624,GTA.MAR2012.>0.55,Global Temperature Anomaly for Mar  2012 to be greater than 0.55 Degrees C,2012-04-01,,,,40.0,11,0,50.0,1.0
755624,GTA.MAR2012.>0.55,Global Temperature Anomaly for Mar  2012 to be greater than 0.55 Degrees C,2012-04-02,,,,40.0,11,0,50.0,1.0
755624,GTA.MAR2012.>0.55,Global Temperature Anomaly for Mar  2012 to be greater than 0.55 Degrees C,2012-04-03,,,,40.0,11,0,50.0,1.0
755624,GTA.MAR2012.>0.55,Global Temperature Anomaly for Mar  2012 to be greater than 0.55 Degrees C,2012-04-04,59.9,59.9,59.9,59.9,12,1,59.9,1.0
755624,GTA.MAR2012.>0.55,Global Temperature Anomaly for Mar  2012 to be greater than 0.55 Degrees C,2012-04-05,45.0,45.0,45.0,45.0,13,2,59.9,1.0
755624,GTA.MAR2012.>0.55,Global Temperature Anomaly for Mar  2012 to be greater than 0.55 Degrees C,2012-04-06,,,,45.0,13,0,59.9,1.0
755624,GTA.MAR2012.>0.55,Global Temperature Anomaly for Mar  2012 to be greater than 0.55 Degrees C,2012-04-07,,,,45.0,13,0,59.9,1.0
755624,GTA.MAR2012.>0.55,Global Temperature Anomaly for Mar  2012 to be greater than 0.55 Degrees C,2012-04-08,,,,45.0,13,0,59.9,1.0
755624,GTA.MAR2012.>0.55,Global Temperature Anomaly for Mar  2012 to be greater than 0.55 Degrees C,2012-04-09,,,,45.0,13,0,59.9,1.0
755624,GTA.MAR2012.>0.55,Global Temperature Anomaly for Mar  2012 to be greater than 0.55 Degrees C,2012-04-10,12.5,12.5,12.5,12.5,14,1,59.9,1.0
755624,GTA.MAR2012.>0.55,Global Temperature Anomaly for Mar  2012 to be greater than 0.55 Degrees C,2012-04-11,,,,12.5,14,0,59.9,1.0
755624,GTA.MAR2012.>0.55,Global Temperature Anomaly for Mar  2012 to be greater than 0.55 Degrees C,2012-04-12,,,,12.5,14,0,59.9,1.0
755624,GTA.MAR2012.>0.55,Global Temperature Anomaly for Mar  2012 to be greater than 0.55 Degrees C,2012-04-13,0.5,0.5,0.5,0.5,24,10,59.9,0.5
755624,GTA.MAR2012.>0.55,Global Temperature Anomaly for Mar  2012 to be greater than 0.55 Degrees C,2012-04-14,0.5,1.5,0.2,1.5,106,88,59.9,0.2
755624,GTA.MAR2012.>0.55,Global Temperature Anomaly for Mar  2012 to be greater than 0.55 Degrees C,2012-04-15,,,,1.5,106,0,59.9,0.2
