market id,market symbol,market name,trade quantity,trade price,date/time [utc]
755631,GTA.OCT2012.>0.55,Global Temperature Anomaly for Oct 2012 to be greater than 0.55 Degrees C,3,61.0,Aug/13/2012 17:43:34
755631,GTA.OCT2012.>0.55,Global Temperature Anomaly for Oct 2012 to be greater than 0.55 Degrees C,10,65.0,Aug/31/2012 20:53:02
755631,GTA.OCT2012.>0.55,Global Temperature Anomaly for Oct 2012 to be greater than 0.55 Degrees C,10,66.0,Sep/16/2012 14:42:19
755631,GTA.OCT2012.>0.55,Global Temperature Anomaly for Oct 2012 to be greater than 0.55 Degrees C,23,95.0,Oct/12/2012 18:44:44
