market id,market symbol,market name,trade quantity,trade price,date/time [utc]
760936,GTA.AUG2012.>0.75,Global Temperature Anomaly for Aug 2012 to be greater than 0.75 Degrees C,2,5.0,Jun/24/2012 06:13:41
760936,GTA.AUG2012.>0.75,Global Temperature Anomaly for Aug 2012 to be greater than 0.75 Degrees C,1,5.0,Jun/24/2012 06:18:44
760936,GTA.AUG2012.>0.75,Global Temperature Anomaly for Aug 2012 to be greater than 0.75 Degrees C,1,5.0,Jun/24/2012 06:37:24
760936,GTA.AUG2012.>0.75,Global Temperature Anomaly for Aug 2012 to be greater than 0.75 Degrees C,1,15.0,Jul/13/2012 16:57:46
760936,GTA.AUG2012.>0.75,Global Temperature Anomaly for Aug 2012 to be greater than 0.75 Degrees C,1,7.5,Aug/12/2012 18:18:15
760936,GTA.AUG2012.>0.75,Global Temperature Anomaly for Aug 2012 to be greater than 0.75 Degrees C,1,5.0,Aug/14/2012 14:11:58
760936,GTA.AUG2012.>0.75,Global Temperature Anomaly for Aug 2012 to be greater than 0.75 Degrees C,4,5.0,Aug/14/2012 21:25:17
760936,GTA.AUG2012.>0.75,Global Temperature Anomaly for Aug 2012 to be greater than 0.75 Degrees C,1,4.0,Aug/14/2012 21:25:57
760936,GTA.AUG2012.>0.75,Global Temperature Anomaly for Aug 2012 to be greater than 0.75 Degrees C,5,5.0,Aug/29/2012 21:18:50
