market id,market symbol,market name,business day,session open,session high,session low,closing price,open interest,session trade volume,lifetime high,lifetime low
760941,GTA.NOV2012.>0.75,Global Temperature Anomaly for Nov 2012 to be greater than 0.75 Degrees C,2012-05-08,,,,,0,0,,
760941,GTA.NOV2012.>0.75,Global Temperature Anomaly for Nov 2012 to be greater than 0.75 Degrees C,2012-05-09,,,,,0,0,,
760941,GTA.NOV2012.>0.75,Global Temperature Anomaly for Nov 2012 to be greater than 0.75 Degrees C,2012-05-10,,,,,0,0,,
760941,GTA.NOV2012.>0.75,Global Temperature Anomaly for Nov 2012 to be greater than 0.75 Degrees C,2012-05-11,,,,,0,0,,
760941,GTA.NOV2012.>0.75,Global Temperature Anomaly for Nov 2012 to be greater than 0.75 Degrees C,2012-05-12,,,,,0,0,,
760941,GTA.NOV2012.>0.75,Global Temperature Anomaly for Nov 2012 to be greater than 0.75 Degrees C,2012-05-13,,,,,0,0,,
760941,GTA.NOV2012.>0.75,Global Temperature Anomaly for Nov 2012 to be greater than 0.75 Degrees C,2012-05-14,,,,,0,0,,
760941,GTA.NOV2012.>0.75,Global Temperature Anomaly for Nov 2012 to be greater than 0.75 Degrees C,2012-05-15,,,,,0,0,,
760941,GTA.NOV2012.>0.75,Global Temperature Anomaly for Nov 2012 to be greater than 0.75 Degrees C,2012-05-16,,,,,0,0,,
760941,GTA.NOV2012.>0.75,Global Temperature Anomaly for Nov 2012 to be greater than 0.75 Degrees C,2012-05-17,,,,,0,0,,
760941,GTA.NOV2012.>0.75,Global Temperature Anomaly for Nov 2012 to be greater than 0.75 Degrees C,2012-05-18,,,,,0,0,,
760941,GTA.NOV2012.>0.75,Global Temperature Anomaly for Nov 2012 to be greater than 0.75 Degrees C,2012-05-19,,,,,0,0,,
760941,GTA.NOV2012.>0.75,Global Temperature Anomaly for Nov 2012 to be greater than 0.75 Degrees C,2012-05-20,,,,,0,0,,
760941,GTA.NOV2012.>0.75,Global Temperature Anomaly for Nov 2012 to be greater than 0.75 Degrees C,2012-05-21,,,,,0,0,,
760941,GTA.NOV2012.>0.75,Global Temperature Anomaly for Nov 2012 to be greater than 0.75 Degrees C,2012-05-22,,,,,0,0,,
760941,GTA.NOV2012.>0.75,Global Temperature Anomaly for Nov 2012 to be greater than 0.75 Degrees C,2012-05-23,,,,,0,0,,
760941,GTA.NOV2012.>0.75,Global Temperature Anomaly for Nov 2012 to be greater than 0.75 Degrees C,2012-05-24,,,,,0,0,,
760941,GTA.NOV2012.>0.75,Global Temperature Anomaly for Nov 2012 to be greater than 0.75 Degrees C,2012-05-25,,,,,0,0,,
760941,GTA.NOV2012.>0.75,Global Temperature Anomaly for Nov 2012 to be greater than 0.75 Degrees C,2012-05-26,,,,,0,0,,
760941,GTA.NOV2012.>0.75,Global Temperature Anomaly for Nov 2012 to be greater than 0.75 Degrees C,2012-05-27,,,,,0,0,,
760941,GTA.NOV2012.>0.75,Global Temperature Anomaly for Nov 2012 to be greater than 0.75 Degrees C,2012-05-28,,,,,0,0,,
760941,GTA.NOV2012.>0.75,Global Temperature Anomaly for Nov 2012 to be greater than 0.75 Degrees C,2012-05-29,,,,,0,0,,
760941,GTA.NOV2012.>0.75,Global Temperature Anomaly for Nov 2012 to be greater than 0.75 Degrees C,2012-05-30,,,,,0,0,,
760941,GTA.NOV2012.>0.75,Global Temperature Anomaly for Nov 2012 to be greater than 0.75 Degrees C,2012-05-31,,,,,0,0,,
760941,GTA.NOV2012.>0.75,Global Temperature Anomaly for Nov 2012 to be greater than 0.75 Degrees C,2012-06-01,,,,,0,0,,
760941,GTA.NOV2012.>0.75,Global Temperature Anomaly for Nov 2012 to be greater than 0.75 Degrees C,2012-06-02,,,,,0,0,,
760941,GTA.NOV2012.>0.75,Global Temperature Anomaly for Nov 2012 to be greater than 0.75 Degrees C,2012-06-03,,,,,0,0,,
760941,GTA.NOV2012.>0.75,Global Temperature Anomaly for Nov 2012 to be greater than 0.75 Degrees C,2012-06-04,,,,,0,0,,
760941,GTA.NOV2012.>0.75,Global Temperature Anomaly for Nov 2012 to be greater than 0.75 Degrees C,2012-06-05,,,,,0,0,,
760941,GTA.NOV2012.>0.75,Global Temperature Anomaly for Nov 2012 to be greater than 0.75 Degrees C,2012-06-06,,,,,0,0,,
760941,GTA.NOV2012.>0.75,Global Temperature Anomaly for Nov 2012 to be greater than 0.75 Degrees C,2012-06-07,,,,,0,0,,
760941,GTA.NOV2012.>0.75,Global Temperature Anomaly for Nov 2012 to be greater than 0.75 Degrees C,2012-06-08,,,,,0,0,,
760941,GTA.NOV2012.>0.75,Global Temperature Anomaly for Nov 2012 to be greater than 0.75 Degrees C,2012-06-09,,,,,0,0,,
760941,GTA.NOV2012.>0.75,Global Temperature Anomaly for Nov 2012 to be greater than 0.75 Degrees C,2012-06-10,,,,,0,0,,
760941,GTA.NOV2012.>0.75,Global Temperature Anomaly for Nov 2012 to be greater than 0.75 Degrees C,2012-06-11,,,,,0,0,,
760941,GTA.NOV2012.>0.75,Global Temperature Anomaly for Nov 2012 to be greater than 0.75 Degrees C,2012-06-12,,,,,0,0,,
760941,GTA.NOV2012.>0.75,Global Temperature Anomaly for Nov 2012 to be greater than 0.75 Degrees C,2012-06-13,,,,,0,0,,
760941,GTA.NOV2012.>0.75,Global Temperature Anomaly for Nov 2012 to be greater than 0.75 Degrees C,2012-06-14,,,,,0,0,,
760941,GTA.NOV2012.>0.75,Global Temperature Anomaly for Nov 2012 to be greater than 0.75 Degrees C,2012-06-15,,,,,0,0,,
760941,GTA.NOV2012.>0.75,Global Temperature Anomaly for Nov 2012 to be greater than 0.75 Degrees C,2012-06-16,,,,,0,0,,
760941,GTA.NOV2012.>0.75,Global Temperature Anomaly for Nov 2012 to be greater than 0.75 Degrees C,2012-06-17,,,,,0,0,,
760941,GTA.NOV2012.>0.75,Global Temperature Anomaly for Nov 2012 to be greater than 0.75 Degrees C,2012-06-18,,,,,0,0,,
760941,GTA.NOV2012.>0.75,Global Temperature Anomaly for Nov 2012 to be greater than 0.75 Degrees C,2012-06-19,,,,,0,0,,
760941,GTA.NOV2012.>0.75,Global Temperature Anomaly for Nov 2012 to be greater than 0.75 Degrees C,2012-06-20,,,,,0,0,,
760941,GTA.NOV2012.>0.75,Global Temperature Anomaly for Nov 2012 to be greater than 0.75 Degrees C,2012-06-21,,,,,0,0,,
760941,GTA.NOV2012.>0.75,Global Temperature Anomaly for Nov 2012 to be greater than 0.75 Degrees C,2012-06-22,,,,,0,0,,
760941,GTA.NOV2012.>0.75,Global Temperature Anomaly for Nov 2012 to be greater than 0.75 Degrees C,2012-06-23,,,,,0,0,,
760941,GTA.NOV2012.>0.75,Global Temperature Anomaly for Nov 2012 to be greater than 0.75 Degrees C,2012-06-24,,,,,0,0,,
760941,GTA.NOV2012.>0.75,Global Temperature Anomaly for Nov 2012 to be greater than 0.75 Degrees C,2012-06-25,,,,,0,0,,
760941,GTA.NOV2012.>0.75,Global Temperature Anomaly for Nov 2012 to be greater than 0.75 Degrees C,2012-06-26,,,,,0,0,,
760941,GTA.NOV2012.>0.75,Global Temperature Anomaly for Nov 2012 to be greater than 0.75 Degrees C,2012-06-27,,,,,0,0,,
760941,GTA.NOV2012.>0.75,Global Temperature Anomaly for Nov 2012 to be greater than 0.75 Degrees C,2012-06-28,,,,,0,0,,
760941,GTA.NOV2012.>0.75,Global Temperature Anomaly for Nov 2012 to be greater than 0.75 Degrees C,2012-06-29,,,,,0,0,,
760941,GTA.NOV2012.>0.75,Global Temperature Anomaly for Nov 2012 to be greater than 0.75 Degrees C,2012-06-30,,,,,0,0,,
760941,GTA.NOV2012.>0.75,Global Temperature Anomaly for Nov 2012 to be greater than 0.75 Degrees C,2012-07-01,,,,,0,0,,
760941,GTA.NOV2012.>0.75,Global Temperature Anomaly for Nov 2012 to be greater than 0.75 Degrees C,2012-07-02,,,,,0,0,,
760941,GTA.NOV2012.>0.75,Global Temperature Anomaly for Nov 2012 to be greater than 0.75 Degrees C,2012-07-03,,,,,0,0,,
760941,GTA.NOV2012.>0.75,Global Temperature Anomaly for Nov 2012 to be greater than 0.75 Degrees C,2012-07-04,,,,,0,0,,
760941,GTA.NOV2012.>0.75,Global Temperature Anomaly for Nov 2012 to be greater than 0.75 Degrees C,2012-07-05,,,,,0,0,,
760941,GTA.NOV2012.>0.75,Global Temperature Anomaly for Nov 2012 to be greater than 0.75 Degrees C,2012-07-06,,,,,0,0,,
760941,GTA.NOV2012.>0.75,Global Temperature Anomaly for Nov 2012 to be greater than 0.75 Degrees C,2012-07-07,,,,,0,0,,
760941,GTA.NOV2012.>0.75,Global Temperature Anomaly for Nov 2012 to be greater than 0.75 Degrees C,2012-07-08,,,,,0,0,,
760941,GTA.NOV2012.>0.75,Global Temperature Anomaly for Nov 2012 to be greater than 0.75 Degrees C,2012-07-09,,,,,0,0,,
760941,GTA.NOV2012.>0.75,Global Temperature Anomaly for Nov 2012 to be greater than 0.75 Degrees C,2012-07-10,,,,,0,0,,
760941,GTA.NOV2012.>0.75,Global Temperature Anomaly for Nov 2012 to be greater than 0.75 Degrees C,2012-07-11,,,,,0,0,,
760941,GTA.NOV2012.>0.75,Global Temperature Anomaly for Nov 2012 to be greater than 0.75 Degrees C,2012-07-12,,,,,0,0,,
760941,GTA.NOV2012.>0.75,Global Temperature Anomaly for Nov 2012 to be greater than 0.75 Degrees C,2012-07-13,,,,,0,0,,
760941,GTA.NOV2012.>0.75,Global Temperature Anomaly for Nov 2012 to be greater than 0.75 Degrees C,2012-07-14,,,,,0,0,,
760941,GTA.NOV2012.>0.75,Global Temperature Anomaly for Nov 2012 to be greater than 0.75 Degrees C,2012-07-15,,,,,0,0,,
760941,GTA.NOV2012.>0.75,Global Temperature Anomaly for Nov 2012 to be greater than 0.75 Degrees C,2012-07-16,,,,,0,0,,
760941,GTA.NOV2012.>0.75,Global Temperature Anomaly for Nov 2012 to be greater than 0.75 Degrees C,2012-07-17,,,,,0,0,,
760941,GTA.NOV2012.>0.75,Global Temperature Anomaly for Nov 2012 to be greater than 0.75 Degrees C,2012-07-18,,,,,0,0,,
760941,GTA.NOV2012.>0.75,Global Temperature Anomaly for Nov 2012 to be greater than 0.75 Degrees C,2012-07-19,,,,,0,0,,
760941,GTA.NOV2012.>0.75,Global Temperature Anomaly for Nov 2012 to be greater than 0.75 Degrees C,2012-07-20,,,,,0,0,,
760941,GTA.NOV2012.>0.75,Global Temperature Anomaly for Nov 2012 to be greater than 0.75 Degrees C,2012-07-21,,,,,0,0,,
760941,GTA.NOV2012.>0.75,Global Temperature Anomaly for Nov 2012 to be greater than 0.75 Degrees C,2012-07-22,,,,,0,0,,
760941,GTA.NOV2012.>0.75,Global Temperature Anomaly for Nov 2012 to be greater than 0.75 Degrees C,2012-07-23,,,,,0,0,,
760941,GTA.NOV2012.>0.75,Global Temperature Anomaly for Nov 2012 to be greater than 0.75 Degrees C,2012-07-24,,,,,0,0,,
760941,GTA.NOV2012.>0.75,Global Temperature Anomaly for Nov 2012 to be greater than 0.75 Degrees C,2012-07-25,,,,,0,0,,
760941,GTA.NOV2012.>0.75,Global Temperature Anomaly for Nov 2012 to be greater than 0.75 Degrees C,2012-07-26,,,,,0,0,,
760941,GTA.NOV2012.>0.75,Global Temperature Anomaly for Nov 2012 to be greater than 0.75 Degrees C,2012-07-27,,,,,0,0,,
760941,GTA.NOV2012.>0.75,Global Temperature Anomaly for Nov 2012 to be greater than 0.75 Degrees C,2012-07-28,,,,,0,0,,
760941,GTA.NOV2012.>0.75,Global Temperature Anomaly for Nov 2012 to be greater than 0.75 Degrees C,2012-07-29,,,,,0,0,,
760941,GTA.NOV2012.>0.75,Global Temperature Anomaly for Nov 2012 to be greater than 0.75 Degrees C,2012-07-30,,,,,0,0,,
760941,GTA.NOV2012.>0.75,Global Temperature Anomaly for Nov 2012 to be greater than 0.75 Degrees C,2012-07-31,,,,,0,0,,
760941,GTA.NOV2012.>0.75,Global Temperature Anomaly for Nov 2012 to be greater than 0.75 Degrees C,2012-08-01,,,,,0,0,,
760941,GTA.NOV2012.>0.75,Global Temperature Anomaly for Nov 2012 to be greater than 0.75 Degrees C,2012-08-02,,,,,0,0,,
760941,GTA.NOV2012.>0.75,Global Temperature Anomaly for Nov 2012 to be greater than 0.75 Degrees C,2012-08-03,,,,,0,0,,
760941,GTA.NOV2012.>0.75,Global Temperature Anomaly for Nov 2012 to be greater than 0.75 Degrees C,2012-08-04,,,,,0,0,,
760941,GTA.NOV2012.>0.75,Global Temperature Anomaly for Nov 2012 to be greater than 0.75 Degrees C,2012-08-05,,,,,0,0,,
760941,GTA.NOV2012.>0.75,Global Temperature Anomaly for Nov 2012 to be greater than 0.75 Degrees C,2012-08-06,,,,,0,0,,
760941,GTA.NOV2012.>0.75,Global Temperature Anomaly for Nov 2012 to be greater than 0.75 Degrees C,2012-08-07,,,,,0,0,,
760941,GTA.NOV2012.>0.75,Global Temperature Anomaly for Nov 2012 to be greater than 0.75 Degrees C,2012-08-08,,,,,0,0,,
760941,GTA.NOV2012.>0.75,Global Temperature Anomaly for Nov 2012 to be greater than 0.75 Degrees C,2012-08-09,,,,,0,0,,
760941,GTA.NOV2012.>0.75,Global Temperature Anomaly for Nov 2012 to be greater than 0.75 Degrees C,2012-08-10,,,,,0,0,,
760941,GTA.NOV2012.>0.75,Global Temperature Anomaly for Nov 2012 to be greater than 0.75 Degrees C,2012-08-11,,,,,0,0,,
760941,GTA.NOV2012.>0.75,Global Temperature Anomaly for Nov 2012 to be greater than 0.75 Degrees C,2012-08-12,,,,,0,0,,
760941,GTA.NOV2012.>0.75,Global Temperature Anomaly for Nov 2012 to be greater than 0.75 Degrees C,2012-08-13,,,,,0,0,,
760941,GTA.NOV2012.>0.75,Global Temperature Anomaly for Nov 2012 to be greater than 0.75 Degrees C,2012-08-14,,,,,0,0,,
760941,GTA.NOV2012.>0.75,Global Temperature Anomaly for Nov 2012 to be greater than 0.75 Degrees C,2012-08-15,,,,,0,0,,
760941,GTA.NOV2012.>0.75,Global Temperature Anomaly for Nov 2012 to be greater than 0.75 Degrees C,2012-08-16,,,,,0,0,,
760941,GTA.NOV2012.>0.75,Global Temperature Anomaly for Nov 2012 to be greater than 0.75 Degrees C,2012-08-17,,,,,0,0,,
760941,GTA.NOV2012.>0.75,Global Temperature Anomaly for Nov 2012 to be greater than 0.75 Degrees C,2012-08-18,,,,,0,0,,
760941,GTA.NOV2012.>0.75,Global Temperature Anomaly for Nov 2012 to be greater than 0.75 Degrees C,2012-08-19,,,,,0,0,,
760941,GTA.NOV2012.>0.75,Global Temperature Anomaly for Nov 2012 to be greater than 0.75 Degrees C,2012-08-20,,,,,0,0,,
760941,GTA.NOV2012.>0.75,Global Temperature Anomaly for Nov 2012 to be greater than 0.75 Degrees C,2012-08-21,,,,,0,0,,
760941,GTA.NOV2012.>0.75,Global Temperature Anomaly for Nov 2012 to be greater than 0.75 Degrees C,2012-08-22,,,,,0,0,,
760941,GTA.NOV2012.>0.75,Global Temperature Anomaly for Nov 2012 to be greater than 0.75 Degrees C,2012-08-23,,,,,0,0,,
760941,GTA.NOV2012.>0.75,Global Temperature Anomaly for Nov 2012 to be greater than 0.75 Degrees C,2012-08-24,,,,,0,0,,
760941,GTA.NOV2012.>0.75,Global Temperature Anomaly for Nov 2012 to be greater than 0.75 Degrees C,2012-08-25,,,,,0,0,,
760941,GTA.NOV2012.>0.75,Global Temperature Anomaly for Nov 2012 to be greater than 0.75 Degrees C,2012-08-26,,,,,0,0,,
760941,GTA.NOV2012.>0.75,Global Temperature Anomaly for Nov 2012 to be greater than 0.75 Degrees C,2012-08-27,,,,,0,0,,
760941,GTA.NOV2012.>0.75,Global Temperature Anomaly for Nov 2012 to be greater than 0.75 Degrees C,2012-08-28,,,,,0,0,,
760941,GTA.NOV2012.>0.75,Global Temperature Anomaly for Nov 2012 to be greater than 0.75 Degrees C,2012-08-29,,,,,0,0,,
760941,GTA.NOV2012.>0.75,Global Temperature Anomaly for Nov 2012 to be greater than 0.75 Degrees C,2012-08-30,,,,,0,0,,
760941,GTA.NOV2012.>0.75,Global Temperature Anomaly for Nov 2012 to be greater than 0.75 Degrees C,2012-08-31,,,,,0,0,,
760941,GTA.NOV2012.>0.75,Global Temperature Anomaly for Nov 2012 to be greater than 0.75 Degrees C,2012-09-01,,,,,0,0,,
760941,GTA.NOV2012.>0.75,Global Temperature Anomaly for Nov 2012 to be greater than 0.75 Degrees C,2012-09-02,,,,,0,0,,
760941,GTA.NOV2012.>0.75,Global Temperature Anomaly for Nov 2012 to be greater than 0.75 Degrees C,2012-09-03,,,,,0,0,,
760941,GTA.NOV2012.>0.75,Global Temperature Anomaly for Nov 2012 to be greater than 0.75 Degrees C,2012-09-04,,,,,0,0,,
760941,GTA.NOV2012.>0.75,Global Temperature Anomaly for Nov 2012 to be greater than 0.75 Degrees C,2012-09-05,,,,,0,0,,
760941,GTA.NOV2012.>0.75,Global Temperature Anomaly for Nov 2012 to be greater than 0.75 Degrees C,2012-09-06,,,,,0,0,,
760941,GTA.NOV2012.>0.75,Global Temperature Anomaly for Nov 2012 to be greater than 0.75 Degrees C,2012-09-07,,,,,0,0,,
760941,GTA.NOV2012.>0.75,Global Temperature Anomaly for Nov 2012 to be greater than 0.75 Degrees C,2012-09-08,,,,,0,0,,
760941,GTA.NOV2012.>0.75,Global Temperature Anomaly for Nov 2012 to be greater than 0.75 Degrees C,2012-09-09,,,,,0,0,,
760941,GTA.NOV2012.>0.75,Global Temperature Anomaly for Nov 2012 to be greater than 0.75 Degrees C,2012-09-10,,,,,0,0,,
760941,GTA.NOV2012.>0.75,Global Temperature Anomaly for Nov 2012 to be greater than 0.75 Degrees C,2012-09-11,,,,,0,0,,
760941,GTA.NOV2012.>0.75,Global Temperature Anomaly for Nov 2012 to be greater than 0.75 Degrees C,2012-09-12,,,,,0,0,,
760941,GTA.NOV2012.>0.75,Global Temperature Anomaly for Nov 2012 to be greater than 0.75 Degrees C,2012-09-13,,,,,0,0,,
760941,GTA.NOV2012.>0.75,Global Temperature Anomaly for Nov 2012 to be greater than 0.75 Degrees C,2012-09-14,,,,,0,0,,
760941,GTA.NOV2012.>0.75,Global Temperature Anomaly for Nov 2012 to be greater than 0.75 Degrees C,2012-09-15,,,,,0,0,,
760941,GTA.NOV2012.>0.75,Global Temperature Anomaly for Nov 2012 to be greater than 0.75 Degrees C,2012-09-16,,,,,0,0,,
760941,GTA.NOV2012.>0.75,Global Temperature Anomaly for Nov 2012 to be greater than 0.75 Degrees C,2012-09-17,,,,,0,0,,
760941,GTA.NOV2012.>0.75,Global Temperature Anomaly for Nov 2012 to be greater than 0.75 Degrees C,2012-09-18,,,,,0,0,,
760941,GTA.NOV2012.>0.75,Global Temperature Anomaly for Nov 2012 to be greater than 0.75 Degrees C,2012-09-19,,,,,0,0,,
760941,GTA.NOV2012.>0.75,Global Temperature Anomaly for Nov 2012 to be greater than 0.75 Degrees C,2012-09-20,,,,,0,0,,
760941,GTA.NOV2012.>0.75,Global Temperature Anomaly for Nov 2012 to be greater than 0.75 Degrees C,2012-09-21,,,,,0,0,,
760941,GTA.NOV2012.>0.75,Global Temperature Anomaly for Nov 2012 to be greater than 0.75 Degrees C,2012-09-22,,,,,0,0,,
760941,GTA.NOV2012.>0.75,Global Temperature Anomaly for Nov 2012 to be greater than 0.75 Degrees C,2012-09-23,,,,,0,0,,
760941,GTA.NOV2012.>0.75,Global Temperature Anomaly for Nov 2012 to be greater than 0.75 Degrees C,2012-09-24,,,,,0,0,,
760941,GTA.NOV2012.>0.75,Global Temperature Anomaly for Nov 2012 to be greater than 0.75 Degrees C,2012-09-25,,,,,0,0,,
760941,GTA.NOV2012.>0.75,Global Temperature Anomaly for Nov 2012 to be greater than 0.75 Degrees C,2012-09-26,,,,,0,0,,
760941,GTA.NOV2012.>0.75,Global Temperature Anomaly for Nov 2012 to be greater than 0.75 Degrees C,2012-09-27,,,,,0,0,,
760941,GTA.NOV2012.>0.75,Global Temperature Anomaly for Nov 2012 to be greater than 0.75 Degrees C,2012-09-28,,,,,0,0,,
760941,GTA.NOV2012.>0.75,Global Temperature Anomaly for Nov 2012 to be greater than 0.75 Degrees C,2012-09-29,,,,,0,0,,
760941,GTA.NOV2012.>0.75,Global Temperature Anomaly for Nov 2012 to be greater than 0.75 Degrees C,2012-09-30,,,,,0,0,,
760941,GTA.NOV2012.>0.75,Global Temperature Anomaly for Nov 2012 to be greater than 0.75 Degrees C,2012-10-01,,,,,0,0,,
760941,GTA.NOV2012.>0.75,Global Temperature Anomaly for Nov 2012 to be greater than 0.75 Degrees C,2012-10-02,,,,,0,0,,
760941,GTA.NOV2012.>0.75,Global Temperature Anomaly for Nov 2012 to be greater than 0.75 Degrees C,2012-10-03,,,,,0,0,,
760941,GTA.NOV2012.>0.75,Global Temperature Anomaly for Nov 2012 to be greater than 0.75 Degrees C,2012-10-04,,,,,0,0,,
760941,GTA.NOV2012.>0.75,Global Temperature Anomaly for Nov 2012 to be greater than 0.75 Degrees C,2012-10-05,,,,,0,0,,
760941,GTA.NOV2012.>0.75,Global Temperature Anomaly for Nov 2012 to be greater than 0.75 Degrees C,2012-10-06,,,,,0,0,,
760941,GTA.NOV2012.>0.75,Global Temperature Anomaly for Nov 2012 to be greater than 0.75 Degrees C,2012-10-07,,,,,0,0,,
760941,GTA.NOV2012.>0.75,Global Temperature Anomaly for Nov 2012 to be greater than 0.75 Degrees C,2012-10-08,,,,,0,0,,
760941,GTA.NOV2012.>0.75,Global Temperature Anomaly for Nov 2012 to be greater than 0.75 Degrees C,2012-10-09,,,,,0,0,,
760941,GTA.NOV2012.>0.75,Global Temperature Anomaly for Nov 2012 to be greater than 0.75 Degrees C,2012-10-10,,,,,0,0,,
760941,GTA.NOV2012.>0.75,Global Temperature Anomaly for Nov 2012 to be greater than 0.75 Degrees C,2012-10-11,,,,,0,0,,
760941,GTA.NOV2012.>0.75,Global Temperature Anomaly for Nov 2012 to be greater than 0.75 Degrees C,2012-10-12,,,,,0,0,,
760941,GTA.NOV2012.>0.75,Global Temperature Anomaly for Nov 2012 to be greater than 0.75 Degrees C,2012-10-13,,,,,0,0,,
760941,GTA.NOV2012.>0.75,Global Temperature Anomaly for Nov 2012 to be greater than 0.75 Degrees C,2012-10-14,,,,,0,0,,
760941,GTA.NOV2012.>0.75,Global Temperature Anomaly for Nov 2012 to be greater than 0.75 Degrees C,2012-10-15,,,,,0,0,,
760941,GTA.NOV2012.>0.75,Global Temperature Anomaly for Nov 2012 to be greater than 0.75 Degrees C,2012-10-16,,,,,0,0,,
760941,GTA.NOV2012.>0.75,Global Temperature Anomaly for Nov 2012 to be greater than 0.75 Degrees C,2012-10-17,,,,,0,0,,
760941,GTA.NOV2012.>0.75,Global Temperature Anomaly for Nov 2012 to be greater than 0.75 Degrees C,2012-10-18,,,,,0,0,,
760941,GTA.NOV2012.>0.75,Global Temperature Anomaly for Nov 2012 to be greater than 0.75 Degrees C,2012-10-19,,,,,0,0,,
760941,GTA.NOV2012.>0.75,Global Temperature Anomaly for Nov 2012 to be greater than 0.75 Degrees C,2012-10-20,,,,,0,0,,
760941,GTA.NOV2012.>0.75,Global Temperature Anomaly for Nov 2012 to be greater than 0.75 Degrees C,2012-10-21,,,,,0,0,,
760941,GTA.NOV2012.>0.75,Global Temperature Anomaly for Nov 2012 to be greater than 0.75 Degrees C,2012-10-22,,,,,0,0,,
760941,GTA.NOV2012.>0.75,Global Temperature Anomaly for Nov 2012 to be greater than 0.75 Degrees C,2012-10-23,,,,,0,0,,
760941,GTA.NOV2012.>0.75,Global Temperature Anomaly for Nov 2012 to be greater than 0.75 Degrees C,2012-10-24,,,,,0,0,,
760941,GTA.NOV2012.>0.75,Global Temperature Anomaly for Nov 2012 to be greater than 0.75 Degrees C,2012-10-25,,,,,0,0,,
760941,GTA.NOV2012.>0.75,Global Temperature Anomaly for Nov 2012 to be greater than 0.75 Degrees C,2012-10-26,,,,,0,0,,
760941,GTA.NOV2012.>0.75,Global Temperature Anomaly for Nov 2012 to be greater than 0.75 Degrees C,2012-10-27,,,,,0,0,,
760941,GTA.NOV2012.>0.75,Global Temperature Anomaly for Nov 2012 to be greater than 0.75 Degrees C,2012-10-28,,,,,0,0,,
760941,GTA.NOV2012.>0.75,Global Temperature Anomaly for Nov 2012 to be greater than 0.75 Degrees C,2012-10-29,,,,,0,0,,
760941,GTA.NOV2012.>0.75,Global Temperature Anomaly for Nov 2012 to be greater than 0.75 Degrees C,2012-10-30,,,,,0,0,,
760941,GTA.NOV2012.>0.75,Global Temperature Anomaly for Nov 2012 to be greater than 0.75 Degrees C,2012-10-31,,,,,0,0,,
760941,GTA.NOV2012.>0.75,Global Temperature Anomaly for Nov 2012 to be greater than 0.75 Degrees C,2012-11-01,,,,,0,0,,
760941,GTA.NOV2012.>0.75,Global Temperature Anomaly for Nov 2012 to be greater than 0.75 Degrees C,2012-11-02,,,,,0,0,,
760941,GTA.NOV2012.>0.75,Global Temperature Anomaly for Nov 2012 to be greater than 0.75 Degrees C,2012-11-03,,,,,0,0,,
760941,GTA.NOV2012.>0.75,Global Temperature Anomaly for Nov 2012 to be greater than 0.75 Degrees C,2012-11-04,,,,,0,0,,
760941,GTA.NOV2012.>0.75,Global Temperature Anomaly for Nov 2012 to be greater than 0.75 Degrees C,2012-11-05,,,,,0,0,,
760941,GTA.NOV2012.>0.75,Global Temperature Anomaly for Nov 2012 to be greater than 0.75 Degrees C,2012-11-06,,,,,0,0,,
760941,GTA.NOV2012.>0.75,Global Temperature Anomaly for Nov 2012 to be greater than 0.75 Degrees C,2012-11-07,,,,,0,0,,
760941,GTA.NOV2012.>0.75,Global Temperature Anomaly for Nov 2012 to be greater than 0.75 Degrees C,2012-11-08,,,,,0,0,,
760941,GTA.NOV2012.>0.75,Global Temperature Anomaly for Nov 2012 to be greater than 0.75 Degrees C,2012-11-09,,,,,0,0,,
760941,GTA.NOV2012.>0.75,Global Temperature Anomaly for Nov 2012 to be greater than 0.75 Degrees C,2012-11-10,,,,,0,0,,
760941,GTA.NOV2012.>0.75,Global Temperature Anomaly for Nov 2012 to be greater than 0.75 Degrees C,2012-11-11,,,,,0,0,,
760941,GTA.NOV2012.>0.75,Global Temperature Anomaly for Nov 2012 to be greater than 0.75 Degrees C,2012-11-12,,,,,0,0,,
760941,GTA.NOV2012.>0.75,Global Temperature Anomaly for Nov 2012 to be greater than 0.75 Degrees C,2012-11-13,,,,,0,0,,
760941,GTA.NOV2012.>0.75,Global Temperature Anomaly for Nov 2012 to be greater than 0.75 Degrees C,2012-11-14,,,,,0,0,,
760941,GTA.NOV2012.>0.75,Global Temperature Anomaly for Nov 2012 to be greater than 0.75 Degrees C,2012-11-15,5.0,5.0,5.0,5.0,10,10,5.0,5.0
760941,GTA.NOV2012.>0.75,Global Temperature Anomaly for Nov 2012 to be greater than 0.75 Degrees C,2012-11-16,,,,5.0,10,0,5.0,5.0
760941,GTA.NOV2012.>0.75,Global Temperature Anomaly for Nov 2012 to be greater than 0.75 Degrees C,2012-11-17,,,,5.0,10,0,5.0,5.0
760941,GTA.NOV2012.>0.75,Global Temperature Anomaly for Nov 2012 to be greater than 0.75 Degrees C,2012-11-18,,,,5.0,10,0,5.0,5.0
760941,GTA.NOV2012.>0.75,Global Temperature Anomaly for Nov 2012 to be greater than 0.75 Degrees C,2012-11-19,,,,5.0,10,0,5.0,5.0
760941,GTA.NOV2012.>0.75,Global Temperature Anomaly for Nov 2012 to be greater than 0.75 Degrees C,2012-11-20,4.4,4.4,3.0,3.0,26,16,5.0,3.0
760941,GTA.NOV2012.>0.75,Global Temperature Anomaly for Nov 2012 to be greater than 0.75 Degrees C,2012-11-21,,,,3.0,26,0,5.0,3.0
760941,GTA.NOV2012.>0.75,Global Temperature Anomaly for Nov 2012 to be greater than 0.75 Degrees C,2012-11-22,,,,3.0,26,0,5.0,3.0
760941,GTA.NOV2012.>0.75,Global Temperature Anomaly for Nov 2012 to be greater than 0.75 Degrees C,2012-11-23,,,,3.0,26,0,5.0,3.0
760941,GTA.NOV2012.>0.75,Global Temperature Anomaly for Nov 2012 to be greater than 0.75 Degrees C,2012-11-24,,,,3.0,26,0,5.0,3.0
760941,GTA.NOV2012.>0.75,Global Temperature Anomaly for Nov 2012 to be greater than 0.75 Degrees C,2012-11-25,,,,3.0,26,0,5.0,3.0
760941,GTA.NOV2012.>0.75,Global Temperature Anomaly for Nov 2012 to be greater than 0.75 Degrees C,2012-11-26,,,,3.0,26,0,5.0,3.0
760941,GTA.NOV2012.>0.75,Global Temperature Anomaly for Nov 2012 to be greater than 0.75 Degrees C,2012-11-27,,,,3.0,26,0,5.0,3.0
760941,GTA.NOV2012.>0.75,Global Temperature Anomaly for Nov 2012 to be greater than 0.75 Degrees C,2012-11-28,,,,3.0,26,0,5.0,3.0
760941,GTA.NOV2012.>0.75,Global Temperature Anomaly for Nov 2012 to be greater than 0.75 Degrees C,2012-11-29,,,,3.0,26,0,5.0,3.0
760941,GTA.NOV2012.>0.75,Global Temperature Anomaly for Nov 2012 to be greater than 0.75 Degrees C,2012-11-30,,,,3.0,26,0,5.0,3.0
760941,GTA.NOV2012.>0.75,Global Temperature Anomaly for Nov 2012 to be greater than 0.75 Degrees C,2012-12-01,,,,3.0,26,0,5.0,3.0
760941,GTA.NOV2012.>0.75,Global Temperature Anomaly for Nov 2012 to be greater than 0.75 Degrees C,2012-12-02,3.3,3.3,3.3,3.3,36,10,5.0,3.0
760941,GTA.NOV2012.>0.75,Global Temperature Anomaly for Nov 2012 to be greater than 0.75 Degrees C,2012-12-03,,,,3.3,36,0,5.0,3.0
760941,GTA.NOV2012.>0.75,Global Temperature Anomaly for Nov 2012 to be greater than 0.75 Degrees C,2012-12-04,,,,3.3,36,0,5.0,3.0
760941,GTA.NOV2012.>0.75,Global Temperature Anomaly for Nov 2012 to be greater than 0.75 Degrees C,2012-12-05,,,,3.3,36,0,5.0,3.0
760941,GTA.NOV2012.>0.75,Global Temperature Anomaly for Nov 2012 to be greater than 0.75 Degrees C,2012-12-06,,,,3.3,36,0,5.0,3.0
760941,GTA.NOV2012.>0.75,Global Temperature Anomaly for Nov 2012 to be greater than 0.75 Degrees C,2012-12-07,,,,3.3,36,0,5.0,3.0
760941,GTA.NOV2012.>0.75,Global Temperature Anomaly for Nov 2012 to be greater than 0.75 Degrees C,2012-12-08,,,,3.3,36,0,5.0,3.0
760941,GTA.NOV2012.>0.75,Global Temperature Anomaly for Nov 2012 to be greater than 0.75 Degrees C,2012-12-09,,,,3.3,36,0,5.0,3.0
