market id,market symbol,market name,trade quantity,trade price,date/time [utc]
760932,GTA.JUN2012.>0.75,Global Temperature Anomaly for Jun 2012 to be greater than 0.75 Degrees C,6,5.0,Jun/19/2012 11:32:42
760932,GTA.JUN2012.>0.75,Global Temperature Anomaly for Jun 2012 to be greater than 0.75 Degrees C,4,5.0,Jun/19/2012 11:34:02
760932,GTA.JUN2012.>0.75,Global Temperature Anomaly for Jun 2012 to be greater than 0.75 Degrees C,1,4.4,Jun/28/2012 22:00:44
760932,GTA.JUN2012.>0.75,Global Temperature Anomaly for Jun 2012 to be greater than 0.75 Degrees C,1,4.5,Jun/28/2012 22:00:54
760932,GTA.JUN2012.>0.75,Global Temperature Anomaly for Jun 2012 to be greater than 0.75 Degrees C,1,4.5,Jun/29/2012 13:07:01
760932,GTA.JUN2012.>0.75,Global Temperature Anomaly for Jun 2012 to be greater than 0.75 Degrees C,1,4.6,Jun/29/2012 13:07:07
760932,GTA.JUN2012.>0.75,Global Temperature Anomaly for Jun 2012 to be greater than 0.75 Degrees C,5,5.0,Jul/12/2012 15:53:19
760932,GTA.JUN2012.>0.75,Global Temperature Anomaly for Jun 2012 to be greater than 0.75 Degrees C,5,5.2,Jul/12/2012 15:53:19
