market id,market symbol,market name,business day,session open,session high,session low,closing price,open interest,session trade volume,lifetime high,lifetime low
755629,GTA.AUG2012.>0.55,Global Temperature Anomaly for Aug 2012 to be greater than 0.55 Degrees C,2012-01-03,0.0,0.0,0.0,0.0,0,0,0.0,0.0
755629,GTA.AUG2012.>0.55,Global Temperature Anomaly for Aug 2012 to be greater than 0.55 Degrees C,2012-01-04,0.0,0.0,0.0,0.0,0,0,0.0,0.0
755629,GTA.AUG2012.>0.55,Global Temperature Anomaly for Aug 2012 to be greater than 0.55 Degrees C,2012-01-05,0.0,0.0,0.0,0.0,0,0,0.0,0.0
755629,GTA.AUG2012.>0.55,Global Temperature Anomaly for Aug 2012 to be greater than 0.55 Degrees C,2012-01-06,0.0,0.0,0.0,0.0,0,0,0.0,0.0
755629,GTA.AUG2012.>0.55,Global Temperature Anomaly for Aug 2012 to be greater than 0.55 Degrees C,2012-01-07,0.0,0.0,0.0,0.0,0,0,0.0,0.0
755629,GTA.AUG2012.>0.55,Global Temperature Anomaly for Aug 2012 to be greater than 0.55 Degrees C,2012-01-08,0.0,0.0,0.0,0.0,0,0,0.0,0.0
755629,GTA.AUG2012.>0.55,Global Temperature Anomaly for Aug 2012 to be greater than 0.55 Degrees C,2012-01-09,0.0,0.0,0.0,0.0,0,0,0.0,0.0
755629,GTA.AUG2012.>0.55,Global Temperature Anomaly for Aug 2012 to be greater than 0.55 Degrees C,2012-01-10,0.0,0.0,0.0,0.0,0,0,0.0,0.0
755629,GTA.AUG2012.>0.55,Global Temperature Anomaly for Aug 2012 to be greater than 0.55 Degrees C,2012-01-11,0.0,0.0,0.0,0.0,0,0,0.0,0.0
755629,GTA.AUG2012.>0.55,Global Temperature Anomaly for Aug 2012 to be greater than 0.55 Degrees C,2012-01-12,0.0,0.0,0.0,0.0,0,0,0.0,0.0
755629,GTA.AUG2012.>0.55,Global Temperature Anomaly for Aug 2012 to be greater than 0.55 Degrees C,2012-01-13,0.0,0.0,0.0,0.0,0,0,0.0,0.0
755629,GTA.AUG2012.>0.55,Global Temperature Anomaly for Aug 2012 to be greater than 0.55 Degrees C,2012-01-14,0.0,0.0,0.0,0.0,0,0,0.0,0.0
755629,GTA.AUG2012.>0.55,Global Temperature Anomaly for Aug 2012 to be greater than 0.55 Degrees C,2012-01-15,0.0,0.0,0.0,0.0,0,0,0.0,0.0
755629,GTA.AUG2012.>0.55,Global Temperature Anomaly for Aug 2012 to be greater than 0.55 Degrees C,2012-01-16,0.0,0.0,0.0,0.0,0,0,0.0,0.0
755629,GTA.AUG2012.>0.55,Global Temperature Anomaly for Aug 2012 to be greater than 0.55 Degrees C,2012-01-17,0.0,0.0,0.0,0.0,0,0,0.0,0.0
755629,GTA.AUG2012.>0.55,Global Temperature Anomaly for Aug 2012 to be greater than 0.55 Degrees C,2012-01-18,0.0,0.0,0.0,0.0,0,0,0.0,0.0
755629,GTA.AUG2012.>0.55,Global Temperature Anomaly for Aug 2012 to be greater than 0.55 Degrees C,2012-01-19,0.0,0.0,0.0,0.0,0,0,0.0,0.0
755629,GTA.AUG2012.>0.55,Global Temperature Anomaly for Aug 2012 to be greater than 0.55 Degrees C,2012-01-20,0.0,0.0,0.0,0.0,0,0,0.0,0.0
755629,GTA.AUG2012.>0.55,Global Temperature Anomaly for Aug 2012 to be greater than 0.55 Degrees C,2012-01-21,0.0,0.0,0.0,0.0,0,0,0.0,0.0
755629,GTA.AUG2012.>0.55,Global Temperature Anomaly for Aug 2012 to be greater than 0.55 Degrees C,2012-01-22,0.0,0.0,0.0,0.0,0,0,0.0,0.0
755629,GTA.AUG2012.>0.55,Global Temperature Anomaly for Aug 2012 to be greater than 0.55 Degrees C,2012-01-23,0.0,0.0,0.0,0.0,0,0,0.0,0.0
755629,GTA.AUG2012.>0.55,Global Temperature Anomaly for Aug 2012 to be greater than 0.55 Degrees C,2012-01-24,0.0,0.0,0.0,0.0,0,0,0.0,0.0
755629,GTA.AUG2012.>0.55,Global Temperature Anomaly for Aug 2012 to be greater than 0.55 Degrees C,2012-01-25,0.0,0.0,0.0,0.0,0,0,0.0,0.0
755629,GTA.AUG2012.>0.55,Global Temperature Anomaly for Aug 2012 to be greater than 0.55 Degrees C,2012-01-26,0.0,0.0,0.0,0.0,0,0,0.0,0.0
755629,GTA.AUG2012.>0.55,Global Temperature Anomaly for Aug 2012 to be greater than 0.55 Degrees C,2012-01-27,0.0,0.0,0.0,0.0,0,0,0.0,0.0
755629,GTA.AUG2012.>0.55,Global Temperature Anomaly for Aug 2012 to be greater than 0.55 Degrees C,2012-01-28,0.0,0.0,0.0,0.0,0,0,0.0,0.0
755629,GTA.AUG2012.>0.55,Global Temperature Anomaly for Aug 2012 to be greater than 0.55 Degrees C,2012-01-29,0.0,0.0,0.0,0.0,0,0,0.0,0.0
755629,GTA.AUG2012.>0.55,Global Temperature Anomaly for Aug 2012 to be greater than 0.55 Degrees C,2012-01-30,0.0,0.0,0.0,0.0,0,0,0.0,0.0
755629,GTA.AUG2012.>0.55,Global Temperature Anomaly for Aug 2012 to be greater than 0.55 Degrees C,2012-01-31,0.0,0.0,0.0,0.0,0,0,0.0,0.0
755629,GTA.AUG2012.>0.55,Global Temperature Anomaly for Aug 2012 to be greater than 0.55 Degrees C,2012-02-01,0.0,0.0,0.0,0.0,0,0,0.0,0.0
755629,GTA.AUG2012.>0.55,Global Temperature Anomaly for Aug 2012 to be greater than 0.55 Degrees C,2012-02-02,0.0,0.0,0.0,0.0,0,0,0.0,0.0
755629,GTA.AUG2012.>0.55,Global Temperature Anomaly for Aug 2012 to be greater than 0.55 Degrees C,2012-02-03,0.0,0.0,0.0,0.0,0,0,0.0,0.0
755629,GTA.AUG2012.>0.55,Global Temperature Anomaly for Aug 2012 to be greater than 0.55 Degrees C,2012-02-04,0.0,0.0,0.0,0.0,0,0,0.0,0.0
755629,GTA.AUG2012.>0.55,Global Temperature Anomaly for Aug 2012 to be greater than 0.55 Degrees C,2012-02-05,0.0,0.0,0.0,0.0,0,0,0.0,0.0
755629,GTA.AUG2012.>0.55,Global Temperature Anomaly for Aug 2012 to be greater than 0.55 Degrees C,2012-02-06,0.0,0.0,0.0,0.0,0,0,0.0,0.0
755629,GTA.AUG2012.>0.55,Global Temperature Anomaly for Aug 2012 to be greater than 0.55 Degrees C,2012-02-07,0.0,0.0,0.0,0.0,0,0,0.0,0.0
755629,GTA.AUG2012.>0.55,Global Temperature Anomaly for Aug 2012 to be greater than 0.55 Degrees C,2012-02-08,0.0,0.0,0.0,0.0,0,0,0.0,0.0
755629,GTA.AUG2012.>0.55,Global Temperature Anomaly for Aug 2012 to be greater than 0.55 Degrees C,2012-02-09,0.0,0.0,0.0,0.0,0,0,0.0,0.0
755629,GTA.AUG2012.>0.55,Global Temperature Anomaly for Aug 2012 to be greater than 0.55 Degrees C,2012-02-10,0.0,0.0,0.0,0.0,0,0,0.0,0.0
755629,GTA.AUG2012.>0.55,Global Temperature Anomaly for Aug 2012 to be greater than 0.55 Degrees C,2012-02-11,0.0,0.0,0.0,0.0,0,0,0.0,0.0
755629,GTA.AUG2012.>0.55,Global Temperature Anomaly for Aug 2012 to be greater than 0.55 Degrees C,2012-02-12,0.0,0.0,0.0,0.0,0,0,0.0,0.0
755629,GTA.AUG2012.>0.55,Global Temperature Anomaly for Aug 2012 to be greater than 0.55 Degrees C,2012-02-13,0.0,0.0,0.0,0.0,0,0,0.0,0.0
755629,GTA.AUG2012.>0.55,Global Temperature Anomaly for Aug 2012 to be greater than 0.55 Degrees C,2012-02-14,0.0,0.0,0.0,0.0,0,0,0.0,0.0
755629,GTA.AUG2012.>0.55,Global Temperature Anomaly for Aug 2012 to be greater than 0.55 Degrees C,2012-02-15,0.0,0.0,0.0,0.0,0,0,0.0,0.0
755629,GTA.AUG2012.>0.55,Global Temperature Anomaly for Aug 2012 to be greater than 0.55 Degrees C,2012-02-16,0.0,0.0,0.0,0.0,0,0,0.0,0.0
755629,GTA.AUG2012.>0.55,Global Temperature Anomaly for Aug 2012 to be greater than 0.55 Degrees C,2012-02-17,0.0,0.0,0.0,0.0,0,0,0.0,0.0
755629,GTA.AUG2012.>0.55,Global Temperature Anomaly for Aug 2012 to be greater than 0.55 Degrees C,2012-02-18,0.0,0.0,0.0,0.0,0,0,0.0,0.0
755629,GTA.AUG2012.>0.55,Global Temperature Anomaly for Aug 2012 to be greater than 0.55 Degrees C,2012-02-19,0.0,0.0,0.0,0.0,0,0,0.0,0.0
755629,GTA.AUG2012.>0.55,Global Temperature Anomaly for Aug 2012 to be greater than 0.55 Degrees C,2012-02-20,0.0,0.0,0.0,0.0,0,0,0.0,0.0
755629,GTA.AUG2012.>0.55,Global Temperature Anomaly for Aug 2012 to be greater than 0.55 Degrees C,2012-02-21,0.0,0.0,0.0,0.0,0,0,0.0,0.0
755629,GTA.AUG2012.>0.55,Global Temperature Anomaly for Aug 2012 to be greater than 0.55 Degrees C,2012-02-22,0.0,0.0,0.0,0.0,0,0,0.0,0.0
755629,GTA.AUG2012.>0.55,Global Temperature Anomaly for Aug 2012 to be greater than 0.55 Degrees C,2012-02-23,0.0,0.0,0.0,0.0,0,0,0.0,0.0
755629,GTA.AUG2012.>0.55,Global Temperature Anomaly for Aug 2012 to be greater than 0.55 Degrees C,2012-02-24,0.0,0.0,0.0,0.0,0,0,0.0,0.0
755629,GTA.AUG2012.>0.55,Global Temperature Anomaly for Aug 2012 to be greater than 0.55 Degrees C,2012-02-25,0.0,0.0,0.0,0.0,0,0,0.0,0.0
755629,GTA.AUG2012.>0.55,Global Temperature Anomaly for Aug 2012 to be greater than 0.55 Degrees C,2012-02-26,0.0,0.0,0.0,0.0,0,0,0.0,0.0
755629,GTA.AUG2012.>0.55,Global Temperature Anomaly for Aug 2012 to be greater than 0.55 Degrees C,2012-02-27,0.0,0.0,0.0,0.0,0,0,0.0,0.0
755629,GTA.AUG2012.>0.55,Global Temperature Anomaly for Aug 2012 to be greater than 0.55 Degrees C,2012-02-28,0.0,0.0,0.0,0.0,0,0,0.0,0.0
755629,GTA.AUG2012.>0.55,Global Temperature Anomaly for Aug 2012 to be greater than 0.55 Degrees C,2012-02-29,0.0,0.0,0.0,0.0,0,0,0.0,0.0
755629,GTA.AUG2012.>0.55,Global Temperature Anomaly for Aug 2012 to be greater than 0.55 Degrees C,2012-03-01,0.0,0.0,0.0,0.0,0,0,0.0,0.0
755629,GTA.AUG2012.>0.55,Global Temperature Anomaly for Aug 2012 to be greater than 0.55 Degrees C,2012-03-02,,,,,0,0,,
755629,GTA.AUG2012.>0.55,Global Temperature Anomaly for Aug 2012 to be greater than 0.55 Degrees C,2012-03-03,,,,,0,0,,
755629,GTA.AUG2012.>0.55,Global Temperature Anomaly for Aug 2012 to be greater than 0.55 Degrees C,2012-03-04,,,,,0,0,,
755629,GTA.AUG2012.>0.55,Global Temperature Anomaly for Aug 2012 to be greater than 0.55 Degrees C,2012-03-05,,,,,0,0,,
755629,GTA.AUG2012.>0.55,Global Temperature Anomaly for Aug 2012 to be greater than 0.55 Degrees C,2012-03-06,,,,,0,0,,
755629,GTA.AUG2012.>0.55,Global Temperature Anomaly for Aug 2012 to be greater than 0.55 Degrees C,2012-03-07,,,,,0,0,,
755629,GTA.AUG2012.>0.55,Global Temperature Anomaly for Aug 2012 to be greater than 0.55 Degrees C,2012-03-08,,,,,0,0,,
755629,GTA.AUG2012.>0.55,Global Temperature Anomaly for Aug 2012 to be greater than 0.55 Degrees C,2012-03-09,,,,,0,0,,
755629,GTA.AUG2012.>0.55,Global Temperature Anomaly for Aug 2012 to be greater than 0.55 Degrees C,2012-03-10,,,,,0,0,,
755629,GTA.AUG2012.>0.55,Global Temperature Anomaly for Aug 2012 to be greater than 0.55 Degrees C,2012-03-11,,,,,0,0,,
755629,GTA.AUG2012.>0.55,Global Temperature Anomaly for Aug 2012 to be greater than 0.55 Degrees C,2012-03-12,,,,,0,0,,
755629,GTA.AUG2012.>0.55,Global Temperature Anomaly for Aug 2012 to be greater than 0.55 Degrees C,2012-03-13,,,,,0,0,,
755629,GTA.AUG2012.>0.55,Global Temperature Anomaly for Aug 2012 to be greater than 0.55 Degrees C,2012-03-14,,,,,0,0,,
755629,GTA.AUG2012.>0.55,Global Temperature Anomaly for Aug 2012 to be greater than 0.55 Degrees C,2012-03-15,,,,,0,0,,
755629,GTA.AUG2012.>0.55,Global Temperature Anomaly for Aug 2012 to be greater than 0.55 Degrees C,2012-03-16,,,,,0,0,,
755629,GTA.AUG2012.>0.55,Global Temperature Anomaly for Aug 2012 to be greater than 0.55 Degrees C,2012-03-17,,,,,0,0,,
755629,GTA.AUG2012.>0.55,Global Temperature Anomaly for Aug 2012 to be greater than 0.55 Degrees C,2012-03-18,,,,,0,0,,
755629,GTA.AUG2012.>0.55,Global Temperature Anomaly for Aug 2012 to be greater than 0.55 Degrees C,2012-03-19,,,,,0,0,,
755629,GTA.AUG2012.>0.55,Global Temperature Anomaly for Aug 2012 to be greater than 0.55 Degrees C,2012-03-20,,,,,0,0,,
755629,GTA.AUG2012.>0.55,Global Temperature Anomaly for Aug 2012 to be greater than 0.55 Degrees C,2012-03-21,,,,,0,0,,
755629,GTA.AUG2012.>0.55,Global Temperature Anomaly for Aug 2012 to be greater than 0.55 Degrees C,2012-03-22,,,,,0,0,,
755629,GTA.AUG2012.>0.55,Global Temperature Anomaly for Aug 2012 to be greater than 0.55 Degrees C,2012-03-23,,,,,0,0,,
755629,GTA.AUG2012.>0.55,Global Temperature Anomaly for Aug 2012 to be greater than 0.55 Degrees C,2012-03-24,,,,,0,0,,
755629,GTA.AUG2012.>0.55,Global Temperature Anomaly for Aug 2012 to be greater than 0.55 Degrees C,2012-03-25,,,,,0,0,,
755629,GTA.AUG2012.>0.55,Global Temperature Anomaly for Aug 2012 to be greater than 0.55 Degrees C,2012-03-26,,,,,0,0,,
755629,GTA.AUG2012.>0.55,Global Temperature Anomaly for Aug 2012 to be greater than 0.55 Degrees C,2012-03-27,,,,,0,0,,
755629,GTA.AUG2012.>0.55,Global Temperature Anomaly for Aug 2012 to be greater than 0.55 Degrees C,2012-03-28,,,,,0,0,,
755629,GTA.AUG2012.>0.55,Global Temperature Anomaly for Aug 2012 to be greater than 0.55 Degrees C,2012-03-29,,,,,0,0,,
755629,GTA.AUG2012.>0.55,Global Temperature Anomaly for Aug 2012 to be greater than 0.55 Degrees C,2012-03-30,,,,,0,0,,
755629,GTA.AUG2012.>0.55,Global Temperature Anomaly for Aug 2012 to be greater than 0.55 Degrees C,2012-03-31,,,,,0,0,,
755629,GTA.AUG2012.>0.55,Global Temperature Anomaly for Aug 2012 to be greater than 0.55 Degrees C,2012-04-01,,,,,0,0,,
755629,GTA.AUG2012.>0.55,Global Temperature Anomaly for Aug 2012 to be greater than 0.55 Degrees C,2012-04-02,,,,,0,0,,
755629,GTA.AUG2012.>0.55,Global Temperature Anomaly for Aug 2012 to be greater than 0.55 Degrees C,2012-04-03,,,,,0,0,,
755629,GTA.AUG2012.>0.55,Global Temperature Anomaly for Aug 2012 to be greater than 0.55 Degrees C,2012-04-04,,,,,0,0,,
755629,GTA.AUG2012.>0.55,Global Temperature Anomaly for Aug 2012 to be greater than 0.55 Degrees C,2012-04-05,,,,,0,0,,
755629,GTA.AUG2012.>0.55,Global Temperature Anomaly for Aug 2012 to be greater than 0.55 Degrees C,2012-04-06,,,,,0,0,,
755629,GTA.AUG2012.>0.55,Global Temperature Anomaly for Aug 2012 to be greater than 0.55 Degrees C,2012-04-07,,,,,0,0,,
755629,GTA.AUG2012.>0.55,Global Temperature Anomaly for Aug 2012 to be greater than 0.55 Degrees C,2012-04-08,,,,,0,0,,
755629,GTA.AUG2012.>0.55,Global Temperature Anomaly for Aug 2012 to be greater than 0.55 Degrees C,2012-04-09,,,,,0,0,,
755629,GTA.AUG2012.>0.55,Global Temperature Anomaly for Aug 2012 to be greater than 0.55 Degrees C,2012-04-10,,,,,0,0,,
755629,GTA.AUG2012.>0.55,Global Temperature Anomaly for Aug 2012 to be greater than 0.55 Degrees C,2012-04-11,,,,,0,0,,
755629,GTA.AUG2012.>0.55,Global Temperature Anomaly for Aug 2012 to be greater than 0.55 Degrees C,2012-04-12,,,,,0,0,,
755629,GTA.AUG2012.>0.55,Global Temperature Anomaly for Aug 2012 to be greater than 0.55 Degrees C,2012-04-13,,,,,0,0,,
755629,GTA.AUG2012.>0.55,Global Temperature Anomaly for Aug 2012 to be greater than 0.55 Degrees C,2012-04-14,,,,,0,0,,
755629,GTA.AUG2012.>0.55,Global Temperature Anomaly for Aug 2012 to be greater than 0.55 Degrees C,2012-04-15,,,,,0,0,,
755629,GTA.AUG2012.>0.55,Global Temperature Anomaly for Aug 2012 to be greater than 0.55 Degrees C,2012-04-16,,,,,0,0,,
755629,GTA.AUG2012.>0.55,Global Temperature Anomaly for Aug 2012 to be greater than 0.55 Degrees C,2012-04-17,,,,,0,0,,
755629,GTA.AUG2012.>0.55,Global Temperature Anomaly for Aug 2012 to be greater than 0.55 Degrees C,2012-04-18,,,,,0,0,,
755629,GTA.AUG2012.>0.55,Global Temperature Anomaly for Aug 2012 to be greater than 0.55 Degrees C,2012-04-19,,,,,0,0,,
755629,GTA.AUG2012.>0.55,Global Temperature Anomaly for Aug 2012 to be greater than 0.55 Degrees C,2012-04-20,,,,,0,0,,
755629,GTA.AUG2012.>0.55,Global Temperature Anomaly for Aug 2012 to be greater than 0.55 Degrees C,2012-04-21,,,,,0,0,,
755629,GTA.AUG2012.>0.55,Global Temperature Anomaly for Aug 2012 to be greater than 0.55 Degrees C,2012-04-22,,,,,0,0,,
755629,GTA.AUG2012.>0.55,Global Temperature Anomaly for Aug 2012 to be greater than 0.55 Degrees C,2012-04-23,,,,,0,0,,
755629,GTA.AUG2012.>0.55,Global Temperature Anomaly for Aug 2012 to be greater than 0.55 Degrees C,2012-04-24,,,,,0,0,,
755629,GTA.AUG2012.>0.55,Global Temperature Anomaly for Aug 2012 to be greater than 0.55 Degrees C,2012-04-25,,,,,0,0,,
755629,GTA.AUG2012.>0.55,Global Temperature Anomaly for Aug 2012 to be greater than 0.55 Degrees C,2012-04-26,,,,,0,0,,
755629,GTA.AUG2012.>0.55,Global Temperature Anomaly for Aug 2012 to be greater than 0.55 Degrees C,2012-04-27,,,,,0,0,,
755629,GTA.AUG2012.>0.55,Global Temperature Anomaly for Aug 2012 to be greater than 0.55 Degrees C,2012-04-28,,,,,0,0,,
755629,GTA.AUG2012.>0.55,Global Temperature Anomaly for Aug 2012 to be greater than 0.55 Degrees C,2012-04-29,,,,,0,0,,
755629,GTA.AUG2012.>0.55,Global Temperature Anomaly for Aug 2012 to be greater than 0.55 Degrees C,2012-04-30,,,,,0,0,,
755629,GTA.AUG2012.>0.55,Global Temperature Anomaly for Aug 2012 to be greater than 0.55 Degrees C,2012-05-01,,,,,0,0,,
755629,GTA.AUG2012.>0.55,Global Temperature Anomaly for Aug 2012 to be greater than 0.55 Degrees C,2012-05-02,,,,,0,0,,
755629,GTA.AUG2012.>0.55,Global Temperature Anomaly for Aug 2012 to be greater than 0.55 Degrees C,2012-05-03,,,,,0,0,,
755629,GTA.AUG2012.>0.55,Global Temperature Anomaly for Aug 2012 to be greater than 0.55 Degrees C,2012-05-04,,,,,0,0,,
755629,GTA.AUG2012.>0.55,Global Temperature Anomaly for Aug 2012 to be greater than 0.55 Degrees C,2012-05-05,,,,,0,0,,
755629,GTA.AUG2012.>0.55,Global Temperature Anomaly for Aug 2012 to be greater than 0.55 Degrees C,2012-05-06,,,,,0,0,,
755629,GTA.AUG2012.>0.55,Global Temperature Anomaly for Aug 2012 to be greater than 0.55 Degrees C,2012-05-07,,,,,0,0,,
755629,GTA.AUG2012.>0.55,Global Temperature Anomaly for Aug 2012 to be greater than 0.55 Degrees C,2012-05-08,,,,,0,0,,
755629,GTA.AUG2012.>0.55,Global Temperature Anomaly for Aug 2012 to be greater than 0.55 Degrees C,2012-05-09,,,,,0,0,,
755629,GTA.AUG2012.>0.55,Global Temperature Anomaly for Aug 2012 to be greater than 0.55 Degrees C,2012-05-10,,,,,0,0,,
755629,GTA.AUG2012.>0.55,Global Temperature Anomaly for Aug 2012 to be greater than 0.55 Degrees C,2012-05-11,,,,,0,0,,
755629,GTA.AUG2012.>0.55,Global Temperature Anomaly for Aug 2012 to be greater than 0.55 Degrees C,2012-05-12,,,,,0,0,,
755629,GTA.AUG2012.>0.55,Global Temperature Anomaly for Aug 2012 to be greater than 0.55 Degrees C,2012-05-13,,,,,0,0,,
755629,GTA.AUG2012.>0.55,Global Temperature Anomaly for Aug 2012 to be greater than 0.55 Degrees C,2012-05-14,,,,,0,0,,
755629,GTA.AUG2012.>0.55,Global Temperature Anomaly for Aug 2012 to be greater than 0.55 Degrees C,2012-05-15,,,,,0,0,,
755629,GTA.AUG2012.>0.55,Global Temperature Anomaly for Aug 2012 to be greater than 0.55 Degrees C,2012-05-16,,,,,0,0,,
755629,GTA.AUG2012.>0.55,Global Temperature Anomaly for Aug 2012 to be greater than 0.55 Degrees C,2012-05-17,,,,,0,0,,
755629,GTA.AUG2012.>0.55,Global Temperature Anomaly for Aug 2012 to be greater than 0.55 Degrees C,2012-05-18,,,,,0,0,,
755629,GTA.AUG2012.>0.55,Global Temperature Anomaly for Aug 2012 to be greater than 0.55 Degrees C,2012-05-19,,,,,0,0,,
755629,GTA.AUG2012.>0.55,Global Temperature Anomaly for Aug 2012 to be greater than 0.55 Degrees C,2012-05-20,,,,,0,0,,
755629,GTA.AUG2012.>0.55,Global Temperature Anomaly for Aug 2012 to be greater than 0.55 Degrees C,2012-05-21,,,,,0,0,,
755629,GTA.AUG2012.>0.55,Global Temperature Anomaly for Aug 2012 to be greater than 0.55 Degrees C,2012-05-22,,,,,0,0,,
755629,GTA.AUG2012.>0.55,Global Temperature Anomaly for Aug 2012 to be greater than 0.55 Degrees C,2012-05-23,,,,,0,0,,
755629,GTA.AUG2012.>0.55,Global Temperature Anomaly for Aug 2012 to be greater than 0.55 Degrees C,2012-05-24,,,,,0,0,,
755629,GTA.AUG2012.>0.55,Global Temperature Anomaly for Aug 2012 to be greater than 0.55 Degrees C,2012-05-25,,,,,0,0,,
755629,GTA.AUG2012.>0.55,Global Temperature Anomaly for Aug 2012 to be greater than 0.55 Degrees C,2012-05-26,,,,,0,0,,
755629,GTA.AUG2012.>0.55,Global Temperature Anomaly for Aug 2012 to be greater than 0.55 Degrees C,2012-05-27,,,,,0,0,,
755629,GTA.AUG2012.>0.55,Global Temperature Anomaly for Aug 2012 to be greater than 0.55 Degrees C,2012-05-28,,,,,0,0,,
755629,GTA.AUG2012.>0.55,Global Temperature Anomaly for Aug 2012 to be greater than 0.55 Degrees C,2012-05-29,,,,,0,0,,
755629,GTA.AUG2012.>0.55,Global Temperature Anomaly for Aug 2012 to be greater than 0.55 Degrees C,2012-05-30,,,,,0,0,,
755629,GTA.AUG2012.>0.55,Global Temperature Anomaly for Aug 2012 to be greater than 0.55 Degrees C,2012-05-31,,,,,0,0,,
755629,GTA.AUG2012.>0.55,Global Temperature Anomaly for Aug 2012 to be greater than 0.55 Degrees C,2012-06-01,,,,,0,0,,
755629,GTA.AUG2012.>0.55,Global Temperature Anomaly for Aug 2012 to be greater than 0.55 Degrees C,2012-06-02,,,,,0,0,,
755629,GTA.AUG2012.>0.55,Global Temperature Anomaly for Aug 2012 to be greater than 0.55 Degrees C,2012-06-03,,,,,0,0,,
755629,GTA.AUG2012.>0.55,Global Temperature Anomaly for Aug 2012 to be greater than 0.55 Degrees C,2012-06-04,,,,,0,0,,
755629,GTA.AUG2012.>0.55,Global Temperature Anomaly for Aug 2012 to be greater than 0.55 Degrees C,2012-06-05,,,,,0,0,,
755629,GTA.AUG2012.>0.55,Global Temperature Anomaly for Aug 2012 to be greater than 0.55 Degrees C,2012-06-06,,,,,0,0,,
755629,GTA.AUG2012.>0.55,Global Temperature Anomaly for Aug 2012 to be greater than 0.55 Degrees C,2012-06-07,,,,,0,0,,
755629,GTA.AUG2012.>0.55,Global Temperature Anomaly for Aug 2012 to be greater than 0.55 Degrees C,2012-06-08,,,,,0,0,,
755629,GTA.AUG2012.>0.55,Global Temperature Anomaly for Aug 2012 to be greater than 0.55 Degrees C,2012-06-09,,,,,0,0,,
755629,GTA.AUG2012.>0.55,Global Temperature Anomaly for Aug 2012 to be greater than 0.55 Degrees C,2012-06-10,,,,,0,0,,
755629,GTA.AUG2012.>0.55,Global Temperature Anomaly for Aug 2012 to be greater than 0.55 Degrees C,2012-06-11,,,,,0,0,,
755629,GTA.AUG2012.>0.55,Global Temperature Anomaly for Aug 2012 to be greater than 0.55 Degrees C,2012-06-12,,,,,0,0,,
755629,GTA.AUG2012.>0.55,Global Temperature Anomaly for Aug 2012 to be greater than 0.55 Degrees C,2012-06-13,,,,,0,0,,
755629,GTA.AUG2012.>0.55,Global Temperature Anomaly for Aug 2012 to be greater than 0.55 Degrees C,2012-06-14,,,,,0,0,,
755629,GTA.AUG2012.>0.55,Global Temperature Anomaly for Aug 2012 to be greater than 0.55 Degrees C,2012-06-15,,,,,0,0,,
755629,GTA.AUG2012.>0.55,Global Temperature Anomaly for Aug 2012 to be greater than 0.55 Degrees C,2012-06-16,,,,,0,0,,
755629,GTA.AUG2012.>0.55,Global Temperature Anomaly for Aug 2012 to be greater than 0.55 Degrees C,2012-06-17,,,,,0,0,,
755629,GTA.AUG2012.>0.55,Global Temperature Anomaly for Aug 2012 to be greater than 0.55 Degrees C,2012-06-18,,,,,0,0,,
755629,GTA.AUG2012.>0.55,Global Temperature Anomaly for Aug 2012 to be greater than 0.55 Degrees C,2012-06-19,,,,,0,0,,
755629,GTA.AUG2012.>0.55,Global Temperature Anomaly for Aug 2012 to be greater than 0.55 Degrees C,2012-06-20,,,,,0,0,,
755629,GTA.AUG2012.>0.55,Global Temperature Anomaly for Aug 2012 to be greater than 0.55 Degrees C,2012-06-21,75.0,75.0,75.0,75.0,5,5,75.0,75.0
755629,GTA.AUG2012.>0.55,Global Temperature Anomaly for Aug 2012 to be greater than 0.55 Degrees C,2012-06-22,75.0,75.0,75.0,75.0,7,2,75.0,75.0
755629,GTA.AUG2012.>0.55,Global Temperature Anomaly for Aug 2012 to be greater than 0.55 Degrees C,2012-06-23,78.0,78.0,78.0,78.0,8,1,78.0,75.0
755629,GTA.AUG2012.>0.55,Global Temperature Anomaly for Aug 2012 to be greater than 0.55 Degrees C,2012-06-24,,,,78.0,8,0,78.0,75.0
755629,GTA.AUG2012.>0.55,Global Temperature Anomaly for Aug 2012 to be greater than 0.55 Degrees C,2012-06-25,,,,78.0,8,0,78.0,75.0
755629,GTA.AUG2012.>0.55,Global Temperature Anomaly for Aug 2012 to be greater than 0.55 Degrees C,2012-06-26,,,,78.0,8,0,78.0,75.0
755629,GTA.AUG2012.>0.55,Global Temperature Anomaly for Aug 2012 to be greater than 0.55 Degrees C,2012-06-27,,,,78.0,8,0,78.0,75.0
755629,GTA.AUG2012.>0.55,Global Temperature Anomaly for Aug 2012 to be greater than 0.55 Degrees C,2012-06-28,,,,78.0,8,0,78.0,75.0
755629,GTA.AUG2012.>0.55,Global Temperature Anomaly for Aug 2012 to be greater than 0.55 Degrees C,2012-06-29,,,,78.0,8,0,78.0,75.0
755629,GTA.AUG2012.>0.55,Global Temperature Anomaly for Aug 2012 to be greater than 0.55 Degrees C,2012-06-30,,,,78.0,8,0,78.0,75.0
755629,GTA.AUG2012.>0.55,Global Temperature Anomaly for Aug 2012 to be greater than 0.55 Degrees C,2012-07-01,78.0,78.0,78.0,78.0,8,1,78.0,75.0
755629,GTA.AUG2012.>0.55,Global Temperature Anomaly for Aug 2012 to be greater than 0.55 Degrees C,2012-07-02,,,,78.0,8,0,78.0,75.0
755629,GTA.AUG2012.>0.55,Global Temperature Anomaly for Aug 2012 to be greater than 0.55 Degrees C,2012-07-03,,,,78.0,8,0,78.0,75.0
755629,GTA.AUG2012.>0.55,Global Temperature Anomaly for Aug 2012 to be greater than 0.55 Degrees C,2012-07-04,,,,78.0,8,0,78.0,75.0
755629,GTA.AUG2012.>0.55,Global Temperature Anomaly for Aug 2012 to be greater than 0.55 Degrees C,2012-07-05,,,,78.0,8,0,78.0,75.0
755629,GTA.AUG2012.>0.55,Global Temperature Anomaly for Aug 2012 to be greater than 0.55 Degrees C,2012-07-06,,,,78.0,8,0,78.0,75.0
755629,GTA.AUG2012.>0.55,Global Temperature Anomaly for Aug 2012 to be greater than 0.55 Degrees C,2012-07-07,89.0,89.0,89.0,89.0,8,1,89.0,75.0
755629,GTA.AUG2012.>0.55,Global Temperature Anomaly for Aug 2012 to be greater than 0.55 Degrees C,2012-07-08,,,,89.0,8,0,89.0,75.0
755629,GTA.AUG2012.>0.55,Global Temperature Anomaly for Aug 2012 to be greater than 0.55 Degrees C,2012-07-09,,,,89.0,8,0,89.0,75.0
755629,GTA.AUG2012.>0.55,Global Temperature Anomaly for Aug 2012 to be greater than 0.55 Degrees C,2012-07-10,,,,89.0,8,0,89.0,75.0
755629,GTA.AUG2012.>0.55,Global Temperature Anomaly for Aug 2012 to be greater than 0.55 Degrees C,2012-07-11,,,,89.0,8,0,89.0,75.0
755629,GTA.AUG2012.>0.55,Global Temperature Anomaly for Aug 2012 to be greater than 0.55 Degrees C,2012-07-12,78.0,78.0,78.0,78.0,13,5,89.0,75.0
755629,GTA.AUG2012.>0.55,Global Temperature Anomaly for Aug 2012 to be greater than 0.55 Degrees C,2012-07-13,,,,78.0,13,0,89.0,75.0
755629,GTA.AUG2012.>0.55,Global Temperature Anomaly for Aug 2012 to be greater than 0.55 Degrees C,2012-07-14,,,,78.0,13,0,89.0,75.0
755629,GTA.AUG2012.>0.55,Global Temperature Anomaly for Aug 2012 to be greater than 0.55 Degrees C,2012-07-15,,,,78.0,13,0,89.0,75.0
755629,GTA.AUG2012.>0.55,Global Temperature Anomaly for Aug 2012 to be greater than 0.55 Degrees C,2012-07-16,,,,78.0,13,0,89.0,75.0
755629,GTA.AUG2012.>0.55,Global Temperature Anomaly for Aug 2012 to be greater than 0.55 Degrees C,2012-07-17,,,,78.0,13,0,89.0,75.0
755629,GTA.AUG2012.>0.55,Global Temperature Anomaly for Aug 2012 to be greater than 0.55 Degrees C,2012-07-18,,,,78.0,13,0,89.0,75.0
755629,GTA.AUG2012.>0.55,Global Temperature Anomaly for Aug 2012 to be greater than 0.55 Degrees C,2012-07-19,,,,78.0,13,0,89.0,75.0
755629,GTA.AUG2012.>0.55,Global Temperature Anomaly for Aug 2012 to be greater than 0.55 Degrees C,2012-07-20,,,,78.0,13,0,89.0,75.0
755629,GTA.AUG2012.>0.55,Global Temperature Anomaly for Aug 2012 to be greater than 0.55 Degrees C,2012-07-21,,,,78.0,13,0,89.0,75.0
755629,GTA.AUG2012.>0.55,Global Temperature Anomaly for Aug 2012 to be greater than 0.55 Degrees C,2012-07-22,,,,78.0,13,0,89.0,75.0
755629,GTA.AUG2012.>0.55,Global Temperature Anomaly for Aug 2012 to be greater than 0.55 Degrees C,2012-07-23,,,,78.0,13,0,89.0,75.0
755629,GTA.AUG2012.>0.55,Global Temperature Anomaly for Aug 2012 to be greater than 0.55 Degrees C,2012-07-24,,,,78.0,13,0,89.0,75.0
755629,GTA.AUG2012.>0.55,Global Temperature Anomaly for Aug 2012 to be greater than 0.55 Degrees C,2012-07-25,72.5,72.5,70.0,70.0,15,2,89.0,70.0
755629,GTA.AUG2012.>0.55,Global Temperature Anomaly for Aug 2012 to be greater than 0.55 Degrees C,2012-07-26,,,,70.0,15,0,89.0,70.0
755629,GTA.AUG2012.>0.55,Global Temperature Anomaly for Aug 2012 to be greater than 0.55 Degrees C,2012-07-27,,,,70.0,15,0,89.0,70.0
755629,GTA.AUG2012.>0.55,Global Temperature Anomaly for Aug 2012 to be greater than 0.55 Degrees C,2012-07-28,,,,70.0,15,0,89.0,70.0
755629,GTA.AUG2012.>0.55,Global Temperature Anomaly for Aug 2012 to be greater than 0.55 Degrees C,2012-07-29,,,,70.0,15,0,89.0,70.0
755629,GTA.AUG2012.>0.55,Global Temperature Anomaly for Aug 2012 to be greater than 0.55 Degrees C,2012-07-30,,,,70.0,15,0,89.0,70.0
755629,GTA.AUG2012.>0.55,Global Temperature Anomaly for Aug 2012 to be greater than 0.55 Degrees C,2012-07-31,,,,70.0,15,0,89.0,70.0
755629,GTA.AUG2012.>0.55,Global Temperature Anomaly for Aug 2012 to be greater than 0.55 Degrees C,2012-08-01,,,,70.0,15,0,89.0,70.0
755629,GTA.AUG2012.>0.55,Global Temperature Anomaly for Aug 2012 to be greater than 0.55 Degrees C,2012-08-02,,,,70.0,15,0,89.0,70.0
755629,GTA.AUG2012.>0.55,Global Temperature Anomaly for Aug 2012 to be greater than 0.55 Degrees C,2012-08-03,,,,70.0,15,0,89.0,70.0
755629,GTA.AUG2012.>0.55,Global Temperature Anomaly for Aug 2012 to be greater than 0.55 Degrees C,2012-08-04,,,,70.0,15,0,89.0,70.0
755629,GTA.AUG2012.>0.55,Global Temperature Anomaly for Aug 2012 to be greater than 0.55 Degrees C,2012-08-05,,,,70.0,15,0,89.0,70.0
755629,GTA.AUG2012.>0.55,Global Temperature Anomaly for Aug 2012 to be greater than 0.55 Degrees C,2012-08-06,,,,70.0,15,0,89.0,70.0
755629,GTA.AUG2012.>0.55,Global Temperature Anomaly for Aug 2012 to be greater than 0.55 Degrees C,2012-08-07,,,,70.0,15,0,89.0,70.0
755629,GTA.AUG2012.>0.55,Global Temperature Anomaly for Aug 2012 to be greater than 0.55 Degrees C,2012-08-08,,,,70.0,15,0,89.0,70.0
755629,GTA.AUG2012.>0.55,Global Temperature Anomaly for Aug 2012 to be greater than 0.55 Degrees C,2012-08-09,,,,70.0,15,0,89.0,70.0
755629,GTA.AUG2012.>0.55,Global Temperature Anomaly for Aug 2012 to be greater than 0.55 Degrees C,2012-08-10,,,,70.0,15,0,89.0,70.0
755629,GTA.AUG2012.>0.55,Global Temperature Anomaly for Aug 2012 to be greater than 0.55 Degrees C,2012-08-11,,,,70.0,15,0,89.0,70.0
755629,GTA.AUG2012.>0.55,Global Temperature Anomaly for Aug 2012 to be greater than 0.55 Degrees C,2012-08-12,,,,70.0,15,0,89.0,70.0
755629,GTA.AUG2012.>0.55,Global Temperature Anomaly for Aug 2012 to be greater than 0.55 Degrees C,2012-08-13,,,,70.0,15,0,89.0,70.0
755629,GTA.AUG2012.>0.55,Global Temperature Anomaly for Aug 2012 to be greater than 0.55 Degrees C,2012-08-14,,,,70.0,15,0,89.0,70.0
755629,GTA.AUG2012.>0.55,Global Temperature Anomaly for Aug 2012 to be greater than 0.55 Degrees C,2012-08-15,,,,70.0,15,0,89.0,70.0
755629,GTA.AUG2012.>0.55,Global Temperature Anomaly for Aug 2012 to be greater than 0.55 Degrees C,2012-08-16,,,,70.0,15,0,89.0,70.0
755629,GTA.AUG2012.>0.55,Global Temperature Anomaly for Aug 2012 to be greater than 0.55 Degrees C,2012-08-17,,,,70.0,15,0,89.0,70.0
755629,GTA.AUG2012.>0.55,Global Temperature Anomaly for Aug 2012 to be greater than 0.55 Degrees C,2012-08-18,78.0,78.0,78.0,78.0,15,4,89.0,70.0
755629,GTA.AUG2012.>0.55,Global Temperature Anomaly for Aug 2012 to be greater than 0.55 Degrees C,2012-08-19,,,,78.0,15,0,89.0,70.0
755629,GTA.AUG2012.>0.55,Global Temperature Anomaly for Aug 2012 to be greater than 0.55 Degrees C,2012-08-20,,,,78.0,15,0,89.0,70.0
755629,GTA.AUG2012.>0.55,Global Temperature Anomaly for Aug 2012 to be greater than 0.55 Degrees C,2012-08-21,,,,78.0,15,0,89.0,70.0
755629,GTA.AUG2012.>0.55,Global Temperature Anomaly for Aug 2012 to be greater than 0.55 Degrees C,2012-08-22,,,,78.0,15,0,89.0,70.0
755629,GTA.AUG2012.>0.55,Global Temperature Anomaly for Aug 2012 to be greater than 0.55 Degrees C,2012-08-23,,,,78.0,15,0,89.0,70.0
755629,GTA.AUG2012.>0.55,Global Temperature Anomaly for Aug 2012 to be greater than 0.55 Degrees C,2012-08-24,,,,78.0,15,0,89.0,70.0
755629,GTA.AUG2012.>0.55,Global Temperature Anomaly for Aug 2012 to be greater than 0.55 Degrees C,2012-08-25,,,,78.0,15,0,89.0,70.0
755629,GTA.AUG2012.>0.55,Global Temperature Anomaly for Aug 2012 to be greater than 0.55 Degrees C,2012-08-26,,,,78.0,15,0,89.0,70.0
755629,GTA.AUG2012.>0.55,Global Temperature Anomaly for Aug 2012 to be greater than 0.55 Degrees C,2012-08-27,,,,78.0,15,0,89.0,70.0
755629,GTA.AUG2012.>0.55,Global Temperature Anomaly for Aug 2012 to be greater than 0.55 Degrees C,2012-08-28,,,,78.0,15,0,89.0,70.0
755629,GTA.AUG2012.>0.55,Global Temperature Anomaly for Aug 2012 to be greater than 0.55 Degrees C,2012-08-29,,,,78.0,15,0,89.0,70.0
755629,GTA.AUG2012.>0.55,Global Temperature Anomaly for Aug 2012 to be greater than 0.55 Degrees C,2012-08-30,,,,78.0,15,0,89.0,70.0
755629,GTA.AUG2012.>0.55,Global Temperature Anomaly for Aug 2012 to be greater than 0.55 Degrees C,2012-08-31,,,,78.0,15,0,89.0,70.0
755629,GTA.AUG2012.>0.55,Global Temperature Anomaly for Aug 2012 to be greater than 0.55 Degrees C,2012-09-01,,,,78.0,15,0,89.0,70.0
755629,GTA.AUG2012.>0.55,Global Temperature Anomaly for Aug 2012 to be greater than 0.55 Degrees C,2012-09-02,,,,78.0,15,0,89.0,70.0
755629,GTA.AUG2012.>0.55,Global Temperature Anomaly for Aug 2012 to be greater than 0.55 Degrees C,2012-09-03,,,,78.0,15,0,89.0,70.0
755629,GTA.AUG2012.>0.55,Global Temperature Anomaly for Aug 2012 to be greater than 0.55 Degrees C,2012-09-04,,,,78.0,15,0,89.0,70.0
755629,GTA.AUG2012.>0.55,Global Temperature Anomaly for Aug 2012 to be greater than 0.55 Degrees C,2012-09-05,,,,78.0,15,0,89.0,70.0
755629,GTA.AUG2012.>0.55,Global Temperature Anomaly for Aug 2012 to be greater than 0.55 Degrees C,2012-09-06,75.5,75.5,75.5,75.5,15,1,89.0,70.0
755629,GTA.AUG2012.>0.55,Global Temperature Anomaly for Aug 2012 to be greater than 0.55 Degrees C,2012-09-07,,,,75.5,15,0,89.0,70.0
755629,GTA.AUG2012.>0.55,Global Temperature Anomaly for Aug 2012 to be greater than 0.55 Degrees C,2012-09-08,,,,75.5,15,0,89.0,70.0
755629,GTA.AUG2012.>0.55,Global Temperature Anomaly for Aug 2012 to be greater than 0.55 Degrees C,2012-09-09,,,,75.5,15,0,89.0,70.0
755629,GTA.AUG2012.>0.55,Global Temperature Anomaly for Aug 2012 to be greater than 0.55 Degrees C,2012-09-10,,,,75.5,15,0,89.0,70.0
755629,GTA.AUG2012.>0.55,Global Temperature Anomaly for Aug 2012 to be greater than 0.55 Degrees C,2012-09-11,,,,75.5,15,0,89.0,70.0
755629,GTA.AUG2012.>0.55,Global Temperature Anomaly for Aug 2012 to be greater than 0.55 Degrees C,2012-09-12,,,,75.5,15,0,89.0,70.0
755629,GTA.AUG2012.>0.55,Global Temperature Anomaly for Aug 2012 to be greater than 0.55 Degrees C,2012-09-13,,,,75.5,15,0,89.0,70.0
