market id,market symbol,market name,business day,session open,session high,session low,closing price,open interest,session trade volume,lifetime high,lifetime low
760943,GTA.DEC2012.>0.65,Global Temperature Anomaly for Dec 2012 to be greater than 0.65 Degrees C,2012-05-08,,,,,0,0,,
760943,GTA.DEC2012.>0.65,Global Temperature Anomaly for Dec 2012 to be greater than 0.65 Degrees C,2012-05-09,,,,,0,0,,
760943,GTA.DEC2012.>0.65,Global Temperature Anomaly for Dec 2012 to be greater than 0.65 Degrees C,2012-05-10,,,,,0,0,,
760943,GTA.DEC2012.>0.65,Global Temperature Anomaly for Dec 2012 to be greater than 0.65 Degrees C,2012-05-11,,,,,0,0,,
760943,GTA.DEC2012.>0.65,Global Temperature Anomaly for Dec 2012 to be greater than 0.65 Degrees C,2012-05-12,,,,,0,0,,
760943,GTA.DEC2012.>0.65,Global Temperature Anomaly for Dec 2012 to be greater than 0.65 Degrees C,2012-05-13,,,,,0,0,,
760943,GTA.DEC2012.>0.65,Global Temperature Anomaly for Dec 2012 to be greater than 0.65 Degrees C,2012-05-14,,,,,0,0,,
760943,GTA.DEC2012.>0.65,Global Temperature Anomaly for Dec 2012 to be greater than 0.65 Degrees C,2012-05-15,,,,,0,0,,
760943,GTA.DEC2012.>0.65,Global Temperature Anomaly for Dec 2012 to be greater than 0.65 Degrees C,2012-05-16,,,,,0,0,,
760943,GTA.DEC2012.>0.65,Global Temperature Anomaly for Dec 2012 to be greater than 0.65 Degrees C,2012-05-17,,,,,0,0,,
760943,GTA.DEC2012.>0.65,Global Temperature Anomaly for Dec 2012 to be greater than 0.65 Degrees C,2012-05-18,,,,,0,0,,
760943,GTA.DEC2012.>0.65,Global Temperature Anomaly for Dec 2012 to be greater than 0.65 Degrees C,2012-05-19,,,,,0,0,,
760943,GTA.DEC2012.>0.65,Global Temperature Anomaly for Dec 2012 to be greater than 0.65 Degrees C,2012-05-20,,,,,0,0,,
760943,GTA.DEC2012.>0.65,Global Temperature Anomaly for Dec 2012 to be greater than 0.65 Degrees C,2012-05-21,,,,,0,0,,
760943,GTA.DEC2012.>0.65,Global Temperature Anomaly for Dec 2012 to be greater than 0.65 Degrees C,2012-05-22,,,,,0,0,,
760943,GTA.DEC2012.>0.65,Global Temperature Anomaly for Dec 2012 to be greater than 0.65 Degrees C,2012-05-23,,,,,0,0,,
760943,GTA.DEC2012.>0.65,Global Temperature Anomaly for Dec 2012 to be greater than 0.65 Degrees C,2012-05-24,,,,,0,0,,
760943,GTA.DEC2012.>0.65,Global Temperature Anomaly for Dec 2012 to be greater than 0.65 Degrees C,2012-05-25,,,,,0,0,,
760943,GTA.DEC2012.>0.65,Global Temperature Anomaly for Dec 2012 to be greater than 0.65 Degrees C,2012-05-26,,,,,0,0,,
760943,GTA.DEC2012.>0.65,Global Temperature Anomaly for Dec 2012 to be greater than 0.65 Degrees C,2012-05-27,,,,,0,0,,
760943,GTA.DEC2012.>0.65,Global Temperature Anomaly for Dec 2012 to be greater than 0.65 Degrees C,2012-05-28,,,,,0,0,,
760943,GTA.DEC2012.>0.65,Global Temperature Anomaly for Dec 2012 to be greater than 0.65 Degrees C,2012-05-29,,,,,0,0,,
760943,GTA.DEC2012.>0.65,Global Temperature Anomaly for Dec 2012 to be greater than 0.65 Degrees C,2012-05-30,,,,,0,0,,
760943,GTA.DEC2012.>0.65,Global Temperature Anomaly for Dec 2012 to be greater than 0.65 Degrees C,2012-05-31,,,,,0,0,,
760943,GTA.DEC2012.>0.65,Global Temperature Anomaly for Dec 2012 to be greater than 0.65 Degrees C,2012-06-01,,,,,0,0,,
760943,GTA.DEC2012.>0.65,Global Temperature Anomaly for Dec 2012 to be greater than 0.65 Degrees C,2012-06-02,,,,,0,0,,
760943,GTA.DEC2012.>0.65,Global Temperature Anomaly for Dec 2012 to be greater than 0.65 Degrees C,2012-06-03,,,,,0,0,,
760943,GTA.DEC2012.>0.65,Global Temperature Anomaly for Dec 2012 to be greater than 0.65 Degrees C,2012-06-04,,,,,0,0,,
760943,GTA.DEC2012.>0.65,Global Temperature Anomaly for Dec 2012 to be greater than 0.65 Degrees C,2012-06-05,,,,,0,0,,
760943,GTA.DEC2012.>0.65,Global Temperature Anomaly for Dec 2012 to be greater than 0.65 Degrees C,2012-06-06,,,,,0,0,,
760943,GTA.DEC2012.>0.65,Global Temperature Anomaly for Dec 2012 to be greater than 0.65 Degrees C,2012-06-07,,,,,0,0,,
760943,GTA.DEC2012.>0.65,Global Temperature Anomaly for Dec 2012 to be greater than 0.65 Degrees C,2012-06-08,,,,,0,0,,
760943,GTA.DEC2012.>0.65,Global Temperature Anomaly for Dec 2012 to be greater than 0.65 Degrees C,2012-06-09,,,,,0,0,,
760943,GTA.DEC2012.>0.65,Global Temperature Anomaly for Dec 2012 to be greater than 0.65 Degrees C,2012-06-10,,,,,0,0,,
760943,GTA.DEC2012.>0.65,Global Temperature Anomaly for Dec 2012 to be greater than 0.65 Degrees C,2012-06-11,,,,,0,0,,
760943,GTA.DEC2012.>0.65,Global Temperature Anomaly for Dec 2012 to be greater than 0.65 Degrees C,2012-06-12,,,,,0,0,,
760943,GTA.DEC2012.>0.65,Global Temperature Anomaly for Dec 2012 to be greater than 0.65 Degrees C,2012-06-13,,,,,0,0,,
760943,GTA.DEC2012.>0.65,Global Temperature Anomaly for Dec 2012 to be greater than 0.65 Degrees C,2012-06-14,,,,,0,0,,
760943,GTA.DEC2012.>0.65,Global Temperature Anomaly for Dec 2012 to be greater than 0.65 Degrees C,2012-06-15,,,,,0,0,,
760943,GTA.DEC2012.>0.65,Global Temperature Anomaly for Dec 2012 to be greater than 0.65 Degrees C,2012-06-16,,,,,0,0,,
760943,GTA.DEC2012.>0.65,Global Temperature Anomaly for Dec 2012 to be greater than 0.65 Degrees C,2012-06-17,,,,,0,0,,
760943,GTA.DEC2012.>0.65,Global Temperature Anomaly for Dec 2012 to be greater than 0.65 Degrees C,2012-06-18,,,,,0,0,,
760943,GTA.DEC2012.>0.65,Global Temperature Anomaly for Dec 2012 to be greater than 0.65 Degrees C,2012-06-19,40.0,40.0,40.0,40.0,2,2,40.0,40.0
760943,GTA.DEC2012.>0.65,Global Temperature Anomaly for Dec 2012 to be greater than 0.65 Degrees C,2012-06-20,30.0,30.0,30.0,30.0,4,2,40.0,30.0
760943,GTA.DEC2012.>0.65,Global Temperature Anomaly for Dec 2012 to be greater than 0.65 Degrees C,2012-06-21,,,,30.0,4,0,40.0,30.0
760943,GTA.DEC2012.>0.65,Global Temperature Anomaly for Dec 2012 to be greater than 0.65 Degrees C,2012-06-22,,,,30.0,4,0,40.0,30.0
760943,GTA.DEC2012.>0.65,Global Temperature Anomaly for Dec 2012 to be greater than 0.65 Degrees C,2012-06-23,,,,30.0,4,0,40.0,30.0
760943,GTA.DEC2012.>0.65,Global Temperature Anomaly for Dec 2012 to be greater than 0.65 Degrees C,2012-06-24,,,,30.0,4,0,40.0,30.0
760943,GTA.DEC2012.>0.65,Global Temperature Anomaly for Dec 2012 to be greater than 0.65 Degrees C,2012-06-25,,,,30.0,4,0,40.0,30.0
760943,GTA.DEC2012.>0.65,Global Temperature Anomaly for Dec 2012 to be greater than 0.65 Degrees C,2012-06-26,,,,30.0,4,0,40.0,30.0
760943,GTA.DEC2012.>0.65,Global Temperature Anomaly for Dec 2012 to be greater than 0.65 Degrees C,2012-06-27,,,,30.0,4,0,40.0,30.0
760943,GTA.DEC2012.>0.65,Global Temperature Anomaly for Dec 2012 to be greater than 0.65 Degrees C,2012-06-28,,,,30.0,4,0,40.0,30.0
760943,GTA.DEC2012.>0.65,Global Temperature Anomaly for Dec 2012 to be greater than 0.65 Degrees C,2012-06-29,,,,30.0,4,0,40.0,30.0
760943,GTA.DEC2012.>0.65,Global Temperature Anomaly for Dec 2012 to be greater than 0.65 Degrees C,2012-06-30,,,,30.0,4,0,40.0,30.0
760943,GTA.DEC2012.>0.65,Global Temperature Anomaly for Dec 2012 to be greater than 0.65 Degrees C,2012-07-01,,,,30.0,4,0,40.0,30.0
760943,GTA.DEC2012.>0.65,Global Temperature Anomaly for Dec 2012 to be greater than 0.65 Degrees C,2012-07-02,,,,30.0,4,0,40.0,30.0
760943,GTA.DEC2012.>0.65,Global Temperature Anomaly for Dec 2012 to be greater than 0.65 Degrees C,2012-07-03,,,,30.0,4,0,40.0,30.0
760943,GTA.DEC2012.>0.65,Global Temperature Anomaly for Dec 2012 to be greater than 0.65 Degrees C,2012-07-04,,,,30.0,4,0,40.0,30.0
760943,GTA.DEC2012.>0.65,Global Temperature Anomaly for Dec 2012 to be greater than 0.65 Degrees C,2012-07-05,,,,30.0,4,0,40.0,30.0
760943,GTA.DEC2012.>0.65,Global Temperature Anomaly for Dec 2012 to be greater than 0.65 Degrees C,2012-07-06,,,,30.0,4,0,40.0,30.0
760943,GTA.DEC2012.>0.65,Global Temperature Anomaly for Dec 2012 to be greater than 0.65 Degrees C,2012-07-07,,,,30.0,4,0,40.0,30.0
760943,GTA.DEC2012.>0.65,Global Temperature Anomaly for Dec 2012 to be greater than 0.65 Degrees C,2012-07-08,,,,30.0,4,0,40.0,30.0
760943,GTA.DEC2012.>0.65,Global Temperature Anomaly for Dec 2012 to be greater than 0.65 Degrees C,2012-07-09,,,,30.0,4,0,40.0,30.0
760943,GTA.DEC2012.>0.65,Global Temperature Anomaly for Dec 2012 to be greater than 0.65 Degrees C,2012-07-10,,,,30.0,4,0,40.0,30.0
760943,GTA.DEC2012.>0.65,Global Temperature Anomaly for Dec 2012 to be greater than 0.65 Degrees C,2012-07-11,,,,30.0,4,0,40.0,30.0
760943,GTA.DEC2012.>0.65,Global Temperature Anomaly for Dec 2012 to be greater than 0.65 Degrees C,2012-07-12,,,,30.0,4,0,40.0,30.0
760943,GTA.DEC2012.>0.65,Global Temperature Anomaly for Dec 2012 to be greater than 0.65 Degrees C,2012-07-13,,,,30.0,4,0,40.0,30.0
760943,GTA.DEC2012.>0.65,Global Temperature Anomaly for Dec 2012 to be greater than 0.65 Degrees C,2012-07-14,,,,30.0,4,0,40.0,30.0
760943,GTA.DEC2012.>0.65,Global Temperature Anomaly for Dec 2012 to be greater than 0.65 Degrees C,2012-07-15,,,,30.0,4,0,40.0,30.0
760943,GTA.DEC2012.>0.65,Global Temperature Anomaly for Dec 2012 to be greater than 0.65 Degrees C,2012-07-16,,,,30.0,4,0,40.0,30.0
760943,GTA.DEC2012.>0.65,Global Temperature Anomaly for Dec 2012 to be greater than 0.65 Degrees C,2012-07-17,,,,30.0,4,0,40.0,30.0
760943,GTA.DEC2012.>0.65,Global Temperature Anomaly for Dec 2012 to be greater than 0.65 Degrees C,2012-07-18,,,,30.0,4,0,40.0,30.0
760943,GTA.DEC2012.>0.65,Global Temperature Anomaly for Dec 2012 to be greater than 0.65 Degrees C,2012-07-19,,,,30.0,4,0,40.0,30.0
760943,GTA.DEC2012.>0.65,Global Temperature Anomaly for Dec 2012 to be greater than 0.65 Degrees C,2012-07-20,,,,30.0,4,0,40.0,30.0
760943,GTA.DEC2012.>0.65,Global Temperature Anomaly for Dec 2012 to be greater than 0.65 Degrees C,2012-07-21,,,,30.0,4,0,40.0,30.0
760943,GTA.DEC2012.>0.65,Global Temperature Anomaly for Dec 2012 to be greater than 0.65 Degrees C,2012-07-22,,,,30.0,4,0,40.0,30.0
760943,GTA.DEC2012.>0.65,Global Temperature Anomaly for Dec 2012 to be greater than 0.65 Degrees C,2012-07-23,,,,30.0,4,0,40.0,30.0
760943,GTA.DEC2012.>0.65,Global Temperature Anomaly for Dec 2012 to be greater than 0.65 Degrees C,2012-07-24,,,,30.0,4,0,40.0,30.0
760943,GTA.DEC2012.>0.65,Global Temperature Anomaly for Dec 2012 to be greater than 0.65 Degrees C,2012-07-25,,,,30.0,4,0,40.0,30.0
760943,GTA.DEC2012.>0.65,Global Temperature Anomaly for Dec 2012 to be greater than 0.65 Degrees C,2012-07-26,,,,30.0,4,0,40.0,30.0
760943,GTA.DEC2012.>0.65,Global Temperature Anomaly for Dec 2012 to be greater than 0.65 Degrees C,2012-07-27,,,,30.0,4,0,40.0,30.0
760943,GTA.DEC2012.>0.65,Global Temperature Anomaly for Dec 2012 to be greater than 0.65 Degrees C,2012-07-28,,,,30.0,4,0,40.0,30.0
760943,GTA.DEC2012.>0.65,Global Temperature Anomaly for Dec 2012 to be greater than 0.65 Degrees C,2012-07-29,,,,30.0,4,0,40.0,30.0
760943,GTA.DEC2012.>0.65,Global Temperature Anomaly for Dec 2012 to be greater than 0.65 Degrees C,2012-07-30,,,,30.0,4,0,40.0,30.0
760943,GTA.DEC2012.>0.65,Global Temperature Anomaly for Dec 2012 to be greater than 0.65 Degrees C,2012-07-31,,,,30.0,4,0,40.0,30.0
760943,GTA.DEC2012.>0.65,Global Temperature Anomaly for Dec 2012 to be greater than 0.65 Degrees C,2012-08-01,,,,30.0,4,0,40.0,30.0
760943,GTA.DEC2012.>0.65,Global Temperature Anomaly for Dec 2012 to be greater than 0.65 Degrees C,2012-08-02,,,,30.0,4,0,40.0,30.0
760943,GTA.DEC2012.>0.65,Global Temperature Anomaly for Dec 2012 to be greater than 0.65 Degrees C,2012-08-03,,,,30.0,4,0,40.0,30.0
760943,GTA.DEC2012.>0.65,Global Temperature Anomaly for Dec 2012 to be greater than 0.65 Degrees C,2012-08-04,,,,30.0,4,0,40.0,30.0
760943,GTA.DEC2012.>0.65,Global Temperature Anomaly for Dec 2012 to be greater than 0.65 Degrees C,2012-08-05,,,,30.0,4,0,40.0,30.0
760943,GTA.DEC2012.>0.65,Global Temperature Anomaly for Dec 2012 to be greater than 0.65 Degrees C,2012-08-06,,,,30.0,4,0,40.0,30.0
760943,GTA.DEC2012.>0.65,Global Temperature Anomaly for Dec 2012 to be greater than 0.65 Degrees C,2012-08-07,,,,30.0,4,0,40.0,30.0
760943,GTA.DEC2012.>0.65,Global Temperature Anomaly for Dec 2012 to be greater than 0.65 Degrees C,2012-08-08,,,,30.0,4,0,40.0,30.0
760943,GTA.DEC2012.>0.65,Global Temperature Anomaly for Dec 2012 to be greater than 0.65 Degrees C,2012-08-09,,,,30.0,4,0,40.0,30.0
760943,GTA.DEC2012.>0.65,Global Temperature Anomaly for Dec 2012 to be greater than 0.65 Degrees C,2012-08-10,,,,30.0,4,0,40.0,30.0
760943,GTA.DEC2012.>0.65,Global Temperature Anomaly for Dec 2012 to be greater than 0.65 Degrees C,2012-08-11,,,,30.0,4,0,40.0,30.0
760943,GTA.DEC2012.>0.65,Global Temperature Anomaly for Dec 2012 to be greater than 0.65 Degrees C,2012-08-12,,,,30.0,4,0,40.0,30.0
760943,GTA.DEC2012.>0.65,Global Temperature Anomaly for Dec 2012 to be greater than 0.65 Degrees C,2012-08-13,,,,30.0,4,0,40.0,30.0
760943,GTA.DEC2012.>0.65,Global Temperature Anomaly for Dec 2012 to be greater than 0.65 Degrees C,2012-08-14,,,,30.0,4,0,40.0,30.0
760943,GTA.DEC2012.>0.65,Global Temperature Anomaly for Dec 2012 to be greater than 0.65 Degrees C,2012-08-15,,,,30.0,4,0,40.0,30.0
760943,GTA.DEC2012.>0.65,Global Temperature Anomaly for Dec 2012 to be greater than 0.65 Degrees C,2012-08-16,,,,30.0,4,0,40.0,30.0
760943,GTA.DEC2012.>0.65,Global Temperature Anomaly for Dec 2012 to be greater than 0.65 Degrees C,2012-08-17,,,,30.0,4,0,40.0,30.0
760943,GTA.DEC2012.>0.65,Global Temperature Anomaly for Dec 2012 to be greater than 0.65 Degrees C,2012-08-18,,,,30.0,4,0,40.0,30.0
760943,GTA.DEC2012.>0.65,Global Temperature Anomaly for Dec 2012 to be greater than 0.65 Degrees C,2012-08-19,,,,30.0,4,0,40.0,30.0
760943,GTA.DEC2012.>0.65,Global Temperature Anomaly for Dec 2012 to be greater than 0.65 Degrees C,2012-08-20,,,,30.0,4,0,40.0,30.0
760943,GTA.DEC2012.>0.65,Global Temperature Anomaly for Dec 2012 to be greater than 0.65 Degrees C,2012-08-21,,,,30.0,4,0,40.0,30.0
760943,GTA.DEC2012.>0.65,Global Temperature Anomaly for Dec 2012 to be greater than 0.65 Degrees C,2012-08-22,,,,30.0,4,0,40.0,30.0
760943,GTA.DEC2012.>0.65,Global Temperature Anomaly for Dec 2012 to be greater than 0.65 Degrees C,2012-08-23,,,,30.0,4,0,40.0,30.0
760943,GTA.DEC2012.>0.65,Global Temperature Anomaly for Dec 2012 to be greater than 0.65 Degrees C,2012-08-24,,,,30.0,4,0,40.0,30.0
760943,GTA.DEC2012.>0.65,Global Temperature Anomaly for Dec 2012 to be greater than 0.65 Degrees C,2012-08-25,,,,30.0,4,0,40.0,30.0
760943,GTA.DEC2012.>0.65,Global Temperature Anomaly for Dec 2012 to be greater than 0.65 Degrees C,2012-08-26,,,,30.0,4,0,40.0,30.0
760943,GTA.DEC2012.>0.65,Global Temperature Anomaly for Dec 2012 to be greater than 0.65 Degrees C,2012-08-27,,,,30.0,4,0,40.0,30.0
760943,GTA.DEC2012.>0.65,Global Temperature Anomaly for Dec 2012 to be greater than 0.65 Degrees C,2012-08-28,,,,30.0,4,0,40.0,30.0
760943,GTA.DEC2012.>0.65,Global Temperature Anomaly for Dec 2012 to be greater than 0.65 Degrees C,2012-08-29,,,,30.0,4,0,40.0,30.0
760943,GTA.DEC2012.>0.65,Global Temperature Anomaly for Dec 2012 to be greater than 0.65 Degrees C,2012-08-30,,,,30.0,4,0,40.0,30.0
760943,GTA.DEC2012.>0.65,Global Temperature Anomaly for Dec 2012 to be greater than 0.65 Degrees C,2012-08-31,,,,30.0,4,0,40.0,30.0
760943,GTA.DEC2012.>0.65,Global Temperature Anomaly for Dec 2012 to be greater than 0.65 Degrees C,2012-09-01,,,,30.0,4,0,40.0,30.0
760943,GTA.DEC2012.>0.65,Global Temperature Anomaly for Dec 2012 to be greater than 0.65 Degrees C,2012-09-02,,,,30.0,4,0,40.0,30.0
760943,GTA.DEC2012.>0.65,Global Temperature Anomaly for Dec 2012 to be greater than 0.65 Degrees C,2012-09-03,,,,30.0,4,0,40.0,30.0
760943,GTA.DEC2012.>0.65,Global Temperature Anomaly for Dec 2012 to be greater than 0.65 Degrees C,2012-09-04,,,,30.0,4,0,40.0,30.0
760943,GTA.DEC2012.>0.65,Global Temperature Anomaly for Dec 2012 to be greater than 0.65 Degrees C,2012-09-05,,,,30.0,4,0,40.0,30.0
760943,GTA.DEC2012.>0.65,Global Temperature Anomaly for Dec 2012 to be greater than 0.65 Degrees C,2012-09-06,,,,30.0,4,0,40.0,30.0
760943,GTA.DEC2012.>0.65,Global Temperature Anomaly for Dec 2012 to be greater than 0.65 Degrees C,2012-09-07,,,,30.0,4,0,40.0,30.0
760943,GTA.DEC2012.>0.65,Global Temperature Anomaly for Dec 2012 to be greater than 0.65 Degrees C,2012-09-08,,,,30.0,4,0,40.0,30.0
760943,GTA.DEC2012.>0.65,Global Temperature Anomaly for Dec 2012 to be greater than 0.65 Degrees C,2012-09-09,,,,30.0,4,0,40.0,30.0
760943,GTA.DEC2012.>0.65,Global Temperature Anomaly for Dec 2012 to be greater than 0.65 Degrees C,2012-09-10,,,,30.0,4,0,40.0,30.0
760943,GTA.DEC2012.>0.65,Global Temperature Anomaly for Dec 2012 to be greater than 0.65 Degrees C,2012-09-11,,,,30.0,4,0,40.0,30.0
760943,GTA.DEC2012.>0.65,Global Temperature Anomaly for Dec 2012 to be greater than 0.65 Degrees C,2012-09-12,,,,30.0,4,0,40.0,30.0
760943,GTA.DEC2012.>0.65,Global Temperature Anomaly for Dec 2012 to be greater than 0.65 Degrees C,2012-09-13,,,,30.0,4,0,40.0,30.0
760943,GTA.DEC2012.>0.65,Global Temperature Anomaly for Dec 2012 to be greater than 0.65 Degrees C,2012-09-14,,,,30.0,4,0,40.0,30.0
760943,GTA.DEC2012.>0.65,Global Temperature Anomaly for Dec 2012 to be greater than 0.65 Degrees C,2012-09-15,,,,30.0,4,0,40.0,30.0
760943,GTA.DEC2012.>0.65,Global Temperature Anomaly for Dec 2012 to be greater than 0.65 Degrees C,2012-09-16,,,,30.0,4,0,40.0,30.0
760943,GTA.DEC2012.>0.65,Global Temperature Anomaly for Dec 2012 to be greater than 0.65 Degrees C,2012-09-17,,,,30.0,4,0,40.0,30.0
760943,GTA.DEC2012.>0.65,Global Temperature Anomaly for Dec 2012 to be greater than 0.65 Degrees C,2012-09-18,,,,30.0,4,0,40.0,30.0
760943,GTA.DEC2012.>0.65,Global Temperature Anomaly for Dec 2012 to be greater than 0.65 Degrees C,2012-09-19,,,,30.0,4,0,40.0,30.0
760943,GTA.DEC2012.>0.65,Global Temperature Anomaly for Dec 2012 to be greater than 0.65 Degrees C,2012-09-20,,,,30.0,4,0,40.0,30.0
760943,GTA.DEC2012.>0.65,Global Temperature Anomaly for Dec 2012 to be greater than 0.65 Degrees C,2012-09-21,,,,30.0,4,0,40.0,30.0
760943,GTA.DEC2012.>0.65,Global Temperature Anomaly for Dec 2012 to be greater than 0.65 Degrees C,2012-09-22,,,,30.0,4,0,40.0,30.0
760943,GTA.DEC2012.>0.65,Global Temperature Anomaly for Dec 2012 to be greater than 0.65 Degrees C,2012-09-23,,,,30.0,4,0,40.0,30.0
760943,GTA.DEC2012.>0.65,Global Temperature Anomaly for Dec 2012 to be greater than 0.65 Degrees C,2012-09-24,,,,30.0,4,0,40.0,30.0
760943,GTA.DEC2012.>0.65,Global Temperature Anomaly for Dec 2012 to be greater than 0.65 Degrees C,2012-09-25,,,,30.0,4,0,40.0,30.0
760943,GTA.DEC2012.>0.65,Global Temperature Anomaly for Dec 2012 to be greater than 0.65 Degrees C,2012-09-26,,,,30.0,4,0,40.0,30.0
760943,GTA.DEC2012.>0.65,Global Temperature Anomaly for Dec 2012 to be greater than 0.65 Degrees C,2012-09-27,,,,30.0,4,0,40.0,30.0
760943,GTA.DEC2012.>0.65,Global Temperature Anomaly for Dec 2012 to be greater than 0.65 Degrees C,2012-09-28,,,,30.0,4,0,40.0,30.0
760943,GTA.DEC2012.>0.65,Global Temperature Anomaly for Dec 2012 to be greater than 0.65 Degrees C,2012-09-29,,,,30.0,4,0,40.0,30.0
760943,GTA.DEC2012.>0.65,Global Temperature Anomaly for Dec 2012 to be greater than 0.65 Degrees C,2012-09-30,,,,30.0,4,0,40.0,30.0
760943,GTA.DEC2012.>0.65,Global Temperature Anomaly for Dec 2012 to be greater than 0.65 Degrees C,2012-10-01,,,,30.0,4,0,40.0,30.0
760943,GTA.DEC2012.>0.65,Global Temperature Anomaly for Dec 2012 to be greater than 0.65 Degrees C,2012-10-02,,,,30.0,4,0,40.0,30.0
760943,GTA.DEC2012.>0.65,Global Temperature Anomaly for Dec 2012 to be greater than 0.65 Degrees C,2012-10-03,,,,30.0,4,0,40.0,30.0
760943,GTA.DEC2012.>0.65,Global Temperature Anomaly for Dec 2012 to be greater than 0.65 Degrees C,2012-10-04,,,,30.0,4,0,40.0,30.0
760943,GTA.DEC2012.>0.65,Global Temperature Anomaly for Dec 2012 to be greater than 0.65 Degrees C,2012-10-05,,,,30.0,4,0,40.0,30.0
760943,GTA.DEC2012.>0.65,Global Temperature Anomaly for Dec 2012 to be greater than 0.65 Degrees C,2012-10-06,,,,30.0,4,0,40.0,30.0
760943,GTA.DEC2012.>0.65,Global Temperature Anomaly for Dec 2012 to be greater than 0.65 Degrees C,2012-10-07,,,,30.0,4,0,40.0,30.0
760943,GTA.DEC2012.>0.65,Global Temperature Anomaly for Dec 2012 to be greater than 0.65 Degrees C,2012-10-08,,,,30.0,4,0,40.0,30.0
760943,GTA.DEC2012.>0.65,Global Temperature Anomaly for Dec 2012 to be greater than 0.65 Degrees C,2012-10-09,,,,30.0,4,0,40.0,30.0
760943,GTA.DEC2012.>0.65,Global Temperature Anomaly for Dec 2012 to be greater than 0.65 Degrees C,2012-10-10,,,,30.0,4,0,40.0,30.0
760943,GTA.DEC2012.>0.65,Global Temperature Anomaly for Dec 2012 to be greater than 0.65 Degrees C,2012-10-11,,,,30.0,4,0,40.0,30.0
760943,GTA.DEC2012.>0.65,Global Temperature Anomaly for Dec 2012 to be greater than 0.65 Degrees C,2012-10-12,,,,30.0,4,0,40.0,30.0
760943,GTA.DEC2012.>0.65,Global Temperature Anomaly for Dec 2012 to be greater than 0.65 Degrees C,2012-10-13,,,,30.0,4,0,40.0,30.0
760943,GTA.DEC2012.>0.65,Global Temperature Anomaly for Dec 2012 to be greater than 0.65 Degrees C,2012-10-14,,,,30.0,4,0,40.0,30.0
760943,GTA.DEC2012.>0.65,Global Temperature Anomaly for Dec 2012 to be greater than 0.65 Degrees C,2012-10-15,,,,30.0,4,0,40.0,30.0
760943,GTA.DEC2012.>0.65,Global Temperature Anomaly for Dec 2012 to be greater than 0.65 Degrees C,2012-10-16,,,,30.0,4,0,40.0,30.0
760943,GTA.DEC2012.>0.65,Global Temperature Anomaly for Dec 2012 to be greater than 0.65 Degrees C,2012-10-17,,,,30.0,4,0,40.0,30.0
760943,GTA.DEC2012.>0.65,Global Temperature Anomaly for Dec 2012 to be greater than 0.65 Degrees C,2012-10-18,,,,30.0,4,0,40.0,30.0
760943,GTA.DEC2012.>0.65,Global Temperature Anomaly for Dec 2012 to be greater than 0.65 Degrees C,2012-10-19,,,,30.0,4,0,40.0,30.0
760943,GTA.DEC2012.>0.65,Global Temperature Anomaly for Dec 2012 to be greater than 0.65 Degrees C,2012-10-20,,,,30.0,4,0,40.0,30.0
760943,GTA.DEC2012.>0.65,Global Temperature Anomaly for Dec 2012 to be greater than 0.65 Degrees C,2012-10-21,,,,30.0,4,0,40.0,30.0
760943,GTA.DEC2012.>0.65,Global Temperature Anomaly for Dec 2012 to be greater than 0.65 Degrees C,2012-10-22,,,,30.0,4,0,40.0,30.0
760943,GTA.DEC2012.>0.65,Global Temperature Anomaly for Dec 2012 to be greater than 0.65 Degrees C,2012-10-23,,,,30.0,4,0,40.0,30.0
760943,GTA.DEC2012.>0.65,Global Temperature Anomaly for Dec 2012 to be greater than 0.65 Degrees C,2012-10-24,,,,30.0,4,0,40.0,30.0
760943,GTA.DEC2012.>0.65,Global Temperature Anomaly for Dec 2012 to be greater than 0.65 Degrees C,2012-10-25,,,,30.0,4,0,40.0,30.0
760943,GTA.DEC2012.>0.65,Global Temperature Anomaly for Dec 2012 to be greater than 0.65 Degrees C,2012-10-26,,,,30.0,4,0,40.0,30.0
760943,GTA.DEC2012.>0.65,Global Temperature Anomaly for Dec 2012 to be greater than 0.65 Degrees C,2012-10-27,,,,30.0,4,0,40.0,30.0
760943,GTA.DEC2012.>0.65,Global Temperature Anomaly for Dec 2012 to be greater than 0.65 Degrees C,2012-10-28,,,,30.0,4,0,40.0,30.0
760943,GTA.DEC2012.>0.65,Global Temperature Anomaly for Dec 2012 to be greater than 0.65 Degrees C,2012-10-29,,,,30.0,4,0,40.0,30.0
760943,GTA.DEC2012.>0.65,Global Temperature Anomaly for Dec 2012 to be greater than 0.65 Degrees C,2012-10-30,,,,30.0,4,0,40.0,30.0
760943,GTA.DEC2012.>0.65,Global Temperature Anomaly for Dec 2012 to be greater than 0.65 Degrees C,2012-10-31,,,,30.0,4,0,40.0,30.0
760943,GTA.DEC2012.>0.65,Global Temperature Anomaly for Dec 2012 to be greater than 0.65 Degrees C,2012-11-01,,,,30.0,4,0,40.0,30.0
760943,GTA.DEC2012.>0.65,Global Temperature Anomaly for Dec 2012 to be greater than 0.65 Degrees C,2012-11-02,,,,30.0,4,0,40.0,30.0
760943,GTA.DEC2012.>0.65,Global Temperature Anomaly for Dec 2012 to be greater than 0.65 Degrees C,2012-11-03,,,,30.0,4,0,40.0,30.0
760943,GTA.DEC2012.>0.65,Global Temperature Anomaly for Dec 2012 to be greater than 0.65 Degrees C,2012-11-04,,,,30.0,4,0,40.0,30.0
760943,GTA.DEC2012.>0.65,Global Temperature Anomaly for Dec 2012 to be greater than 0.65 Degrees C,2012-11-05,,,,30.0,4,0,40.0,30.0
760943,GTA.DEC2012.>0.65,Global Temperature Anomaly for Dec 2012 to be greater than 0.65 Degrees C,2012-11-06,,,,30.0,4,0,40.0,30.0
760943,GTA.DEC2012.>0.65,Global Temperature Anomaly for Dec 2012 to be greater than 0.65 Degrees C,2012-11-07,,,,30.0,4,0,40.0,30.0
760943,GTA.DEC2012.>0.65,Global Temperature Anomaly for Dec 2012 to be greater than 0.65 Degrees C,2012-11-08,,,,30.0,4,0,40.0,30.0
760943,GTA.DEC2012.>0.65,Global Temperature Anomaly for Dec 2012 to be greater than 0.65 Degrees C,2012-11-09,,,,30.0,4,0,40.0,30.0
760943,GTA.DEC2012.>0.65,Global Temperature Anomaly for Dec 2012 to be greater than 0.65 Degrees C,2012-11-10,,,,30.0,4,0,40.0,30.0
760943,GTA.DEC2012.>0.65,Global Temperature Anomaly for Dec 2012 to be greater than 0.65 Degrees C,2012-11-11,26.3,26.3,26.2,26.2,10,6,40.0,26.2
760943,GTA.DEC2012.>0.65,Global Temperature Anomaly for Dec 2012 to be greater than 0.65 Degrees C,2012-11-12,,,,26.2,10,0,40.0,26.2
760943,GTA.DEC2012.>0.65,Global Temperature Anomaly for Dec 2012 to be greater than 0.65 Degrees C,2012-11-13,,,,26.2,10,0,40.0,26.2
760943,GTA.DEC2012.>0.65,Global Temperature Anomaly for Dec 2012 to be greater than 0.65 Degrees C,2012-11-14,27.0,27.0,27.0,27.0,30,20,40.0,26.2
760943,GTA.DEC2012.>0.65,Global Temperature Anomaly for Dec 2012 to be greater than 0.65 Degrees C,2012-11-15,27.0,27.0,27.0,27.0,33,3,40.0,26.2
760943,GTA.DEC2012.>0.65,Global Temperature Anomaly for Dec 2012 to be greater than 0.65 Degrees C,2012-11-16,,,,27.0,33,0,40.0,26.2
760943,GTA.DEC2012.>0.65,Global Temperature Anomaly for Dec 2012 to be greater than 0.65 Degrees C,2012-11-17,,,,27.0,33,0,40.0,26.2
760943,GTA.DEC2012.>0.65,Global Temperature Anomaly for Dec 2012 to be greater than 0.65 Degrees C,2012-11-18,,,,27.0,33,0,40.0,26.2
760943,GTA.DEC2012.>0.65,Global Temperature Anomaly for Dec 2012 to be greater than 0.65 Degrees C,2012-11-19,,,,27.0,33,0,40.0,26.2
760943,GTA.DEC2012.>0.65,Global Temperature Anomaly for Dec 2012 to be greater than 0.65 Degrees C,2012-11-20,,,,27.0,33,0,40.0,26.2
760943,GTA.DEC2012.>0.65,Global Temperature Anomaly for Dec 2012 to be greater than 0.65 Degrees C,2012-11-21,,,,27.0,33,0,40.0,26.2
760943,GTA.DEC2012.>0.65,Global Temperature Anomaly for Dec 2012 to be greater than 0.65 Degrees C,2012-11-22,,,,27.0,33,0,40.0,26.2
760943,GTA.DEC2012.>0.65,Global Temperature Anomaly for Dec 2012 to be greater than 0.65 Degrees C,2012-11-23,,,,27.0,33,0,40.0,26.2
760943,GTA.DEC2012.>0.65,Global Temperature Anomaly for Dec 2012 to be greater than 0.65 Degrees C,2012-11-24,,,,27.0,33,0,40.0,26.2
760943,GTA.DEC2012.>0.65,Global Temperature Anomaly for Dec 2012 to be greater than 0.65 Degrees C,2012-11-25,,,,27.0,33,0,40.0,26.2
760943,GTA.DEC2012.>0.65,Global Temperature Anomaly for Dec 2012 to be greater than 0.65 Degrees C,2012-11-26,,,,27.0,33,0,40.0,26.2
760943,GTA.DEC2012.>0.65,Global Temperature Anomaly for Dec 2012 to be greater than 0.65 Degrees C,2012-11-27,,,,27.0,33,0,40.0,26.2
760943,GTA.DEC2012.>0.65,Global Temperature Anomaly for Dec 2012 to be greater than 0.65 Degrees C,2012-11-28,,,,27.0,33,0,40.0,26.2
760943,GTA.DEC2012.>0.65,Global Temperature Anomaly for Dec 2012 to be greater than 0.65 Degrees C,2012-11-29,,,,27.0,33,0,40.0,26.2
760943,GTA.DEC2012.>0.65,Global Temperature Anomaly for Dec 2012 to be greater than 0.65 Degrees C,2012-11-30,,,,27.0,33,0,40.0,26.2
760943,GTA.DEC2012.>0.65,Global Temperature Anomaly for Dec 2012 to be greater than 0.65 Degrees C,2012-12-01,,,,27.0,33,0,40.0,26.2
760943,GTA.DEC2012.>0.65,Global Temperature Anomaly for Dec 2012 to be greater than 0.65 Degrees C,2012-12-02,,,,27.0,33,0,40.0,26.2
760943,GTA.DEC2012.>0.65,Global Temperature Anomaly for Dec 2012 to be greater than 0.65 Degrees C,2012-12-03,,,,27.0,33,0,40.0,26.2
760943,GTA.DEC2012.>0.65,Global Temperature Anomaly for Dec 2012 to be greater than 0.65 Degrees C,2012-12-04,,,,27.0,33,0,40.0,26.2
760943,GTA.DEC2012.>0.65,Global Temperature Anomaly for Dec 2012 to be greater than 0.65 Degrees C,2012-12-05,,,,27.0,33,0,40.0,26.2
760943,GTA.DEC2012.>0.65,Global Temperature Anomaly for Dec 2012 to be greater than 0.65 Degrees C,2012-12-06,,,,27.0,33,0,40.0,26.2
760943,GTA.DEC2012.>0.65,Global Temperature Anomaly for Dec 2012 to be greater than 0.65 Degrees C,2012-12-07,,,,27.0,33,0,40.0,26.2
760943,GTA.DEC2012.>0.65,Global Temperature Anomaly for Dec 2012 to be greater than 0.65 Degrees C,2012-12-08,,,,27.0,33,0,40.0,26.2
760943,GTA.DEC2012.>0.65,Global Temperature Anomaly for Dec 2012 to be greater than 0.65 Degrees C,2012-12-09,,,,27.0,33,0,40.0,26.2
760943,GTA.DEC2012.>0.65,Global Temperature Anomaly for Dec 2012 to be greater than 0.65 Degrees C,2012-12-10,37.0,37.0,37.0,37.0,13,20,40.0,26.2
760943,GTA.DEC2012.>0.65,Global Temperature Anomaly for Dec 2012 to be greater than 0.65 Degrees C,2012-12-11,,,,37.0,13,0,40.0,26.2
760943,GTA.DEC2012.>0.65,Global Temperature Anomaly for Dec 2012 to be greater than 0.65 Degrees C,2012-12-12,,,,37.0,13,0,40.0,26.2
760943,GTA.DEC2012.>0.65,Global Temperature Anomaly for Dec 2012 to be greater than 0.65 Degrees C,2012-12-13,9.0,36.0,8.0,36.0,85,76,40.0,8.0
760943,GTA.DEC2012.>0.65,Global Temperature Anomaly for Dec 2012 to be greater than 0.65 Degrees C,2012-12-14,49.0,49.0,49.0,49.0,13,72,49.0,8.0
760943,GTA.DEC2012.>0.65,Global Temperature Anomaly for Dec 2012 to be greater than 0.65 Degrees C,2012-12-15,,,,49.0,13,0,49.0,8.0
760943,GTA.DEC2012.>0.65,Global Temperature Anomaly for Dec 2012 to be greater than 0.65 Degrees C,2012-12-16,,,,49.0,13,0,49.0,8.0
760943,GTA.DEC2012.>0.65,Global Temperature Anomaly for Dec 2012 to be greater than 0.65 Degrees C,2012-12-17,,,,49.0,13,0,49.0,8.0
760943,GTA.DEC2012.>0.65,Global Temperature Anomaly for Dec 2012 to be greater than 0.65 Degrees C,2012-12-18,,,,49.0,13,0,49.0,8.0
760943,GTA.DEC2012.>0.65,Global Temperature Anomaly for Dec 2012 to be greater than 0.65 Degrees C,2012-12-19,,,,49.0,13,0,49.0,8.0
760943,GTA.DEC2012.>0.65,Global Temperature Anomaly for Dec 2012 to be greater than 0.65 Degrees C,2012-12-20,,,,49.0,13,0,49.0,8.0
760943,GTA.DEC2012.>0.65,Global Temperature Anomaly for Dec 2012 to be greater than 0.65 Degrees C,2012-12-21,,,,49.0,13,0,49.0,8.0
760943,GTA.DEC2012.>0.65,Global Temperature Anomaly for Dec 2012 to be greater than 0.65 Degrees C,2012-12-22,,,,49.0,13,0,49.0,8.0
760943,GTA.DEC2012.>0.65,Global Temperature Anomaly for Dec 2012 to be greater than 0.65 Degrees C,2012-12-23,28.3,28.3,28.3,28.3,13,5,49.0,8.0
760943,GTA.DEC2012.>0.65,Global Temperature Anomaly for Dec 2012 to be greater than 0.65 Degrees C,2012-12-24,,,,28.3,13,0,49.0,8.0
760943,GTA.DEC2012.>0.65,Global Temperature Anomaly for Dec 2012 to be greater than 0.65 Degrees C,2012-12-25,,,,28.3,13,0,49.0,8.0
760943,GTA.DEC2012.>0.65,Global Temperature Anomaly for Dec 2012 to be greater than 0.65 Degrees C,2012-12-26,,,,28.3,13,0,49.0,8.0
760943,GTA.DEC2012.>0.65,Global Temperature Anomaly for Dec 2012 to be greater than 0.65 Degrees C,2012-12-27,,,,28.3,13,0,49.0,8.0
760943,GTA.DEC2012.>0.65,Global Temperature Anomaly for Dec 2012 to be greater than 0.65 Degrees C,2012-12-28,,,,28.3,13,0,49.0,8.0
760943,GTA.DEC2012.>0.65,Global Temperature Anomaly for Dec 2012 to be greater than 0.65 Degrees C,2012-12-29,,,,28.3,13,0,49.0,8.0
760943,GTA.DEC2012.>0.65,Global Temperature Anomaly for Dec 2012 to be greater than 0.65 Degrees C,2012-12-30,,,,28.3,13,0,49.0,8.0
760943,GTA.DEC2012.>0.65,Global Temperature Anomaly for Dec 2012 to be greater than 0.65 Degrees C,2012-12-31,,,,28.3,13,0,49.0,8.0
760943,GTA.DEC2012.>0.65,Global Temperature Anomaly for Dec 2012 to be greater than 0.65 Degrees C,2013-01-01,,,,28.3,13,0,49.0,8.0
760943,GTA.DEC2012.>0.65,Global Temperature Anomaly for Dec 2012 to be greater than 0.65 Degrees C,2013-01-02,,,,28.3,13,0,49.0,8.0
760943,GTA.DEC2012.>0.65,Global Temperature Anomaly for Dec 2012 to be greater than 0.65 Degrees C,2013-01-03,,,,28.3,13,0,49.0,8.0
760943,GTA.DEC2012.>0.65,Global Temperature Anomaly for Dec 2012 to be greater than 0.65 Degrees C,2013-01-04,,,,28.3,13,0,49.0,8.0
760943,GTA.DEC2012.>0.65,Global Temperature Anomaly for Dec 2012 to be greater than 0.65 Degrees C,2013-01-05,,,,28.3,13,0,49.0,8.0
760943,GTA.DEC2012.>0.65,Global Temperature Anomaly for Dec 2012 to be greater than 0.65 Degrees C,2013-01-06,,,,28.3,13,0,49.0,8.0
760943,GTA.DEC2012.>0.65,Global Temperature Anomaly for Dec 2012 to be greater than 0.65 Degrees C,2013-01-07,29.0,29.0,29.0,29.0,13,5,49.0,8.0
760943,GTA.DEC2012.>0.65,Global Temperature Anomaly for Dec 2012 to be greater than 0.65 Degrees C,2013-01-08,,,,29.0,13,0,49.0,8.0
760943,GTA.DEC2012.>0.65,Global Temperature Anomaly for Dec 2012 to be greater than 0.65 Degrees C,2013-01-09,93.0,94.0,0.5,0.5,54,42,94.0,0.5
760943,GTA.DEC2012.>0.65,Global Temperature Anomaly for Dec 2012 to be greater than 0.65 Degrees C,2013-01-10,,,,0.5,54,0,94.0,0.5
760943,GTA.DEC2012.>0.65,Global Temperature Anomaly for Dec 2012 to be greater than 0.65 Degrees C,2013-01-11,0.5,1.0,0.5,1.0,13,61,94.0,0.5
760943,GTA.DEC2012.>0.65,Global Temperature Anomaly for Dec 2012 to be greater than 0.65 Degrees C,2013-01-12,,,,1.0,13,0,94.0,0.5
760943,GTA.DEC2012.>0.65,Global Temperature Anomaly for Dec 2012 to be greater than 0.65 Degrees C,2013-01-13,,,,1.0,13,0,94.0,0.5
760943,GTA.DEC2012.>0.65,Global Temperature Anomaly for Dec 2012 to be greater than 0.65 Degrees C,2013-01-14,,,,1.0,13,0,94.0,0.5
760943,GTA.DEC2012.>0.65,Global Temperature Anomaly for Dec 2012 to be greater than 0.65 Degrees C,2013-01-15,,,,1.0,13,0,94.0,0.5
