market id,market symbol,market name,business day,session open,session high,session low,closing price,open interest,session trade volume,lifetime high,lifetime low
755631,GTA.OCT2012.>0.55,Global Temperature Anomaly for Oct 2012 to be greater than 0.55 Degrees C,2012-01-03,0.0,0.0,0.0,0.0,0,0,0.0,0.0
755631,GTA.OCT2012.>0.55,Global Temperature Anomaly for Oct 2012 to be greater than 0.55 Degrees C,2012-01-04,0.0,0.0,0.0,0.0,0,0,0.0,0.0
755631,GTA.OCT2012.>0.55,Global Temperature Anomaly for Oct 2012 to be greater than 0.55 Degrees C,2012-01-05,0.0,0.0,0.0,0.0,0,0,0.0,0.0
755631,GTA.OCT2012.>0.55,Global Temperature Anomaly for Oct 2012 to be greater than 0.55 Degrees C,2012-01-06,0.0,0.0,0.0,0.0,0,0,0.0,0.0
755631,GTA.OCT2012.>0.55,Global Temperature Anomaly for Oct 2012 to be greater than 0.55 Degrees C,2012-01-07,0.0,0.0,0.0,0.0,0,0,0.0,0.0
755631,GTA.OCT2012.>0.55,Global Temperature Anomaly for Oct 2012 to be greater than 0.55 Degrees C,2012-01-08,0.0,0.0,0.0,0.0,0,0,0.0,0.0
755631,GTA.OCT2012.>0.55,Global Temperature Anomaly for Oct 2012 to be greater than 0.55 Degrees C,2012-01-09,0.0,0.0,0.0,0.0,0,0,0.0,0.0
755631,GTA.OCT2012.>0.55,Global Temperature Anomaly for Oct 2012 to be greater than 0.55 Degrees C,2012-01-10,0.0,0.0,0.0,0.0,0,0,0.0,0.0
755631,GTA.OCT2012.>0.55,Global Temperature Anomaly for Oct 2012 to be greater than 0.55 Degrees C,2012-01-11,0.0,0.0,0.0,0.0,0,0,0.0,0.0
755631,GTA.OCT2012.>0.55,Global Temperature Anomaly for Oct 2012 to be greater than 0.55 Degrees C,2012-01-12,0.0,0.0,0.0,0.0,0,0,0.0,0.0
755631,GTA.OCT2012.>0.55,Global Temperature Anomaly for Oct 2012 to be greater than 0.55 Degrees C,2012-01-13,0.0,0.0,0.0,0.0,0,0,0.0,0.0
755631,GTA.OCT2012.>0.55,Global Temperature Anomaly for Oct 2012 to be greater than 0.55 Degrees C,2012-01-14,0.0,0.0,0.0,0.0,0,0,0.0,0.0
755631,GTA.OCT2012.>0.55,Global Temperature Anomaly for Oct 2012 to be greater than 0.55 Degrees C,2012-01-15,0.0,0.0,0.0,0.0,0,0,0.0,0.0
755631,GTA.OCT2012.>0.55,Global Temperature Anomaly for Oct 2012 to be greater than 0.55 Degrees C,2012-01-16,0.0,0.0,0.0,0.0,0,0,0.0,0.0
755631,GTA.OCT2012.>0.55,Global Temperature Anomaly for Oct 2012 to be greater than 0.55 Degrees C,2012-01-17,0.0,0.0,0.0,0.0,0,0,0.0,0.0
755631,GTA.OCT2012.>0.55,Global Temperature Anomaly for Oct 2012 to be greater than 0.55 Degrees C,2012-01-18,0.0,0.0,0.0,0.0,0,0,0.0,0.0
755631,GTA.OCT2012.>0.55,Global Temperature Anomaly for Oct 2012 to be greater than 0.55 Degrees C,2012-01-19,0.0,0.0,0.0,0.0,0,0,0.0,0.0
755631,GTA.OCT2012.>0.55,Global Temperature Anomaly for Oct 2012 to be greater than 0.55 Degrees C,2012-01-20,0.0,0.0,0.0,0.0,0,0,0.0,0.0
755631,GTA.OCT2012.>0.55,Global Temperature Anomaly for Oct 2012 to be greater than 0.55 Degrees C,2012-01-21,0.0,0.0,0.0,0.0,0,0,0.0,0.0
755631,GTA.OCT2012.>0.55,Global Temperature Anomaly for Oct 2012 to be greater than 0.55 Degrees C,2012-01-22,0.0,0.0,0.0,0.0,0,0,0.0,0.0
755631,GTA.OCT2012.>0.55,Global Temperature Anomaly for Oct 2012 to be greater than 0.55 Degrees C,2012-01-23,0.0,0.0,0.0,0.0,0,0,0.0,0.0
755631,GTA.OCT2012.>0.55,Global Temperature Anomaly for Oct 2012 to be greater than 0.55 Degrees C,2012-01-24,0.0,0.0,0.0,0.0,0,0,0.0,0.0
755631,GTA.OCT2012.>0.55,Global Temperature Anomaly for Oct 2012 to be greater than 0.55 Degrees C,2012-01-25,0.0,0.0,0.0,0.0,0,0,0.0,0.0
755631,GTA.OCT2012.>0.55,Global Temperature Anomaly for Oct 2012 to be greater than 0.55 Degrees C,2012-01-26,0.0,0.0,0.0,0.0,0,0,0.0,0.0
755631,GTA.OCT2012.>0.55,Global Temperature Anomaly for Oct 2012 to be greater than 0.55 Degrees C,2012-01-27,0.0,0.0,0.0,0.0,0,0,0.0,0.0
755631,GTA.OCT2012.>0.55,Global Temperature Anomaly for Oct 2012 to be greater than 0.55 Degrees C,2012-01-28,0.0,0.0,0.0,0.0,0,0,0.0,0.0
755631,GTA.OCT2012.>0.55,Global Temperature Anomaly for Oct 2012 to be greater than 0.55 Degrees C,2012-01-29,0.0,0.0,0.0,0.0,0,0,0.0,0.0
755631,GTA.OCT2012.>0.55,Global Temperature Anomaly for Oct 2012 to be greater than 0.55 Degrees C,2012-01-30,0.0,0.0,0.0,0.0,0,0,0.0,0.0
755631,GTA.OCT2012.>0.55,Global Temperature Anomaly for Oct 2012 to be greater than 0.55 Degrees C,2012-01-31,0.0,0.0,0.0,0.0,0,0,0.0,0.0
755631,GTA.OCT2012.>0.55,Global Temperature Anomaly for Oct 2012 to be greater than 0.55 Degrees C,2012-02-01,0.0,0.0,0.0,0.0,0,0,0.0,0.0
755631,GTA.OCT2012.>0.55,Global Temperature Anomaly for Oct 2012 to be greater than 0.55 Degrees C,2012-02-02,0.0,0.0,0.0,0.0,0,0,0.0,0.0
755631,GTA.OCT2012.>0.55,Global Temperature Anomaly for Oct 2012 to be greater than 0.55 Degrees C,2012-02-03,0.0,0.0,0.0,0.0,0,0,0.0,0.0
755631,GTA.OCT2012.>0.55,Global Temperature Anomaly for Oct 2012 to be greater than 0.55 Degrees C,2012-02-04,0.0,0.0,0.0,0.0,0,0,0.0,0.0
755631,GTA.OCT2012.>0.55,Global Temperature Anomaly for Oct 2012 to be greater than 0.55 Degrees C,2012-02-05,0.0,0.0,0.0,0.0,0,0,0.0,0.0
755631,GTA.OCT2012.>0.55,Global Temperature Anomaly for Oct 2012 to be greater than 0.55 Degrees C,2012-02-06,0.0,0.0,0.0,0.0,0,0,0.0,0.0
755631,GTA.OCT2012.>0.55,Global Temperature Anomaly for Oct 2012 to be greater than 0.55 Degrees C,2012-02-07,0.0,0.0,0.0,0.0,0,0,0.0,0.0
755631,GTA.OCT2012.>0.55,Global Temperature Anomaly for Oct 2012 to be greater than 0.55 Degrees C,2012-02-08,0.0,0.0,0.0,0.0,0,0,0.0,0.0
755631,GTA.OCT2012.>0.55,Global Temperature Anomaly for Oct 2012 to be greater than 0.55 Degrees C,2012-02-09,0.0,0.0,0.0,0.0,0,0,0.0,0.0
755631,GTA.OCT2012.>0.55,Global Temperature Anomaly for Oct 2012 to be greater than 0.55 Degrees C,2012-02-10,0.0,0.0,0.0,0.0,0,0,0.0,0.0
755631,GTA.OCT2012.>0.55,Global Temperature Anomaly for Oct 2012 to be greater than 0.55 Degrees C,2012-02-11,0.0,0.0,0.0,0.0,0,0,0.0,0.0
755631,GTA.OCT2012.>0.55,Global Temperature Anomaly for Oct 2012 to be greater than 0.55 Degrees C,2012-02-12,0.0,0.0,0.0,0.0,0,0,0.0,0.0
755631,GTA.OCT2012.>0.55,Global Temperature Anomaly for Oct 2012 to be greater than 0.55 Degrees C,2012-02-13,0.0,0.0,0.0,0.0,0,0,0.0,0.0
755631,GTA.OCT2012.>0.55,Global Temperature Anomaly for Oct 2012 to be greater than 0.55 Degrees C,2012-02-14,0.0,0.0,0.0,0.0,0,0,0.0,0.0
755631,GTA.OCT2012.>0.55,Global Temperature Anomaly for Oct 2012 to be greater than 0.55 Degrees C,2012-02-15,0.0,0.0,0.0,0.0,0,0,0.0,0.0
755631,GTA.OCT2012.>0.55,Global Temperature Anomaly for Oct 2012 to be greater than 0.55 Degrees C,2012-02-16,0.0,0.0,0.0,0.0,0,0,0.0,0.0
755631,GTA.OCT2012.>0.55,Global Temperature Anomaly for Oct 2012 to be greater than 0.55 Degrees C,2012-02-17,0.0,0.0,0.0,0.0,0,0,0.0,0.0
755631,GTA.OCT2012.>0.55,Global Temperature Anomaly for Oct 2012 to be greater than 0.55 Degrees C,2012-02-18,0.0,0.0,0.0,0.0,0,0,0.0,0.0
755631,GTA.OCT2012.>0.55,Global Temperature Anomaly for Oct 2012 to be greater than 0.55 Degrees C,2012-02-19,0.0,0.0,0.0,0.0,0,0,0.0,0.0
755631,GTA.OCT2012.>0.55,Global Temperature Anomaly for Oct 2012 to be greater than 0.55 Degrees C,2012-02-20,0.0,0.0,0.0,0.0,0,0,0.0,0.0
755631,GTA.OCT2012.>0.55,Global Temperature Anomaly for Oct 2012 to be greater than 0.55 Degrees C,2012-02-21,0.0,0.0,0.0,0.0,0,0,0.0,0.0
755631,GTA.OCT2012.>0.55,Global Temperature Anomaly for Oct 2012 to be greater than 0.55 Degrees C,2012-02-22,0.0,0.0,0.0,0.0,0,0,0.0,0.0
755631,GTA.OCT2012.>0.55,Global Temperature Anomaly for Oct 2012 to be greater than 0.55 Degrees C,2012-02-23,0.0,0.0,0.0,0.0,0,0,0.0,0.0
755631,GTA.OCT2012.>0.55,Global Temperature Anomaly for Oct 2012 to be greater than 0.55 Degrees C,2012-02-24,0.0,0.0,0.0,0.0,0,0,0.0,0.0
755631,GTA.OCT2012.>0.55,Global Temperature Anomaly for Oct 2012 to be greater than 0.55 Degrees C,2012-02-25,0.0,0.0,0.0,0.0,0,0,0.0,0.0
755631,GTA.OCT2012.>0.55,Global Temperature Anomaly for Oct 2012 to be greater than 0.55 Degrees C,2012-02-26,0.0,0.0,0.0,0.0,0,0,0.0,0.0
755631,GTA.OCT2012.>0.55,Global Temperature Anomaly for Oct 2012 to be greater than 0.55 Degrees C,2012-02-27,0.0,0.0,0.0,0.0,0,0,0.0,0.0
755631,GTA.OCT2012.>0.55,Global Temperature Anomaly for Oct 2012 to be greater than 0.55 Degrees C,2012-02-28,0.0,0.0,0.0,0.0,0,0,0.0,0.0
755631,GTA.OCT2012.>0.55,Global Temperature Anomaly for Oct 2012 to be greater than 0.55 Degrees C,2012-02-29,0.0,0.0,0.0,0.0,0,0,0.0,0.0
755631,GTA.OCT2012.>0.55,Global Temperature Anomaly for Oct 2012 to be greater than 0.55 Degrees C,2012-03-01,0.0,0.0,0.0,0.0,0,0,0.0,0.0
755631,GTA.OCT2012.>0.55,Global Temperature Anomaly for Oct 2012 to be greater than 0.55 Degrees C,2012-03-02,,,,,0,0,,
755631,GTA.OCT2012.>0.55,Global Temperature Anomaly for Oct 2012 to be greater than 0.55 Degrees C,2012-03-03,,,,,0,0,,
755631,GTA.OCT2012.>0.55,Global Temperature Anomaly for Oct 2012 to be greater than 0.55 Degrees C,2012-03-04,,,,,0,0,,
755631,GTA.OCT2012.>0.55,Global Temperature Anomaly for Oct 2012 to be greater than 0.55 Degrees C,2012-03-05,,,,,0,0,,
755631,GTA.OCT2012.>0.55,Global Temperature Anomaly for Oct 2012 to be greater than 0.55 Degrees C,2012-03-06,,,,,0,0,,
755631,GTA.OCT2012.>0.55,Global Temperature Anomaly for Oct 2012 to be greater than 0.55 Degrees C,2012-03-07,,,,,0,0,,
755631,GTA.OCT2012.>0.55,Global Temperature Anomaly for Oct 2012 to be greater than 0.55 Degrees C,2012-03-08,,,,,0,0,,
755631,GTA.OCT2012.>0.55,Global Temperature Anomaly for Oct 2012 to be greater than 0.55 Degrees C,2012-03-09,,,,,0,0,,
755631,GTA.OCT2012.>0.55,Global Temperature Anomaly for Oct 2012 to be greater than 0.55 Degrees C,2012-03-10,,,,,0,0,,
755631,GTA.OCT2012.>0.55,Global Temperature Anomaly for Oct 2012 to be greater than 0.55 Degrees C,2012-03-11,,,,,0,0,,
755631,GTA.OCT2012.>0.55,Global Temperature Anomaly for Oct 2012 to be greater than 0.55 Degrees C,2012-03-12,,,,,0,0,,
755631,GTA.OCT2012.>0.55,Global Temperature Anomaly for Oct 2012 to be greater than 0.55 Degrees C,2012-03-13,,,,,0,0,,
755631,GTA.OCT2012.>0.55,Global Temperature Anomaly for Oct 2012 to be greater than 0.55 Degrees C,2012-03-14,,,,,0,0,,
755631,GTA.OCT2012.>0.55,Global Temperature Anomaly for Oct 2012 to be greater than 0.55 Degrees C,2012-03-15,,,,,0,0,,
755631,GTA.OCT2012.>0.55,Global Temperature Anomaly for Oct 2012 to be greater than 0.55 Degrees C,2012-03-16,,,,,0,0,,
755631,GTA.OCT2012.>0.55,Global Temperature Anomaly for Oct 2012 to be greater than 0.55 Degrees C,2012-03-17,,,,,0,0,,
755631,GTA.OCT2012.>0.55,Global Temperature Anomaly for Oct 2012 to be greater than 0.55 Degrees C,2012-03-18,,,,,0,0,,
755631,GTA.OCT2012.>0.55,Global Temperature Anomaly for Oct 2012 to be greater than 0.55 Degrees C,2012-03-19,,,,,0,0,,
755631,GTA.OCT2012.>0.55,Global Temperature Anomaly for Oct 2012 to be greater than 0.55 Degrees C,2012-03-20,,,,,0,0,,
755631,GTA.OCT2012.>0.55,Global Temperature Anomaly for Oct 2012 to be greater than 0.55 Degrees C,2012-03-21,,,,,0,0,,
755631,GTA.OCT2012.>0.55,Global Temperature Anomaly for Oct 2012 to be greater than 0.55 Degrees C,2012-03-22,,,,,0,0,,
755631,GTA.OCT2012.>0.55,Global Temperature Anomaly for Oct 2012 to be greater than 0.55 Degrees C,2012-03-23,,,,,0,0,,
755631,GTA.OCT2012.>0.55,Global Temperature Anomaly for Oct 2012 to be greater than 0.55 Degrees C,2012-03-24,,,,,0,0,,
755631,GTA.OCT2012.>0.55,Global Temperature Anomaly for Oct 2012 to be greater than 0.55 Degrees C,2012-03-25,,,,,0,0,,
755631,GTA.OCT2012.>0.55,Global Temperature Anomaly for Oct 2012 to be greater than 0.55 Degrees C,2012-03-26,,,,,0,0,,
755631,GTA.OCT2012.>0.55,Global Temperature Anomaly for Oct 2012 to be greater than 0.55 Degrees C,2012-03-27,,,,,0,0,,
755631,GTA.OCT2012.>0.55,Global Temperature Anomaly for Oct 2012 to be greater than 0.55 Degrees C,2012-03-28,,,,,0,0,,
755631,GTA.OCT2012.>0.55,Global Temperature Anomaly for Oct 2012 to be greater than 0.55 Degrees C,2012-03-29,,,,,0,0,,
755631,GTA.OCT2012.>0.55,Global Temperature Anomaly for Oct 2012 to be greater than 0.55 Degrees C,2012-03-30,,,,,0,0,,
755631,GTA.OCT2012.>0.55,Global Temperature Anomaly for Oct 2012 to be greater than 0.55 Degrees C,2012-03-31,,,,,0,0,,
755631,GTA.OCT2012.>0.55,Global Temperature Anomaly for Oct 2012 to be greater than 0.55 Degrees C,2012-04-01,,,,,0,0,,
755631,GTA.OCT2012.>0.55,Global Temperature Anomaly for Oct 2012 to be greater than 0.55 Degrees C,2012-04-02,,,,,0,0,,
755631,GTA.OCT2012.>0.55,Global Temperature Anomaly for Oct 2012 to be greater than 0.55 Degrees C,2012-04-03,,,,,0,0,,
755631,GTA.OCT2012.>0.55,Global Temperature Anomaly for Oct 2012 to be greater than 0.55 Degrees C,2012-04-04,,,,,0,0,,
755631,GTA.OCT2012.>0.55,Global Temperature Anomaly for Oct 2012 to be greater than 0.55 Degrees C,2012-04-05,,,,,0,0,,
755631,GTA.OCT2012.>0.55,Global Temperature Anomaly for Oct 2012 to be greater than 0.55 Degrees C,2012-04-06,,,,,0,0,,
755631,GTA.OCT2012.>0.55,Global Temperature Anomaly for Oct 2012 to be greater than 0.55 Degrees C,2012-04-07,,,,,0,0,,
755631,GTA.OCT2012.>0.55,Global Temperature Anomaly for Oct 2012 to be greater than 0.55 Degrees C,2012-04-08,,,,,0,0,,
755631,GTA.OCT2012.>0.55,Global Temperature Anomaly for Oct 2012 to be greater than 0.55 Degrees C,2012-04-09,,,,,0,0,,
755631,GTA.OCT2012.>0.55,Global Temperature Anomaly for Oct 2012 to be greater than 0.55 Degrees C,2012-04-10,,,,,0,0,,
755631,GTA.OCT2012.>0.55,Global Temperature Anomaly for Oct 2012 to be greater than 0.55 Degrees C,2012-04-11,,,,,0,0,,
755631,GTA.OCT2012.>0.55,Global Temperature Anomaly for Oct 2012 to be greater than 0.55 Degrees C,2012-04-12,,,,,0,0,,
755631,GTA.OCT2012.>0.55,Global Temperature Anomaly for Oct 2012 to be greater than 0.55 Degrees C,2012-04-13,,,,,0,0,,
755631,GTA.OCT2012.>0.55,Global Temperature Anomaly for Oct 2012 to be greater than 0.55 Degrees C,2012-04-14,,,,,0,0,,
755631,GTA.OCT2012.>0.55,Global Temperature Anomaly for Oct 2012 to be greater than 0.55 Degrees C,2012-04-15,,,,,0,0,,
755631,GTA.OCT2012.>0.55,Global Temperature Anomaly for Oct 2012 to be greater than 0.55 Degrees C,2012-04-16,,,,,0,0,,
755631,GTA.OCT2012.>0.55,Global Temperature Anomaly for Oct 2012 to be greater than 0.55 Degrees C,2012-04-17,,,,,0,0,,
755631,GTA.OCT2012.>0.55,Global Temperature Anomaly for Oct 2012 to be greater than 0.55 Degrees C,2012-04-18,,,,,0,0,,
755631,GTA.OCT2012.>0.55,Global Temperature Anomaly for Oct 2012 to be greater than 0.55 Degrees C,2012-04-19,,,,,0,0,,
755631,GTA.OCT2012.>0.55,Global Temperature Anomaly for Oct 2012 to be greater than 0.55 Degrees C,2012-04-20,,,,,0,0,,
755631,GTA.OCT2012.>0.55,Global Temperature Anomaly for Oct 2012 to be greater than 0.55 Degrees C,2012-04-21,,,,,0,0,,
755631,GTA.OCT2012.>0.55,Global Temperature Anomaly for Oct 2012 to be greater than 0.55 Degrees C,2012-04-22,,,,,0,0,,
755631,GTA.OCT2012.>0.55,Global Temperature Anomaly for Oct 2012 to be greater than 0.55 Degrees C,2012-04-23,,,,,0,0,,
755631,GTA.OCT2012.>0.55,Global Temperature Anomaly for Oct 2012 to be greater than 0.55 Degrees C,2012-04-24,,,,,0,0,,
755631,GTA.OCT2012.>0.55,Global Temperature Anomaly for Oct 2012 to be greater than 0.55 Degrees C,2012-04-25,,,,,0,0,,
755631,GTA.OCT2012.>0.55,Global Temperature Anomaly for Oct 2012 to be greater than 0.55 Degrees C,2012-04-26,,,,,0,0,,
755631,GTA.OCT2012.>0.55,Global Temperature Anomaly for Oct 2012 to be greater than 0.55 Degrees C,2012-04-27,,,,,0,0,,
755631,GTA.OCT2012.>0.55,Global Temperature Anomaly for Oct 2012 to be greater than 0.55 Degrees C,2012-04-28,,,,,0,0,,
755631,GTA.OCT2012.>0.55,Global Temperature Anomaly for Oct 2012 to be greater than 0.55 Degrees C,2012-04-29,,,,,0,0,,
755631,GTA.OCT2012.>0.55,Global Temperature Anomaly for Oct 2012 to be greater than 0.55 Degrees C,2012-04-30,,,,,0,0,,
755631,GTA.OCT2012.>0.55,Global Temperature Anomaly for Oct 2012 to be greater than 0.55 Degrees C,2012-05-01,,,,,0,0,,
755631,GTA.OCT2012.>0.55,Global Temperature Anomaly for Oct 2012 to be greater than 0.55 Degrees C,2012-05-02,,,,,0,0,,
755631,GTA.OCT2012.>0.55,Global Temperature Anomaly for Oct 2012 to be greater than 0.55 Degrees C,2012-05-03,,,,,0,0,,
755631,GTA.OCT2012.>0.55,Global Temperature Anomaly for Oct 2012 to be greater than 0.55 Degrees C,2012-05-04,,,,,0,0,,
755631,GTA.OCT2012.>0.55,Global Temperature Anomaly for Oct 2012 to be greater than 0.55 Degrees C,2012-05-05,,,,,0,0,,
755631,GTA.OCT2012.>0.55,Global Temperature Anomaly for Oct 2012 to be greater than 0.55 Degrees C,2012-05-06,,,,,0,0,,
755631,GTA.OCT2012.>0.55,Global Temperature Anomaly for Oct 2012 to be greater than 0.55 Degrees C,2012-05-07,,,,,0,0,,
755631,GTA.OCT2012.>0.55,Global Temperature Anomaly for Oct 2012 to be greater than 0.55 Degrees C,2012-05-08,,,,,0,0,,
755631,GTA.OCT2012.>0.55,Global Temperature Anomaly for Oct 2012 to be greater than 0.55 Degrees C,2012-05-09,,,,,0,0,,
755631,GTA.OCT2012.>0.55,Global Temperature Anomaly for Oct 2012 to be greater than 0.55 Degrees C,2012-05-10,,,,,0,0,,
755631,GTA.OCT2012.>0.55,Global Temperature Anomaly for Oct 2012 to be greater than 0.55 Degrees C,2012-05-11,,,,,0,0,,
755631,GTA.OCT2012.>0.55,Global Temperature Anomaly for Oct 2012 to be greater than 0.55 Degrees C,2012-05-12,,,,,0,0,,
755631,GTA.OCT2012.>0.55,Global Temperature Anomaly for Oct 2012 to be greater than 0.55 Degrees C,2012-05-13,,,,,0,0,,
755631,GTA.OCT2012.>0.55,Global Temperature Anomaly for Oct 2012 to be greater than 0.55 Degrees C,2012-05-14,,,,,0,0,,
755631,GTA.OCT2012.>0.55,Global Temperature Anomaly for Oct 2012 to be greater than 0.55 Degrees C,2012-05-15,,,,,0,0,,
755631,GTA.OCT2012.>0.55,Global Temperature Anomaly for Oct 2012 to be greater than 0.55 Degrees C,2012-05-16,,,,,0,0,,
755631,GTA.OCT2012.>0.55,Global Temperature Anomaly for Oct 2012 to be greater than 0.55 Degrees C,2012-05-17,,,,,0,0,,
755631,GTA.OCT2012.>0.55,Global Temperature Anomaly for Oct 2012 to be greater than 0.55 Degrees C,2012-05-18,,,,,0,0,,
755631,GTA.OCT2012.>0.55,Global Temperature Anomaly for Oct 2012 to be greater than 0.55 Degrees C,2012-05-19,,,,,0,0,,
755631,GTA.OCT2012.>0.55,Global Temperature Anomaly for Oct 2012 to be greater than 0.55 Degrees C,2012-05-20,,,,,0,0,,
755631,GTA.OCT2012.>0.55,Global Temperature Anomaly for Oct 2012 to be greater than 0.55 Degrees C,2012-05-21,,,,,0,0,,
755631,GTA.OCT2012.>0.55,Global Temperature Anomaly for Oct 2012 to be greater than 0.55 Degrees C,2012-05-22,,,,,0,0,,
755631,GTA.OCT2012.>0.55,Global Temperature Anomaly for Oct 2012 to be greater than 0.55 Degrees C,2012-05-23,,,,,0,0,,
755631,GTA.OCT2012.>0.55,Global Temperature Anomaly for Oct 2012 to be greater than 0.55 Degrees C,2012-05-24,,,,,0,0,,
755631,GTA.OCT2012.>0.55,Global Temperature Anomaly for Oct 2012 to be greater than 0.55 Degrees C,2012-05-25,,,,,0,0,,
755631,GTA.OCT2012.>0.55,Global Temperature Anomaly for Oct 2012 to be greater than 0.55 Degrees C,2012-05-26,,,,,0,0,,
755631,GTA.OCT2012.>0.55,Global Temperature Anomaly for Oct 2012 to be greater than 0.55 Degrees C,2012-05-27,,,,,0,0,,
755631,GTA.OCT2012.>0.55,Global Temperature Anomaly for Oct 2012 to be greater than 0.55 Degrees C,2012-05-28,,,,,0,0,,
755631,GTA.OCT2012.>0.55,Global Temperature Anomaly for Oct 2012 to be greater than 0.55 Degrees C,2012-05-29,,,,,0,0,,
755631,GTA.OCT2012.>0.55,Global Temperature Anomaly for Oct 2012 to be greater than 0.55 Degrees C,2012-05-30,,,,,0,0,,
755631,GTA.OCT2012.>0.55,Global Temperature Anomaly for Oct 2012 to be greater than 0.55 Degrees C,2012-05-31,,,,,0,0,,
755631,GTA.OCT2012.>0.55,Global Temperature Anomaly for Oct 2012 to be greater than 0.55 Degrees C,2012-06-01,,,,,0,0,,
755631,GTA.OCT2012.>0.55,Global Temperature Anomaly for Oct 2012 to be greater than 0.55 Degrees C,2012-06-02,,,,,0,0,,
755631,GTA.OCT2012.>0.55,Global Temperature Anomaly for Oct 2012 to be greater than 0.55 Degrees C,2012-06-03,,,,,0,0,,
755631,GTA.OCT2012.>0.55,Global Temperature Anomaly for Oct 2012 to be greater than 0.55 Degrees C,2012-06-04,,,,,0,0,,
755631,GTA.OCT2012.>0.55,Global Temperature Anomaly for Oct 2012 to be greater than 0.55 Degrees C,2012-06-05,,,,,0,0,,
755631,GTA.OCT2012.>0.55,Global Temperature Anomaly for Oct 2012 to be greater than 0.55 Degrees C,2012-06-06,,,,,0,0,,
755631,GTA.OCT2012.>0.55,Global Temperature Anomaly for Oct 2012 to be greater than 0.55 Degrees C,2012-06-07,,,,,0,0,,
755631,GTA.OCT2012.>0.55,Global Temperature Anomaly for Oct 2012 to be greater than 0.55 Degrees C,2012-06-08,,,,,0,0,,
755631,GTA.OCT2012.>0.55,Global Temperature Anomaly for Oct 2012 to be greater than 0.55 Degrees C,2012-06-09,,,,,0,0,,
755631,GTA.OCT2012.>0.55,Global Temperature Anomaly for Oct 2012 to be greater than 0.55 Degrees C,2012-06-10,,,,,0,0,,
755631,GTA.OCT2012.>0.55,Global Temperature Anomaly for Oct 2012 to be greater than 0.55 Degrees C,2012-06-11,,,,,0,0,,
755631,GTA.OCT2012.>0.55,Global Temperature Anomaly for Oct 2012 to be greater than 0.55 Degrees C,2012-06-12,,,,,0,0,,
755631,GTA.OCT2012.>0.55,Global Temperature Anomaly for Oct 2012 to be greater than 0.55 Degrees C,2012-06-13,,,,,0,0,,
755631,GTA.OCT2012.>0.55,Global Temperature Anomaly for Oct 2012 to be greater than 0.55 Degrees C,2012-06-14,,,,,0,0,,
755631,GTA.OCT2012.>0.55,Global Temperature Anomaly for Oct 2012 to be greater than 0.55 Degrees C,2012-06-15,,,,,0,0,,
755631,GTA.OCT2012.>0.55,Global Temperature Anomaly for Oct 2012 to be greater than 0.55 Degrees C,2012-06-16,,,,,0,0,,
755631,GTA.OCT2012.>0.55,Global Temperature Anomaly for Oct 2012 to be greater than 0.55 Degrees C,2012-06-17,,,,,0,0,,
755631,GTA.OCT2012.>0.55,Global Temperature Anomaly for Oct 2012 to be greater than 0.55 Degrees C,2012-06-18,,,,,0,0,,
755631,GTA.OCT2012.>0.55,Global Temperature Anomaly for Oct 2012 to be greater than 0.55 Degrees C,2012-06-19,,,,,0,0,,
755631,GTA.OCT2012.>0.55,Global Temperature Anomaly for Oct 2012 to be greater than 0.55 Degrees C,2012-06-20,,,,,0,0,,
755631,GTA.OCT2012.>0.55,Global Temperature Anomaly for Oct 2012 to be greater than 0.55 Degrees C,2012-06-21,,,,,0,0,,
755631,GTA.OCT2012.>0.55,Global Temperature Anomaly for Oct 2012 to be greater than 0.55 Degrees C,2012-06-22,,,,,0,0,,
755631,GTA.OCT2012.>0.55,Global Temperature Anomaly for Oct 2012 to be greater than 0.55 Degrees C,2012-06-23,,,,,0,0,,
755631,GTA.OCT2012.>0.55,Global Temperature Anomaly for Oct 2012 to be greater than 0.55 Degrees C,2012-06-24,,,,,0,0,,
755631,GTA.OCT2012.>0.55,Global Temperature Anomaly for Oct 2012 to be greater than 0.55 Degrees C,2012-06-25,,,,,0,0,,
755631,GTA.OCT2012.>0.55,Global Temperature Anomaly for Oct 2012 to be greater than 0.55 Degrees C,2012-06-26,,,,,0,0,,
755631,GTA.OCT2012.>0.55,Global Temperature Anomaly for Oct 2012 to be greater than 0.55 Degrees C,2012-06-27,,,,,0,0,,
755631,GTA.OCT2012.>0.55,Global Temperature Anomaly for Oct 2012 to be greater than 0.55 Degrees C,2012-06-28,,,,,0,0,,
755631,GTA.OCT2012.>0.55,Global Temperature Anomaly for Oct 2012 to be greater than 0.55 Degrees C,2012-06-29,,,,,0,0,,
755631,GTA.OCT2012.>0.55,Global Temperature Anomaly for Oct 2012 to be greater than 0.55 Degrees C,2012-06-30,,,,,0,0,,
755631,GTA.OCT2012.>0.55,Global Temperature Anomaly for Oct 2012 to be greater than 0.55 Degrees C,2012-07-01,,,,,0,0,,
755631,GTA.OCT2012.>0.55,Global Temperature Anomaly for Oct 2012 to be greater than 0.55 Degrees C,2012-07-02,,,,,0,0,,
755631,GTA.OCT2012.>0.55,Global Temperature Anomaly for Oct 2012 to be greater than 0.55 Degrees C,2012-07-03,,,,,0,0,,
755631,GTA.OCT2012.>0.55,Global Temperature Anomaly for Oct 2012 to be greater than 0.55 Degrees C,2012-07-04,,,,,0,0,,
755631,GTA.OCT2012.>0.55,Global Temperature Anomaly for Oct 2012 to be greater than 0.55 Degrees C,2012-07-05,,,,,0,0,,
755631,GTA.OCT2012.>0.55,Global Temperature Anomaly for Oct 2012 to be greater than 0.55 Degrees C,2012-07-06,,,,,0,0,,
755631,GTA.OCT2012.>0.55,Global Temperature Anomaly for Oct 2012 to be greater than 0.55 Degrees C,2012-07-07,,,,,0,0,,
755631,GTA.OCT2012.>0.55,Global Temperature Anomaly for Oct 2012 to be greater than 0.55 Degrees C,2012-07-08,,,,,0,0,,
755631,GTA.OCT2012.>0.55,Global Temperature Anomaly for Oct 2012 to be greater than 0.55 Degrees C,2012-07-09,,,,,0,0,,
755631,GTA.OCT2012.>0.55,Global Temperature Anomaly for Oct 2012 to be greater than 0.55 Degrees C,2012-07-10,,,,,0,0,,
755631,GTA.OCT2012.>0.55,Global Temperature Anomaly for Oct 2012 to be greater than 0.55 Degrees C,2012-07-11,,,,,0,0,,
755631,GTA.OCT2012.>0.55,Global Temperature Anomaly for Oct 2012 to be greater than 0.55 Degrees C,2012-07-12,,,,,0,0,,
755631,GTA.OCT2012.>0.55,Global Temperature Anomaly for Oct 2012 to be greater than 0.55 Degrees C,2012-07-13,,,,,0,0,,
755631,GTA.OCT2012.>0.55,Global Temperature Anomaly for Oct 2012 to be greater than 0.55 Degrees C,2012-07-14,,,,,0,0,,
755631,GTA.OCT2012.>0.55,Global Temperature Anomaly for Oct 2012 to be greater than 0.55 Degrees C,2012-07-15,,,,,0,0,,
755631,GTA.OCT2012.>0.55,Global Temperature Anomaly for Oct 2012 to be greater than 0.55 Degrees C,2012-07-16,,,,,0,0,,
755631,GTA.OCT2012.>0.55,Global Temperature Anomaly for Oct 2012 to be greater than 0.55 Degrees C,2012-07-17,,,,,0,0,,
755631,GTA.OCT2012.>0.55,Global Temperature Anomaly for Oct 2012 to be greater than 0.55 Degrees C,2012-07-18,,,,,0,0,,
755631,GTA.OCT2012.>0.55,Global Temperature Anomaly for Oct 2012 to be greater than 0.55 Degrees C,2012-07-19,,,,,0,0,,
755631,GTA.OCT2012.>0.55,Global Temperature Anomaly for Oct 2012 to be greater than 0.55 Degrees C,2012-07-20,,,,,0,0,,
755631,GTA.OCT2012.>0.55,Global Temperature Anomaly for Oct 2012 to be greater than 0.55 Degrees C,2012-07-21,,,,,0,0,,
755631,GTA.OCT2012.>0.55,Global Temperature Anomaly for Oct 2012 to be greater than 0.55 Degrees C,2012-07-22,,,,,0,0,,
755631,GTA.OCT2012.>0.55,Global Temperature Anomaly for Oct 2012 to be greater than 0.55 Degrees C,2012-07-23,,,,,0,0,,
755631,GTA.OCT2012.>0.55,Global Temperature Anomaly for Oct 2012 to be greater than 0.55 Degrees C,2012-07-24,,,,,0,0,,
755631,GTA.OCT2012.>0.55,Global Temperature Anomaly for Oct 2012 to be greater than 0.55 Degrees C,2012-07-25,,,,,0,0,,
755631,GTA.OCT2012.>0.55,Global Temperature Anomaly for Oct 2012 to be greater than 0.55 Degrees C,2012-07-26,,,,,0,0,,
755631,GTA.OCT2012.>0.55,Global Temperature Anomaly for Oct 2012 to be greater than 0.55 Degrees C,2012-07-27,,,,,0,0,,
755631,GTA.OCT2012.>0.55,Global Temperature Anomaly for Oct 2012 to be greater than 0.55 Degrees C,2012-07-28,,,,,0,0,,
755631,GTA.OCT2012.>0.55,Global Temperature Anomaly for Oct 2012 to be greater than 0.55 Degrees C,2012-07-29,,,,,0,0,,
755631,GTA.OCT2012.>0.55,Global Temperature Anomaly for Oct 2012 to be greater than 0.55 Degrees C,2012-07-30,,,,,0,0,,
755631,GTA.OCT2012.>0.55,Global Temperature Anomaly for Oct 2012 to be greater than 0.55 Degrees C,2012-07-31,,,,,0,0,,
755631,GTA.OCT2012.>0.55,Global Temperature Anomaly for Oct 2012 to be greater than 0.55 Degrees C,2012-08-01,,,,,0,0,,
755631,GTA.OCT2012.>0.55,Global Temperature Anomaly for Oct 2012 to be greater than 0.55 Degrees C,2012-08-02,,,,,0,0,,
755631,GTA.OCT2012.>0.55,Global Temperature Anomaly for Oct 2012 to be greater than 0.55 Degrees C,2012-08-03,,,,,0,0,,
755631,GTA.OCT2012.>0.55,Global Temperature Anomaly for Oct 2012 to be greater than 0.55 Degrees C,2012-08-04,,,,,0,0,,
755631,GTA.OCT2012.>0.55,Global Temperature Anomaly for Oct 2012 to be greater than 0.55 Degrees C,2012-08-05,,,,,0,0,,
755631,GTA.OCT2012.>0.55,Global Temperature Anomaly for Oct 2012 to be greater than 0.55 Degrees C,2012-08-06,,,,,0,0,,
755631,GTA.OCT2012.>0.55,Global Temperature Anomaly for Oct 2012 to be greater than 0.55 Degrees C,2012-08-07,,,,,0,0,,
755631,GTA.OCT2012.>0.55,Global Temperature Anomaly for Oct 2012 to be greater than 0.55 Degrees C,2012-08-08,,,,,0,0,,
755631,GTA.OCT2012.>0.55,Global Temperature Anomaly for Oct 2012 to be greater than 0.55 Degrees C,2012-08-09,,,,,0,0,,
755631,GTA.OCT2012.>0.55,Global Temperature Anomaly for Oct 2012 to be greater than 0.55 Degrees C,2012-08-10,,,,,0,0,,
755631,GTA.OCT2012.>0.55,Global Temperature Anomaly for Oct 2012 to be greater than 0.55 Degrees C,2012-08-11,,,,,0,0,,
755631,GTA.OCT2012.>0.55,Global Temperature Anomaly for Oct 2012 to be greater than 0.55 Degrees C,2012-08-12,,,,,0,0,,
755631,GTA.OCT2012.>0.55,Global Temperature Anomaly for Oct 2012 to be greater than 0.55 Degrees C,2012-08-13,61.0,61.0,61.0,61.0,3,3,61.0,61.0
755631,GTA.OCT2012.>0.55,Global Temperature Anomaly for Oct 2012 to be greater than 0.55 Degrees C,2012-08-14,,,,61.0,3,0,61.0,61.0
755631,GTA.OCT2012.>0.55,Global Temperature Anomaly for Oct 2012 to be greater than 0.55 Degrees C,2012-08-15,,,,61.0,3,0,61.0,61.0
755631,GTA.OCT2012.>0.55,Global Temperature Anomaly for Oct 2012 to be greater than 0.55 Degrees C,2012-08-16,,,,61.0,3,0,61.0,61.0
755631,GTA.OCT2012.>0.55,Global Temperature Anomaly for Oct 2012 to be greater than 0.55 Degrees C,2012-08-17,,,,61.0,3,0,61.0,61.0
755631,GTA.OCT2012.>0.55,Global Temperature Anomaly for Oct 2012 to be greater than 0.55 Degrees C,2012-08-18,,,,61.0,3,0,61.0,61.0
755631,GTA.OCT2012.>0.55,Global Temperature Anomaly for Oct 2012 to be greater than 0.55 Degrees C,2012-08-19,,,,61.0,3,0,61.0,61.0
755631,GTA.OCT2012.>0.55,Global Temperature Anomaly for Oct 2012 to be greater than 0.55 Degrees C,2012-08-20,,,,61.0,3,0,61.0,61.0
755631,GTA.OCT2012.>0.55,Global Temperature Anomaly for Oct 2012 to be greater than 0.55 Degrees C,2012-08-21,,,,61.0,3,0,61.0,61.0
755631,GTA.OCT2012.>0.55,Global Temperature Anomaly for Oct 2012 to be greater than 0.55 Degrees C,2012-08-22,,,,61.0,3,0,61.0,61.0
755631,GTA.OCT2012.>0.55,Global Temperature Anomaly for Oct 2012 to be greater than 0.55 Degrees C,2012-08-23,,,,61.0,3,0,61.0,61.0
755631,GTA.OCT2012.>0.55,Global Temperature Anomaly for Oct 2012 to be greater than 0.55 Degrees C,2012-08-24,,,,61.0,3,0,61.0,61.0
755631,GTA.OCT2012.>0.55,Global Temperature Anomaly for Oct 2012 to be greater than 0.55 Degrees C,2012-08-25,,,,61.0,3,0,61.0,61.0
755631,GTA.OCT2012.>0.55,Global Temperature Anomaly for Oct 2012 to be greater than 0.55 Degrees C,2012-08-26,,,,61.0,3,0,61.0,61.0
755631,GTA.OCT2012.>0.55,Global Temperature Anomaly for Oct 2012 to be greater than 0.55 Degrees C,2012-08-27,,,,61.0,3,0,61.0,61.0
755631,GTA.OCT2012.>0.55,Global Temperature Anomaly for Oct 2012 to be greater than 0.55 Degrees C,2012-08-28,,,,61.0,3,0,61.0,61.0
755631,GTA.OCT2012.>0.55,Global Temperature Anomaly for Oct 2012 to be greater than 0.55 Degrees C,2012-08-29,,,,61.0,3,0,61.0,61.0
755631,GTA.OCT2012.>0.55,Global Temperature Anomaly for Oct 2012 to be greater than 0.55 Degrees C,2012-08-30,,,,61.0,3,0,61.0,61.0
755631,GTA.OCT2012.>0.55,Global Temperature Anomaly for Oct 2012 to be greater than 0.55 Degrees C,2012-08-31,65.0,65.0,65.0,65.0,13,10,65.0,61.0
755631,GTA.OCT2012.>0.55,Global Temperature Anomaly for Oct 2012 to be greater than 0.55 Degrees C,2012-09-01,,,,65.0,13,0,65.0,61.0
755631,GTA.OCT2012.>0.55,Global Temperature Anomaly for Oct 2012 to be greater than 0.55 Degrees C,2012-09-02,,,,65.0,13,0,65.0,61.0
755631,GTA.OCT2012.>0.55,Global Temperature Anomaly for Oct 2012 to be greater than 0.55 Degrees C,2012-09-03,,,,65.0,13,0,65.0,61.0
755631,GTA.OCT2012.>0.55,Global Temperature Anomaly for Oct 2012 to be greater than 0.55 Degrees C,2012-09-04,,,,65.0,13,0,65.0,61.0
755631,GTA.OCT2012.>0.55,Global Temperature Anomaly for Oct 2012 to be greater than 0.55 Degrees C,2012-09-05,,,,65.0,13,0,65.0,61.0
755631,GTA.OCT2012.>0.55,Global Temperature Anomaly for Oct 2012 to be greater than 0.55 Degrees C,2012-09-06,,,,65.0,13,0,65.0,61.0
755631,GTA.OCT2012.>0.55,Global Temperature Anomaly for Oct 2012 to be greater than 0.55 Degrees C,2012-09-07,,,,65.0,13,0,65.0,61.0
755631,GTA.OCT2012.>0.55,Global Temperature Anomaly for Oct 2012 to be greater than 0.55 Degrees C,2012-09-08,,,,65.0,13,0,65.0,61.0
755631,GTA.OCT2012.>0.55,Global Temperature Anomaly for Oct 2012 to be greater than 0.55 Degrees C,2012-09-09,,,,65.0,13,0,65.0,61.0
755631,GTA.OCT2012.>0.55,Global Temperature Anomaly for Oct 2012 to be greater than 0.55 Degrees C,2012-09-10,,,,65.0,13,0,65.0,61.0
755631,GTA.OCT2012.>0.55,Global Temperature Anomaly for Oct 2012 to be greater than 0.55 Degrees C,2012-09-11,,,,65.0,13,0,65.0,61.0
755631,GTA.OCT2012.>0.55,Global Temperature Anomaly for Oct 2012 to be greater than 0.55 Degrees C,2012-09-12,,,,65.0,13,0,65.0,61.0
755631,GTA.OCT2012.>0.55,Global Temperature Anomaly for Oct 2012 to be greater than 0.55 Degrees C,2012-09-13,,,,65.0,13,0,65.0,61.0
755631,GTA.OCT2012.>0.55,Global Temperature Anomaly for Oct 2012 to be greater than 0.55 Degrees C,2012-09-14,,,,65.0,13,0,65.0,61.0
755631,GTA.OCT2012.>0.55,Global Temperature Anomaly for Oct 2012 to be greater than 0.55 Degrees C,2012-09-15,,,,65.0,13,0,65.0,61.0
755631,GTA.OCT2012.>0.55,Global Temperature Anomaly for Oct 2012 to be greater than 0.55 Degrees C,2012-09-16,66.0,66.0,66.0,66.0,23,10,66.0,61.0
755631,GTA.OCT2012.>0.55,Global Temperature Anomaly for Oct 2012 to be greater than 0.55 Degrees C,2012-09-17,,,,66.0,23,0,66.0,61.0
755631,GTA.OCT2012.>0.55,Global Temperature Anomaly for Oct 2012 to be greater than 0.55 Degrees C,2012-09-18,,,,66.0,23,0,66.0,61.0
755631,GTA.OCT2012.>0.55,Global Temperature Anomaly for Oct 2012 to be greater than 0.55 Degrees C,2012-09-19,,,,66.0,23,0,66.0,61.0
755631,GTA.OCT2012.>0.55,Global Temperature Anomaly for Oct 2012 to be greater than 0.55 Degrees C,2012-09-20,,,,66.0,23,0,66.0,61.0
755631,GTA.OCT2012.>0.55,Global Temperature Anomaly for Oct 2012 to be greater than 0.55 Degrees C,2012-09-21,,,,66.0,23,0,66.0,61.0
755631,GTA.OCT2012.>0.55,Global Temperature Anomaly for Oct 2012 to be greater than 0.55 Degrees C,2012-09-22,,,,66.0,23,0,66.0,61.0
755631,GTA.OCT2012.>0.55,Global Temperature Anomaly for Oct 2012 to be greater than 0.55 Degrees C,2012-09-23,,,,66.0,23,0,66.0,61.0
755631,GTA.OCT2012.>0.55,Global Temperature Anomaly for Oct 2012 to be greater than 0.55 Degrees C,2012-09-24,,,,66.0,23,0,66.0,61.0
755631,GTA.OCT2012.>0.55,Global Temperature Anomaly for Oct 2012 to be greater than 0.55 Degrees C,2012-09-25,,,,66.0,23,0,66.0,61.0
755631,GTA.OCT2012.>0.55,Global Temperature Anomaly for Oct 2012 to be greater than 0.55 Degrees C,2012-09-26,,,,66.0,23,0,66.0,61.0
755631,GTA.OCT2012.>0.55,Global Temperature Anomaly for Oct 2012 to be greater than 0.55 Degrees C,2012-09-27,,,,66.0,23,0,66.0,61.0
755631,GTA.OCT2012.>0.55,Global Temperature Anomaly for Oct 2012 to be greater than 0.55 Degrees C,2012-09-28,,,,66.0,23,0,66.0,61.0
755631,GTA.OCT2012.>0.55,Global Temperature Anomaly for Oct 2012 to be greater than 0.55 Degrees C,2012-09-29,,,,66.0,23,0,66.0,61.0
755631,GTA.OCT2012.>0.55,Global Temperature Anomaly for Oct 2012 to be greater than 0.55 Degrees C,2012-09-30,,,,66.0,23,0,66.0,61.0
755631,GTA.OCT2012.>0.55,Global Temperature Anomaly for Oct 2012 to be greater than 0.55 Degrees C,2012-10-01,,,,66.0,23,0,66.0,61.0
755631,GTA.OCT2012.>0.55,Global Temperature Anomaly for Oct 2012 to be greater than 0.55 Degrees C,2012-10-02,,,,66.0,23,0,66.0,61.0
755631,GTA.OCT2012.>0.55,Global Temperature Anomaly for Oct 2012 to be greater than 0.55 Degrees C,2012-10-03,,,,66.0,23,0,66.0,61.0
755631,GTA.OCT2012.>0.55,Global Temperature Anomaly for Oct 2012 to be greater than 0.55 Degrees C,2012-10-04,,,,66.0,23,0,66.0,61.0
755631,GTA.OCT2012.>0.55,Global Temperature Anomaly for Oct 2012 to be greater than 0.55 Degrees C,2012-10-05,,,,66.0,23,0,66.0,61.0
755631,GTA.OCT2012.>0.55,Global Temperature Anomaly for Oct 2012 to be greater than 0.55 Degrees C,2012-10-06,,,,66.0,23,0,66.0,61.0
755631,GTA.OCT2012.>0.55,Global Temperature Anomaly for Oct 2012 to be greater than 0.55 Degrees C,2012-10-07,,,,66.0,23,0,66.0,61.0
755631,GTA.OCT2012.>0.55,Global Temperature Anomaly for Oct 2012 to be greater than 0.55 Degrees C,2012-10-08,,,,66.0,23,0,66.0,61.0
755631,GTA.OCT2012.>0.55,Global Temperature Anomaly for Oct 2012 to be greater than 0.55 Degrees C,2012-10-09,,,,66.0,23,0,66.0,61.0
755631,GTA.OCT2012.>0.55,Global Temperature Anomaly for Oct 2012 to be greater than 0.55 Degrees C,2012-10-10,,,,66.0,23,0,66.0,61.0
755631,GTA.OCT2012.>0.55,Global Temperature Anomaly for Oct 2012 to be greater than 0.55 Degrees C,2012-10-11,,,,66.0,23,0,66.0,61.0
755631,GTA.OCT2012.>0.55,Global Temperature Anomaly for Oct 2012 to be greater than 0.55 Degrees C,2012-10-12,95.0,95.0,95.0,95.0,23,23,95.0,61.0
755631,GTA.OCT2012.>0.55,Global Temperature Anomaly for Oct 2012 to be greater than 0.55 Degrees C,2012-10-13,,,,95.0,23,0,95.0,61.0
755631,GTA.OCT2012.>0.55,Global Temperature Anomaly for Oct 2012 to be greater than 0.55 Degrees C,2012-10-14,,,,95.0,23,0,95.0,61.0
755631,GTA.OCT2012.>0.55,Global Temperature Anomaly for Oct 2012 to be greater than 0.55 Degrees C,2012-10-15,,,,95.0,23,0,95.0,61.0
755631,GTA.OCT2012.>0.55,Global Temperature Anomaly for Oct 2012 to be greater than 0.55 Degrees C,2012-10-16,,,,95.0,23,0,95.0,61.0
755631,GTA.OCT2012.>0.55,Global Temperature Anomaly for Oct 2012 to be greater than 0.55 Degrees C,2012-10-17,,,,95.0,23,0,95.0,61.0
755631,GTA.OCT2012.>0.55,Global Temperature Anomaly for Oct 2012 to be greater than 0.55 Degrees C,2012-10-18,,,,95.0,23,0,95.0,61.0
755631,GTA.OCT2012.>0.55,Global Temperature Anomaly for Oct 2012 to be greater than 0.55 Degrees C,2012-10-19,,,,95.0,23,0,95.0,61.0
755631,GTA.OCT2012.>0.55,Global Temperature Anomaly for Oct 2012 to be greater than 0.55 Degrees C,2012-10-20,,,,95.0,23,0,95.0,61.0
755631,GTA.OCT2012.>0.55,Global Temperature Anomaly for Oct 2012 to be greater than 0.55 Degrees C,2012-10-21,,,,95.0,23,0,95.0,61.0
755631,GTA.OCT2012.>0.55,Global Temperature Anomaly for Oct 2012 to be greater than 0.55 Degrees C,2012-10-22,,,,95.0,23,0,95.0,61.0
755631,GTA.OCT2012.>0.55,Global Temperature Anomaly for Oct 2012 to be greater than 0.55 Degrees C,2012-10-23,,,,95.0,23,0,95.0,61.0
755631,GTA.OCT2012.>0.55,Global Temperature Anomaly for Oct 2012 to be greater than 0.55 Degrees C,2012-10-24,,,,95.0,23,0,95.0,61.0
755631,GTA.OCT2012.>0.55,Global Temperature Anomaly for Oct 2012 to be greater than 0.55 Degrees C,2012-10-25,,,,95.0,23,0,95.0,61.0
755631,GTA.OCT2012.>0.55,Global Temperature Anomaly for Oct 2012 to be greater than 0.55 Degrees C,2012-10-26,,,,95.0,23,0,95.0,61.0
755631,GTA.OCT2012.>0.55,Global Temperature Anomaly for Oct 2012 to be greater than 0.55 Degrees C,2012-10-27,,,,95.0,23,0,95.0,61.0
755631,GTA.OCT2012.>0.55,Global Temperature Anomaly for Oct 2012 to be greater than 0.55 Degrees C,2012-10-28,,,,95.0,23,0,95.0,61.0
755631,GTA.OCT2012.>0.55,Global Temperature Anomaly for Oct 2012 to be greater than 0.55 Degrees C,2012-10-29,,,,95.0,23,0,95.0,61.0
755631,GTA.OCT2012.>0.55,Global Temperature Anomaly for Oct 2012 to be greater than 0.55 Degrees C,2012-10-30,,,,95.0,23,0,95.0,61.0
755631,GTA.OCT2012.>0.55,Global Temperature Anomaly for Oct 2012 to be greater than 0.55 Degrees C,2012-10-31,,,,95.0,23,0,95.0,61.0
755631,GTA.OCT2012.>0.55,Global Temperature Anomaly for Oct 2012 to be greater than 0.55 Degrees C,2012-11-01,,,,95.0,23,0,95.0,61.0
755631,GTA.OCT2012.>0.55,Global Temperature Anomaly for Oct 2012 to be greater than 0.55 Degrees C,2012-11-02,,,,95.0,23,0,95.0,61.0
755631,GTA.OCT2012.>0.55,Global Temperature Anomaly for Oct 2012 to be greater than 0.55 Degrees C,2012-11-03,,,,95.0,23,0,95.0,61.0
755631,GTA.OCT2012.>0.55,Global Temperature Anomaly for Oct 2012 to be greater than 0.55 Degrees C,2012-11-04,,,,95.0,23,0,95.0,61.0
755631,GTA.OCT2012.>0.55,Global Temperature Anomaly for Oct 2012 to be greater than 0.55 Degrees C,2012-11-05,,,,95.0,23,0,95.0,61.0
755631,GTA.OCT2012.>0.55,Global Temperature Anomaly for Oct 2012 to be greater than 0.55 Degrees C,2012-11-06,,,,95.0,23,0,95.0,61.0
755631,GTA.OCT2012.>0.55,Global Temperature Anomaly for Oct 2012 to be greater than 0.55 Degrees C,2012-11-07,,,,95.0,23,0,95.0,61.0
755631,GTA.OCT2012.>0.55,Global Temperature Anomaly for Oct 2012 to be greater than 0.55 Degrees C,2012-11-08,,,,95.0,23,0,95.0,61.0
