market id,market symbol,market name,business day,session open,session high,session low,closing price,open interest,session trade volume,lifetime high,lifetime low
755630,GTA.SEP2012.>0.55,Global Temperature Anomaly for Sep 2012 to be greater than 0.55 Degrees C,2012-01-03,0.0,0.0,0.0,0.0,0,0,0.0,0.0
755630,GTA.SEP2012.>0.55,Global Temperature Anomaly for Sep 2012 to be greater than 0.55 Degrees C,2012-01-04,0.0,0.0,0.0,0.0,0,0,0.0,0.0
755630,GTA.SEP2012.>0.55,Global Temperature Anomaly for Sep 2012 to be greater than 0.55 Degrees C,2012-01-05,0.0,0.0,0.0,0.0,0,0,0.0,0.0
755630,GTA.SEP2012.>0.55,Global Temperature Anomaly for Sep 2012 to be greater than 0.55 Degrees C,2012-01-06,0.0,0.0,0.0,0.0,0,0,0.0,0.0
755630,GTA.SEP2012.>0.55,Global Temperature Anomaly for Sep 2012 to be greater than 0.55 Degrees C,2012-01-07,0.0,0.0,0.0,0.0,0,0,0.0,0.0
755630,GTA.SEP2012.>0.55,Global Temperature Anomaly for Sep 2012 to be greater than 0.55 Degrees C,2012-01-08,0.0,0.0,0.0,0.0,0,0,0.0,0.0
755630,GTA.SEP2012.>0.55,Global Temperature Anomaly for Sep 2012 to be greater than 0.55 Degrees C,2012-01-09,0.0,0.0,0.0,0.0,0,0,0.0,0.0
755630,GTA.SEP2012.>0.55,Global Temperature Anomaly for Sep 2012 to be greater than 0.55 Degrees C,2012-01-10,0.0,0.0,0.0,0.0,0,0,0.0,0.0
755630,GTA.SEP2012.>0.55,Global Temperature Anomaly for Sep 2012 to be greater than 0.55 Degrees C,2012-01-11,0.0,0.0,0.0,0.0,0,0,0.0,0.0
755630,GTA.SEP2012.>0.55,Global Temperature Anomaly for Sep 2012 to be greater than 0.55 Degrees C,2012-01-12,0.0,0.0,0.0,0.0,0,0,0.0,0.0
755630,GTA.SEP2012.>0.55,Global Temperature Anomaly for Sep 2012 to be greater than 0.55 Degrees C,2012-01-13,0.0,0.0,0.0,0.0,0,0,0.0,0.0
755630,GTA.SEP2012.>0.55,Global Temperature Anomaly for Sep 2012 to be greater than 0.55 Degrees C,2012-01-14,0.0,0.0,0.0,0.0,0,0,0.0,0.0
755630,GTA.SEP2012.>0.55,Global Temperature Anomaly for Sep 2012 to be greater than 0.55 Degrees C,2012-01-15,0.0,0.0,0.0,0.0,0,0,0.0,0.0
755630,GTA.SEP2012.>0.55,Global Temperature Anomaly for Sep 2012 to be greater than 0.55 Degrees C,2012-01-16,0.0,0.0,0.0,0.0,0,0,0.0,0.0
755630,GTA.SEP2012.>0.55,Global Temperature Anomaly for Sep 2012 to be greater than 0.55 Degrees C,2012-01-17,0.0,0.0,0.0,0.0,0,0,0.0,0.0
755630,GTA.SEP2012.>0.55,Global Temperature Anomaly for Sep 2012 to be greater than 0.55 Degrees C,2012-01-18,0.0,0.0,0.0,0.0,0,0,0.0,0.0
755630,GTA.SEP2012.>0.55,Global Temperature Anomaly for Sep 2012 to be greater than 0.55 Degrees C,2012-01-19,0.0,0.0,0.0,0.0,0,0,0.0,0.0
755630,GTA.SEP2012.>0.55,Global Temperature Anomaly for Sep 2012 to be greater than 0.55 Degrees C,2012-01-20,0.0,0.0,0.0,0.0,0,0,0.0,0.0
755630,GTA.SEP2012.>0.55,Global Temperature Anomaly for Sep 2012 to be greater than 0.55 Degrees C,2012-01-21,0.0,0.0,0.0,0.0,0,0,0.0,0.0
755630,GTA.SEP2012.>0.55,Global Temperature Anomaly for Sep 2012 to be greater than 0.55 Degrees C,2012-01-22,0.0,0.0,0.0,0.0,0,0,0.0,0.0
755630,GTA.SEP2012.>0.55,Global Temperature Anomaly for Sep 2012 to be greater than 0.55 Degrees C,2012-01-23,0.0,0.0,0.0,0.0,0,0,0.0,0.0
755630,GTA.SEP2012.>0.55,Global Temperature Anomaly for Sep 2012 to be greater than 0.55 Degrees C,2012-01-24,0.0,0.0,0.0,0.0,0,0,0.0,0.0
755630,GTA.SEP2012.>0.55,Global Temperature Anomaly for Sep 2012 to be greater than 0.55 Degrees C,2012-01-25,0.0,0.0,0.0,0.0,0,0,0.0,0.0
755630,GTA.SEP2012.>0.55,Global Temperature Anomaly for Sep 2012 to be greater than 0.55 Degrees C,2012-01-26,0.0,0.0,0.0,0.0,0,0,0.0,0.0
755630,GTA.SEP2012.>0.55,Global Temperature Anomaly for Sep 2012 to be greater than 0.55 Degrees C,2012-01-27,0.0,0.0,0.0,0.0,0,0,0.0,0.0
755630,GTA.SEP2012.>0.55,Global Temperature Anomaly for Sep 2012 to be greater than 0.55 Degrees C,2012-01-28,0.0,0.0,0.0,0.0,0,0,0.0,0.0
755630,GTA.SEP2012.>0.55,Global Temperature Anomaly for Sep 2012 to be greater than 0.55 Degrees C,2012-01-29,0.0,0.0,0.0,0.0,0,0,0.0,0.0
755630,GTA.SEP2012.>0.55,Global Temperature Anomaly for Sep 2012 to be greater than 0.55 Degrees C,2012-01-30,0.0,0.0,0.0,0.0,0,0,0.0,0.0
755630,GTA.SEP2012.>0.55,Global Temperature Anomaly for Sep 2012 to be greater than 0.55 Degrees C,2012-01-31,0.0,0.0,0.0,0.0,0,0,0.0,0.0
755630,GTA.SEP2012.>0.55,Global Temperature Anomaly for Sep 2012 to be greater than 0.55 Degrees C,2012-02-01,0.0,0.0,0.0,0.0,0,0,0.0,0.0
755630,GTA.SEP2012.>0.55,Global Temperature Anomaly for Sep 2012 to be greater than 0.55 Degrees C,2012-02-02,0.0,0.0,0.0,0.0,0,0,0.0,0.0
755630,GTA.SEP2012.>0.55,Global Temperature Anomaly for Sep 2012 to be greater than 0.55 Degrees C,2012-02-03,0.0,0.0,0.0,0.0,0,0,0.0,0.0
755630,GTA.SEP2012.>0.55,Global Temperature Anomaly for Sep 2012 to be greater than 0.55 Degrees C,2012-02-04,0.0,0.0,0.0,0.0,0,0,0.0,0.0
755630,GTA.SEP2012.>0.55,Global Temperature Anomaly for Sep 2012 to be greater than 0.55 Degrees C,2012-02-05,0.0,0.0,0.0,0.0,0,0,0.0,0.0
755630,GTA.SEP2012.>0.55,Global Temperature Anomaly for Sep 2012 to be greater than 0.55 Degrees C,2012-02-06,0.0,0.0,0.0,0.0,0,0,0.0,0.0
755630,GTA.SEP2012.>0.55,Global Temperature Anomaly for Sep 2012 to be greater than 0.55 Degrees C,2012-02-07,0.0,0.0,0.0,0.0,0,0,0.0,0.0
755630,GTA.SEP2012.>0.55,Global Temperature Anomaly for Sep 2012 to be greater than 0.55 Degrees C,2012-02-08,0.0,0.0,0.0,0.0,0,0,0.0,0.0
755630,GTA.SEP2012.>0.55,Global Temperature Anomaly for Sep 2012 to be greater than 0.55 Degrees C,2012-02-09,0.0,0.0,0.0,0.0,0,0,0.0,0.0
755630,GTA.SEP2012.>0.55,Global Temperature Anomaly for Sep 2012 to be greater than 0.55 Degrees C,2012-02-10,0.0,0.0,0.0,0.0,0,0,0.0,0.0
755630,GTA.SEP2012.>0.55,Global Temperature Anomaly for Sep 2012 to be greater than 0.55 Degrees C,2012-02-11,0.0,0.0,0.0,0.0,0,0,0.0,0.0
755630,GTA.SEP2012.>0.55,Global Temperature Anomaly for Sep 2012 to be greater than 0.55 Degrees C,2012-02-12,0.0,0.0,0.0,0.0,0,0,0.0,0.0
755630,GTA.SEP2012.>0.55,Global Temperature Anomaly for Sep 2012 to be greater than 0.55 Degrees C,2012-02-13,0.0,0.0,0.0,0.0,0,0,0.0,0.0
755630,GTA.SEP2012.>0.55,Global Temperature Anomaly for Sep 2012 to be greater than 0.55 Degrees C,2012-02-14,0.0,0.0,0.0,0.0,0,0,0.0,0.0
755630,GTA.SEP2012.>0.55,Global Temperature Anomaly for Sep 2012 to be greater than 0.55 Degrees C,2012-02-15,0.0,0.0,0.0,0.0,0,0,0.0,0.0
755630,GTA.SEP2012.>0.55,Global Temperature Anomaly for Sep 2012 to be greater than 0.55 Degrees C,2012-02-16,0.0,0.0,0.0,0.0,0,0,0.0,0.0
755630,GTA.SEP2012.>0.55,Global Temperature Anomaly for Sep 2012 to be greater than 0.55 Degrees C,2012-02-17,0.0,0.0,0.0,0.0,0,0,0.0,0.0
755630,GTA.SEP2012.>0.55,Global Temperature Anomaly for Sep 2012 to be greater than 0.55 Degrees C,2012-02-18,0.0,0.0,0.0,0.0,0,0,0.0,0.0
755630,GTA.SEP2012.>0.55,Global Temperature Anomaly for Sep 2012 to be greater than 0.55 Degrees C,2012-02-19,0.0,0.0,0.0,0.0,0,0,0.0,0.0
755630,GTA.SEP2012.>0.55,Global Temperature Anomaly for Sep 2012 to be greater than 0.55 Degrees C,2012-02-20,0.0,0.0,0.0,0.0,0,0,0.0,0.0
755630,GTA.SEP2012.>0.55,Global Temperature Anomaly for Sep 2012 to be greater than 0.55 Degrees C,2012-02-21,0.0,0.0,0.0,0.0,0,0,0.0,0.0
755630,GTA.SEP2012.>0.55,Global Temperature Anomaly for Sep 2012 to be greater than 0.55 Degrees C,2012-02-22,0.0,0.0,0.0,0.0,0,0,0.0,0.0
755630,GTA.SEP2012.>0.55,Global Temperature Anomaly for Sep 2012 to be greater than 0.55 Degrees C,2012-02-23,0.0,0.0,0.0,0.0,0,0,0.0,0.0
755630,GTA.SEP2012.>0.55,Global Temperature Anomaly for Sep 2012 to be greater than 0.55 Degrees C,2012-02-24,0.0,0.0,0.0,0.0,0,0,0.0,0.0
755630,GTA.SEP2012.>0.55,Global Temperature Anomaly for Sep 2012 to be greater than 0.55 Degrees C,2012-02-25,0.0,0.0,0.0,0.0,0,0,0.0,0.0
755630,GTA.SEP2012.>0.55,Global Temperature Anomaly for Sep 2012 to be greater than 0.55 Degrees C,2012-02-26,0.0,0.0,0.0,0.0,0,0,0.0,0.0
755630,GTA.SEP2012.>0.55,Global Temperature Anomaly for Sep 2012 to be greater than 0.55 Degrees C,2012-02-27,0.0,0.0,0.0,0.0,0,0,0.0,0.0
755630,GTA.SEP2012.>0.55,Global Temperature Anomaly for Sep 2012 to be greater than 0.55 Degrees C,2012-02-28,0.0,0.0,0.0,0.0,0,0,0.0,0.0
755630,GTA.SEP2012.>0.55,Global Temperature Anomaly for Sep 2012 to be greater than 0.55 Degrees C,2012-02-29,0.0,0.0,0.0,0.0,0,0,0.0,0.0
755630,GTA.SEP2012.>0.55,Global Temperature Anomaly for Sep 2012 to be greater than 0.55 Degrees C,2012-03-01,0.0,0.0,0.0,0.0,0,0,0.0,0.0
755630,GTA.SEP2012.>0.55,Global Temperature Anomaly for Sep 2012 to be greater than 0.55 Degrees C,2012-03-02,,,,,0,0,,
755630,GTA.SEP2012.>0.55,Global Temperature Anomaly for Sep 2012 to be greater than 0.55 Degrees C,2012-03-03,,,,,0,0,,
755630,GTA.SEP2012.>0.55,Global Temperature Anomaly for Sep 2012 to be greater than 0.55 Degrees C,2012-03-04,,,,,0,0,,
755630,GTA.SEP2012.>0.55,Global Temperature Anomaly for Sep 2012 to be greater than 0.55 Degrees C,2012-03-05,,,,,0,0,,
755630,GTA.SEP2012.>0.55,Global Temperature Anomaly for Sep 2012 to be greater than 0.55 Degrees C,2012-03-06,,,,,0,0,,
755630,GTA.SEP2012.>0.55,Global Temperature Anomaly for Sep 2012 to be greater than 0.55 Degrees C,2012-03-07,,,,,0,0,,
755630,GTA.SEP2012.>0.55,Global Temperature Anomaly for Sep 2012 to be greater than 0.55 Degrees C,2012-03-08,,,,,0,0,,
755630,GTA.SEP2012.>0.55,Global Temperature Anomaly for Sep 2012 to be greater than 0.55 Degrees C,2012-03-09,,,,,0,0,,
755630,GTA.SEP2012.>0.55,Global Temperature Anomaly for Sep 2012 to be greater than 0.55 Degrees C,2012-03-10,,,,,0,0,,
755630,GTA.SEP2012.>0.55,Global Temperature Anomaly for Sep 2012 to be greater than 0.55 Degrees C,2012-03-11,,,,,0,0,,
755630,GTA.SEP2012.>0.55,Global Temperature Anomaly for Sep 2012 to be greater than 0.55 Degrees C,2012-03-12,,,,,0,0,,
755630,GTA.SEP2012.>0.55,Global Temperature Anomaly for Sep 2012 to be greater than 0.55 Degrees C,2012-03-13,,,,,0,0,,
755630,GTA.SEP2012.>0.55,Global Temperature Anomaly for Sep 2012 to be greater than 0.55 Degrees C,2012-03-14,,,,,0,0,,
755630,GTA.SEP2012.>0.55,Global Temperature Anomaly for Sep 2012 to be greater than 0.55 Degrees C,2012-03-15,,,,,0,0,,
755630,GTA.SEP2012.>0.55,Global Temperature Anomaly for Sep 2012 to be greater than 0.55 Degrees C,2012-03-16,,,,,0,0,,
755630,GTA.SEP2012.>0.55,Global Temperature Anomaly for Sep 2012 to be greater than 0.55 Degrees C,2012-03-17,,,,,0,0,,
755630,GTA.SEP2012.>0.55,Global Temperature Anomaly for Sep 2012 to be greater than 0.55 Degrees C,2012-03-18,,,,,0,0,,
755630,GTA.SEP2012.>0.55,Global Temperature Anomaly for Sep 2012 to be greater than 0.55 Degrees C,2012-03-19,,,,,0,0,,
755630,GTA.SEP2012.>0.55,Global Temperature Anomaly for Sep 2012 to be greater than 0.55 Degrees C,2012-03-20,,,,,0,0,,
755630,GTA.SEP2012.>0.55,Global Temperature Anomaly for Sep 2012 to be greater than 0.55 Degrees C,2012-03-21,,,,,0,0,,
755630,GTA.SEP2012.>0.55,Global Temperature Anomaly for Sep 2012 to be greater than 0.55 Degrees C,2012-03-22,,,,,0,0,,
755630,GTA.SEP2012.>0.55,Global Temperature Anomaly for Sep 2012 to be greater than 0.55 Degrees C,2012-03-23,,,,,0,0,,
755630,GTA.SEP2012.>0.55,Global Temperature Anomaly for Sep 2012 to be greater than 0.55 Degrees C,2012-03-24,,,,,0,0,,
755630,GTA.SEP2012.>0.55,Global Temperature Anomaly for Sep 2012 to be greater than 0.55 Degrees C,2012-03-25,,,,,0,0,,
755630,GTA.SEP2012.>0.55,Global Temperature Anomaly for Sep 2012 to be greater than 0.55 Degrees C,2012-03-26,,,,,0,0,,
755630,GTA.SEP2012.>0.55,Global Temperature Anomaly for Sep 2012 to be greater than 0.55 Degrees C,2012-03-27,,,,,0,0,,
755630,GTA.SEP2012.>0.55,Global Temperature Anomaly for Sep 2012 to be greater than 0.55 Degrees C,2012-03-28,,,,,0,0,,
755630,GTA.SEP2012.>0.55,Global Temperature Anomaly for Sep 2012 to be greater than 0.55 Degrees C,2012-03-29,,,,,0,0,,
755630,GTA.SEP2012.>0.55,Global Temperature Anomaly for Sep 2012 to be greater than 0.55 Degrees C,2012-03-30,,,,,0,0,,
755630,GTA.SEP2012.>0.55,Global Temperature Anomaly for Sep 2012 to be greater than 0.55 Degrees C,2012-03-31,,,,,0,0,,
755630,GTA.SEP2012.>0.55,Global Temperature Anomaly for Sep 2012 to be greater than 0.55 Degrees C,2012-04-01,,,,,0,0,,
755630,GTA.SEP2012.>0.55,Global Temperature Anomaly for Sep 2012 to be greater than 0.55 Degrees C,2012-04-02,,,,,0,0,,
755630,GTA.SEP2012.>0.55,Global Temperature Anomaly for Sep 2012 to be greater than 0.55 Degrees C,2012-04-03,,,,,0,0,,
755630,GTA.SEP2012.>0.55,Global Temperature Anomaly for Sep 2012 to be greater than 0.55 Degrees C,2012-04-04,,,,,0,0,,
755630,GTA.SEP2012.>0.55,Global Temperature Anomaly for Sep 2012 to be greater than 0.55 Degrees C,2012-04-05,,,,,0,0,,
755630,GTA.SEP2012.>0.55,Global Temperature Anomaly for Sep 2012 to be greater than 0.55 Degrees C,2012-04-06,,,,,0,0,,
755630,GTA.SEP2012.>0.55,Global Temperature Anomaly for Sep 2012 to be greater than 0.55 Degrees C,2012-04-07,,,,,0,0,,
755630,GTA.SEP2012.>0.55,Global Temperature Anomaly for Sep 2012 to be greater than 0.55 Degrees C,2012-04-08,,,,,0,0,,
755630,GTA.SEP2012.>0.55,Global Temperature Anomaly for Sep 2012 to be greater than 0.55 Degrees C,2012-04-09,,,,,0,0,,
755630,GTA.SEP2012.>0.55,Global Temperature Anomaly for Sep 2012 to be greater than 0.55 Degrees C,2012-04-10,,,,,0,0,,
755630,GTA.SEP2012.>0.55,Global Temperature Anomaly for Sep 2012 to be greater than 0.55 Degrees C,2012-04-11,,,,,0,0,,
755630,GTA.SEP2012.>0.55,Global Temperature Anomaly for Sep 2012 to be greater than 0.55 Degrees C,2012-04-12,,,,,0,0,,
755630,GTA.SEP2012.>0.55,Global Temperature Anomaly for Sep 2012 to be greater than 0.55 Degrees C,2012-04-13,,,,,0,0,,
755630,GTA.SEP2012.>0.55,Global Temperature Anomaly for Sep 2012 to be greater than 0.55 Degrees C,2012-04-14,,,,,0,0,,
755630,GTA.SEP2012.>0.55,Global Temperature Anomaly for Sep 2012 to be greater than 0.55 Degrees C,2012-04-15,,,,,0,0,,
755630,GTA.SEP2012.>0.55,Global Temperature Anomaly for Sep 2012 to be greater than 0.55 Degrees C,2012-04-16,,,,,0,0,,
755630,GTA.SEP2012.>0.55,Global Temperature Anomaly for Sep 2012 to be greater than 0.55 Degrees C,2012-04-17,,,,,0,0,,
755630,GTA.SEP2012.>0.55,Global Temperature Anomaly for Sep 2012 to be greater than 0.55 Degrees C,2012-04-18,,,,,0,0,,
755630,GTA.SEP2012.>0.55,Global Temperature Anomaly for Sep 2012 to be greater than 0.55 Degrees C,2012-04-19,,,,,0,0,,
755630,GTA.SEP2012.>0.55,Global Temperature Anomaly for Sep 2012 to be greater than 0.55 Degrees C,2012-04-20,,,,,0,0,,
755630,GTA.SEP2012.>0.55,Global Temperature Anomaly for Sep 2012 to be greater than 0.55 Degrees C,2012-04-21,,,,,0,0,,
755630,GTA.SEP2012.>0.55,Global Temperature Anomaly for Sep 2012 to be greater than 0.55 Degrees C,2012-04-22,,,,,0,0,,
755630,GTA.SEP2012.>0.55,Global Temperature Anomaly for Sep 2012 to be greater than 0.55 Degrees C,2012-04-23,,,,,0,0,,
755630,GTA.SEP2012.>0.55,Global Temperature Anomaly for Sep 2012 to be greater than 0.55 Degrees C,2012-04-24,,,,,0,0,,
755630,GTA.SEP2012.>0.55,Global Temperature Anomaly for Sep 2012 to be greater than 0.55 Degrees C,2012-04-25,,,,,0,0,,
755630,GTA.SEP2012.>0.55,Global Temperature Anomaly for Sep 2012 to be greater than 0.55 Degrees C,2012-04-26,,,,,0,0,,
755630,GTA.SEP2012.>0.55,Global Temperature Anomaly for Sep 2012 to be greater than 0.55 Degrees C,2012-04-27,,,,,0,0,,
755630,GTA.SEP2012.>0.55,Global Temperature Anomaly for Sep 2012 to be greater than 0.55 Degrees C,2012-04-28,,,,,0,0,,
755630,GTA.SEP2012.>0.55,Global Temperature Anomaly for Sep 2012 to be greater than 0.55 Degrees C,2012-04-29,,,,,0,0,,
755630,GTA.SEP2012.>0.55,Global Temperature Anomaly for Sep 2012 to be greater than 0.55 Degrees C,2012-04-30,,,,,0,0,,
755630,GTA.SEP2012.>0.55,Global Temperature Anomaly for Sep 2012 to be greater than 0.55 Degrees C,2012-05-01,,,,,0,0,,
755630,GTA.SEP2012.>0.55,Global Temperature Anomaly for Sep 2012 to be greater than 0.55 Degrees C,2012-05-02,,,,,0,0,,
755630,GTA.SEP2012.>0.55,Global Temperature Anomaly for Sep 2012 to be greater than 0.55 Degrees C,2012-05-03,,,,,0,0,,
755630,GTA.SEP2012.>0.55,Global Temperature Anomaly for Sep 2012 to be greater than 0.55 Degrees C,2012-05-04,,,,,0,0,,
755630,GTA.SEP2012.>0.55,Global Temperature Anomaly for Sep 2012 to be greater than 0.55 Degrees C,2012-05-05,,,,,0,0,,
755630,GTA.SEP2012.>0.55,Global Temperature Anomaly for Sep 2012 to be greater than 0.55 Degrees C,2012-05-06,,,,,0,0,,
755630,GTA.SEP2012.>0.55,Global Temperature Anomaly for Sep 2012 to be greater than 0.55 Degrees C,2012-05-07,,,,,0,0,,
755630,GTA.SEP2012.>0.55,Global Temperature Anomaly for Sep 2012 to be greater than 0.55 Degrees C,2012-05-08,,,,,0,0,,
755630,GTA.SEP2012.>0.55,Global Temperature Anomaly for Sep 2012 to be greater than 0.55 Degrees C,2012-05-09,,,,,0,0,,
755630,GTA.SEP2012.>0.55,Global Temperature Anomaly for Sep 2012 to be greater than 0.55 Degrees C,2012-05-10,,,,,0,0,,
755630,GTA.SEP2012.>0.55,Global Temperature Anomaly for Sep 2012 to be greater than 0.55 Degrees C,2012-05-11,,,,,0,0,,
755630,GTA.SEP2012.>0.55,Global Temperature Anomaly for Sep 2012 to be greater than 0.55 Degrees C,2012-05-12,,,,,0,0,,
755630,GTA.SEP2012.>0.55,Global Temperature Anomaly for Sep 2012 to be greater than 0.55 Degrees C,2012-05-13,,,,,0,0,,
755630,GTA.SEP2012.>0.55,Global Temperature Anomaly for Sep 2012 to be greater than 0.55 Degrees C,2012-05-14,,,,,0,0,,
755630,GTA.SEP2012.>0.55,Global Temperature Anomaly for Sep 2012 to be greater than 0.55 Degrees C,2012-05-15,,,,,0,0,,
755630,GTA.SEP2012.>0.55,Global Temperature Anomaly for Sep 2012 to be greater than 0.55 Degrees C,2012-05-16,,,,,0,0,,
755630,GTA.SEP2012.>0.55,Global Temperature Anomaly for Sep 2012 to be greater than 0.55 Degrees C,2012-05-17,,,,,0,0,,
755630,GTA.SEP2012.>0.55,Global Temperature Anomaly for Sep 2012 to be greater than 0.55 Degrees C,2012-05-18,,,,,0,0,,
755630,GTA.SEP2012.>0.55,Global Temperature Anomaly for Sep 2012 to be greater than 0.55 Degrees C,2012-05-19,,,,,0,0,,
755630,GTA.SEP2012.>0.55,Global Temperature Anomaly for Sep 2012 to be greater than 0.55 Degrees C,2012-05-20,,,,,0,0,,
755630,GTA.SEP2012.>0.55,Global Temperature Anomaly for Sep 2012 to be greater than 0.55 Degrees C,2012-05-21,,,,,0,0,,
755630,GTA.SEP2012.>0.55,Global Temperature Anomaly for Sep 2012 to be greater than 0.55 Degrees C,2012-05-22,,,,,0,0,,
755630,GTA.SEP2012.>0.55,Global Temperature Anomaly for Sep 2012 to be greater than 0.55 Degrees C,2012-05-23,,,,,0,0,,
755630,GTA.SEP2012.>0.55,Global Temperature Anomaly for Sep 2012 to be greater than 0.55 Degrees C,2012-05-24,,,,,0,0,,
755630,GTA.SEP2012.>0.55,Global Temperature Anomaly for Sep 2012 to be greater than 0.55 Degrees C,2012-05-25,,,,,0,0,,
755630,GTA.SEP2012.>0.55,Global Temperature Anomaly for Sep 2012 to be greater than 0.55 Degrees C,2012-05-26,,,,,0,0,,
755630,GTA.SEP2012.>0.55,Global Temperature Anomaly for Sep 2012 to be greater than 0.55 Degrees C,2012-05-27,,,,,0,0,,
755630,GTA.SEP2012.>0.55,Global Temperature Anomaly for Sep 2012 to be greater than 0.55 Degrees C,2012-05-28,,,,,0,0,,
755630,GTA.SEP2012.>0.55,Global Temperature Anomaly for Sep 2012 to be greater than 0.55 Degrees C,2012-05-29,,,,,0,0,,
755630,GTA.SEP2012.>0.55,Global Temperature Anomaly for Sep 2012 to be greater than 0.55 Degrees C,2012-05-30,,,,,0,0,,
755630,GTA.SEP2012.>0.55,Global Temperature Anomaly for Sep 2012 to be greater than 0.55 Degrees C,2012-05-31,,,,,0,0,,
755630,GTA.SEP2012.>0.55,Global Temperature Anomaly for Sep 2012 to be greater than 0.55 Degrees C,2012-06-01,,,,,0,0,,
755630,GTA.SEP2012.>0.55,Global Temperature Anomaly for Sep 2012 to be greater than 0.55 Degrees C,2012-06-02,,,,,0,0,,
755630,GTA.SEP2012.>0.55,Global Temperature Anomaly for Sep 2012 to be greater than 0.55 Degrees C,2012-06-03,,,,,0,0,,
755630,GTA.SEP2012.>0.55,Global Temperature Anomaly for Sep 2012 to be greater than 0.55 Degrees C,2012-06-04,,,,,0,0,,
755630,GTA.SEP2012.>0.55,Global Temperature Anomaly for Sep 2012 to be greater than 0.55 Degrees C,2012-06-05,,,,,0,0,,
755630,GTA.SEP2012.>0.55,Global Temperature Anomaly for Sep 2012 to be greater than 0.55 Degrees C,2012-06-06,,,,,0,0,,
755630,GTA.SEP2012.>0.55,Global Temperature Anomaly for Sep 2012 to be greater than 0.55 Degrees C,2012-06-07,,,,,0,0,,
755630,GTA.SEP2012.>0.55,Global Temperature Anomaly for Sep 2012 to be greater than 0.55 Degrees C,2012-06-08,,,,,0,0,,
755630,GTA.SEP2012.>0.55,Global Temperature Anomaly for Sep 2012 to be greater than 0.55 Degrees C,2012-06-09,,,,,0,0,,
755630,GTA.SEP2012.>0.55,Global Temperature Anomaly for Sep 2012 to be greater than 0.55 Degrees C,2012-06-10,,,,,0,0,,
755630,GTA.SEP2012.>0.55,Global Temperature Anomaly for Sep 2012 to be greater than 0.55 Degrees C,2012-06-11,,,,,0,0,,
755630,GTA.SEP2012.>0.55,Global Temperature Anomaly for Sep 2012 to be greater than 0.55 Degrees C,2012-06-12,,,,,0,0,,
755630,GTA.SEP2012.>0.55,Global Temperature Anomaly for Sep 2012 to be greater than 0.55 Degrees C,2012-06-13,,,,,0,0,,
755630,GTA.SEP2012.>0.55,Global Temperature Anomaly for Sep 2012 to be greater than 0.55 Degrees C,2012-06-14,,,,,0,0,,
755630,GTA.SEP2012.>0.55,Global Temperature Anomaly for Sep 2012 to be greater than 0.55 Degrees C,2012-06-15,,,,,0,0,,
755630,GTA.SEP2012.>0.55,Global Temperature Anomaly for Sep 2012 to be greater than 0.55 Degrees C,2012-06-16,,,,,0,0,,
755630,GTA.SEP2012.>0.55,Global Temperature Anomaly for Sep 2012 to be greater than 0.55 Degrees C,2012-06-17,,,,,0,0,,
755630,GTA.SEP2012.>0.55,Global Temperature Anomaly for Sep 2012 to be greater than 0.55 Degrees C,2012-06-18,,,,,0,0,,
755630,GTA.SEP2012.>0.55,Global Temperature Anomaly for Sep 2012 to be greater than 0.55 Degrees C,2012-06-19,,,,,0,0,,
755630,GTA.SEP2012.>0.55,Global Temperature Anomaly for Sep 2012 to be greater than 0.55 Degrees C,2012-06-20,,,,,0,0,,
755630,GTA.SEP2012.>0.55,Global Temperature Anomaly for Sep 2012 to be greater than 0.55 Degrees C,2012-06-21,,,,,0,0,,
755630,GTA.SEP2012.>0.55,Global Temperature Anomaly for Sep 2012 to be greater than 0.55 Degrees C,2012-06-22,76.0,76.0,76.0,76.0,5,5,76.0,76.0
755630,GTA.SEP2012.>0.55,Global Temperature Anomaly for Sep 2012 to be greater than 0.55 Degrees C,2012-06-23,,,,76.0,5,0,76.0,76.0
755630,GTA.SEP2012.>0.55,Global Temperature Anomaly for Sep 2012 to be greater than 0.55 Degrees C,2012-06-24,,,,76.0,5,0,76.0,76.0
755630,GTA.SEP2012.>0.55,Global Temperature Anomaly for Sep 2012 to be greater than 0.55 Degrees C,2012-06-25,,,,76.0,5,0,76.0,76.0
755630,GTA.SEP2012.>0.55,Global Temperature Anomaly for Sep 2012 to be greater than 0.55 Degrees C,2012-06-26,,,,76.0,5,0,76.0,76.0
755630,GTA.SEP2012.>0.55,Global Temperature Anomaly for Sep 2012 to be greater than 0.55 Degrees C,2012-06-27,,,,76.0,5,0,76.0,76.0
755630,GTA.SEP2012.>0.55,Global Temperature Anomaly for Sep 2012 to be greater than 0.55 Degrees C,2012-06-28,,,,76.0,5,0,76.0,76.0
755630,GTA.SEP2012.>0.55,Global Temperature Anomaly for Sep 2012 to be greater than 0.55 Degrees C,2012-06-29,,,,76.0,5,0,76.0,76.0
755630,GTA.SEP2012.>0.55,Global Temperature Anomaly for Sep 2012 to be greater than 0.55 Degrees C,2012-06-30,,,,76.0,5,0,76.0,76.0
755630,GTA.SEP2012.>0.55,Global Temperature Anomaly for Sep 2012 to be greater than 0.55 Degrees C,2012-07-01,,,,76.0,5,0,76.0,76.0
755630,GTA.SEP2012.>0.55,Global Temperature Anomaly for Sep 2012 to be greater than 0.55 Degrees C,2012-07-02,,,,76.0,5,0,76.0,76.0
755630,GTA.SEP2012.>0.55,Global Temperature Anomaly for Sep 2012 to be greater than 0.55 Degrees C,2012-07-03,,,,76.0,5,0,76.0,76.0
755630,GTA.SEP2012.>0.55,Global Temperature Anomaly for Sep 2012 to be greater than 0.55 Degrees C,2012-07-04,,,,76.0,5,0,76.0,76.0
755630,GTA.SEP2012.>0.55,Global Temperature Anomaly for Sep 2012 to be greater than 0.55 Degrees C,2012-07-05,,,,76.0,5,0,76.0,76.0
755630,GTA.SEP2012.>0.55,Global Temperature Anomaly for Sep 2012 to be greater than 0.55 Degrees C,2012-07-06,,,,76.0,5,0,76.0,76.0
755630,GTA.SEP2012.>0.55,Global Temperature Anomaly for Sep 2012 to be greater than 0.55 Degrees C,2012-07-07,,,,76.0,5,0,76.0,76.0
755630,GTA.SEP2012.>0.55,Global Temperature Anomaly for Sep 2012 to be greater than 0.55 Degrees C,2012-07-08,,,,76.0,5,0,76.0,76.0
755630,GTA.SEP2012.>0.55,Global Temperature Anomaly for Sep 2012 to be greater than 0.55 Degrees C,2012-07-09,,,,76.0,5,0,76.0,76.0
755630,GTA.SEP2012.>0.55,Global Temperature Anomaly for Sep 2012 to be greater than 0.55 Degrees C,2012-07-10,,,,76.0,5,0,76.0,76.0
755630,GTA.SEP2012.>0.55,Global Temperature Anomaly for Sep 2012 to be greater than 0.55 Degrees C,2012-07-11,,,,76.0,5,0,76.0,76.0
755630,GTA.SEP2012.>0.55,Global Temperature Anomaly for Sep 2012 to be greater than 0.55 Degrees C,2012-07-12,,,,76.0,5,0,76.0,76.0
755630,GTA.SEP2012.>0.55,Global Temperature Anomaly for Sep 2012 to be greater than 0.55 Degrees C,2012-07-13,78.0,78.0,78.0,78.0,7,2,78.0,76.0
755630,GTA.SEP2012.>0.55,Global Temperature Anomaly for Sep 2012 to be greater than 0.55 Degrees C,2012-07-14,,,,78.0,7,0,78.0,76.0
755630,GTA.SEP2012.>0.55,Global Temperature Anomaly for Sep 2012 to be greater than 0.55 Degrees C,2012-07-15,,,,78.0,7,0,78.0,76.0
755630,GTA.SEP2012.>0.55,Global Temperature Anomaly for Sep 2012 to be greater than 0.55 Degrees C,2012-07-16,,,,78.0,7,0,78.0,76.0
755630,GTA.SEP2012.>0.55,Global Temperature Anomaly for Sep 2012 to be greater than 0.55 Degrees C,2012-07-17,,,,78.0,7,0,78.0,76.0
755630,GTA.SEP2012.>0.55,Global Temperature Anomaly for Sep 2012 to be greater than 0.55 Degrees C,2012-07-18,,,,78.0,7,0,78.0,76.0
755630,GTA.SEP2012.>0.55,Global Temperature Anomaly for Sep 2012 to be greater than 0.55 Degrees C,2012-07-19,,,,78.0,7,0,78.0,76.0
755630,GTA.SEP2012.>0.55,Global Temperature Anomaly for Sep 2012 to be greater than 0.55 Degrees C,2012-07-20,,,,78.0,7,0,78.0,76.0
755630,GTA.SEP2012.>0.55,Global Temperature Anomaly for Sep 2012 to be greater than 0.55 Degrees C,2012-07-21,,,,78.0,7,0,78.0,76.0
755630,GTA.SEP2012.>0.55,Global Temperature Anomaly for Sep 2012 to be greater than 0.55 Degrees C,2012-07-22,,,,78.0,7,0,78.0,76.0
755630,GTA.SEP2012.>0.55,Global Temperature Anomaly for Sep 2012 to be greater than 0.55 Degrees C,2012-07-23,,,,78.0,7,0,78.0,76.0
755630,GTA.SEP2012.>0.55,Global Temperature Anomaly for Sep 2012 to be greater than 0.55 Degrees C,2012-07-24,,,,78.0,7,0,78.0,76.0
755630,GTA.SEP2012.>0.55,Global Temperature Anomaly for Sep 2012 to be greater than 0.55 Degrees C,2012-07-25,,,,78.0,7,0,78.0,76.0
755630,GTA.SEP2012.>0.55,Global Temperature Anomaly for Sep 2012 to be greater than 0.55 Degrees C,2012-07-26,,,,78.0,7,0,78.0,76.0
755630,GTA.SEP2012.>0.55,Global Temperature Anomaly for Sep 2012 to be greater than 0.55 Degrees C,2012-07-27,,,,78.0,7,0,78.0,76.0
755630,GTA.SEP2012.>0.55,Global Temperature Anomaly for Sep 2012 to be greater than 0.55 Degrees C,2012-07-28,,,,78.0,7,0,78.0,76.0
755630,GTA.SEP2012.>0.55,Global Temperature Anomaly for Sep 2012 to be greater than 0.55 Degrees C,2012-07-29,,,,78.0,7,0,78.0,76.0
755630,GTA.SEP2012.>0.55,Global Temperature Anomaly for Sep 2012 to be greater than 0.55 Degrees C,2012-07-30,,,,78.0,7,0,78.0,76.0
755630,GTA.SEP2012.>0.55,Global Temperature Anomaly for Sep 2012 to be greater than 0.55 Degrees C,2012-07-31,,,,78.0,7,0,78.0,76.0
755630,GTA.SEP2012.>0.55,Global Temperature Anomaly for Sep 2012 to be greater than 0.55 Degrees C,2012-08-01,,,,78.0,7,0,78.0,76.0
755630,GTA.SEP2012.>0.55,Global Temperature Anomaly for Sep 2012 to be greater than 0.55 Degrees C,2012-08-02,,,,78.0,7,0,78.0,76.0
755630,GTA.SEP2012.>0.55,Global Temperature Anomaly for Sep 2012 to be greater than 0.55 Degrees C,2012-08-03,,,,78.0,7,0,78.0,76.0
755630,GTA.SEP2012.>0.55,Global Temperature Anomaly for Sep 2012 to be greater than 0.55 Degrees C,2012-08-04,,,,78.0,7,0,78.0,76.0
755630,GTA.SEP2012.>0.55,Global Temperature Anomaly for Sep 2012 to be greater than 0.55 Degrees C,2012-08-05,,,,78.0,7,0,78.0,76.0
755630,GTA.SEP2012.>0.55,Global Temperature Anomaly for Sep 2012 to be greater than 0.55 Degrees C,2012-08-06,,,,78.0,7,0,78.0,76.0
755630,GTA.SEP2012.>0.55,Global Temperature Anomaly for Sep 2012 to be greater than 0.55 Degrees C,2012-08-07,,,,78.0,7,0,78.0,76.0
755630,GTA.SEP2012.>0.55,Global Temperature Anomaly for Sep 2012 to be greater than 0.55 Degrees C,2012-08-08,,,,78.0,7,0,78.0,76.0
755630,GTA.SEP2012.>0.55,Global Temperature Anomaly for Sep 2012 to be greater than 0.55 Degrees C,2012-08-09,,,,78.0,7,0,78.0,76.0
755630,GTA.SEP2012.>0.55,Global Temperature Anomaly for Sep 2012 to be greater than 0.55 Degrees C,2012-08-10,,,,78.0,7,0,78.0,76.0
755630,GTA.SEP2012.>0.55,Global Temperature Anomaly for Sep 2012 to be greater than 0.55 Degrees C,2012-08-11,,,,78.0,7,0,78.0,76.0
755630,GTA.SEP2012.>0.55,Global Temperature Anomaly for Sep 2012 to be greater than 0.55 Degrees C,2012-08-12,,,,78.0,7,0,78.0,76.0
755630,GTA.SEP2012.>0.55,Global Temperature Anomaly for Sep 2012 to be greater than 0.55 Degrees C,2012-08-13,70.0,70.0,67.5,67.5,9,2,78.0,67.5
755630,GTA.SEP2012.>0.55,Global Temperature Anomaly for Sep 2012 to be greater than 0.55 Degrees C,2012-08-14,,,,67.5,9,0,78.0,67.5
755630,GTA.SEP2012.>0.55,Global Temperature Anomaly for Sep 2012 to be greater than 0.55 Degrees C,2012-08-15,,,,67.5,9,0,78.0,67.5
755630,GTA.SEP2012.>0.55,Global Temperature Anomaly for Sep 2012 to be greater than 0.55 Degrees C,2012-08-16,,,,67.5,9,0,78.0,67.5
755630,GTA.SEP2012.>0.55,Global Temperature Anomaly for Sep 2012 to be greater than 0.55 Degrees C,2012-08-17,,,,67.5,9,0,78.0,67.5
755630,GTA.SEP2012.>0.55,Global Temperature Anomaly for Sep 2012 to be greater than 0.55 Degrees C,2012-08-18,,,,67.5,9,0,78.0,67.5
755630,GTA.SEP2012.>0.55,Global Temperature Anomaly for Sep 2012 to be greater than 0.55 Degrees C,2012-08-19,,,,67.5,9,0,78.0,67.5
755630,GTA.SEP2012.>0.55,Global Temperature Anomaly for Sep 2012 to be greater than 0.55 Degrees C,2012-08-20,,,,67.5,9,0,78.0,67.5
755630,GTA.SEP2012.>0.55,Global Temperature Anomaly for Sep 2012 to be greater than 0.55 Degrees C,2012-08-21,,,,67.5,9,0,78.0,67.5
755630,GTA.SEP2012.>0.55,Global Temperature Anomaly for Sep 2012 to be greater than 0.55 Degrees C,2012-08-22,,,,67.5,9,0,78.0,67.5
755630,GTA.SEP2012.>0.55,Global Temperature Anomaly for Sep 2012 to be greater than 0.55 Degrees C,2012-08-23,,,,67.5,9,0,78.0,67.5
755630,GTA.SEP2012.>0.55,Global Temperature Anomaly for Sep 2012 to be greater than 0.55 Degrees C,2012-08-24,,,,67.5,9,0,78.0,67.5
755630,GTA.SEP2012.>0.55,Global Temperature Anomaly for Sep 2012 to be greater than 0.55 Degrees C,2012-08-25,,,,67.5,9,0,78.0,67.5
755630,GTA.SEP2012.>0.55,Global Temperature Anomaly for Sep 2012 to be greater than 0.55 Degrees C,2012-08-26,,,,67.5,9,0,78.0,67.5
755630,GTA.SEP2012.>0.55,Global Temperature Anomaly for Sep 2012 to be greater than 0.55 Degrees C,2012-08-27,,,,67.5,9,0,78.0,67.5
755630,GTA.SEP2012.>0.55,Global Temperature Anomaly for Sep 2012 to be greater than 0.55 Degrees C,2012-08-28,,,,67.5,9,0,78.0,67.5
755630,GTA.SEP2012.>0.55,Global Temperature Anomaly for Sep 2012 to be greater than 0.55 Degrees C,2012-08-29,,,,67.5,9,0,78.0,67.5
755630,GTA.SEP2012.>0.55,Global Temperature Anomaly for Sep 2012 to be greater than 0.55 Degrees C,2012-08-30,,,,67.5,9,0,78.0,67.5
755630,GTA.SEP2012.>0.55,Global Temperature Anomaly for Sep 2012 to be greater than 0.55 Degrees C,2012-08-31,,,,67.5,9,0,78.0,67.5
755630,GTA.SEP2012.>0.55,Global Temperature Anomaly for Sep 2012 to be greater than 0.55 Degrees C,2012-09-01,,,,67.5,9,0,78.0,67.5
755630,GTA.SEP2012.>0.55,Global Temperature Anomaly for Sep 2012 to be greater than 0.55 Degrees C,2012-09-02,,,,67.5,9,0,78.0,67.5
755630,GTA.SEP2012.>0.55,Global Temperature Anomaly for Sep 2012 to be greater than 0.55 Degrees C,2012-09-03,,,,67.5,9,0,78.0,67.5
755630,GTA.SEP2012.>0.55,Global Temperature Anomaly for Sep 2012 to be greater than 0.55 Degrees C,2012-09-04,,,,67.5,9,0,78.0,67.5
755630,GTA.SEP2012.>0.55,Global Temperature Anomaly for Sep 2012 to be greater than 0.55 Degrees C,2012-09-05,,,,67.5,9,0,78.0,67.5
755630,GTA.SEP2012.>0.55,Global Temperature Anomaly for Sep 2012 to be greater than 0.55 Degrees C,2012-09-06,,,,67.5,9,0,78.0,67.5
755630,GTA.SEP2012.>0.55,Global Temperature Anomaly for Sep 2012 to be greater than 0.55 Degrees C,2012-09-07,,,,67.5,9,0,78.0,67.5
755630,GTA.SEP2012.>0.55,Global Temperature Anomaly for Sep 2012 to be greater than 0.55 Degrees C,2012-09-08,68.0,68.0,68.0,68.0,17,8,78.0,67.5
755630,GTA.SEP2012.>0.55,Global Temperature Anomaly for Sep 2012 to be greater than 0.55 Degrees C,2012-09-09,,,,68.0,17,0,78.0,67.5
755630,GTA.SEP2012.>0.55,Global Temperature Anomaly for Sep 2012 to be greater than 0.55 Degrees C,2012-09-10,,,,68.0,17,0,78.0,67.5
755630,GTA.SEP2012.>0.55,Global Temperature Anomaly for Sep 2012 to be greater than 0.55 Degrees C,2012-09-11,,,,68.0,17,0,78.0,67.5
755630,GTA.SEP2012.>0.55,Global Temperature Anomaly for Sep 2012 to be greater than 0.55 Degrees C,2012-09-12,,,,68.0,17,0,78.0,67.5
755630,GTA.SEP2012.>0.55,Global Temperature Anomaly for Sep 2012 to be greater than 0.55 Degrees C,2012-09-13,,,,68.0,17,0,78.0,67.5
755630,GTA.SEP2012.>0.55,Global Temperature Anomaly for Sep 2012 to be greater than 0.55 Degrees C,2012-09-14,,,,68.0,17,0,78.0,67.5
755630,GTA.SEP2012.>0.55,Global Temperature Anomaly for Sep 2012 to be greater than 0.55 Degrees C,2012-09-15,,,,68.0,17,0,78.0,67.5
755630,GTA.SEP2012.>0.55,Global Temperature Anomaly for Sep 2012 to be greater than 0.55 Degrees C,2012-09-16,,,,68.0,17,0,78.0,67.5
755630,GTA.SEP2012.>0.55,Global Temperature Anomaly for Sep 2012 to be greater than 0.55 Degrees C,2012-09-17,69.2,69.2,69.1,69.1,19,2,78.0,67.5
755630,GTA.SEP2012.>0.55,Global Temperature Anomaly for Sep 2012 to be greater than 0.55 Degrees C,2012-09-18,,,,69.1,19,0,78.0,67.5
755630,GTA.SEP2012.>0.55,Global Temperature Anomaly for Sep 2012 to be greater than 0.55 Degrees C,2012-09-19,,,,69.1,19,0,78.0,67.5
755630,GTA.SEP2012.>0.55,Global Temperature Anomaly for Sep 2012 to be greater than 0.55 Degrees C,2012-09-20,72.5,72.5,69.1,69.1,29,11,78.0,67.5
755630,GTA.SEP2012.>0.55,Global Temperature Anomaly for Sep 2012 to be greater than 0.55 Degrees C,2012-09-21,,,,69.1,29,0,78.0,67.5
755630,GTA.SEP2012.>0.55,Global Temperature Anomaly for Sep 2012 to be greater than 0.55 Degrees C,2012-09-22,,,,69.1,29,0,78.0,67.5
755630,GTA.SEP2012.>0.55,Global Temperature Anomaly for Sep 2012 to be greater than 0.55 Degrees C,2012-09-23,,,,69.1,29,0,78.0,67.5
755630,GTA.SEP2012.>0.55,Global Temperature Anomaly for Sep 2012 to be greater than 0.55 Degrees C,2012-09-24,70.0,70.0,70.0,70.0,32,3,78.0,67.5
755630,GTA.SEP2012.>0.55,Global Temperature Anomaly for Sep 2012 to be greater than 0.55 Degrees C,2012-09-25,,,,70.0,32,0,78.0,67.5
755630,GTA.SEP2012.>0.55,Global Temperature Anomaly for Sep 2012 to be greater than 0.55 Degrees C,2012-09-26,,,,70.0,32,0,78.0,67.5
755630,GTA.SEP2012.>0.55,Global Temperature Anomaly for Sep 2012 to be greater than 0.55 Degrees C,2012-09-27,,,,70.0,32,0,78.0,67.5
755630,GTA.SEP2012.>0.55,Global Temperature Anomaly for Sep 2012 to be greater than 0.55 Degrees C,2012-09-28,,,,70.0,32,0,78.0,67.5
755630,GTA.SEP2012.>0.55,Global Temperature Anomaly for Sep 2012 to be greater than 0.55 Degrees C,2012-09-29,,,,70.0,32,0,78.0,67.5
755630,GTA.SEP2012.>0.55,Global Temperature Anomaly for Sep 2012 to be greater than 0.55 Degrees C,2012-09-30,,,,70.0,32,0,78.0,67.5
755630,GTA.SEP2012.>0.55,Global Temperature Anomaly for Sep 2012 to be greater than 0.55 Degrees C,2012-10-01,,,,70.0,32,0,78.0,67.5
755630,GTA.SEP2012.>0.55,Global Temperature Anomaly for Sep 2012 to be greater than 0.55 Degrees C,2012-10-02,,,,70.0,32,0,78.0,67.5
755630,GTA.SEP2012.>0.55,Global Temperature Anomaly for Sep 2012 to be greater than 0.55 Degrees C,2012-10-03,,,,70.0,32,0,78.0,67.5
755630,GTA.SEP2012.>0.55,Global Temperature Anomaly for Sep 2012 to be greater than 0.55 Degrees C,2012-10-04,,,,70.0,32,0,78.0,67.5
755630,GTA.SEP2012.>0.55,Global Temperature Anomaly for Sep 2012 to be greater than 0.55 Degrees C,2012-10-05,86.0,86.0,86.0,86.0,32,6,86.0,67.5
755630,GTA.SEP2012.>0.55,Global Temperature Anomaly for Sep 2012 to be greater than 0.55 Degrees C,2012-10-06,,,,86.0,32,0,86.0,67.5
755630,GTA.SEP2012.>0.55,Global Temperature Anomaly for Sep 2012 to be greater than 0.55 Degrees C,2012-10-07,,,,86.0,32,0,86.0,67.5
755630,GTA.SEP2012.>0.55,Global Temperature Anomaly for Sep 2012 to be greater than 0.55 Degrees C,2012-10-08,,,,86.0,32,0,86.0,67.5
755630,GTA.SEP2012.>0.55,Global Temperature Anomaly for Sep 2012 to be greater than 0.55 Degrees C,2012-10-09,,,,86.0,32,0,86.0,67.5
755630,GTA.SEP2012.>0.55,Global Temperature Anomaly for Sep 2012 to be greater than 0.55 Degrees C,2012-10-10,,,,86.0,32,0,86.0,67.5
755630,GTA.SEP2012.>0.55,Global Temperature Anomaly for Sep 2012 to be greater than 0.55 Degrees C,2012-10-11,,,,86.0,32,0,86.0,67.5
