market id,market symbol,market name,business day,session open,session high,session low,closing price,open interest,session trade volume,lifetime high,lifetime low
757510,GTA.JUL2012.>0.45,Global Temperature Anomaly for Jul 2012 to be greater than 0.45 Degrees C,2012-02-15,0.0,0.0,0.0,0.0,0,0,0.0,0.0
757510,GTA.JUL2012.>0.45,Global Temperature Anomaly for Jul 2012 to be greater than 0.45 Degrees C,2012-02-16,0.0,0.0,0.0,0.0,0,0,0.0,0.0
757510,GTA.JUL2012.>0.45,Global Temperature Anomaly for Jul 2012 to be greater than 0.45 Degrees C,2012-02-17,0.0,0.0,0.0,0.0,0,0,0.0,0.0
757510,GTA.JUL2012.>0.45,Global Temperature Anomaly for Jul 2012 to be greater than 0.45 Degrees C,2012-02-18,0.0,0.0,0.0,0.0,0,0,0.0,0.0
757510,GTA.JUL2012.>0.45,Global Temperature Anomaly for Jul 2012 to be greater than 0.45 Degrees C,2012-02-19,0.0,0.0,0.0,0.0,0,0,0.0,0.0
757510,GTA.JUL2012.>0.45,Global Temperature Anomaly for Jul 2012 to be greater than 0.45 Degrees C,2012-02-20,0.0,0.0,0.0,0.0,0,0,0.0,0.0
757510,GTA.JUL2012.>0.45,Global Temperature Anomaly for Jul 2012 to be greater than 0.45 Degrees C,2012-02-21,0.0,0.0,0.0,0.0,0,0,0.0,0.0
757510,GTA.JUL2012.>0.45,Global Temperature Anomaly for Jul 2012 to be greater than 0.45 Degrees C,2012-02-22,0.0,0.0,0.0,0.0,0,0,0.0,0.0
757510,GTA.JUL2012.>0.45,Global Temperature Anomaly for Jul 2012 to be greater than 0.45 Degrees C,2012-02-23,0.0,0.0,0.0,0.0,0,0,0.0,0.0
757510,GTA.JUL2012.>0.45,Global Temperature Anomaly for Jul 2012 to be greater than 0.45 Degrees C,2012-02-24,0.0,0.0,0.0,0.0,0,0,0.0,0.0
757510,GTA.JUL2012.>0.45,Global Temperature Anomaly for Jul 2012 to be greater than 0.45 Degrees C,2012-02-25,0.0,0.0,0.0,0.0,0,0,0.0,0.0
757510,GTA.JUL2012.>0.45,Global Temperature Anomaly for Jul 2012 to be greater than 0.45 Degrees C,2012-02-26,0.0,0.0,0.0,0.0,0,0,0.0,0.0
757510,GTA.JUL2012.>0.45,Global Temperature Anomaly for Jul 2012 to be greater than 0.45 Degrees C,2012-02-27,0.0,0.0,0.0,0.0,0,0,0.0,0.0
757510,GTA.JUL2012.>0.45,Global Temperature Anomaly for Jul 2012 to be greater than 0.45 Degrees C,2012-02-28,0.0,0.0,0.0,0.0,0,0,0.0,0.0
757510,GTA.JUL2012.>0.45,Global Temperature Anomaly for Jul 2012 to be greater than 0.45 Degrees C,2012-02-29,0.0,0.0,0.0,0.0,0,0,0.0,0.0
757510,GTA.JUL2012.>0.45,Global Temperature Anomaly for Jul 2012 to be greater than 0.45 Degrees C,2012-03-01,0.0,0.0,0.0,0.0,0,0,0.0,0.0
757510,GTA.JUL2012.>0.45,Global Temperature Anomaly for Jul 2012 to be greater than 0.45 Degrees C,2012-03-02,,,,,0,0,,
757510,GTA.JUL2012.>0.45,Global Temperature Anomaly for Jul 2012 to be greater than 0.45 Degrees C,2012-03-03,,,,,0,0,,
757510,GTA.JUL2012.>0.45,Global Temperature Anomaly for Jul 2012 to be greater than 0.45 Degrees C,2012-03-04,,,,,0,0,,
757510,GTA.JUL2012.>0.45,Global Temperature Anomaly for Jul 2012 to be greater than 0.45 Degrees C,2012-03-05,,,,,0,0,,
757510,GTA.JUL2012.>0.45,Global Temperature Anomaly for Jul 2012 to be greater than 0.45 Degrees C,2012-03-06,,,,,0,0,,
757510,GTA.JUL2012.>0.45,Global Temperature Anomaly for Jul 2012 to be greater than 0.45 Degrees C,2012-03-07,,,,,0,0,,
757510,GTA.JUL2012.>0.45,Global Temperature Anomaly for Jul 2012 to be greater than 0.45 Degrees C,2012-03-08,,,,,0,0,,
757510,GTA.JUL2012.>0.45,Global Temperature Anomaly for Jul 2012 to be greater than 0.45 Degrees C,2012-03-09,,,,,0,0,,
757510,GTA.JUL2012.>0.45,Global Temperature Anomaly for Jul 2012 to be greater than 0.45 Degrees C,2012-03-10,,,,,0,0,,
757510,GTA.JUL2012.>0.45,Global Temperature Anomaly for Jul 2012 to be greater than 0.45 Degrees C,2012-03-11,,,,,0,0,,
757510,GTA.JUL2012.>0.45,Global Temperature Anomaly for Jul 2012 to be greater than 0.45 Degrees C,2012-03-12,,,,,0,0,,
757510,GTA.JUL2012.>0.45,Global Temperature Anomaly for Jul 2012 to be greater than 0.45 Degrees C,2012-03-13,,,,,0,0,,
757510,GTA.JUL2012.>0.45,Global Temperature Anomaly for Jul 2012 to be greater than 0.45 Degrees C,2012-03-14,,,,,0,0,,
757510,GTA.JUL2012.>0.45,Global Temperature Anomaly for Jul 2012 to be greater than 0.45 Degrees C,2012-03-15,,,,,0,0,,
757510,GTA.JUL2012.>0.45,Global Temperature Anomaly for Jul 2012 to be greater than 0.45 Degrees C,2012-03-16,,,,,0,0,,
757510,GTA.JUL2012.>0.45,Global Temperature Anomaly for Jul 2012 to be greater than 0.45 Degrees C,2012-03-17,,,,,0,0,,
757510,GTA.JUL2012.>0.45,Global Temperature Anomaly for Jul 2012 to be greater than 0.45 Degrees C,2012-03-18,,,,,0,0,,
757510,GTA.JUL2012.>0.45,Global Temperature Anomaly for Jul 2012 to be greater than 0.45 Degrees C,2012-03-19,,,,,0,0,,
757510,GTA.JUL2012.>0.45,Global Temperature Anomaly for Jul 2012 to be greater than 0.45 Degrees C,2012-03-20,,,,,0,0,,
757510,GTA.JUL2012.>0.45,Global Temperature Anomaly for Jul 2012 to be greater than 0.45 Degrees C,2012-03-21,,,,,0,0,,
757510,GTA.JUL2012.>0.45,Global Temperature Anomaly for Jul 2012 to be greater than 0.45 Degrees C,2012-03-22,,,,,0,0,,
757510,GTA.JUL2012.>0.45,Global Temperature Anomaly for Jul 2012 to be greater than 0.45 Degrees C,2012-03-23,,,,,0,0,,
757510,GTA.JUL2012.>0.45,Global Temperature Anomaly for Jul 2012 to be greater than 0.45 Degrees C,2012-03-24,,,,,0,0,,
757510,GTA.JUL2012.>0.45,Global Temperature Anomaly for Jul 2012 to be greater than 0.45 Degrees C,2012-03-25,,,,,0,0,,
757510,GTA.JUL2012.>0.45,Global Temperature Anomaly for Jul 2012 to be greater than 0.45 Degrees C,2012-03-26,50.0,50.0,50.0,50.0,5,5,50.0,50.0
757510,GTA.JUL2012.>0.45,Global Temperature Anomaly for Jul 2012 to be greater than 0.45 Degrees C,2012-03-27,,,,50.0,5,0,50.0,50.0
757510,GTA.JUL2012.>0.45,Global Temperature Anomaly for Jul 2012 to be greater than 0.45 Degrees C,2012-03-28,55.0,55.0,55.0,55.0,6,1,55.0,50.0
757510,GTA.JUL2012.>0.45,Global Temperature Anomaly for Jul 2012 to be greater than 0.45 Degrees C,2012-03-29,,,,55.0,6,0,55.0,50.0
757510,GTA.JUL2012.>0.45,Global Temperature Anomaly for Jul 2012 to be greater than 0.45 Degrees C,2012-03-30,,,,55.0,6,0,55.0,50.0
757510,GTA.JUL2012.>0.45,Global Temperature Anomaly for Jul 2012 to be greater than 0.45 Degrees C,2012-03-31,,,,55.0,6,0,55.0,50.0
757510,GTA.JUL2012.>0.45,Global Temperature Anomaly for Jul 2012 to be greater than 0.45 Degrees C,2012-04-01,,,,55.0,6,0,55.0,50.0
757510,GTA.JUL2012.>0.45,Global Temperature Anomaly for Jul 2012 to be greater than 0.45 Degrees C,2012-04-02,,,,55.0,6,0,55.0,50.0
757510,GTA.JUL2012.>0.45,Global Temperature Anomaly for Jul 2012 to be greater than 0.45 Degrees C,2012-04-03,,,,55.0,6,0,55.0,50.0
757510,GTA.JUL2012.>0.45,Global Temperature Anomaly for Jul 2012 to be greater than 0.45 Degrees C,2012-04-04,,,,55.0,6,0,55.0,50.0
757510,GTA.JUL2012.>0.45,Global Temperature Anomaly for Jul 2012 to be greater than 0.45 Degrees C,2012-04-05,,,,55.0,6,0,55.0,50.0
757510,GTA.JUL2012.>0.45,Global Temperature Anomaly for Jul 2012 to be greater than 0.45 Degrees C,2012-04-06,,,,55.0,6,0,55.0,50.0
757510,GTA.JUL2012.>0.45,Global Temperature Anomaly for Jul 2012 to be greater than 0.45 Degrees C,2012-04-07,,,,55.0,6,0,55.0,50.0
757510,GTA.JUL2012.>0.45,Global Temperature Anomaly for Jul 2012 to be greater than 0.45 Degrees C,2012-04-08,66.0,66.0,66.0,66.0,8,2,66.0,50.0
757510,GTA.JUL2012.>0.45,Global Temperature Anomaly for Jul 2012 to be greater than 0.45 Degrees C,2012-04-09,,,,66.0,8,0,66.0,50.0
757510,GTA.JUL2012.>0.45,Global Temperature Anomaly for Jul 2012 to be greater than 0.45 Degrees C,2012-04-10,,,,66.0,8,0,66.0,50.0
757510,GTA.JUL2012.>0.45,Global Temperature Anomaly for Jul 2012 to be greater than 0.45 Degrees C,2012-04-11,,,,66.0,8,0,66.0,50.0
757510,GTA.JUL2012.>0.45,Global Temperature Anomaly for Jul 2012 to be greater than 0.45 Degrees C,2012-04-12,,,,66.0,8,0,66.0,50.0
757510,GTA.JUL2012.>0.45,Global Temperature Anomaly for Jul 2012 to be greater than 0.45 Degrees C,2012-04-13,,,,66.0,8,0,66.0,50.0
757510,GTA.JUL2012.>0.45,Global Temperature Anomaly for Jul 2012 to be greater than 0.45 Degrees C,2012-04-14,,,,66.0,8,0,66.0,50.0
757510,GTA.JUL2012.>0.45,Global Temperature Anomaly for Jul 2012 to be greater than 0.45 Degrees C,2012-04-15,,,,66.0,8,0,66.0,50.0
757510,GTA.JUL2012.>0.45,Global Temperature Anomaly for Jul 2012 to be greater than 0.45 Degrees C,2012-04-16,67.5,67.5,67.5,67.5,9,1,67.5,50.0
757510,GTA.JUL2012.>0.45,Global Temperature Anomaly for Jul 2012 to be greater than 0.45 Degrees C,2012-04-17,,,,67.5,9,0,67.5,50.0
757510,GTA.JUL2012.>0.45,Global Temperature Anomaly for Jul 2012 to be greater than 0.45 Degrees C,2012-04-18,,,,67.5,9,0,67.5,50.0
757510,GTA.JUL2012.>0.45,Global Temperature Anomaly for Jul 2012 to be greater than 0.45 Degrees C,2012-04-19,,,,67.5,9,0,67.5,50.0
757510,GTA.JUL2012.>0.45,Global Temperature Anomaly for Jul 2012 to be greater than 0.45 Degrees C,2012-04-20,,,,67.5,9,0,67.5,50.0
757510,GTA.JUL2012.>0.45,Global Temperature Anomaly for Jul 2012 to be greater than 0.45 Degrees C,2012-04-21,,,,67.5,9,0,67.5,50.0
757510,GTA.JUL2012.>0.45,Global Temperature Anomaly for Jul 2012 to be greater than 0.45 Degrees C,2012-04-22,,,,67.5,9,0,67.5,50.0
757510,GTA.JUL2012.>0.45,Global Temperature Anomaly for Jul 2012 to be greater than 0.45 Degrees C,2012-04-23,,,,67.5,9,0,67.5,50.0
757510,GTA.JUL2012.>0.45,Global Temperature Anomaly for Jul 2012 to be greater than 0.45 Degrees C,2012-04-24,,,,67.5,9,0,67.5,50.0
757510,GTA.JUL2012.>0.45,Global Temperature Anomaly for Jul 2012 to be greater than 0.45 Degrees C,2012-04-25,,,,67.5,9,0,67.5,50.0
757510,GTA.JUL2012.>0.45,Global Temperature Anomaly for Jul 2012 to be greater than 0.45 Degrees C,2012-04-26,,,,67.5,9,0,67.5,50.0
757510,GTA.JUL2012.>0.45,Global Temperature Anomaly for Jul 2012 to be greater than 0.45 Degrees C,2012-04-27,65.0,65.0,65.0,65.0,19,10,67.5,50.0
757510,GTA.JUL2012.>0.45,Global Temperature Anomaly for Jul 2012 to be greater than 0.45 Degrees C,2012-04-28,,,,65.0,19,0,67.5,50.0
757510,GTA.JUL2012.>0.45,Global Temperature Anomaly for Jul 2012 to be greater than 0.45 Degrees C,2012-04-29,,,,65.0,19,0,67.5,50.0
757510,GTA.JUL2012.>0.45,Global Temperature Anomaly for Jul 2012 to be greater than 0.45 Degrees C,2012-04-30,,,,65.0,19,0,67.5,50.0
757510,GTA.JUL2012.>0.45,Global Temperature Anomaly for Jul 2012 to be greater than 0.45 Degrees C,2012-05-01,,,,65.0,19,0,67.5,50.0
757510,GTA.JUL2012.>0.45,Global Temperature Anomaly for Jul 2012 to be greater than 0.45 Degrees C,2012-05-02,,,,65.0,19,0,67.5,50.0
757510,GTA.JUL2012.>0.45,Global Temperature Anomaly for Jul 2012 to be greater than 0.45 Degrees C,2012-05-03,84.0,84.0,83.0,84.0,21,4,84.0,50.0
757510,GTA.JUL2012.>0.45,Global Temperature Anomaly for Jul 2012 to be greater than 0.45 Degrees C,2012-05-04,,,,84.0,21,0,84.0,50.0
757510,GTA.JUL2012.>0.45,Global Temperature Anomaly for Jul 2012 to be greater than 0.45 Degrees C,2012-05-05,,,,84.0,21,0,84.0,50.0
757510,GTA.JUL2012.>0.45,Global Temperature Anomaly for Jul 2012 to be greater than 0.45 Degrees C,2012-05-06,,,,84.0,21,0,84.0,50.0
757510,GTA.JUL2012.>0.45,Global Temperature Anomaly for Jul 2012 to be greater than 0.45 Degrees C,2012-05-07,,,,84.0,21,0,84.0,50.0
757510,GTA.JUL2012.>0.45,Global Temperature Anomaly for Jul 2012 to be greater than 0.45 Degrees C,2012-05-08,,,,84.0,21,0,84.0,50.0
757510,GTA.JUL2012.>0.45,Global Temperature Anomaly for Jul 2012 to be greater than 0.45 Degrees C,2012-05-09,,,,84.0,21,0,84.0,50.0
757510,GTA.JUL2012.>0.45,Global Temperature Anomaly for Jul 2012 to be greater than 0.45 Degrees C,2012-05-10,,,,84.0,21,0,84.0,50.0
757510,GTA.JUL2012.>0.45,Global Temperature Anomaly for Jul 2012 to be greater than 0.45 Degrees C,2012-05-11,,,,84.0,21,0,84.0,50.0
757510,GTA.JUL2012.>0.45,Global Temperature Anomaly for Jul 2012 to be greater than 0.45 Degrees C,2012-05-12,,,,84.0,21,0,84.0,50.0
757510,GTA.JUL2012.>0.45,Global Temperature Anomaly for Jul 2012 to be greater than 0.45 Degrees C,2012-05-13,,,,84.0,21,0,84.0,50.0
757510,GTA.JUL2012.>0.45,Global Temperature Anomaly for Jul 2012 to be greater than 0.45 Degrees C,2012-05-14,,,,84.0,21,0,84.0,50.0
757510,GTA.JUL2012.>0.45,Global Temperature Anomaly for Jul 2012 to be greater than 0.45 Degrees C,2012-05-15,,,,84.0,21,0,84.0,50.0
757510,GTA.JUL2012.>0.45,Global Temperature Anomaly for Jul 2012 to be greater than 0.45 Degrees C,2012-05-16,,,,84.0,21,0,84.0,50.0
757510,GTA.JUL2012.>0.45,Global Temperature Anomaly for Jul 2012 to be greater than 0.45 Degrees C,2012-05-17,,,,84.0,21,0,84.0,50.0
757510,GTA.JUL2012.>0.45,Global Temperature Anomaly for Jul 2012 to be greater than 0.45 Degrees C,2012-05-18,,,,84.0,21,0,84.0,50.0
757510,GTA.JUL2012.>0.45,Global Temperature Anomaly for Jul 2012 to be greater than 0.45 Degrees C,2012-05-19,,,,84.0,21,0,84.0,50.0
757510,GTA.JUL2012.>0.45,Global Temperature Anomaly for Jul 2012 to be greater than 0.45 Degrees C,2012-05-20,,,,84.0,21,0,84.0,50.0
757510,GTA.JUL2012.>0.45,Global Temperature Anomaly for Jul 2012 to be greater than 0.45 Degrees C,2012-05-21,,,,84.0,21,0,84.0,50.0
757510,GTA.JUL2012.>0.45,Global Temperature Anomaly for Jul 2012 to be greater than 0.45 Degrees C,2012-05-22,,,,84.0,21,0,84.0,50.0
757510,GTA.JUL2012.>0.45,Global Temperature Anomaly for Jul 2012 to be greater than 0.45 Degrees C,2012-05-23,,,,84.0,21,0,84.0,50.0
757510,GTA.JUL2012.>0.45,Global Temperature Anomaly for Jul 2012 to be greater than 0.45 Degrees C,2012-05-24,,,,84.0,21,0,84.0,50.0
757510,GTA.JUL2012.>0.45,Global Temperature Anomaly for Jul 2012 to be greater than 0.45 Degrees C,2012-05-25,,,,84.0,21,0,84.0,50.0
757510,GTA.JUL2012.>0.45,Global Temperature Anomaly for Jul 2012 to be greater than 0.45 Degrees C,2012-05-26,,,,84.0,21,0,84.0,50.0
757510,GTA.JUL2012.>0.45,Global Temperature Anomaly for Jul 2012 to be greater than 0.45 Degrees C,2012-05-27,,,,84.0,21,0,84.0,50.0
757510,GTA.JUL2012.>0.45,Global Temperature Anomaly for Jul 2012 to be greater than 0.45 Degrees C,2012-05-28,,,,84.0,21,0,84.0,50.0
757510,GTA.JUL2012.>0.45,Global Temperature Anomaly for Jul 2012 to be greater than 0.45 Degrees C,2012-05-29,,,,84.0,21,0,84.0,50.0
757510,GTA.JUL2012.>0.45,Global Temperature Anomaly for Jul 2012 to be greater than 0.45 Degrees C,2012-05-30,,,,84.0,21,0,84.0,50.0
757510,GTA.JUL2012.>0.45,Global Temperature Anomaly for Jul 2012 to be greater than 0.45 Degrees C,2012-05-31,,,,84.0,21,0,84.0,50.0
757510,GTA.JUL2012.>0.45,Global Temperature Anomaly for Jul 2012 to be greater than 0.45 Degrees C,2012-06-01,,,,84.0,21,0,84.0,50.0
757510,GTA.JUL2012.>0.45,Global Temperature Anomaly for Jul 2012 to be greater than 0.45 Degrees C,2012-06-02,,,,84.0,21,0,84.0,50.0
757510,GTA.JUL2012.>0.45,Global Temperature Anomaly for Jul 2012 to be greater than 0.45 Degrees C,2012-06-03,,,,84.0,21,0,84.0,50.0
757510,GTA.JUL2012.>0.45,Global Temperature Anomaly for Jul 2012 to be greater than 0.45 Degrees C,2012-06-04,,,,84.0,21,0,84.0,50.0
757510,GTA.JUL2012.>0.45,Global Temperature Anomaly for Jul 2012 to be greater than 0.45 Degrees C,2012-06-05,,,,84.0,21,0,84.0,50.0
757510,GTA.JUL2012.>0.45,Global Temperature Anomaly for Jul 2012 to be greater than 0.45 Degrees C,2012-06-06,,,,84.0,21,0,84.0,50.0
757510,GTA.JUL2012.>0.45,Global Temperature Anomaly for Jul 2012 to be greater than 0.45 Degrees C,2012-06-07,,,,84.0,21,0,84.0,50.0
757510,GTA.JUL2012.>0.45,Global Temperature Anomaly for Jul 2012 to be greater than 0.45 Degrees C,2012-06-08,,,,84.0,21,0,84.0,50.0
757510,GTA.JUL2012.>0.45,Global Temperature Anomaly for Jul 2012 to be greater than 0.45 Degrees C,2012-06-09,,,,84.0,21,0,84.0,50.0
757510,GTA.JUL2012.>0.45,Global Temperature Anomaly for Jul 2012 to be greater than 0.45 Degrees C,2012-06-10,,,,84.0,21,0,84.0,50.0
757510,GTA.JUL2012.>0.45,Global Temperature Anomaly for Jul 2012 to be greater than 0.45 Degrees C,2012-06-11,,,,84.0,21,0,84.0,50.0
757510,GTA.JUL2012.>0.45,Global Temperature Anomaly for Jul 2012 to be greater than 0.45 Degrees C,2012-06-12,,,,84.0,21,0,84.0,50.0
757510,GTA.JUL2012.>0.45,Global Temperature Anomaly for Jul 2012 to be greater than 0.45 Degrees C,2012-06-13,,,,84.0,21,0,84.0,50.0
757510,GTA.JUL2012.>0.45,Global Temperature Anomaly for Jul 2012 to be greater than 0.45 Degrees C,2012-06-14,,,,84.0,21,0,84.0,50.0
757510,GTA.JUL2012.>0.45,Global Temperature Anomaly for Jul 2012 to be greater than 0.45 Degrees C,2012-06-15,,,,84.0,21,0,84.0,50.0
757510,GTA.JUL2012.>0.45,Global Temperature Anomaly for Jul 2012 to be greater than 0.45 Degrees C,2012-06-16,,,,84.0,21,0,84.0,50.0
757510,GTA.JUL2012.>0.45,Global Temperature Anomaly for Jul 2012 to be greater than 0.45 Degrees C,2012-06-17,,,,84.0,21,0,84.0,50.0
757510,GTA.JUL2012.>0.45,Global Temperature Anomaly for Jul 2012 to be greater than 0.45 Degrees C,2012-06-18,,,,84.0,21,0,84.0,50.0
757510,GTA.JUL2012.>0.45,Global Temperature Anomaly for Jul 2012 to be greater than 0.45 Degrees C,2012-06-19,,,,84.0,21,0,84.0,50.0
757510,GTA.JUL2012.>0.45,Global Temperature Anomaly for Jul 2012 to be greater than 0.45 Degrees C,2012-06-20,87.0,87.0,87.0,87.0,29,8,87.0,50.0
757510,GTA.JUL2012.>0.45,Global Temperature Anomaly for Jul 2012 to be greater than 0.45 Degrees C,2012-06-21,,,,87.0,29,0,87.0,50.0
757510,GTA.JUL2012.>0.45,Global Temperature Anomaly for Jul 2012 to be greater than 0.45 Degrees C,2012-06-22,91.0,91.0,91.0,91.0,49,20,91.0,50.0
757510,GTA.JUL2012.>0.45,Global Temperature Anomaly for Jul 2012 to be greater than 0.45 Degrees C,2012-06-23,,,,91.0,49,0,91.0,50.0
757510,GTA.JUL2012.>0.45,Global Temperature Anomaly for Jul 2012 to be greater than 0.45 Degrees C,2012-06-24,,,,91.0,49,0,91.0,50.0
757510,GTA.JUL2012.>0.45,Global Temperature Anomaly for Jul 2012 to be greater than 0.45 Degrees C,2012-06-25,,,,91.0,49,0,91.0,50.0
757510,GTA.JUL2012.>0.45,Global Temperature Anomaly for Jul 2012 to be greater than 0.45 Degrees C,2012-06-26,,,,91.0,49,0,91.0,50.0
757510,GTA.JUL2012.>0.45,Global Temperature Anomaly for Jul 2012 to be greater than 0.45 Degrees C,2012-06-27,,,,91.0,49,0,91.0,50.0
757510,GTA.JUL2012.>0.45,Global Temperature Anomaly for Jul 2012 to be greater than 0.45 Degrees C,2012-06-28,,,,91.0,49,0,91.0,50.0
757510,GTA.JUL2012.>0.45,Global Temperature Anomaly for Jul 2012 to be greater than 0.45 Degrees C,2012-06-29,,,,91.0,49,0,91.0,50.0
757510,GTA.JUL2012.>0.45,Global Temperature Anomaly for Jul 2012 to be greater than 0.45 Degrees C,2012-06-30,,,,91.0,49,0,91.0,50.0
757510,GTA.JUL2012.>0.45,Global Temperature Anomaly for Jul 2012 to be greater than 0.45 Degrees C,2012-07-01,,,,91.0,49,0,91.0,50.0
757510,GTA.JUL2012.>0.45,Global Temperature Anomaly for Jul 2012 to be greater than 0.45 Degrees C,2012-07-02,,,,91.0,49,0,91.0,50.0
757510,GTA.JUL2012.>0.45,Global Temperature Anomaly for Jul 2012 to be greater than 0.45 Degrees C,2012-07-03,,,,91.0,49,0,91.0,50.0
757510,GTA.JUL2012.>0.45,Global Temperature Anomaly for Jul 2012 to be greater than 0.45 Degrees C,2012-07-04,,,,91.0,49,0,91.0,50.0
757510,GTA.JUL2012.>0.45,Global Temperature Anomaly for Jul 2012 to be greater than 0.45 Degrees C,2012-07-05,,,,91.0,49,0,91.0,50.0
757510,GTA.JUL2012.>0.45,Global Temperature Anomaly for Jul 2012 to be greater than 0.45 Degrees C,2012-07-06,,,,91.0,49,0,91.0,50.0
757510,GTA.JUL2012.>0.45,Global Temperature Anomaly for Jul 2012 to be greater than 0.45 Degrees C,2012-07-07,,,,91.0,49,0,91.0,50.0
757510,GTA.JUL2012.>0.45,Global Temperature Anomaly for Jul 2012 to be greater than 0.45 Degrees C,2012-07-08,,,,91.0,49,0,91.0,50.0
757510,GTA.JUL2012.>0.45,Global Temperature Anomaly for Jul 2012 to be greater than 0.45 Degrees C,2012-07-09,,,,91.0,49,0,91.0,50.0
757510,GTA.JUL2012.>0.45,Global Temperature Anomaly for Jul 2012 to be greater than 0.45 Degrees C,2012-07-10,,,,91.0,49,0,91.0,50.0
757510,GTA.JUL2012.>0.45,Global Temperature Anomaly for Jul 2012 to be greater than 0.45 Degrees C,2012-07-11,,,,91.0,49,0,91.0,50.0
757510,GTA.JUL2012.>0.45,Global Temperature Anomaly for Jul 2012 to be greater than 0.45 Degrees C,2012-07-12,,,,91.0,49,0,91.0,50.0
757510,GTA.JUL2012.>0.45,Global Temperature Anomaly for Jul 2012 to be greater than 0.45 Degrees C,2012-07-13,,,,91.0,49,0,91.0,50.0
757510,GTA.JUL2012.>0.45,Global Temperature Anomaly for Jul 2012 to be greater than 0.45 Degrees C,2012-07-14,,,,91.0,49,0,91.0,50.0
757510,GTA.JUL2012.>0.45,Global Temperature Anomaly for Jul 2012 to be greater than 0.45 Degrees C,2012-07-15,,,,91.0,49,0,91.0,50.0
757510,GTA.JUL2012.>0.45,Global Temperature Anomaly for Jul 2012 to be greater than 0.45 Degrees C,2012-07-16,,,,91.0,49,0,91.0,50.0
757510,GTA.JUL2012.>0.45,Global Temperature Anomaly for Jul 2012 to be greater than 0.45 Degrees C,2012-07-17,,,,91.0,49,0,91.0,50.0
757510,GTA.JUL2012.>0.45,Global Temperature Anomaly for Jul 2012 to be greater than 0.45 Degrees C,2012-07-18,,,,91.0,49,0,91.0,50.0
757510,GTA.JUL2012.>0.45,Global Temperature Anomaly for Jul 2012 to be greater than 0.45 Degrees C,2012-07-19,91.0,91.1,91.0,91.1,49,5,91.1,50.0
757510,GTA.JUL2012.>0.45,Global Temperature Anomaly for Jul 2012 to be greater than 0.45 Degrees C,2012-07-20,,,,91.1,49,0,91.1,50.0
757510,GTA.JUL2012.>0.45,Global Temperature Anomaly for Jul 2012 to be greater than 0.45 Degrees C,2012-07-21,91.2,91.2,91.2,91.2,49,1,91.2,50.0
757510,GTA.JUL2012.>0.45,Global Temperature Anomaly for Jul 2012 to be greater than 0.45 Degrees C,2012-07-22,91.5,91.6,91.5,91.5,49,2,91.6,50.0
757510,GTA.JUL2012.>0.45,Global Temperature Anomaly for Jul 2012 to be greater than 0.45 Degrees C,2012-07-23,91.5,91.6,91.1,91.1,50,3,91.6,50.0
757510,GTA.JUL2012.>0.45,Global Temperature Anomaly for Jul 2012 to be greater than 0.45 Degrees C,2012-07-24,91.1,91.1,91.1,91.1,50,1,91.6,50.0
757510,GTA.JUL2012.>0.45,Global Temperature Anomaly for Jul 2012 to be greater than 0.45 Degrees C,2012-07-25,91.0,91.0,91.0,91.0,50,1,91.6,50.0
757510,GTA.JUL2012.>0.45,Global Temperature Anomaly for Jul 2012 to be greater than 0.45 Degrees C,2012-07-26,93.0,93.0,93.0,93.0,50,8,93.0,50.0
757510,GTA.JUL2012.>0.45,Global Temperature Anomaly for Jul 2012 to be greater than 0.45 Degrees C,2012-07-27,,,,93.0,50,0,93.0,50.0
757510,GTA.JUL2012.>0.45,Global Temperature Anomaly for Jul 2012 to be greater than 0.45 Degrees C,2012-07-28,,,,93.0,50,0,93.0,50.0
757510,GTA.JUL2012.>0.45,Global Temperature Anomaly for Jul 2012 to be greater than 0.45 Degrees C,2012-07-29,,,,93.0,50,0,93.0,50.0
757510,GTA.JUL2012.>0.45,Global Temperature Anomaly for Jul 2012 to be greater than 0.45 Degrees C,2012-07-30,,,,93.0,50,0,93.0,50.0
757510,GTA.JUL2012.>0.45,Global Temperature Anomaly for Jul 2012 to be greater than 0.45 Degrees C,2012-07-31,,,,93.0,50,0,93.0,50.0
757510,GTA.JUL2012.>0.45,Global Temperature Anomaly for Jul 2012 to be greater than 0.45 Degrees C,2012-08-01,,,,93.0,50,0,93.0,50.0
757510,GTA.JUL2012.>0.45,Global Temperature Anomaly for Jul 2012 to be greater than 0.45 Degrees C,2012-08-02,,,,93.0,50,0,93.0,50.0
757510,GTA.JUL2012.>0.45,Global Temperature Anomaly for Jul 2012 to be greater than 0.45 Degrees C,2012-08-03,93.1,93.1,93.1,93.1,52,2,93.1,50.0
757510,GTA.JUL2012.>0.45,Global Temperature Anomaly for Jul 2012 to be greater than 0.45 Degrees C,2012-08-04,,,,93.1,52,0,93.1,50.0
757510,GTA.JUL2012.>0.45,Global Temperature Anomaly for Jul 2012 to be greater than 0.45 Degrees C,2012-08-05,,,,93.1,52,0,93.1,50.0
757510,GTA.JUL2012.>0.45,Global Temperature Anomaly for Jul 2012 to be greater than 0.45 Degrees C,2012-08-06,,,,93.1,52,0,93.1,50.0
757510,GTA.JUL2012.>0.45,Global Temperature Anomaly for Jul 2012 to be greater than 0.45 Degrees C,2012-08-07,,,,93.1,52,0,93.1,50.0
757510,GTA.JUL2012.>0.45,Global Temperature Anomaly for Jul 2012 to be greater than 0.45 Degrees C,2012-08-08,,,,93.1,52,0,93.1,50.0
757510,GTA.JUL2012.>0.45,Global Temperature Anomaly for Jul 2012 to be greater than 0.45 Degrees C,2012-08-09,,,,93.1,52,0,93.1,50.0
757510,GTA.JUL2012.>0.45,Global Temperature Anomaly for Jul 2012 to be greater than 0.45 Degrees C,2012-08-10,,,,93.1,52,0,93.1,50.0
757510,GTA.JUL2012.>0.45,Global Temperature Anomaly for Jul 2012 to be greater than 0.45 Degrees C,2012-08-11,,,,93.1,52,0,93.1,50.0
757510,GTA.JUL2012.>0.45,Global Temperature Anomaly for Jul 2012 to be greater than 0.45 Degrees C,2012-08-12,92.5,99.9,92.5,99.9,52,2,99.9,50.0
