market id,market symbol,market name,business day,session open,session high,session low,closing price,open interest,session trade volume,lifetime high,lifetime low
760933,GTA.JUL2012.>0.75,Global Temperature Anomaly for Jul 2012 to be greater than 0.75 Degrees C,2012-05-08,,,,,0,0,,
760933,GTA.JUL2012.>0.75,Global Temperature Anomaly for Jul 2012 to be greater than 0.75 Degrees C,2012-05-09,,,,,0,0,,
760933,GTA.JUL2012.>0.75,Global Temperature Anomaly for Jul 2012 to be greater than 0.75 Degrees C,2012-05-10,,,,,0,0,,
760933,GTA.JUL2012.>0.75,Global Temperature Anomaly for Jul 2012 to be greater than 0.75 Degrees C,2012-05-11,,,,,0,0,,
760933,GTA.JUL2012.>0.75,Global Temperature Anomaly for Jul 2012 to be greater than 0.75 Degrees C,2012-05-12,,,,,0,0,,
760933,GTA.JUL2012.>0.75,Global Temperature Anomaly for Jul 2012 to be greater than 0.75 Degrees C,2012-05-13,,,,,0,0,,
760933,GTA.JUL2012.>0.75,Global Temperature Anomaly for Jul 2012 to be greater than 0.75 Degrees C,2012-05-14,,,,,0,0,,
760933,GTA.JUL2012.>0.75,Global Temperature Anomaly for Jul 2012 to be greater than 0.75 Degrees C,2012-05-15,,,,,0,0,,
760933,GTA.JUL2012.>0.75,Global Temperature Anomaly for Jul 2012 to be greater than 0.75 Degrees C,2012-05-16,,,,,0,0,,
760933,GTA.JUL2012.>0.75,Global Temperature Anomaly for Jul 2012 to be greater than 0.75 Degrees C,2012-05-17,,,,,0,0,,
760933,GTA.JUL2012.>0.75,Global Temperature Anomaly for Jul 2012 to be greater than 0.75 Degrees C,2012-05-18,,,,,0,0,,
760933,GTA.JUL2012.>0.75,Global Temperature Anomaly for Jul 2012 to be greater than 0.75 Degrees C,2012-05-19,,,,,0,0,,
760933,GTA.JUL2012.>0.75,Global Temperature Anomaly for Jul 2012 to be greater than 0.75 Degrees C,2012-05-20,,,,,0,0,,
760933,GTA.JUL2012.>0.75,Global Temperature Anomaly for Jul 2012 to be greater than 0.75 Degrees C,2012-05-21,,,,,0,0,,
760933,GTA.JUL2012.>0.75,Global Temperature Anomaly for Jul 2012 to be greater than 0.75 Degrees C,2012-05-22,,,,,0,0,,
760933,GTA.JUL2012.>0.75,Global Temperature Anomaly for Jul 2012 to be greater than 0.75 Degrees C,2012-05-23,,,,,0,0,,
760933,GTA.JUL2012.>0.75,Global Temperature Anomaly for Jul 2012 to be greater than 0.75 Degrees C,2012-05-24,,,,,0,0,,
760933,GTA.JUL2012.>0.75,Global Temperature Anomaly for Jul 2012 to be greater than 0.75 Degrees C,2012-05-25,,,,,0,0,,
760933,GTA.JUL2012.>0.75,Global Temperature Anomaly for Jul 2012 to be greater than 0.75 Degrees C,2012-05-26,,,,,0,0,,
760933,GTA.JUL2012.>0.75,Global Temperature Anomaly for Jul 2012 to be greater than 0.75 Degrees C,2012-05-27,,,,,0,0,,
760933,GTA.JUL2012.>0.75,Global Temperature Anomaly for Jul 2012 to be greater than 0.75 Degrees C,2012-05-28,,,,,0,0,,
760933,GTA.JUL2012.>0.75,Global Temperature Anomaly for Jul 2012 to be greater than 0.75 Degrees C,2012-05-29,,,,,0,0,,
760933,GTA.JUL2012.>0.75,Global Temperature Anomaly for Jul 2012 to be greater than 0.75 Degrees C,2012-05-30,,,,,0,0,,
760933,GTA.JUL2012.>0.75,Global Temperature Anomaly for Jul 2012 to be greater than 0.75 Degrees C,2012-05-31,,,,,0,0,,
760933,GTA.JUL2012.>0.75,Global Temperature Anomaly for Jul 2012 to be greater than 0.75 Degrees C,2012-06-01,,,,,0,0,,
760933,GTA.JUL2012.>0.75,Global Temperature Anomaly for Jul 2012 to be greater than 0.75 Degrees C,2012-06-02,,,,,0,0,,
760933,GTA.JUL2012.>0.75,Global Temperature Anomaly for Jul 2012 to be greater than 0.75 Degrees C,2012-06-03,,,,,0,0,,
760933,GTA.JUL2012.>0.75,Global Temperature Anomaly for Jul 2012 to be greater than 0.75 Degrees C,2012-06-04,,,,,0,0,,
760933,GTA.JUL2012.>0.75,Global Temperature Anomaly for Jul 2012 to be greater than 0.75 Degrees C,2012-06-05,,,,,0,0,,
760933,GTA.JUL2012.>0.75,Global Temperature Anomaly for Jul 2012 to be greater than 0.75 Degrees C,2012-06-06,,,,,0,0,,
760933,GTA.JUL2012.>0.75,Global Temperature Anomaly for Jul 2012 to be greater than 0.75 Degrees C,2012-06-07,,,,,0,0,,
760933,GTA.JUL2012.>0.75,Global Temperature Anomaly for Jul 2012 to be greater than 0.75 Degrees C,2012-06-08,,,,,0,0,,
760933,GTA.JUL2012.>0.75,Global Temperature Anomaly for Jul 2012 to be greater than 0.75 Degrees C,2012-06-09,,,,,0,0,,
760933,GTA.JUL2012.>0.75,Global Temperature Anomaly for Jul 2012 to be greater than 0.75 Degrees C,2012-06-10,,,,,0,0,,
760933,GTA.JUL2012.>0.75,Global Temperature Anomaly for Jul 2012 to be greater than 0.75 Degrees C,2012-06-11,,,,,0,0,,
760933,GTA.JUL2012.>0.75,Global Temperature Anomaly for Jul 2012 to be greater than 0.75 Degrees C,2012-06-12,,,,,0,0,,
760933,GTA.JUL2012.>0.75,Global Temperature Anomaly for Jul 2012 to be greater than 0.75 Degrees C,2012-06-13,,,,,0,0,,
760933,GTA.JUL2012.>0.75,Global Temperature Anomaly for Jul 2012 to be greater than 0.75 Degrees C,2012-06-14,,,,,0,0,,
760933,GTA.JUL2012.>0.75,Global Temperature Anomaly for Jul 2012 to be greater than 0.75 Degrees C,2012-06-15,,,,,0,0,,
760933,GTA.JUL2012.>0.75,Global Temperature Anomaly for Jul 2012 to be greater than 0.75 Degrees C,2012-06-16,,,,,0,0,,
760933,GTA.JUL2012.>0.75,Global Temperature Anomaly for Jul 2012 to be greater than 0.75 Degrees C,2012-06-17,,,,,0,0,,
760933,GTA.JUL2012.>0.75,Global Temperature Anomaly for Jul 2012 to be greater than 0.75 Degrees C,2012-06-18,,,,,0,0,,
760933,GTA.JUL2012.>0.75,Global Temperature Anomaly for Jul 2012 to be greater than 0.75 Degrees C,2012-06-19,,,,,0,0,,
760933,GTA.JUL2012.>0.75,Global Temperature Anomaly for Jul 2012 to be greater than 0.75 Degrees C,2012-06-20,5.0,5.0,5.0,5.0,10,10,5.0,5.0
760933,GTA.JUL2012.>0.75,Global Temperature Anomaly for Jul 2012 to be greater than 0.75 Degrees C,2012-06-21,,,,5.0,10,0,5.0,5.0
760933,GTA.JUL2012.>0.75,Global Temperature Anomaly for Jul 2012 to be greater than 0.75 Degrees C,2012-06-22,,,,5.0,10,0,5.0,5.0
760933,GTA.JUL2012.>0.75,Global Temperature Anomaly for Jul 2012 to be greater than 0.75 Degrees C,2012-06-23,,,,5.0,10,0,5.0,5.0
760933,GTA.JUL2012.>0.75,Global Temperature Anomaly for Jul 2012 to be greater than 0.75 Degrees C,2012-06-24,,,,5.0,10,0,5.0,5.0
760933,GTA.JUL2012.>0.75,Global Temperature Anomaly for Jul 2012 to be greater than 0.75 Degrees C,2012-06-25,,,,5.0,10,0,5.0,5.0
760933,GTA.JUL2012.>0.75,Global Temperature Anomaly for Jul 2012 to be greater than 0.75 Degrees C,2012-06-26,,,,5.0,10,0,5.0,5.0
760933,GTA.JUL2012.>0.75,Global Temperature Anomaly for Jul 2012 to be greater than 0.75 Degrees C,2012-06-27,,,,5.0,10,0,5.0,5.0
760933,GTA.JUL2012.>0.75,Global Temperature Anomaly for Jul 2012 to be greater than 0.75 Degrees C,2012-06-28,6.0,7.0,6.0,7.0,12,2,7.0,5.0
760933,GTA.JUL2012.>0.75,Global Temperature Anomaly for Jul 2012 to be greater than 0.75 Degrees C,2012-06-29,20.0,20.0,20.0,20.0,13,1,20.0,5.0
760933,GTA.JUL2012.>0.75,Global Temperature Anomaly for Jul 2012 to be greater than 0.75 Degrees C,2012-06-30,,,,20.0,13,0,20.0,5.0
760933,GTA.JUL2012.>0.75,Global Temperature Anomaly for Jul 2012 to be greater than 0.75 Degrees C,2012-07-01,,,,20.0,13,0,20.0,5.0
760933,GTA.JUL2012.>0.75,Global Temperature Anomaly for Jul 2012 to be greater than 0.75 Degrees C,2012-07-02,,,,20.0,13,0,20.0,5.0
760933,GTA.JUL2012.>0.75,Global Temperature Anomaly for Jul 2012 to be greater than 0.75 Degrees C,2012-07-03,,,,20.0,13,0,20.0,5.0
760933,GTA.JUL2012.>0.75,Global Temperature Anomaly for Jul 2012 to be greater than 0.75 Degrees C,2012-07-04,,,,20.0,13,0,20.0,5.0
760933,GTA.JUL2012.>0.75,Global Temperature Anomaly for Jul 2012 to be greater than 0.75 Degrees C,2012-07-05,,,,20.0,13,0,20.0,5.0
760933,GTA.JUL2012.>0.75,Global Temperature Anomaly for Jul 2012 to be greater than 0.75 Degrees C,2012-07-06,,,,20.0,13,0,20.0,5.0
760933,GTA.JUL2012.>0.75,Global Temperature Anomaly for Jul 2012 to be greater than 0.75 Degrees C,2012-07-07,,,,20.0,13,0,20.0,5.0
760933,GTA.JUL2012.>0.75,Global Temperature Anomaly for Jul 2012 to be greater than 0.75 Degrees C,2012-07-08,,,,20.0,13,0,20.0,5.0
760933,GTA.JUL2012.>0.75,Global Temperature Anomaly for Jul 2012 to be greater than 0.75 Degrees C,2012-07-09,,,,20.0,13,0,20.0,5.0
760933,GTA.JUL2012.>0.75,Global Temperature Anomaly for Jul 2012 to be greater than 0.75 Degrees C,2012-07-10,,,,20.0,13,0,20.0,5.0
760933,GTA.JUL2012.>0.75,Global Temperature Anomaly for Jul 2012 to be greater than 0.75 Degrees C,2012-07-11,,,,20.0,13,0,20.0,5.0
760933,GTA.JUL2012.>0.75,Global Temperature Anomaly for Jul 2012 to be greater than 0.75 Degrees C,2012-07-12,,,,20.0,13,0,20.0,5.0
760933,GTA.JUL2012.>0.75,Global Temperature Anomaly for Jul 2012 to be greater than 0.75 Degrees C,2012-07-13,,,,20.0,13,0,20.0,5.0
760933,GTA.JUL2012.>0.75,Global Temperature Anomaly for Jul 2012 to be greater than 0.75 Degrees C,2012-07-14,,,,20.0,13,0,20.0,5.0
760933,GTA.JUL2012.>0.75,Global Temperature Anomaly for Jul 2012 to be greater than 0.75 Degrees C,2012-07-15,,,,20.0,13,0,20.0,5.0
760933,GTA.JUL2012.>0.75,Global Temperature Anomaly for Jul 2012 to be greater than 0.75 Degrees C,2012-07-16,,,,20.0,13,0,20.0,5.0
760933,GTA.JUL2012.>0.75,Global Temperature Anomaly for Jul 2012 to be greater than 0.75 Degrees C,2012-07-17,,,,20.0,13,0,20.0,5.0
760933,GTA.JUL2012.>0.75,Global Temperature Anomaly for Jul 2012 to be greater than 0.75 Degrees C,2012-07-18,,,,20.0,13,0,20.0,5.0
760933,GTA.JUL2012.>0.75,Global Temperature Anomaly for Jul 2012 to be greater than 0.75 Degrees C,2012-07-19,,,,20.0,13,0,20.0,5.0
760933,GTA.JUL2012.>0.75,Global Temperature Anomaly for Jul 2012 to be greater than 0.75 Degrees C,2012-07-20,,,,20.0,13,0,20.0,5.0
760933,GTA.JUL2012.>0.75,Global Temperature Anomaly for Jul 2012 to be greater than 0.75 Degrees C,2012-07-21,,,,20.0,13,0,20.0,5.0
760933,GTA.JUL2012.>0.75,Global Temperature Anomaly for Jul 2012 to be greater than 0.75 Degrees C,2012-07-22,,,,20.0,13,0,20.0,5.0
760933,GTA.JUL2012.>0.75,Global Temperature Anomaly for Jul 2012 to be greater than 0.75 Degrees C,2012-07-23,,,,20.0,13,0,20.0,5.0
760933,GTA.JUL2012.>0.75,Global Temperature Anomaly for Jul 2012 to be greater than 0.75 Degrees C,2012-07-24,,,,20.0,13,0,20.0,5.0
760933,GTA.JUL2012.>0.75,Global Temperature Anomaly for Jul 2012 to be greater than 0.75 Degrees C,2012-07-25,,,,20.0,13,0,20.0,5.0
760933,GTA.JUL2012.>0.75,Global Temperature Anomaly for Jul 2012 to be greater than 0.75 Degrees C,2012-07-26,,,,20.0,13,0,20.0,5.0
760933,GTA.JUL2012.>0.75,Global Temperature Anomaly for Jul 2012 to be greater than 0.75 Degrees C,2012-07-27,,,,20.0,13,0,20.0,5.0
760933,GTA.JUL2012.>0.75,Global Temperature Anomaly for Jul 2012 to be greater than 0.75 Degrees C,2012-07-28,,,,20.0,13,0,20.0,5.0
760933,GTA.JUL2012.>0.75,Global Temperature Anomaly for Jul 2012 to be greater than 0.75 Degrees C,2012-07-29,,,,20.0,13,0,20.0,5.0
760933,GTA.JUL2012.>0.75,Global Temperature Anomaly for Jul 2012 to be greater than 0.75 Degrees C,2012-07-30,,,,20.0,13,0,20.0,5.0
760933,GTA.JUL2012.>0.75,Global Temperature Anomaly for Jul 2012 to be greater than 0.75 Degrees C,2012-07-31,,,,20.0,13,0,20.0,5.0
760933,GTA.JUL2012.>0.75,Global Temperature Anomaly for Jul 2012 to be greater than 0.75 Degrees C,2012-08-01,,,,20.0,13,0,20.0,5.0
760933,GTA.JUL2012.>0.75,Global Temperature Anomaly for Jul 2012 to be greater than 0.75 Degrees C,2012-08-02,,,,20.0,13,0,20.0,5.0
760933,GTA.JUL2012.>0.75,Global Temperature Anomaly for Jul 2012 to be greater than 0.75 Degrees C,2012-08-03,4.0,4.5,4.0,4.0,19,6,20.0,4.0
760933,GTA.JUL2012.>0.75,Global Temperature Anomaly for Jul 2012 to be greater than 0.75 Degrees C,2012-08-04,,,,4.0,19,0,20.0,4.0
760933,GTA.JUL2012.>0.75,Global Temperature Anomaly for Jul 2012 to be greater than 0.75 Degrees C,2012-08-05,3.0,3.0,3.0,3.0,21,2,20.0,3.0
760933,GTA.JUL2012.>0.75,Global Temperature Anomaly for Jul 2012 to be greater than 0.75 Degrees C,2012-08-06,,,,3.0,21,0,20.0,3.0
760933,GTA.JUL2012.>0.75,Global Temperature Anomaly for Jul 2012 to be greater than 0.75 Degrees C,2012-08-07,,,,3.0,21,0,20.0,3.0
760933,GTA.JUL2012.>0.75,Global Temperature Anomaly for Jul 2012 to be greater than 0.75 Degrees C,2012-08-08,,,,3.0,21,0,20.0,3.0
760933,GTA.JUL2012.>0.75,Global Temperature Anomaly for Jul 2012 to be greater than 0.75 Degrees C,2012-08-09,,,,3.0,21,0,20.0,3.0
760933,GTA.JUL2012.>0.75,Global Temperature Anomaly for Jul 2012 to be greater than 0.75 Degrees C,2012-08-10,,,,3.0,21,0,20.0,3.0
760933,GTA.JUL2012.>0.75,Global Temperature Anomaly for Jul 2012 to be greater than 0.75 Degrees C,2012-08-11,,,,3.0,21,0,20.0,3.0
760933,GTA.JUL2012.>0.75,Global Temperature Anomaly for Jul 2012 to be greater than 0.75 Degrees C,2012-08-12,,,,3.0,21,0,20.0,3.0
