market id,market symbol,market name,trade quantity,trade price,date/time [utc]
757514,GTA.NOV2012.>0.45,Global Temperature Anomaly for Nov 2012 to be greater than 0.45 Degrees C,3,80.0,Aug/13/2012 17:44:57
757514,GTA.NOV2012.>0.45,Global Temperature Anomaly for Nov 2012 to be greater than 0.45 Degrees C,7,80.0,Aug/31/2012 20:54:35
757514,GTA.NOV2012.>0.45,Global Temperature Anomaly for Nov 2012 to be greater than 0.45 Degrees C,2,90.5,Oct/01/2012 20:47:52
757514,GTA.NOV2012.>0.45,Global Temperature Anomaly for Nov 2012 to be greater than 0.45 Degrees C,4,90.1,Oct/02/2012 13:58:37
757514,GTA.NOV2012.>0.45,Global Temperature Anomaly for Nov 2012 to be greater than 0.45 Degrees C,1,88.8,Nov/01/2012 14:03:46
757514,GTA.NOV2012.>0.45,Global Temperature Anomaly for Nov 2012 to be greater than 0.45 Degrees C,17,99.7,Nov/29/2012 18:07:08
