market id,market symbol,market name,business day,session open,session high,session low,closing price,open interest,session trade volume,lifetime high,lifetime low
757513,GTA.OCT2012.>0.45,Global Temperature Anomaly for Oct 2012 to be greater than 0.45 Degrees C,2012-02-15,0.0,0.0,0.0,0.0,0,0,0.0,0.0
757513,GTA.OCT2012.>0.45,Global Temperature Anomaly for Oct 2012 to be greater than 0.45 Degrees C,2012-02-16,0.0,0.0,0.0,0.0,0,0,0.0,0.0
757513,GTA.OCT2012.>0.45,Global Temperature Anomaly for Oct 2012 to be greater than 0.45 Degrees C,2012-02-17,0.0,0.0,0.0,0.0,0,0,0.0,0.0
757513,GTA.OCT2012.>0.45,Global Temperature Anomaly for Oct 2012 to be greater than 0.45 Degrees C,2012-02-18,0.0,0.0,0.0,0.0,0,0,0.0,0.0
757513,GTA.OCT2012.>0.45,Global Temperature Anomaly for Oct 2012 to be greater than 0.45 Degrees C,2012-02-19,0.0,0.0,0.0,0.0,0,0,0.0,0.0
757513,GTA.OCT2012.>0.45,Global Temperature Anomaly for Oct 2012 to be greater than 0.45 Degrees C,2012-02-20,0.0,0.0,0.0,0.0,0,0,0.0,0.0
757513,GTA.OCT2012.>0.45,Global Temperature Anomaly for Oct 2012 to be greater than 0.45 Degrees C,2012-02-21,0.0,0.0,0.0,0.0,0,0,0.0,0.0
757513,GTA.OCT2012.>0.45,Global Temperature Anomaly for Oct 2012 to be greater than 0.45 Degrees C,2012-02-22,0.0,0.0,0.0,0.0,0,0,0.0,0.0
757513,GTA.OCT2012.>0.45,Global Temperature Anomaly for Oct 2012 to be greater than 0.45 Degrees C,2012-02-23,0.0,0.0,0.0,0.0,0,0,0.0,0.0
757513,GTA.OCT2012.>0.45,Global Temperature Anomaly for Oct 2012 to be greater than 0.45 Degrees C,2012-02-24,0.0,0.0,0.0,0.0,0,0,0.0,0.0
757513,GTA.OCT2012.>0.45,Global Temperature Anomaly for Oct 2012 to be greater than 0.45 Degrees C,2012-02-25,0.0,0.0,0.0,0.0,0,0,0.0,0.0
757513,GTA.OCT2012.>0.45,Global Temperature Anomaly for Oct 2012 to be greater than 0.45 Degrees C,2012-02-26,0.0,0.0,0.0,0.0,0,0,0.0,0.0
757513,GTA.OCT2012.>0.45,Global Temperature Anomaly for Oct 2012 to be greater than 0.45 Degrees C,2012-02-27,0.0,0.0,0.0,0.0,0,0,0.0,0.0
757513,GTA.OCT2012.>0.45,Global Temperature Anomaly for Oct 2012 to be greater than 0.45 Degrees C,2012-02-28,0.0,0.0,0.0,0.0,0,0,0.0,0.0
757513,GTA.OCT2012.>0.45,Global Temperature Anomaly for Oct 2012 to be greater than 0.45 Degrees C,2012-02-29,0.0,0.0,0.0,0.0,0,0,0.0,0.0
757513,GTA.OCT2012.>0.45,Global Temperature Anomaly for Oct 2012 to be greater than 0.45 Degrees C,2012-03-01,0.0,0.0,0.0,0.0,0,0,0.0,0.0
757513,GTA.OCT2012.>0.45,Global Temperature Anomaly for Oct 2012 to be greater than 0.45 Degrees C,2012-03-02,,,,,0,0,,
757513,GTA.OCT2012.>0.45,Global Temperature Anomaly for Oct 2012 to be greater than 0.45 Degrees C,2012-03-03,,,,,0,0,,
757513,GTA.OCT2012.>0.45,Global Temperature Anomaly for Oct 2012 to be greater than 0.45 Degrees C,2012-03-04,,,,,0,0,,
757513,GTA.OCT2012.>0.45,Global Temperature Anomaly for Oct 2012 to be greater than 0.45 Degrees C,2012-03-05,,,,,0,0,,
757513,GTA.OCT2012.>0.45,Global Temperature Anomaly for Oct 2012 to be greater than 0.45 Degrees C,2012-03-06,,,,,0,0,,
757513,GTA.OCT2012.>0.45,Global Temperature Anomaly for Oct 2012 to be greater than 0.45 Degrees C,2012-03-07,,,,,0,0,,
757513,GTA.OCT2012.>0.45,Global Temperature Anomaly for Oct 2012 to be greater than 0.45 Degrees C,2012-03-08,,,,,0,0,,
757513,GTA.OCT2012.>0.45,Global Temperature Anomaly for Oct 2012 to be greater than 0.45 Degrees C,2012-03-09,,,,,0,0,,
757513,GTA.OCT2012.>0.45,Global Temperature Anomaly for Oct 2012 to be greater than 0.45 Degrees C,2012-03-10,,,,,0,0,,
757513,GTA.OCT2012.>0.45,Global Temperature Anomaly for Oct 2012 to be greater than 0.45 Degrees C,2012-03-11,,,,,0,0,,
757513,GTA.OCT2012.>0.45,Global Temperature Anomaly for Oct 2012 to be greater than 0.45 Degrees C,2012-03-12,,,,,0,0,,
757513,GTA.OCT2012.>0.45,Global Temperature Anomaly for Oct 2012 to be greater than 0.45 Degrees C,2012-03-13,,,,,0,0,,
757513,GTA.OCT2012.>0.45,Global Temperature Anomaly for Oct 2012 to be greater than 0.45 Degrees C,2012-03-14,,,,,0,0,,
757513,GTA.OCT2012.>0.45,Global Temperature Anomaly for Oct 2012 to be greater than 0.45 Degrees C,2012-03-15,,,,,0,0,,
757513,GTA.OCT2012.>0.45,Global Temperature Anomaly for Oct 2012 to be greater than 0.45 Degrees C,2012-03-16,,,,,0,0,,
757513,GTA.OCT2012.>0.45,Global Temperature Anomaly for Oct 2012 to be greater than 0.45 Degrees C,2012-03-17,,,,,0,0,,
757513,GTA.OCT2012.>0.45,Global Temperature Anomaly for Oct 2012 to be greater than 0.45 Degrees C,2012-03-18,,,,,0,0,,
757513,GTA.OCT2012.>0.45,Global Temperature Anomaly for Oct 2012 to be greater than 0.45 Degrees C,2012-03-19,,,,,0,0,,
757513,GTA.OCT2012.>0.45,Global Temperature Anomaly for Oct 2012 to be greater than 0.45 Degrees C,2012-03-20,,,,,0,0,,
757513,GTA.OCT2012.>0.45,Global Temperature Anomaly for Oct 2012 to be greater than 0.45 Degrees C,2012-03-21,,,,,0,0,,
757513,GTA.OCT2012.>0.45,Global Temperature Anomaly for Oct 2012 to be greater than 0.45 Degrees C,2012-03-22,,,,,0,0,,
757513,GTA.OCT2012.>0.45,Global Temperature Anomaly for Oct 2012 to be greater than 0.45 Degrees C,2012-03-23,,,,,0,0,,
757513,GTA.OCT2012.>0.45,Global Temperature Anomaly for Oct 2012 to be greater than 0.45 Degrees C,2012-03-24,,,,,0,0,,
757513,GTA.OCT2012.>0.45,Global Temperature Anomaly for Oct 2012 to be greater than 0.45 Degrees C,2012-03-25,,,,,0,0,,
757513,GTA.OCT2012.>0.45,Global Temperature Anomaly for Oct 2012 to be greater than 0.45 Degrees C,2012-03-26,,,,,0,0,,
757513,GTA.OCT2012.>0.45,Global Temperature Anomaly for Oct 2012 to be greater than 0.45 Degrees C,2012-03-27,,,,,0,0,,
757513,GTA.OCT2012.>0.45,Global Temperature Anomaly for Oct 2012 to be greater than 0.45 Degrees C,2012-03-28,,,,,0,0,,
757513,GTA.OCT2012.>0.45,Global Temperature Anomaly for Oct 2012 to be greater than 0.45 Degrees C,2012-03-29,,,,,0,0,,
757513,GTA.OCT2012.>0.45,Global Temperature Anomaly for Oct 2012 to be greater than 0.45 Degrees C,2012-03-30,,,,,0,0,,
757513,GTA.OCT2012.>0.45,Global Temperature Anomaly for Oct 2012 to be greater than 0.45 Degrees C,2012-03-31,,,,,0,0,,
757513,GTA.OCT2012.>0.45,Global Temperature Anomaly for Oct 2012 to be greater than 0.45 Degrees C,2012-04-01,,,,,0,0,,
757513,GTA.OCT2012.>0.45,Global Temperature Anomaly for Oct 2012 to be greater than 0.45 Degrees C,2012-04-02,,,,,0,0,,
757513,GTA.OCT2012.>0.45,Global Temperature Anomaly for Oct 2012 to be greater than 0.45 Degrees C,2012-04-03,,,,,0,0,,
757513,GTA.OCT2012.>0.45,Global Temperature Anomaly for Oct 2012 to be greater than 0.45 Degrees C,2012-04-04,,,,,0,0,,
757513,GTA.OCT2012.>0.45,Global Temperature Anomaly for Oct 2012 to be greater than 0.45 Degrees C,2012-04-05,,,,,0,0,,
757513,GTA.OCT2012.>0.45,Global Temperature Anomaly for Oct 2012 to be greater than 0.45 Degrees C,2012-04-06,,,,,0,0,,
757513,GTA.OCT2012.>0.45,Global Temperature Anomaly for Oct 2012 to be greater than 0.45 Degrees C,2012-04-07,,,,,0,0,,
757513,GTA.OCT2012.>0.45,Global Temperature Anomaly for Oct 2012 to be greater than 0.45 Degrees C,2012-04-08,,,,,0,0,,
757513,GTA.OCT2012.>0.45,Global Temperature Anomaly for Oct 2012 to be greater than 0.45 Degrees C,2012-04-09,,,,,0,0,,
757513,GTA.OCT2012.>0.45,Global Temperature Anomaly for Oct 2012 to be greater than 0.45 Degrees C,2012-04-10,,,,,0,0,,
757513,GTA.OCT2012.>0.45,Global Temperature Anomaly for Oct 2012 to be greater than 0.45 Degrees C,2012-04-11,,,,,0,0,,
757513,GTA.OCT2012.>0.45,Global Temperature Anomaly for Oct 2012 to be greater than 0.45 Degrees C,2012-04-12,,,,,0,0,,
757513,GTA.OCT2012.>0.45,Global Temperature Anomaly for Oct 2012 to be greater than 0.45 Degrees C,2012-04-13,,,,,0,0,,
757513,GTA.OCT2012.>0.45,Global Temperature Anomaly for Oct 2012 to be greater than 0.45 Degrees C,2012-04-14,,,,,0,0,,
757513,GTA.OCT2012.>0.45,Global Temperature Anomaly for Oct 2012 to be greater than 0.45 Degrees C,2012-04-15,,,,,0,0,,
757513,GTA.OCT2012.>0.45,Global Temperature Anomaly for Oct 2012 to be greater than 0.45 Degrees C,2012-04-16,,,,,0,0,,
757513,GTA.OCT2012.>0.45,Global Temperature Anomaly for Oct 2012 to be greater than 0.45 Degrees C,2012-04-17,,,,,0,0,,
757513,GTA.OCT2012.>0.45,Global Temperature Anomaly for Oct 2012 to be greater than 0.45 Degrees C,2012-04-18,,,,,0,0,,
757513,GTA.OCT2012.>0.45,Global Temperature Anomaly for Oct 2012 to be greater than 0.45 Degrees C,2012-04-19,,,,,0,0,,
757513,GTA.OCT2012.>0.45,Global Temperature Anomaly for Oct 2012 to be greater than 0.45 Degrees C,2012-04-20,,,,,0,0,,
757513,GTA.OCT2012.>0.45,Global Temperature Anomaly for Oct 2012 to be greater than 0.45 Degrees C,2012-04-21,,,,,0,0,,
757513,GTA.OCT2012.>0.45,Global Temperature Anomaly for Oct 2012 to be greater than 0.45 Degrees C,2012-04-22,,,,,0,0,,
757513,GTA.OCT2012.>0.45,Global Temperature Anomaly for Oct 2012 to be greater than 0.45 Degrees C,2012-04-23,,,,,0,0,,
757513,GTA.OCT2012.>0.45,Global Temperature Anomaly for Oct 2012 to be greater than 0.45 Degrees C,2012-04-24,,,,,0,0,,
757513,GTA.OCT2012.>0.45,Global Temperature Anomaly for Oct 2012 to be greater than 0.45 Degrees C,2012-04-25,,,,,0,0,,
757513,GTA.OCT2012.>0.45,Global Temperature Anomaly for Oct 2012 to be greater than 0.45 Degrees C,2012-04-26,,,,,0,0,,
757513,GTA.OCT2012.>0.45,Global Temperature Anomaly for Oct 2012 to be greater than 0.45 Degrees C,2012-04-27,,,,,0,0,,
757513,GTA.OCT2012.>0.45,Global Temperature Anomaly for Oct 2012 to be greater than 0.45 Degrees C,2012-04-28,,,,,0,0,,
757513,GTA.OCT2012.>0.45,Global Temperature Anomaly for Oct 2012 to be greater than 0.45 Degrees C,2012-04-29,,,,,0,0,,
757513,GTA.OCT2012.>0.45,Global Temperature Anomaly for Oct 2012 to be greater than 0.45 Degrees C,2012-04-30,,,,,0,0,,
757513,GTA.OCT2012.>0.45,Global Temperature Anomaly for Oct 2012 to be greater than 0.45 Degrees C,2012-05-01,,,,,0,0,,
757513,GTA.OCT2012.>0.45,Global Temperature Anomaly for Oct 2012 to be greater than 0.45 Degrees C,2012-05-02,,,,,0,0,,
757513,GTA.OCT2012.>0.45,Global Temperature Anomaly for Oct 2012 to be greater than 0.45 Degrees C,2012-05-03,,,,,0,0,,
757513,GTA.OCT2012.>0.45,Global Temperature Anomaly for Oct 2012 to be greater than 0.45 Degrees C,2012-05-04,,,,,0,0,,
757513,GTA.OCT2012.>0.45,Global Temperature Anomaly for Oct 2012 to be greater than 0.45 Degrees C,2012-05-05,,,,,0,0,,
757513,GTA.OCT2012.>0.45,Global Temperature Anomaly for Oct 2012 to be greater than 0.45 Degrees C,2012-05-06,,,,,0,0,,
757513,GTA.OCT2012.>0.45,Global Temperature Anomaly for Oct 2012 to be greater than 0.45 Degrees C,2012-05-07,,,,,0,0,,
757513,GTA.OCT2012.>0.45,Global Temperature Anomaly for Oct 2012 to be greater than 0.45 Degrees C,2012-05-08,,,,,0,0,,
757513,GTA.OCT2012.>0.45,Global Temperature Anomaly for Oct 2012 to be greater than 0.45 Degrees C,2012-05-09,,,,,0,0,,
757513,GTA.OCT2012.>0.45,Global Temperature Anomaly for Oct 2012 to be greater than 0.45 Degrees C,2012-05-10,,,,,0,0,,
757513,GTA.OCT2012.>0.45,Global Temperature Anomaly for Oct 2012 to be greater than 0.45 Degrees C,2012-05-11,,,,,0,0,,
757513,GTA.OCT2012.>0.45,Global Temperature Anomaly for Oct 2012 to be greater than 0.45 Degrees C,2012-05-12,,,,,0,0,,
757513,GTA.OCT2012.>0.45,Global Temperature Anomaly for Oct 2012 to be greater than 0.45 Degrees C,2012-05-13,,,,,0,0,,
757513,GTA.OCT2012.>0.45,Global Temperature Anomaly for Oct 2012 to be greater than 0.45 Degrees C,2012-05-14,,,,,0,0,,
757513,GTA.OCT2012.>0.45,Global Temperature Anomaly for Oct 2012 to be greater than 0.45 Degrees C,2012-05-15,,,,,0,0,,
757513,GTA.OCT2012.>0.45,Global Temperature Anomaly for Oct 2012 to be greater than 0.45 Degrees C,2012-05-16,,,,,0,0,,
757513,GTA.OCT2012.>0.45,Global Temperature Anomaly for Oct 2012 to be greater than 0.45 Degrees C,2012-05-17,,,,,0,0,,
757513,GTA.OCT2012.>0.45,Global Temperature Anomaly for Oct 2012 to be greater than 0.45 Degrees C,2012-05-18,,,,,0,0,,
757513,GTA.OCT2012.>0.45,Global Temperature Anomaly for Oct 2012 to be greater than 0.45 Degrees C,2012-05-19,,,,,0,0,,
757513,GTA.OCT2012.>0.45,Global Temperature Anomaly for Oct 2012 to be greater than 0.45 Degrees C,2012-05-20,,,,,0,0,,
757513,GTA.OCT2012.>0.45,Global Temperature Anomaly for Oct 2012 to be greater than 0.45 Degrees C,2012-05-21,,,,,0,0,,
757513,GTA.OCT2012.>0.45,Global Temperature Anomaly for Oct 2012 to be greater than 0.45 Degrees C,2012-05-22,,,,,0,0,,
757513,GTA.OCT2012.>0.45,Global Temperature Anomaly for Oct 2012 to be greater than 0.45 Degrees C,2012-05-23,,,,,0,0,,
757513,GTA.OCT2012.>0.45,Global Temperature Anomaly for Oct 2012 to be greater than 0.45 Degrees C,2012-05-24,,,,,0,0,,
757513,GTA.OCT2012.>0.45,Global Temperature Anomaly for Oct 2012 to be greater than 0.45 Degrees C,2012-05-25,,,,,0,0,,
757513,GTA.OCT2012.>0.45,Global Temperature Anomaly for Oct 2012 to be greater than 0.45 Degrees C,2012-05-26,,,,,0,0,,
757513,GTA.OCT2012.>0.45,Global Temperature Anomaly for Oct 2012 to be greater than 0.45 Degrees C,2012-05-27,,,,,0,0,,
757513,GTA.OCT2012.>0.45,Global Temperature Anomaly for Oct 2012 to be greater than 0.45 Degrees C,2012-05-28,,,,,0,0,,
757513,GTA.OCT2012.>0.45,Global Temperature Anomaly for Oct 2012 to be greater than 0.45 Degrees C,2012-05-29,,,,,0,0,,
757513,GTA.OCT2012.>0.45,Global Temperature Anomaly for Oct 2012 to be greater than 0.45 Degrees C,2012-05-30,,,,,0,0,,
757513,GTA.OCT2012.>0.45,Global Temperature Anomaly for Oct 2012 to be greater than 0.45 Degrees C,2012-05-31,,,,,0,0,,
757513,GTA.OCT2012.>0.45,Global Temperature Anomaly for Oct 2012 to be greater than 0.45 Degrees C,2012-06-01,,,,,0,0,,
757513,GTA.OCT2012.>0.45,Global Temperature Anomaly for Oct 2012 to be greater than 0.45 Degrees C,2012-06-02,,,,,0,0,,
757513,GTA.OCT2012.>0.45,Global Temperature Anomaly for Oct 2012 to be greater than 0.45 Degrees C,2012-06-03,,,,,0,0,,
757513,GTA.OCT2012.>0.45,Global Temperature Anomaly for Oct 2012 to be greater than 0.45 Degrees C,2012-06-04,,,,,0,0,,
757513,GTA.OCT2012.>0.45,Global Temperature Anomaly for Oct 2012 to be greater than 0.45 Degrees C,2012-06-05,,,,,0,0,,
757513,GTA.OCT2012.>0.45,Global Temperature Anomaly for Oct 2012 to be greater than 0.45 Degrees C,2012-06-06,,,,,0,0,,
757513,GTA.OCT2012.>0.45,Global Temperature Anomaly for Oct 2012 to be greater than 0.45 Degrees C,2012-06-07,,,,,0,0,,
757513,GTA.OCT2012.>0.45,Global Temperature Anomaly for Oct 2012 to be greater than 0.45 Degrees C,2012-06-08,,,,,0,0,,
757513,GTA.OCT2012.>0.45,Global Temperature Anomaly for Oct 2012 to be greater than 0.45 Degrees C,2012-06-09,,,,,0,0,,
757513,GTA.OCT2012.>0.45,Global Temperature Anomaly for Oct 2012 to be greater than 0.45 Degrees C,2012-06-10,,,,,0,0,,
757513,GTA.OCT2012.>0.45,Global Temperature Anomaly for Oct 2012 to be greater than 0.45 Degrees C,2012-06-11,,,,,0,0,,
757513,GTA.OCT2012.>0.45,Global Temperature Anomaly for Oct 2012 to be greater than 0.45 Degrees C,2012-06-12,,,,,0,0,,
757513,GTA.OCT2012.>0.45,Global Temperature Anomaly for Oct 2012 to be greater than 0.45 Degrees C,2012-06-13,,,,,0,0,,
757513,GTA.OCT2012.>0.45,Global Temperature Anomaly for Oct 2012 to be greater than 0.45 Degrees C,2012-06-14,,,,,0,0,,
757513,GTA.OCT2012.>0.45,Global Temperature Anomaly for Oct 2012 to be greater than 0.45 Degrees C,2012-06-15,,,,,0,0,,
757513,GTA.OCT2012.>0.45,Global Temperature Anomaly for Oct 2012 to be greater than 0.45 Degrees C,2012-06-16,,,,,0,0,,
757513,GTA.OCT2012.>0.45,Global Temperature Anomaly for Oct 2012 to be greater than 0.45 Degrees C,2012-06-17,,,,,0,0,,
757513,GTA.OCT2012.>0.45,Global Temperature Anomaly for Oct 2012 to be greater than 0.45 Degrees C,2012-06-18,,,,,0,0,,
757513,GTA.OCT2012.>0.45,Global Temperature Anomaly for Oct 2012 to be greater than 0.45 Degrees C,2012-06-19,,,,,0,0,,
757513,GTA.OCT2012.>0.45,Global Temperature Anomaly for Oct 2012 to be greater than 0.45 Degrees C,2012-06-20,,,,,0,0,,
757513,GTA.OCT2012.>0.45,Global Temperature Anomaly for Oct 2012 to be greater than 0.45 Degrees C,2012-06-21,,,,,0,0,,
757513,GTA.OCT2012.>0.45,Global Temperature Anomaly for Oct 2012 to be greater than 0.45 Degrees C,2012-06-22,,,,,0,0,,
757513,GTA.OCT2012.>0.45,Global Temperature Anomaly for Oct 2012 to be greater than 0.45 Degrees C,2012-06-23,,,,,0,0,,
757513,GTA.OCT2012.>0.45,Global Temperature Anomaly for Oct 2012 to be greater than 0.45 Degrees C,2012-06-24,,,,,0,0,,
757513,GTA.OCT2012.>0.45,Global Temperature Anomaly for Oct 2012 to be greater than 0.45 Degrees C,2012-06-25,,,,,0,0,,
757513,GTA.OCT2012.>0.45,Global Temperature Anomaly for Oct 2012 to be greater than 0.45 Degrees C,2012-06-26,,,,,0,0,,
757513,GTA.OCT2012.>0.45,Global Temperature Anomaly for Oct 2012 to be greater than 0.45 Degrees C,2012-06-27,,,,,0,0,,
757513,GTA.OCT2012.>0.45,Global Temperature Anomaly for Oct 2012 to be greater than 0.45 Degrees C,2012-06-28,,,,,0,0,,
757513,GTA.OCT2012.>0.45,Global Temperature Anomaly for Oct 2012 to be greater than 0.45 Degrees C,2012-06-29,,,,,0,0,,
757513,GTA.OCT2012.>0.45,Global Temperature Anomaly for Oct 2012 to be greater than 0.45 Degrees C,2012-06-30,,,,,0,0,,
757513,GTA.OCT2012.>0.45,Global Temperature Anomaly for Oct 2012 to be greater than 0.45 Degrees C,2012-07-01,,,,,0,0,,
757513,GTA.OCT2012.>0.45,Global Temperature Anomaly for Oct 2012 to be greater than 0.45 Degrees C,2012-07-02,92.0,92.0,92.0,92.0,3,3,92.0,92.0
757513,GTA.OCT2012.>0.45,Global Temperature Anomaly for Oct 2012 to be greater than 0.45 Degrees C,2012-07-03,,,,92.0,3,0,92.0,92.0
757513,GTA.OCT2012.>0.45,Global Temperature Anomaly for Oct 2012 to be greater than 0.45 Degrees C,2012-07-04,,,,92.0,3,0,92.0,92.0
757513,GTA.OCT2012.>0.45,Global Temperature Anomaly for Oct 2012 to be greater than 0.45 Degrees C,2012-07-05,,,,92.0,3,0,92.0,92.0
757513,GTA.OCT2012.>0.45,Global Temperature Anomaly for Oct 2012 to be greater than 0.45 Degrees C,2012-07-06,,,,92.0,3,0,92.0,92.0
757513,GTA.OCT2012.>0.45,Global Temperature Anomaly for Oct 2012 to be greater than 0.45 Degrees C,2012-07-07,,,,92.0,3,0,92.0,92.0
757513,GTA.OCT2012.>0.45,Global Temperature Anomaly for Oct 2012 to be greater than 0.45 Degrees C,2012-07-08,,,,92.0,3,0,92.0,92.0
757513,GTA.OCT2012.>0.45,Global Temperature Anomaly for Oct 2012 to be greater than 0.45 Degrees C,2012-07-09,,,,92.0,3,0,92.0,92.0
757513,GTA.OCT2012.>0.45,Global Temperature Anomaly for Oct 2012 to be greater than 0.45 Degrees C,2012-07-10,,,,92.0,3,0,92.0,92.0
757513,GTA.OCT2012.>0.45,Global Temperature Anomaly for Oct 2012 to be greater than 0.45 Degrees C,2012-07-11,,,,92.0,3,0,92.0,92.0
757513,GTA.OCT2012.>0.45,Global Temperature Anomaly for Oct 2012 to be greater than 0.45 Degrees C,2012-07-12,,,,92.0,3,0,92.0,92.0
757513,GTA.OCT2012.>0.45,Global Temperature Anomaly for Oct 2012 to be greater than 0.45 Degrees C,2012-07-13,,,,92.0,3,0,92.0,92.0
757513,GTA.OCT2012.>0.45,Global Temperature Anomaly for Oct 2012 to be greater than 0.45 Degrees C,2012-07-14,,,,92.0,3,0,92.0,92.0
757513,GTA.OCT2012.>0.45,Global Temperature Anomaly for Oct 2012 to be greater than 0.45 Degrees C,2012-07-15,,,,92.0,3,0,92.0,92.0
757513,GTA.OCT2012.>0.45,Global Temperature Anomaly for Oct 2012 to be greater than 0.45 Degrees C,2012-07-16,,,,92.0,3,0,92.0,92.0
757513,GTA.OCT2012.>0.45,Global Temperature Anomaly for Oct 2012 to be greater than 0.45 Degrees C,2012-07-17,,,,92.0,3,0,92.0,92.0
757513,GTA.OCT2012.>0.45,Global Temperature Anomaly for Oct 2012 to be greater than 0.45 Degrees C,2012-07-18,,,,92.0,3,0,92.0,92.0
757513,GTA.OCT2012.>0.45,Global Temperature Anomaly for Oct 2012 to be greater than 0.45 Degrees C,2012-07-19,,,,92.0,3,0,92.0,92.0
757513,GTA.OCT2012.>0.45,Global Temperature Anomaly for Oct 2012 to be greater than 0.45 Degrees C,2012-07-20,,,,92.0,3,0,92.0,92.0
757513,GTA.OCT2012.>0.45,Global Temperature Anomaly for Oct 2012 to be greater than 0.45 Degrees C,2012-07-21,,,,92.0,3,0,92.0,92.0
757513,GTA.OCT2012.>0.45,Global Temperature Anomaly for Oct 2012 to be greater than 0.45 Degrees C,2012-07-22,,,,92.0,3,0,92.0,92.0
757513,GTA.OCT2012.>0.45,Global Temperature Anomaly for Oct 2012 to be greater than 0.45 Degrees C,2012-07-23,,,,92.0,3,0,92.0,92.0
757513,GTA.OCT2012.>0.45,Global Temperature Anomaly for Oct 2012 to be greater than 0.45 Degrees C,2012-07-24,,,,92.0,3,0,92.0,92.0
757513,GTA.OCT2012.>0.45,Global Temperature Anomaly for Oct 2012 to be greater than 0.45 Degrees C,2012-07-25,,,,92.0,3,0,92.0,92.0
757513,GTA.OCT2012.>0.45,Global Temperature Anomaly for Oct 2012 to be greater than 0.45 Degrees C,2012-07-26,,,,92.0,3,0,92.0,92.0
757513,GTA.OCT2012.>0.45,Global Temperature Anomaly for Oct 2012 to be greater than 0.45 Degrees C,2012-07-27,,,,92.0,3,0,92.0,92.0
757513,GTA.OCT2012.>0.45,Global Temperature Anomaly for Oct 2012 to be greater than 0.45 Degrees C,2012-07-28,,,,92.0,3,0,92.0,92.0
757513,GTA.OCT2012.>0.45,Global Temperature Anomaly for Oct 2012 to be greater than 0.45 Degrees C,2012-07-29,,,,92.0,3,0,92.0,92.0
757513,GTA.OCT2012.>0.45,Global Temperature Anomaly for Oct 2012 to be greater than 0.45 Degrees C,2012-07-30,,,,92.0,3,0,92.0,92.0
757513,GTA.OCT2012.>0.45,Global Temperature Anomaly for Oct 2012 to be greater than 0.45 Degrees C,2012-07-31,,,,92.0,3,0,92.0,92.0
757513,GTA.OCT2012.>0.45,Global Temperature Anomaly for Oct 2012 to be greater than 0.45 Degrees C,2012-08-01,,,,92.0,3,0,92.0,92.0
757513,GTA.OCT2012.>0.45,Global Temperature Anomaly for Oct 2012 to be greater than 0.45 Degrees C,2012-08-02,,,,92.0,3,0,92.0,92.0
757513,GTA.OCT2012.>0.45,Global Temperature Anomaly for Oct 2012 to be greater than 0.45 Degrees C,2012-08-03,,,,92.0,3,0,92.0,92.0
757513,GTA.OCT2012.>0.45,Global Temperature Anomaly for Oct 2012 to be greater than 0.45 Degrees C,2012-08-04,,,,92.0,3,0,92.0,92.0
757513,GTA.OCT2012.>0.45,Global Temperature Anomaly for Oct 2012 to be greater than 0.45 Degrees C,2012-08-05,,,,92.0,3,0,92.0,92.0
757513,GTA.OCT2012.>0.45,Global Temperature Anomaly for Oct 2012 to be greater than 0.45 Degrees C,2012-08-06,,,,92.0,3,0,92.0,92.0
757513,GTA.OCT2012.>0.45,Global Temperature Anomaly for Oct 2012 to be greater than 0.45 Degrees C,2012-08-07,,,,92.0,3,0,92.0,92.0
757513,GTA.OCT2012.>0.45,Global Temperature Anomaly for Oct 2012 to be greater than 0.45 Degrees C,2012-08-08,,,,92.0,3,0,92.0,92.0
757513,GTA.OCT2012.>0.45,Global Temperature Anomaly for Oct 2012 to be greater than 0.45 Degrees C,2012-08-09,,,,92.0,3,0,92.0,92.0
757513,GTA.OCT2012.>0.45,Global Temperature Anomaly for Oct 2012 to be greater than 0.45 Degrees C,2012-08-10,,,,92.0,3,0,92.0,92.0
757513,GTA.OCT2012.>0.45,Global Temperature Anomaly for Oct 2012 to be greater than 0.45 Degrees C,2012-08-11,,,,92.0,3,0,92.0,92.0
757513,GTA.OCT2012.>0.45,Global Temperature Anomaly for Oct 2012 to be greater than 0.45 Degrees C,2012-08-12,,,,92.0,3,0,92.0,92.0
757513,GTA.OCT2012.>0.45,Global Temperature Anomaly for Oct 2012 to be greater than 0.45 Degrees C,2012-08-13,81.0,81.0,81.0,81.0,7,4,92.0,81.0
757513,GTA.OCT2012.>0.45,Global Temperature Anomaly for Oct 2012 to be greater than 0.45 Degrees C,2012-08-14,,,,81.0,7,0,92.0,81.0
757513,GTA.OCT2012.>0.45,Global Temperature Anomaly for Oct 2012 to be greater than 0.45 Degrees C,2012-08-15,,,,81.0,7,0,92.0,81.0
757513,GTA.OCT2012.>0.45,Global Temperature Anomaly for Oct 2012 to be greater than 0.45 Degrees C,2012-08-16,,,,81.0,7,0,92.0,81.0
757513,GTA.OCT2012.>0.45,Global Temperature Anomaly for Oct 2012 to be greater than 0.45 Degrees C,2012-08-17,,,,81.0,7,0,92.0,81.0
757513,GTA.OCT2012.>0.45,Global Temperature Anomaly for Oct 2012 to be greater than 0.45 Degrees C,2012-08-18,,,,81.0,7,0,92.0,81.0
757513,GTA.OCT2012.>0.45,Global Temperature Anomaly for Oct 2012 to be greater than 0.45 Degrees C,2012-08-19,,,,81.0,7,0,92.0,81.0
757513,GTA.OCT2012.>0.45,Global Temperature Anomaly for Oct 2012 to be greater than 0.45 Degrees C,2012-08-20,,,,81.0,7,0,92.0,81.0
757513,GTA.OCT2012.>0.45,Global Temperature Anomaly for Oct 2012 to be greater than 0.45 Degrees C,2012-08-21,,,,81.0,7,0,92.0,81.0
757513,GTA.OCT2012.>0.45,Global Temperature Anomaly for Oct 2012 to be greater than 0.45 Degrees C,2012-08-22,,,,81.0,7,0,92.0,81.0
757513,GTA.OCT2012.>0.45,Global Temperature Anomaly for Oct 2012 to be greater than 0.45 Degrees C,2012-08-23,,,,81.0,7,0,92.0,81.0
757513,GTA.OCT2012.>0.45,Global Temperature Anomaly for Oct 2012 to be greater than 0.45 Degrees C,2012-08-24,,,,81.0,7,0,92.0,81.0
757513,GTA.OCT2012.>0.45,Global Temperature Anomaly for Oct 2012 to be greater than 0.45 Degrees C,2012-08-25,,,,81.0,7,0,92.0,81.0
757513,GTA.OCT2012.>0.45,Global Temperature Anomaly for Oct 2012 to be greater than 0.45 Degrees C,2012-08-26,,,,81.0,7,0,92.0,81.0
757513,GTA.OCT2012.>0.45,Global Temperature Anomaly for Oct 2012 to be greater than 0.45 Degrees C,2012-08-27,,,,81.0,7,0,92.0,81.0
757513,GTA.OCT2012.>0.45,Global Temperature Anomaly for Oct 2012 to be greater than 0.45 Degrees C,2012-08-28,,,,81.0,7,0,92.0,81.0
757513,GTA.OCT2012.>0.45,Global Temperature Anomaly for Oct 2012 to be greater than 0.45 Degrees C,2012-08-29,,,,81.0,7,0,92.0,81.0
757513,GTA.OCT2012.>0.45,Global Temperature Anomaly for Oct 2012 to be greater than 0.45 Degrees C,2012-08-30,,,,81.0,7,0,92.0,81.0
757513,GTA.OCT2012.>0.45,Global Temperature Anomaly for Oct 2012 to be greater than 0.45 Degrees C,2012-08-31,,,,81.0,7,0,92.0,81.0
757513,GTA.OCT2012.>0.45,Global Temperature Anomaly for Oct 2012 to be greater than 0.45 Degrees C,2012-09-01,,,,81.0,7,0,92.0,81.0
757513,GTA.OCT2012.>0.45,Global Temperature Anomaly for Oct 2012 to be greater than 0.45 Degrees C,2012-09-02,,,,81.0,7,0,92.0,81.0
757513,GTA.OCT2012.>0.45,Global Temperature Anomaly for Oct 2012 to be greater than 0.45 Degrees C,2012-09-03,,,,81.0,7,0,92.0,81.0
757513,GTA.OCT2012.>0.45,Global Temperature Anomaly for Oct 2012 to be greater than 0.45 Degrees C,2012-09-04,,,,81.0,7,0,92.0,81.0
757513,GTA.OCT2012.>0.45,Global Temperature Anomaly for Oct 2012 to be greater than 0.45 Degrees C,2012-09-05,,,,81.0,7,0,92.0,81.0
757513,GTA.OCT2012.>0.45,Global Temperature Anomaly for Oct 2012 to be greater than 0.45 Degrees C,2012-09-06,,,,81.0,7,0,92.0,81.0
757513,GTA.OCT2012.>0.45,Global Temperature Anomaly for Oct 2012 to be greater than 0.45 Degrees C,2012-09-07,,,,81.0,7,0,92.0,81.0
757513,GTA.OCT2012.>0.45,Global Temperature Anomaly for Oct 2012 to be greater than 0.45 Degrees C,2012-09-08,,,,81.0,7,0,92.0,81.0
757513,GTA.OCT2012.>0.45,Global Temperature Anomaly for Oct 2012 to be greater than 0.45 Degrees C,2012-09-09,,,,81.0,7,0,92.0,81.0
757513,GTA.OCT2012.>0.45,Global Temperature Anomaly for Oct 2012 to be greater than 0.45 Degrees C,2012-09-10,,,,81.0,7,0,92.0,81.0
757513,GTA.OCT2012.>0.45,Global Temperature Anomaly for Oct 2012 to be greater than 0.45 Degrees C,2012-09-11,,,,81.0,7,0,92.0,81.0
757513,GTA.OCT2012.>0.45,Global Temperature Anomaly for Oct 2012 to be greater than 0.45 Degrees C,2012-09-12,,,,81.0,7,0,92.0,81.0
757513,GTA.OCT2012.>0.45,Global Temperature Anomaly for Oct 2012 to be greater than 0.45 Degrees C,2012-09-13,,,,81.0,7,0,92.0,81.0
757513,GTA.OCT2012.>0.45,Global Temperature Anomaly for Oct 2012 to be greater than 0.45 Degrees C,2012-09-14,,,,81.0,7,0,92.0,81.0
757513,GTA.OCT2012.>0.45,Global Temperature Anomaly for Oct 2012 to be greater than 0.45 Degrees C,2012-09-15,,,,81.0,7,0,92.0,81.0
757513,GTA.OCT2012.>0.45,Global Temperature Anomaly for Oct 2012 to be greater than 0.45 Degrees C,2012-09-16,,,,81.0,7,0,92.0,81.0
757513,GTA.OCT2012.>0.45,Global Temperature Anomaly for Oct 2012 to be greater than 0.45 Degrees C,2012-09-17,,,,81.0,7,0,92.0,81.0
757513,GTA.OCT2012.>0.45,Global Temperature Anomaly for Oct 2012 to be greater than 0.45 Degrees C,2012-09-18,,,,81.0,7,0,92.0,81.0
757513,GTA.OCT2012.>0.45,Global Temperature Anomaly for Oct 2012 to be greater than 0.45 Degrees C,2012-09-19,,,,81.0,7,0,92.0,81.0
757513,GTA.OCT2012.>0.45,Global Temperature Anomaly for Oct 2012 to be greater than 0.45 Degrees C,2012-09-20,,,,81.0,7,0,92.0,81.0
757513,GTA.OCT2012.>0.45,Global Temperature Anomaly for Oct 2012 to be greater than 0.45 Degrees C,2012-09-21,,,,81.0,7,0,92.0,81.0
757513,GTA.OCT2012.>0.45,Global Temperature Anomaly for Oct 2012 to be greater than 0.45 Degrees C,2012-09-22,,,,81.0,7,0,92.0,81.0
757513,GTA.OCT2012.>0.45,Global Temperature Anomaly for Oct 2012 to be greater than 0.45 Degrees C,2012-09-23,,,,81.0,7,0,92.0,81.0
757513,GTA.OCT2012.>0.45,Global Temperature Anomaly for Oct 2012 to be greater than 0.45 Degrees C,2012-09-24,,,,81.0,7,0,92.0,81.0
757513,GTA.OCT2012.>0.45,Global Temperature Anomaly for Oct 2012 to be greater than 0.45 Degrees C,2012-09-25,,,,81.0,7,0,92.0,81.0
757513,GTA.OCT2012.>0.45,Global Temperature Anomaly for Oct 2012 to be greater than 0.45 Degrees C,2012-09-26,,,,81.0,7,0,92.0,81.0
757513,GTA.OCT2012.>0.45,Global Temperature Anomaly for Oct 2012 to be greater than 0.45 Degrees C,2012-09-27,,,,81.0,7,0,92.0,81.0
757513,GTA.OCT2012.>0.45,Global Temperature Anomaly for Oct 2012 to be greater than 0.45 Degrees C,2012-09-28,,,,81.0,7,0,92.0,81.0
757513,GTA.OCT2012.>0.45,Global Temperature Anomaly for Oct 2012 to be greater than 0.45 Degrees C,2012-09-29,,,,81.0,7,0,92.0,81.0
757513,GTA.OCT2012.>0.45,Global Temperature Anomaly for Oct 2012 to be greater than 0.45 Degrees C,2012-09-30,,,,81.0,7,0,92.0,81.0
757513,GTA.OCT2012.>0.45,Global Temperature Anomaly for Oct 2012 to be greater than 0.45 Degrees C,2012-10-01,91.0,91.0,91.0,91.0,9,2,92.0,81.0
757513,GTA.OCT2012.>0.45,Global Temperature Anomaly for Oct 2012 to be greater than 0.45 Degrees C,2012-10-02,90.1,90.1,90.1,90.1,13,4,92.0,81.0
757513,GTA.OCT2012.>0.45,Global Temperature Anomaly for Oct 2012 to be greater than 0.45 Degrees C,2012-10-03,,,,90.1,13,0,92.0,81.0
757513,GTA.OCT2012.>0.45,Global Temperature Anomaly for Oct 2012 to be greater than 0.45 Degrees C,2012-10-04,,,,90.1,13,0,92.0,81.0
757513,GTA.OCT2012.>0.45,Global Temperature Anomaly for Oct 2012 to be greater than 0.45 Degrees C,2012-10-05,,,,90.1,13,0,92.0,81.0
757513,GTA.OCT2012.>0.45,Global Temperature Anomaly for Oct 2012 to be greater than 0.45 Degrees C,2012-10-06,,,,90.1,13,0,92.0,81.0
757513,GTA.OCT2012.>0.45,Global Temperature Anomaly for Oct 2012 to be greater than 0.45 Degrees C,2012-10-07,,,,90.1,13,0,92.0,81.0
757513,GTA.OCT2012.>0.45,Global Temperature Anomaly for Oct 2012 to be greater than 0.45 Degrees C,2012-10-08,,,,90.1,13,0,92.0,81.0
757513,GTA.OCT2012.>0.45,Global Temperature Anomaly for Oct 2012 to be greater than 0.45 Degrees C,2012-10-09,,,,90.1,13,0,92.0,81.0
757513,GTA.OCT2012.>0.45,Global Temperature Anomaly for Oct 2012 to be greater than 0.45 Degrees C,2012-10-10,,,,90.1,13,0,92.0,81.0
757513,GTA.OCT2012.>0.45,Global Temperature Anomaly for Oct 2012 to be greater than 0.45 Degrees C,2012-10-11,,,,90.1,13,0,92.0,81.0
757513,GTA.OCT2012.>0.45,Global Temperature Anomaly for Oct 2012 to be greater than 0.45 Degrees C,2012-10-12,98.5,98.5,98.5,98.5,13,13,98.5,81.0
757513,GTA.OCT2012.>0.45,Global Temperature Anomaly for Oct 2012 to be greater than 0.45 Degrees C,2012-10-13,,,,98.5,13,0,98.5,81.0
757513,GTA.OCT2012.>0.45,Global Temperature Anomaly for Oct 2012 to be greater than 0.45 Degrees C,2012-10-14,,,,98.5,13,0,98.5,81.0
757513,GTA.OCT2012.>0.45,Global Temperature Anomaly for Oct 2012 to be greater than 0.45 Degrees C,2012-10-15,,,,98.5,13,0,98.5,81.0
757513,GTA.OCT2012.>0.45,Global Temperature Anomaly for Oct 2012 to be greater than 0.45 Degrees C,2012-10-16,,,,98.5,13,0,98.5,81.0
757513,GTA.OCT2012.>0.45,Global Temperature Anomaly for Oct 2012 to be greater than 0.45 Degrees C,2012-10-17,,,,98.5,13,0,98.5,81.0
757513,GTA.OCT2012.>0.45,Global Temperature Anomaly for Oct 2012 to be greater than 0.45 Degrees C,2012-10-18,,,,98.5,13,0,98.5,81.0
757513,GTA.OCT2012.>0.45,Global Temperature Anomaly for Oct 2012 to be greater than 0.45 Degrees C,2012-10-19,,,,98.5,13,0,98.5,81.0
757513,GTA.OCT2012.>0.45,Global Temperature Anomaly for Oct 2012 to be greater than 0.45 Degrees C,2012-10-20,,,,98.5,13,0,98.5,81.0
757513,GTA.OCT2012.>0.45,Global Temperature Anomaly for Oct 2012 to be greater than 0.45 Degrees C,2012-10-21,,,,98.5,13,0,98.5,81.0
757513,GTA.OCT2012.>0.45,Global Temperature Anomaly for Oct 2012 to be greater than 0.45 Degrees C,2012-10-22,,,,98.5,13,0,98.5,81.0
757513,GTA.OCT2012.>0.45,Global Temperature Anomaly for Oct 2012 to be greater than 0.45 Degrees C,2012-10-23,,,,98.5,13,0,98.5,81.0
757513,GTA.OCT2012.>0.45,Global Temperature Anomaly for Oct 2012 to be greater than 0.45 Degrees C,2012-10-24,,,,98.5,13,0,98.5,81.0
757513,GTA.OCT2012.>0.45,Global Temperature Anomaly for Oct 2012 to be greater than 0.45 Degrees C,2012-10-25,,,,98.5,13,0,98.5,81.0
757513,GTA.OCT2012.>0.45,Global Temperature Anomaly for Oct 2012 to be greater than 0.45 Degrees C,2012-10-26,,,,98.5,13,0,98.5,81.0
757513,GTA.OCT2012.>0.45,Global Temperature Anomaly for Oct 2012 to be greater than 0.45 Degrees C,2012-10-27,,,,98.5,13,0,98.5,81.0
757513,GTA.OCT2012.>0.45,Global Temperature Anomaly for Oct 2012 to be greater than 0.45 Degrees C,2012-10-28,,,,98.5,13,0,98.5,81.0
757513,GTA.OCT2012.>0.45,Global Temperature Anomaly for Oct 2012 to be greater than 0.45 Degrees C,2012-10-29,,,,98.5,13,0,98.5,81.0
757513,GTA.OCT2012.>0.45,Global Temperature Anomaly for Oct 2012 to be greater than 0.45 Degrees C,2012-10-30,,,,98.5,13,0,98.5,81.0
757513,GTA.OCT2012.>0.45,Global Temperature Anomaly for Oct 2012 to be greater than 0.45 Degrees C,2012-10-31,,,,98.5,13,0,98.5,81.0
757513,GTA.OCT2012.>0.45,Global Temperature Anomaly for Oct 2012 to be greater than 0.45 Degrees C,2012-11-01,,,,98.5,13,0,98.5,81.0
757513,GTA.OCT2012.>0.45,Global Temperature Anomaly for Oct 2012 to be greater than 0.45 Degrees C,2012-11-02,,,,98.5,13,0,98.5,81.0
757513,GTA.OCT2012.>0.45,Global Temperature Anomaly for Oct 2012 to be greater than 0.45 Degrees C,2012-11-03,,,,98.5,13,0,98.5,81.0
757513,GTA.OCT2012.>0.45,Global Temperature Anomaly for Oct 2012 to be greater than 0.45 Degrees C,2012-11-04,,,,98.5,13,0,98.5,81.0
757513,GTA.OCT2012.>0.45,Global Temperature Anomaly for Oct 2012 to be greater than 0.45 Degrees C,2012-11-05,,,,98.5,13,0,98.5,81.0
757513,GTA.OCT2012.>0.45,Global Temperature Anomaly for Oct 2012 to be greater than 0.45 Degrees C,2012-11-06,,,,98.5,13,0,98.5,81.0
757513,GTA.OCT2012.>0.45,Global Temperature Anomaly for Oct 2012 to be greater than 0.45 Degrees C,2012-11-07,,,,98.5,13,0,98.5,81.0
757513,GTA.OCT2012.>0.45,Global Temperature Anomaly for Oct 2012 to be greater than 0.45 Degrees C,2012-11-08,,,,98.5,13,0,98.5,81.0
