market id,market symbol,market name,business day,session open,session high,session low,closing price,open interest,session trade volume,lifetime high,lifetime low
755633,GTA.DEC2012.>0.55,Global Temperature Anomaly for Dec 2012 to be greater than 0.55 Degrees C,2012-01-03,0.0,0.0,0.0,0.0,0,0,0.0,0.0
755633,GTA.DEC2012.>0.55,Global Temperature Anomaly for Dec 2012 to be greater than 0.55 Degrees C,2012-01-04,0.0,0.0,0.0,0.0,0,0,0.0,0.0
755633,GTA.DEC2012.>0.55,Global Temperature Anomaly for Dec 2012 to be greater than 0.55 Degrees C,2012-01-05,0.0,0.0,0.0,0.0,0,0,0.0,0.0
755633,GTA.DEC2012.>0.55,Global Temperature Anomaly for Dec 2012 to be greater than 0.55 Degrees C,2012-01-06,0.0,0.0,0.0,0.0,0,0,0.0,0.0
755633,GTA.DEC2012.>0.55,Global Temperature Anomaly for Dec 2012 to be greater than 0.55 Degrees C,2012-01-07,0.0,0.0,0.0,0.0,0,0,0.0,0.0
755633,GTA.DEC2012.>0.55,Global Temperature Anomaly for Dec 2012 to be greater than 0.55 Degrees C,2012-01-08,0.0,0.0,0.0,0.0,0,0,0.0,0.0
755633,GTA.DEC2012.>0.55,Global Temperature Anomaly for Dec 2012 to be greater than 0.55 Degrees C,2012-01-09,0.0,0.0,0.0,0.0,0,0,0.0,0.0
755633,GTA.DEC2012.>0.55,Global Temperature Anomaly for Dec 2012 to be greater than 0.55 Degrees C,2012-01-10,0.0,0.0,0.0,0.0,0,0,0.0,0.0
755633,GTA.DEC2012.>0.55,Global Temperature Anomaly for Dec 2012 to be greater than 0.55 Degrees C,2012-01-11,0.0,0.0,0.0,0.0,0,0,0.0,0.0
755633,GTA.DEC2012.>0.55,Global Temperature Anomaly for Dec 2012 to be greater than 0.55 Degrees C,2012-01-12,0.0,0.0,0.0,0.0,0,0,0.0,0.0
755633,GTA.DEC2012.>0.55,Global Temperature Anomaly for Dec 2012 to be greater than 0.55 Degrees C,2012-01-13,0.0,0.0,0.0,0.0,0,0,0.0,0.0
755633,GTA.DEC2012.>0.55,Global Temperature Anomaly for Dec 2012 to be greater than 0.55 Degrees C,2012-01-14,0.0,0.0,0.0,0.0,0,0,0.0,0.0
755633,GTA.DEC2012.>0.55,Global Temperature Anomaly for Dec 2012 to be greater than 0.55 Degrees C,2012-01-15,0.0,0.0,0.0,0.0,0,0,0.0,0.0
755633,GTA.DEC2012.>0.55,Global Temperature Anomaly for Dec 2012 to be greater than 0.55 Degrees C,2012-01-16,0.0,0.0,0.0,0.0,0,0,0.0,0.0
755633,GTA.DEC2012.>0.55,Global Temperature Anomaly for Dec 2012 to be greater than 0.55 Degrees C,2012-01-17,0.0,0.0,0.0,0.0,0,0,0.0,0.0
755633,GTA.DEC2012.>0.55,Global Temperature Anomaly for Dec 2012 to be greater than 0.55 Degrees C,2012-01-18,0.0,0.0,0.0,0.0,0,0,0.0,0.0
755633,GTA.DEC2012.>0.55,Global Temperature Anomaly for Dec 2012 to be greater than 0.55 Degrees C,2012-01-19,0.0,0.0,0.0,0.0,0,0,0.0,0.0
755633,GTA.DEC2012.>0.55,Global Temperature Anomaly for Dec 2012 to be greater than 0.55 Degrees C,2012-01-20,0.0,0.0,0.0,0.0,0,0,0.0,0.0
755633,GTA.DEC2012.>0.55,Global Temperature Anomaly for Dec 2012 to be greater than 0.55 Degrees C,2012-01-21,0.0,0.0,0.0,0.0,0,0,0.0,0.0
755633,GTA.DEC2012.>0.55,Global Temperature Anomaly for Dec 2012 to be greater than 0.55 Degrees C,2012-01-22,0.0,0.0,0.0,0.0,0,0,0.0,0.0
755633,GTA.DEC2012.>0.55,Global Temperature Anomaly for Dec 2012 to be greater than 0.55 Degrees C,2012-01-23,0.0,0.0,0.0,0.0,0,0,0.0,0.0
755633,GTA.DEC2012.>0.55,Global Temperature Anomaly for Dec 2012 to be greater than 0.55 Degrees C,2012-01-24,0.0,0.0,0.0,0.0,0,0,0.0,0.0
755633,GTA.DEC2012.>0.55,Global Temperature Anomaly for Dec 2012 to be greater than 0.55 Degrees C,2012-01-25,0.0,0.0,0.0,0.0,0,0,0.0,0.0
755633,GTA.DEC2012.>0.55,Global Temperature Anomaly for Dec 2012 to be greater than 0.55 Degrees C,2012-01-26,0.0,0.0,0.0,0.0,0,0,0.0,0.0
755633,GTA.DEC2012.>0.55,Global Temperature Anomaly for Dec 2012 to be greater than 0.55 Degrees C,2012-01-27,0.0,0.0,0.0,0.0,0,0,0.0,0.0
755633,GTA.DEC2012.>0.55,Global Temperature Anomaly for Dec 2012 to be greater than 0.55 Degrees C,2012-01-28,0.0,0.0,0.0,0.0,0,0,0.0,0.0
755633,GTA.DEC2012.>0.55,Global Temperature Anomaly for Dec 2012 to be greater than 0.55 Degrees C,2012-01-29,0.0,0.0,0.0,0.0,0,0,0.0,0.0
755633,GTA.DEC2012.>0.55,Global Temperature Anomaly for Dec 2012 to be greater than 0.55 Degrees C,2012-01-30,0.0,0.0,0.0,0.0,0,0,0.0,0.0
755633,GTA.DEC2012.>0.55,Global Temperature Anomaly for Dec 2012 to be greater than 0.55 Degrees C,2012-01-31,0.0,0.0,0.0,0.0,0,0,0.0,0.0
755633,GTA.DEC2012.>0.55,Global Temperature Anomaly for Dec 2012 to be greater than 0.55 Degrees C,2012-02-01,0.0,0.0,0.0,0.0,0,0,0.0,0.0
755633,GTA.DEC2012.>0.55,Global Temperature Anomaly for Dec 2012 to be greater than 0.55 Degrees C,2012-02-02,0.0,0.0,0.0,0.0,0,0,0.0,0.0
755633,GTA.DEC2012.>0.55,Global Temperature Anomaly for Dec 2012 to be greater than 0.55 Degrees C,2012-02-03,0.0,0.0,0.0,0.0,0,0,0.0,0.0
755633,GTA.DEC2012.>0.55,Global Temperature Anomaly for Dec 2012 to be greater than 0.55 Degrees C,2012-02-04,0.0,0.0,0.0,0.0,0,0,0.0,0.0
755633,GTA.DEC2012.>0.55,Global Temperature Anomaly for Dec 2012 to be greater than 0.55 Degrees C,2012-02-05,0.0,0.0,0.0,0.0,0,0,0.0,0.0
755633,GTA.DEC2012.>0.55,Global Temperature Anomaly for Dec 2012 to be greater than 0.55 Degrees C,2012-02-06,0.0,0.0,0.0,0.0,0,0,0.0,0.0
755633,GTA.DEC2012.>0.55,Global Temperature Anomaly for Dec 2012 to be greater than 0.55 Degrees C,2012-02-07,0.0,0.0,0.0,0.0,0,0,0.0,0.0
755633,GTA.DEC2012.>0.55,Global Temperature Anomaly for Dec 2012 to be greater than 0.55 Degrees C,2012-02-08,0.0,0.0,0.0,0.0,0,0,0.0,0.0
755633,GTA.DEC2012.>0.55,Global Temperature Anomaly for Dec 2012 to be greater than 0.55 Degrees C,2012-02-09,0.0,0.0,0.0,0.0,0,0,0.0,0.0
755633,GTA.DEC2012.>0.55,Global Temperature Anomaly for Dec 2012 to be greater than 0.55 Degrees C,2012-02-10,0.0,0.0,0.0,0.0,0,0,0.0,0.0
755633,GTA.DEC2012.>0.55,Global Temperature Anomaly for Dec 2012 to be greater than 0.55 Degrees C,2012-02-11,0.0,0.0,0.0,0.0,0,0,0.0,0.0
755633,GTA.DEC2012.>0.55,Global Temperature Anomaly for Dec 2012 to be greater than 0.55 Degrees C,2012-02-12,0.0,0.0,0.0,0.0,0,0,0.0,0.0
755633,GTA.DEC2012.>0.55,Global Temperature Anomaly for Dec 2012 to be greater than 0.55 Degrees C,2012-02-13,0.0,0.0,0.0,0.0,0,0,0.0,0.0
755633,GTA.DEC2012.>0.55,Global Temperature Anomaly for Dec 2012 to be greater than 0.55 Degrees C,2012-02-14,0.0,0.0,0.0,0.0,0,0,0.0,0.0
755633,GTA.DEC2012.>0.55,Global Temperature Anomaly for Dec 2012 to be greater than 0.55 Degrees C,2012-02-15,0.0,0.0,0.0,0.0,0,0,0.0,0.0
755633,GTA.DEC2012.>0.55,Global Temperature Anomaly for Dec 2012 to be greater than 0.55 Degrees C,2012-02-16,0.0,0.0,0.0,0.0,0,0,0.0,0.0
755633,GTA.DEC2012.>0.55,Global Temperature Anomaly for Dec 2012 to be greater than 0.55 Degrees C,2012-02-17,0.0,0.0,0.0,0.0,0,0,0.0,0.0
755633,GTA.DEC2012.>0.55,Global Temperature Anomaly for Dec 2012 to be greater than 0.55 Degrees C,2012-02-18,0.0,0.0,0.0,0.0,0,0,0.0,0.0
755633,GTA.DEC2012.>0.55,Global Temperature Anomaly for Dec 2012 to be greater than 0.55 Degrees C,2012-02-19,0.0,0.0,0.0,0.0,0,0,0.0,0.0
755633,GTA.DEC2012.>0.55,Global Temperature Anomaly for Dec 2012 to be greater than 0.55 Degrees C,2012-02-20,0.0,0.0,0.0,0.0,0,0,0.0,0.0
755633,GTA.DEC2012.>0.55,Global Temperature Anomaly for Dec 2012 to be greater than 0.55 Degrees C,2012-02-21,0.0,0.0,0.0,0.0,0,0,0.0,0.0
755633,GTA.DEC2012.>0.55,Global Temperature Anomaly for Dec 2012 to be greater than 0.55 Degrees C,2012-02-22,0.0,0.0,0.0,0.0,0,0,0.0,0.0
755633,GTA.DEC2012.>0.55,Global Temperature Anomaly for Dec 2012 to be greater than 0.55 Degrees C,2012-02-23,0.0,0.0,0.0,0.0,0,0,0.0,0.0
755633,GTA.DEC2012.>0.55,Global Temperature Anomaly for Dec 2012 to be greater than 0.55 Degrees C,2012-02-24,0.0,0.0,0.0,0.0,0,0,0.0,0.0
755633,GTA.DEC2012.>0.55,Global Temperature Anomaly for Dec 2012 to be greater than 0.55 Degrees C,2012-02-25,0.0,0.0,0.0,0.0,0,0,0.0,0.0
755633,GTA.DEC2012.>0.55,Global Temperature Anomaly for Dec 2012 to be greater than 0.55 Degrees C,2012-02-26,0.0,0.0,0.0,0.0,0,0,0.0,0.0
755633,GTA.DEC2012.>0.55,Global Temperature Anomaly for Dec 2012 to be greater than 0.55 Degrees C,2012-02-27,0.0,0.0,0.0,0.0,0,0,0.0,0.0
755633,GTA.DEC2012.>0.55,Global Temperature Anomaly for Dec 2012 to be greater than 0.55 Degrees C,2012-02-28,0.0,0.0,0.0,0.0,0,0,0.0,0.0
755633,GTA.DEC2012.>0.55,Global Temperature Anomaly for Dec 2012 to be greater than 0.55 Degrees C,2012-02-29,0.0,0.0,0.0,0.0,0,0,0.0,0.0
755633,GTA.DEC2012.>0.55,Global Temperature Anomaly for Dec 2012 to be greater than 0.55 Degrees C,2012-03-01,0.0,0.0,0.0,0.0,0,0,0.0,0.0
755633,GTA.DEC2012.>0.55,Global Temperature Anomaly for Dec 2012 to be greater than 0.55 Degrees C,2012-03-02,,,,,0,0,,
755633,GTA.DEC2012.>0.55,Global Temperature Anomaly for Dec 2012 to be greater than 0.55 Degrees C,2012-03-03,,,,,0,0,,
755633,GTA.DEC2012.>0.55,Global Temperature Anomaly for Dec 2012 to be greater than 0.55 Degrees C,2012-03-04,,,,,0,0,,
755633,GTA.DEC2012.>0.55,Global Temperature Anomaly for Dec 2012 to be greater than 0.55 Degrees C,2012-03-05,,,,,0,0,,
755633,GTA.DEC2012.>0.55,Global Temperature Anomaly for Dec 2012 to be greater than 0.55 Degrees C,2012-03-06,,,,,0,0,,
755633,GTA.DEC2012.>0.55,Global Temperature Anomaly for Dec 2012 to be greater than 0.55 Degrees C,2012-03-07,,,,,0,0,,
755633,GTA.DEC2012.>0.55,Global Temperature Anomaly for Dec 2012 to be greater than 0.55 Degrees C,2012-03-08,,,,,0,0,,
755633,GTA.DEC2012.>0.55,Global Temperature Anomaly for Dec 2012 to be greater than 0.55 Degrees C,2012-03-09,,,,,0,0,,
755633,GTA.DEC2012.>0.55,Global Temperature Anomaly for Dec 2012 to be greater than 0.55 Degrees C,2012-03-10,,,,,0,0,,
755633,GTA.DEC2012.>0.55,Global Temperature Anomaly for Dec 2012 to be greater than 0.55 Degrees C,2012-03-11,,,,,0,0,,
755633,GTA.DEC2012.>0.55,Global Temperature Anomaly for Dec 2012 to be greater than 0.55 Degrees C,2012-03-12,,,,,0,0,,
755633,GTA.DEC2012.>0.55,Global Temperature Anomaly for Dec 2012 to be greater than 0.55 Degrees C,2012-03-13,60.0,60.0,60.0,60.0,5,5,60.0,60.0
755633,GTA.DEC2012.>0.55,Global Temperature Anomaly for Dec 2012 to be greater than 0.55 Degrees C,2012-03-14,,,,60.0,5,0,60.0,60.0
755633,GTA.DEC2012.>0.55,Global Temperature Anomaly for Dec 2012 to be greater than 0.55 Degrees C,2012-03-15,,,,60.0,5,0,60.0,60.0
755633,GTA.DEC2012.>0.55,Global Temperature Anomaly for Dec 2012 to be greater than 0.55 Degrees C,2012-03-16,,,,60.0,5,0,60.0,60.0
755633,GTA.DEC2012.>0.55,Global Temperature Anomaly for Dec 2012 to be greater than 0.55 Degrees C,2012-03-17,,,,60.0,5,0,60.0,60.0
755633,GTA.DEC2012.>0.55,Global Temperature Anomaly for Dec 2012 to be greater than 0.55 Degrees C,2012-03-18,,,,60.0,5,0,60.0,60.0
755633,GTA.DEC2012.>0.55,Global Temperature Anomaly for Dec 2012 to be greater than 0.55 Degrees C,2012-03-19,,,,60.0,5,0,60.0,60.0
755633,GTA.DEC2012.>0.55,Global Temperature Anomaly for Dec 2012 to be greater than 0.55 Degrees C,2012-03-20,,,,60.0,5,0,60.0,60.0
755633,GTA.DEC2012.>0.55,Global Temperature Anomaly for Dec 2012 to be greater than 0.55 Degrees C,2012-03-21,,,,60.0,5,0,60.0,60.0
755633,GTA.DEC2012.>0.55,Global Temperature Anomaly for Dec 2012 to be greater than 0.55 Degrees C,2012-03-22,,,,60.0,5,0,60.0,60.0
755633,GTA.DEC2012.>0.55,Global Temperature Anomaly for Dec 2012 to be greater than 0.55 Degrees C,2012-03-23,,,,60.0,5,0,60.0,60.0
755633,GTA.DEC2012.>0.55,Global Temperature Anomaly for Dec 2012 to be greater than 0.55 Degrees C,2012-03-24,,,,60.0,5,0,60.0,60.0
755633,GTA.DEC2012.>0.55,Global Temperature Anomaly for Dec 2012 to be greater than 0.55 Degrees C,2012-03-25,,,,60.0,5,0,60.0,60.0
755633,GTA.DEC2012.>0.55,Global Temperature Anomaly for Dec 2012 to be greater than 0.55 Degrees C,2012-03-26,,,,60.0,5,0,60.0,60.0
755633,GTA.DEC2012.>0.55,Global Temperature Anomaly for Dec 2012 to be greater than 0.55 Degrees C,2012-03-27,,,,60.0,5,0,60.0,60.0
755633,GTA.DEC2012.>0.55,Global Temperature Anomaly for Dec 2012 to be greater than 0.55 Degrees C,2012-03-28,,,,60.0,5,0,60.0,60.0
755633,GTA.DEC2012.>0.55,Global Temperature Anomaly for Dec 2012 to be greater than 0.55 Degrees C,2012-03-29,,,,60.0,5,0,60.0,60.0
755633,GTA.DEC2012.>0.55,Global Temperature Anomaly for Dec 2012 to be greater than 0.55 Degrees C,2012-03-30,,,,60.0,5,0,60.0,60.0
755633,GTA.DEC2012.>0.55,Global Temperature Anomaly for Dec 2012 to be greater than 0.55 Degrees C,2012-03-31,,,,60.0,5,0,60.0,60.0
755633,GTA.DEC2012.>0.55,Global Temperature Anomaly for Dec 2012 to be greater than 0.55 Degrees C,2012-04-01,,,,60.0,5,0,60.0,60.0
755633,GTA.DEC2012.>0.55,Global Temperature Anomaly for Dec 2012 to be greater than 0.55 Degrees C,2012-04-02,,,,60.0,5,0,60.0,60.0
755633,GTA.DEC2012.>0.55,Global Temperature Anomaly for Dec 2012 to be greater than 0.55 Degrees C,2012-04-03,,,,60.0,5,0,60.0,60.0
755633,GTA.DEC2012.>0.55,Global Temperature Anomaly for Dec 2012 to be greater than 0.55 Degrees C,2012-04-04,,,,60.0,5,0,60.0,60.0
755633,GTA.DEC2012.>0.55,Global Temperature Anomaly for Dec 2012 to be greater than 0.55 Degrees C,2012-04-05,,,,60.0,5,0,60.0,60.0
755633,GTA.DEC2012.>0.55,Global Temperature Anomaly for Dec 2012 to be greater than 0.55 Degrees C,2012-04-06,,,,60.0,5,0,60.0,60.0
755633,GTA.DEC2012.>0.55,Global Temperature Anomaly for Dec 2012 to be greater than 0.55 Degrees C,2012-04-07,,,,60.0,5,0,60.0,60.0
755633,GTA.DEC2012.>0.55,Global Temperature Anomaly for Dec 2012 to be greater than 0.55 Degrees C,2012-04-08,,,,60.0,5,0,60.0,60.0
755633,GTA.DEC2012.>0.55,Global Temperature Anomaly for Dec 2012 to be greater than 0.55 Degrees C,2012-04-09,,,,60.0,5,0,60.0,60.0
755633,GTA.DEC2012.>0.55,Global Temperature Anomaly for Dec 2012 to be greater than 0.55 Degrees C,2012-04-10,,,,60.0,5,0,60.0,60.0
755633,GTA.DEC2012.>0.55,Global Temperature Anomaly for Dec 2012 to be greater than 0.55 Degrees C,2012-04-11,,,,60.0,5,0,60.0,60.0
755633,GTA.DEC2012.>0.55,Global Temperature Anomaly for Dec 2012 to be greater than 0.55 Degrees C,2012-04-12,,,,60.0,5,0,60.0,60.0
755633,GTA.DEC2012.>0.55,Global Temperature Anomaly for Dec 2012 to be greater than 0.55 Degrees C,2012-04-13,,,,60.0,5,0,60.0,60.0
755633,GTA.DEC2012.>0.55,Global Temperature Anomaly for Dec 2012 to be greater than 0.55 Degrees C,2012-04-14,,,,60.0,5,0,60.0,60.0
755633,GTA.DEC2012.>0.55,Global Temperature Anomaly for Dec 2012 to be greater than 0.55 Degrees C,2012-04-15,,,,60.0,5,0,60.0,60.0
755633,GTA.DEC2012.>0.55,Global Temperature Anomaly for Dec 2012 to be greater than 0.55 Degrees C,2012-04-16,,,,60.0,5,0,60.0,60.0
755633,GTA.DEC2012.>0.55,Global Temperature Anomaly for Dec 2012 to be greater than 0.55 Degrees C,2012-04-17,,,,60.0,5,0,60.0,60.0
755633,GTA.DEC2012.>0.55,Global Temperature Anomaly for Dec 2012 to be greater than 0.55 Degrees C,2012-04-18,,,,60.0,5,0,60.0,60.0
755633,GTA.DEC2012.>0.55,Global Temperature Anomaly for Dec 2012 to be greater than 0.55 Degrees C,2012-04-19,,,,60.0,5,0,60.0,60.0
755633,GTA.DEC2012.>0.55,Global Temperature Anomaly for Dec 2012 to be greater than 0.55 Degrees C,2012-04-20,,,,60.0,5,0,60.0,60.0
755633,GTA.DEC2012.>0.55,Global Temperature Anomaly for Dec 2012 to be greater than 0.55 Degrees C,2012-04-21,,,,60.0,5,0,60.0,60.0
755633,GTA.DEC2012.>0.55,Global Temperature Anomaly for Dec 2012 to be greater than 0.55 Degrees C,2012-04-22,,,,60.0,5,0,60.0,60.0
755633,GTA.DEC2012.>0.55,Global Temperature Anomaly for Dec 2012 to be greater than 0.55 Degrees C,2012-04-23,,,,60.0,5,0,60.0,60.0
755633,GTA.DEC2012.>0.55,Global Temperature Anomaly for Dec 2012 to be greater than 0.55 Degrees C,2012-04-24,,,,60.0,5,0,60.0,60.0
755633,GTA.DEC2012.>0.55,Global Temperature Anomaly for Dec 2012 to be greater than 0.55 Degrees C,2012-04-25,,,,60.0,5,0,60.0,60.0
755633,GTA.DEC2012.>0.55,Global Temperature Anomaly for Dec 2012 to be greater than 0.55 Degrees C,2012-04-26,,,,60.0,5,0,60.0,60.0
755633,GTA.DEC2012.>0.55,Global Temperature Anomaly for Dec 2012 to be greater than 0.55 Degrees C,2012-04-27,,,,60.0,5,0,60.0,60.0
755633,GTA.DEC2012.>0.55,Global Temperature Anomaly for Dec 2012 to be greater than 0.55 Degrees C,2012-04-28,,,,60.0,5,0,60.0,60.0
755633,GTA.DEC2012.>0.55,Global Temperature Anomaly for Dec 2012 to be greater than 0.55 Degrees C,2012-04-29,,,,60.0,5,0,60.0,60.0
755633,GTA.DEC2012.>0.55,Global Temperature Anomaly for Dec 2012 to be greater than 0.55 Degrees C,2012-04-30,,,,60.0,5,0,60.0,60.0
755633,GTA.DEC2012.>0.55,Global Temperature Anomaly for Dec 2012 to be greater than 0.55 Degrees C,2012-05-01,,,,60.0,5,0,60.0,60.0
755633,GTA.DEC2012.>0.55,Global Temperature Anomaly for Dec 2012 to be greater than 0.55 Degrees C,2012-05-02,,,,60.0,5,0,60.0,60.0
755633,GTA.DEC2012.>0.55,Global Temperature Anomaly for Dec 2012 to be greater than 0.55 Degrees C,2012-05-03,,,,60.0,5,0,60.0,60.0
755633,GTA.DEC2012.>0.55,Global Temperature Anomaly for Dec 2012 to be greater than 0.55 Degrees C,2012-05-04,,,,60.0,5,0,60.0,60.0
755633,GTA.DEC2012.>0.55,Global Temperature Anomaly for Dec 2012 to be greater than 0.55 Degrees C,2012-05-05,,,,60.0,5,0,60.0,60.0
755633,GTA.DEC2012.>0.55,Global Temperature Anomaly for Dec 2012 to be greater than 0.55 Degrees C,2012-05-06,,,,60.0,5,0,60.0,60.0
755633,GTA.DEC2012.>0.55,Global Temperature Anomaly for Dec 2012 to be greater than 0.55 Degrees C,2012-05-07,,,,60.0,5,0,60.0,60.0
755633,GTA.DEC2012.>0.55,Global Temperature Anomaly for Dec 2012 to be greater than 0.55 Degrees C,2012-05-08,,,,60.0,5,0,60.0,60.0
755633,GTA.DEC2012.>0.55,Global Temperature Anomaly for Dec 2012 to be greater than 0.55 Degrees C,2012-05-09,,,,60.0,5,0,60.0,60.0
755633,GTA.DEC2012.>0.55,Global Temperature Anomaly for Dec 2012 to be greater than 0.55 Degrees C,2012-05-10,,,,60.0,5,0,60.0,60.0
755633,GTA.DEC2012.>0.55,Global Temperature Anomaly for Dec 2012 to be greater than 0.55 Degrees C,2012-05-11,,,,60.0,5,0,60.0,60.0
755633,GTA.DEC2012.>0.55,Global Temperature Anomaly for Dec 2012 to be greater than 0.55 Degrees C,2012-05-12,,,,60.0,5,0,60.0,60.0
755633,GTA.DEC2012.>0.55,Global Temperature Anomaly for Dec 2012 to be greater than 0.55 Degrees C,2012-05-13,,,,60.0,5,0,60.0,60.0
755633,GTA.DEC2012.>0.55,Global Temperature Anomaly for Dec 2012 to be greater than 0.55 Degrees C,2012-05-14,,,,60.0,5,0,60.0,60.0
755633,GTA.DEC2012.>0.55,Global Temperature Anomaly for Dec 2012 to be greater than 0.55 Degrees C,2012-05-15,,,,60.0,5,0,60.0,60.0
755633,GTA.DEC2012.>0.55,Global Temperature Anomaly for Dec 2012 to be greater than 0.55 Degrees C,2012-05-16,,,,60.0,5,0,60.0,60.0
755633,GTA.DEC2012.>0.55,Global Temperature Anomaly for Dec 2012 to be greater than 0.55 Degrees C,2012-05-17,,,,60.0,5,0,60.0,60.0
755633,GTA.DEC2012.>0.55,Global Temperature Anomaly for Dec 2012 to be greater than 0.55 Degrees C,2012-05-18,,,,60.0,5,0,60.0,60.0
755633,GTA.DEC2012.>0.55,Global Temperature Anomaly for Dec 2012 to be greater than 0.55 Degrees C,2012-05-19,,,,60.0,5,0,60.0,60.0
755633,GTA.DEC2012.>0.55,Global Temperature Anomaly for Dec 2012 to be greater than 0.55 Degrees C,2012-05-20,,,,60.0,5,0,60.0,60.0
755633,GTA.DEC2012.>0.55,Global Temperature Anomaly for Dec 2012 to be greater than 0.55 Degrees C,2012-05-21,,,,60.0,5,0,60.0,60.0
755633,GTA.DEC2012.>0.55,Global Temperature Anomaly for Dec 2012 to be greater than 0.55 Degrees C,2012-05-22,,,,60.0,5,0,60.0,60.0
755633,GTA.DEC2012.>0.55,Global Temperature Anomaly for Dec 2012 to be greater than 0.55 Degrees C,2012-05-23,,,,60.0,5,0,60.0,60.0
755633,GTA.DEC2012.>0.55,Global Temperature Anomaly for Dec 2012 to be greater than 0.55 Degrees C,2012-05-24,,,,60.0,5,0,60.0,60.0
755633,GTA.DEC2012.>0.55,Global Temperature Anomaly for Dec 2012 to be greater than 0.55 Degrees C,2012-05-25,,,,60.0,5,0,60.0,60.0
755633,GTA.DEC2012.>0.55,Global Temperature Anomaly for Dec 2012 to be greater than 0.55 Degrees C,2012-05-26,,,,60.0,5,0,60.0,60.0
755633,GTA.DEC2012.>0.55,Global Temperature Anomaly for Dec 2012 to be greater than 0.55 Degrees C,2012-05-27,,,,60.0,5,0,60.0,60.0
755633,GTA.DEC2012.>0.55,Global Temperature Anomaly for Dec 2012 to be greater than 0.55 Degrees C,2012-05-28,,,,60.0,5,0,60.0,60.0
755633,GTA.DEC2012.>0.55,Global Temperature Anomaly for Dec 2012 to be greater than 0.55 Degrees C,2012-05-29,,,,60.0,5,0,60.0,60.0
755633,GTA.DEC2012.>0.55,Global Temperature Anomaly for Dec 2012 to be greater than 0.55 Degrees C,2012-05-30,,,,60.0,5,0,60.0,60.0
755633,GTA.DEC2012.>0.55,Global Temperature Anomaly for Dec 2012 to be greater than 0.55 Degrees C,2012-05-31,,,,60.0,5,0,60.0,60.0
755633,GTA.DEC2012.>0.55,Global Temperature Anomaly for Dec 2012 to be greater than 0.55 Degrees C,2012-06-01,,,,60.0,5,0,60.0,60.0
755633,GTA.DEC2012.>0.55,Global Temperature Anomaly for Dec 2012 to be greater than 0.55 Degrees C,2012-06-02,,,,60.0,5,0,60.0,60.0
755633,GTA.DEC2012.>0.55,Global Temperature Anomaly for Dec 2012 to be greater than 0.55 Degrees C,2012-06-03,,,,60.0,5,0,60.0,60.0
755633,GTA.DEC2012.>0.55,Global Temperature Anomaly for Dec 2012 to be greater than 0.55 Degrees C,2012-06-04,,,,60.0,5,0,60.0,60.0
755633,GTA.DEC2012.>0.55,Global Temperature Anomaly for Dec 2012 to be greater than 0.55 Degrees C,2012-06-05,,,,60.0,5,0,60.0,60.0
755633,GTA.DEC2012.>0.55,Global Temperature Anomaly for Dec 2012 to be greater than 0.55 Degrees C,2012-06-06,,,,60.0,5,0,60.0,60.0
755633,GTA.DEC2012.>0.55,Global Temperature Anomaly for Dec 2012 to be greater than 0.55 Degrees C,2012-06-07,,,,60.0,5,0,60.0,60.0
755633,GTA.DEC2012.>0.55,Global Temperature Anomaly for Dec 2012 to be greater than 0.55 Degrees C,2012-06-08,,,,60.0,5,0,60.0,60.0
755633,GTA.DEC2012.>0.55,Global Temperature Anomaly for Dec 2012 to be greater than 0.55 Degrees C,2012-06-09,,,,60.0,5,0,60.0,60.0
755633,GTA.DEC2012.>0.55,Global Temperature Anomaly for Dec 2012 to be greater than 0.55 Degrees C,2012-06-10,,,,60.0,5,0,60.0,60.0
755633,GTA.DEC2012.>0.55,Global Temperature Anomaly for Dec 2012 to be greater than 0.55 Degrees C,2012-06-11,,,,60.0,5,0,60.0,60.0
755633,GTA.DEC2012.>0.55,Global Temperature Anomaly for Dec 2012 to be greater than 0.55 Degrees C,2012-06-12,,,,60.0,5,0,60.0,60.0
755633,GTA.DEC2012.>0.55,Global Temperature Anomaly for Dec 2012 to be greater than 0.55 Degrees C,2012-06-13,,,,60.0,5,0,60.0,60.0
755633,GTA.DEC2012.>0.55,Global Temperature Anomaly for Dec 2012 to be greater than 0.55 Degrees C,2012-06-14,,,,60.0,5,0,60.0,60.0
755633,GTA.DEC2012.>0.55,Global Temperature Anomaly for Dec 2012 to be greater than 0.55 Degrees C,2012-06-15,,,,60.0,5,0,60.0,60.0
755633,GTA.DEC2012.>0.55,Global Temperature Anomaly for Dec 2012 to be greater than 0.55 Degrees C,2012-06-16,,,,60.0,5,0,60.0,60.0
755633,GTA.DEC2012.>0.55,Global Temperature Anomaly for Dec 2012 to be greater than 0.55 Degrees C,2012-06-17,,,,60.0,5,0,60.0,60.0
755633,GTA.DEC2012.>0.55,Global Temperature Anomaly for Dec 2012 to be greater than 0.55 Degrees C,2012-06-18,,,,60.0,5,0,60.0,60.0
755633,GTA.DEC2012.>0.55,Global Temperature Anomaly for Dec 2012 to be greater than 0.55 Degrees C,2012-06-19,,,,60.0,5,0,60.0,60.0
755633,GTA.DEC2012.>0.55,Global Temperature Anomaly for Dec 2012 to be greater than 0.55 Degrees C,2012-06-20,,,,60.0,5,0,60.0,60.0
755633,GTA.DEC2012.>0.55,Global Temperature Anomaly for Dec 2012 to be greater than 0.55 Degrees C,2012-06-21,,,,60.0,5,0,60.0,60.0
755633,GTA.DEC2012.>0.55,Global Temperature Anomaly for Dec 2012 to be greater than 0.55 Degrees C,2012-06-22,,,,60.0,5,0,60.0,60.0
755633,GTA.DEC2012.>0.55,Global Temperature Anomaly for Dec 2012 to be greater than 0.55 Degrees C,2012-06-23,,,,60.0,5,0,60.0,60.0
755633,GTA.DEC2012.>0.55,Global Temperature Anomaly for Dec 2012 to be greater than 0.55 Degrees C,2012-06-24,,,,60.0,5,0,60.0,60.0
755633,GTA.DEC2012.>0.55,Global Temperature Anomaly for Dec 2012 to be greater than 0.55 Degrees C,2012-06-25,,,,60.0,5,0,60.0,60.0
755633,GTA.DEC2012.>0.55,Global Temperature Anomaly for Dec 2012 to be greater than 0.55 Degrees C,2012-06-26,,,,60.0,5,0,60.0,60.0
755633,GTA.DEC2012.>0.55,Global Temperature Anomaly for Dec 2012 to be greater than 0.55 Degrees C,2012-06-27,,,,60.0,5,0,60.0,60.0
755633,GTA.DEC2012.>0.55,Global Temperature Anomaly for Dec 2012 to be greater than 0.55 Degrees C,2012-06-28,,,,60.0,5,0,60.0,60.0
755633,GTA.DEC2012.>0.55,Global Temperature Anomaly for Dec 2012 to be greater than 0.55 Degrees C,2012-06-29,,,,60.0,5,0,60.0,60.0
755633,GTA.DEC2012.>0.55,Global Temperature Anomaly for Dec 2012 to be greater than 0.55 Degrees C,2012-06-30,,,,60.0,5,0,60.0,60.0
755633,GTA.DEC2012.>0.55,Global Temperature Anomaly for Dec 2012 to be greater than 0.55 Degrees C,2012-07-01,,,,60.0,5,0,60.0,60.0
755633,GTA.DEC2012.>0.55,Global Temperature Anomaly for Dec 2012 to be greater than 0.55 Degrees C,2012-07-02,,,,60.0,5,0,60.0,60.0
755633,GTA.DEC2012.>0.55,Global Temperature Anomaly for Dec 2012 to be greater than 0.55 Degrees C,2012-07-03,,,,60.0,5,0,60.0,60.0
755633,GTA.DEC2012.>0.55,Global Temperature Anomaly for Dec 2012 to be greater than 0.55 Degrees C,2012-07-04,,,,60.0,5,0,60.0,60.0
755633,GTA.DEC2012.>0.55,Global Temperature Anomaly for Dec 2012 to be greater than 0.55 Degrees C,2012-07-05,,,,60.0,5,0,60.0,60.0
755633,GTA.DEC2012.>0.55,Global Temperature Anomaly for Dec 2012 to be greater than 0.55 Degrees C,2012-07-06,,,,60.0,5,0,60.0,60.0
755633,GTA.DEC2012.>0.55,Global Temperature Anomaly for Dec 2012 to be greater than 0.55 Degrees C,2012-07-07,,,,60.0,5,0,60.0,60.0
755633,GTA.DEC2012.>0.55,Global Temperature Anomaly for Dec 2012 to be greater than 0.55 Degrees C,2012-07-08,,,,60.0,5,0,60.0,60.0
755633,GTA.DEC2012.>0.55,Global Temperature Anomaly for Dec 2012 to be greater than 0.55 Degrees C,2012-07-09,,,,60.0,5,0,60.0,60.0
755633,GTA.DEC2012.>0.55,Global Temperature Anomaly for Dec 2012 to be greater than 0.55 Degrees C,2012-07-10,,,,60.0,5,0,60.0,60.0
755633,GTA.DEC2012.>0.55,Global Temperature Anomaly for Dec 2012 to be greater than 0.55 Degrees C,2012-07-11,,,,60.0,5,0,60.0,60.0
755633,GTA.DEC2012.>0.55,Global Temperature Anomaly for Dec 2012 to be greater than 0.55 Degrees C,2012-07-12,,,,60.0,5,0,60.0,60.0
755633,GTA.DEC2012.>0.55,Global Temperature Anomaly for Dec 2012 to be greater than 0.55 Degrees C,2012-07-13,,,,60.0,5,0,60.0,60.0
755633,GTA.DEC2012.>0.55,Global Temperature Anomaly for Dec 2012 to be greater than 0.55 Degrees C,2012-07-14,,,,60.0,5,0,60.0,60.0
755633,GTA.DEC2012.>0.55,Global Temperature Anomaly for Dec 2012 to be greater than 0.55 Degrees C,2012-07-15,,,,60.0,5,0,60.0,60.0
755633,GTA.DEC2012.>0.55,Global Temperature Anomaly for Dec 2012 to be greater than 0.55 Degrees C,2012-07-16,,,,60.0,5,0,60.0,60.0
755633,GTA.DEC2012.>0.55,Global Temperature Anomaly for Dec 2012 to be greater than 0.55 Degrees C,2012-07-17,,,,60.0,5,0,60.0,60.0
755633,GTA.DEC2012.>0.55,Global Temperature Anomaly for Dec 2012 to be greater than 0.55 Degrees C,2012-07-18,,,,60.0,5,0,60.0,60.0
755633,GTA.DEC2012.>0.55,Global Temperature Anomaly for Dec 2012 to be greater than 0.55 Degrees C,2012-07-19,,,,60.0,5,0,60.0,60.0
755633,GTA.DEC2012.>0.55,Global Temperature Anomaly for Dec 2012 to be greater than 0.55 Degrees C,2012-07-20,,,,60.0,5,0,60.0,60.0
755633,GTA.DEC2012.>0.55,Global Temperature Anomaly for Dec 2012 to be greater than 0.55 Degrees C,2012-07-21,,,,60.0,5,0,60.0,60.0
755633,GTA.DEC2012.>0.55,Global Temperature Anomaly for Dec 2012 to be greater than 0.55 Degrees C,2012-07-22,,,,60.0,5,0,60.0,60.0
755633,GTA.DEC2012.>0.55,Global Temperature Anomaly for Dec 2012 to be greater than 0.55 Degrees C,2012-07-23,,,,60.0,5,0,60.0,60.0
755633,GTA.DEC2012.>0.55,Global Temperature Anomaly for Dec 2012 to be greater than 0.55 Degrees C,2012-07-24,,,,60.0,5,0,60.0,60.0
755633,GTA.DEC2012.>0.55,Global Temperature Anomaly for Dec 2012 to be greater than 0.55 Degrees C,2012-07-25,,,,60.0,5,0,60.0,60.0
755633,GTA.DEC2012.>0.55,Global Temperature Anomaly for Dec 2012 to be greater than 0.55 Degrees C,2012-07-26,,,,60.0,5,0,60.0,60.0
755633,GTA.DEC2012.>0.55,Global Temperature Anomaly for Dec 2012 to be greater than 0.55 Degrees C,2012-07-27,,,,60.0,5,0,60.0,60.0
755633,GTA.DEC2012.>0.55,Global Temperature Anomaly for Dec 2012 to be greater than 0.55 Degrees C,2012-07-28,,,,60.0,5,0,60.0,60.0
755633,GTA.DEC2012.>0.55,Global Temperature Anomaly for Dec 2012 to be greater than 0.55 Degrees C,2012-07-29,,,,60.0,5,0,60.0,60.0
755633,GTA.DEC2012.>0.55,Global Temperature Anomaly for Dec 2012 to be greater than 0.55 Degrees C,2012-07-30,,,,60.0,5,0,60.0,60.0
755633,GTA.DEC2012.>0.55,Global Temperature Anomaly for Dec 2012 to be greater than 0.55 Degrees C,2012-07-31,,,,60.0,5,0,60.0,60.0
755633,GTA.DEC2012.>0.55,Global Temperature Anomaly for Dec 2012 to be greater than 0.55 Degrees C,2012-08-01,,,,60.0,5,0,60.0,60.0
755633,GTA.DEC2012.>0.55,Global Temperature Anomaly for Dec 2012 to be greater than 0.55 Degrees C,2012-08-02,,,,60.0,5,0,60.0,60.0
755633,GTA.DEC2012.>0.55,Global Temperature Anomaly for Dec 2012 to be greater than 0.55 Degrees C,2012-08-03,,,,60.0,5,0,60.0,60.0
755633,GTA.DEC2012.>0.55,Global Temperature Anomaly for Dec 2012 to be greater than 0.55 Degrees C,2012-08-04,,,,60.0,5,0,60.0,60.0
755633,GTA.DEC2012.>0.55,Global Temperature Anomaly for Dec 2012 to be greater than 0.55 Degrees C,2012-08-05,,,,60.0,5,0,60.0,60.0
755633,GTA.DEC2012.>0.55,Global Temperature Anomaly for Dec 2012 to be greater than 0.55 Degrees C,2012-08-06,,,,60.0,5,0,60.0,60.0
755633,GTA.DEC2012.>0.55,Global Temperature Anomaly for Dec 2012 to be greater than 0.55 Degrees C,2012-08-07,,,,60.0,5,0,60.0,60.0
755633,GTA.DEC2012.>0.55,Global Temperature Anomaly for Dec 2012 to be greater than 0.55 Degrees C,2012-08-08,,,,60.0,5,0,60.0,60.0
755633,GTA.DEC2012.>0.55,Global Temperature Anomaly for Dec 2012 to be greater than 0.55 Degrees C,2012-08-09,,,,60.0,5,0,60.0,60.0
755633,GTA.DEC2012.>0.55,Global Temperature Anomaly for Dec 2012 to be greater than 0.55 Degrees C,2012-08-10,,,,60.0,5,0,60.0,60.0
755633,GTA.DEC2012.>0.55,Global Temperature Anomaly for Dec 2012 to be greater than 0.55 Degrees C,2012-08-11,,,,60.0,5,0,60.0,60.0
755633,GTA.DEC2012.>0.55,Global Temperature Anomaly for Dec 2012 to be greater than 0.55 Degrees C,2012-08-12,,,,60.0,5,0,60.0,60.0
755633,GTA.DEC2012.>0.55,Global Temperature Anomaly for Dec 2012 to be greater than 0.55 Degrees C,2012-08-13,,,,60.0,5,0,60.0,60.0
755633,GTA.DEC2012.>0.55,Global Temperature Anomaly for Dec 2012 to be greater than 0.55 Degrees C,2012-08-14,,,,60.0,5,0,60.0,60.0
755633,GTA.DEC2012.>0.55,Global Temperature Anomaly for Dec 2012 to be greater than 0.55 Degrees C,2012-08-15,,,,60.0,5,0,60.0,60.0
755633,GTA.DEC2012.>0.55,Global Temperature Anomaly for Dec 2012 to be greater than 0.55 Degrees C,2012-08-16,,,,60.0,5,0,60.0,60.0
755633,GTA.DEC2012.>0.55,Global Temperature Anomaly for Dec 2012 to be greater than 0.55 Degrees C,2012-08-17,,,,60.0,5,0,60.0,60.0
755633,GTA.DEC2012.>0.55,Global Temperature Anomaly for Dec 2012 to be greater than 0.55 Degrees C,2012-08-18,,,,60.0,5,0,60.0,60.0
755633,GTA.DEC2012.>0.55,Global Temperature Anomaly for Dec 2012 to be greater than 0.55 Degrees C,2012-08-19,,,,60.0,5,0,60.0,60.0
755633,GTA.DEC2012.>0.55,Global Temperature Anomaly for Dec 2012 to be greater than 0.55 Degrees C,2012-08-20,,,,60.0,5,0,60.0,60.0
755633,GTA.DEC2012.>0.55,Global Temperature Anomaly for Dec 2012 to be greater than 0.55 Degrees C,2012-08-21,,,,60.0,5,0,60.0,60.0
755633,GTA.DEC2012.>0.55,Global Temperature Anomaly for Dec 2012 to be greater than 0.55 Degrees C,2012-08-22,,,,60.0,5,0,60.0,60.0
755633,GTA.DEC2012.>0.55,Global Temperature Anomaly for Dec 2012 to be greater than 0.55 Degrees C,2012-08-23,,,,60.0,5,0,60.0,60.0
755633,GTA.DEC2012.>0.55,Global Temperature Anomaly for Dec 2012 to be greater than 0.55 Degrees C,2012-08-24,,,,60.0,5,0,60.0,60.0
755633,GTA.DEC2012.>0.55,Global Temperature Anomaly for Dec 2012 to be greater than 0.55 Degrees C,2012-08-25,,,,60.0,5,0,60.0,60.0
755633,GTA.DEC2012.>0.55,Global Temperature Anomaly for Dec 2012 to be greater than 0.55 Degrees C,2012-08-26,,,,60.0,5,0,60.0,60.0
755633,GTA.DEC2012.>0.55,Global Temperature Anomaly for Dec 2012 to be greater than 0.55 Degrees C,2012-08-27,,,,60.0,5,0,60.0,60.0
755633,GTA.DEC2012.>0.55,Global Temperature Anomaly for Dec 2012 to be greater than 0.55 Degrees C,2012-08-28,,,,60.0,5,0,60.0,60.0
755633,GTA.DEC2012.>0.55,Global Temperature Anomaly for Dec 2012 to be greater than 0.55 Degrees C,2012-08-29,,,,60.0,5,0,60.0,60.0
755633,GTA.DEC2012.>0.55,Global Temperature Anomaly for Dec 2012 to be greater than 0.55 Degrees C,2012-08-30,,,,60.0,5,0,60.0,60.0
755633,GTA.DEC2012.>0.55,Global Temperature Anomaly for Dec 2012 to be greater than 0.55 Degrees C,2012-08-31,,,,60.0,5,0,60.0,60.0
755633,GTA.DEC2012.>0.55,Global Temperature Anomaly for Dec 2012 to be greater than 0.55 Degrees C,2012-09-01,,,,60.0,5,0,60.0,60.0
755633,GTA.DEC2012.>0.55,Global Temperature Anomaly for Dec 2012 to be greater than 0.55 Degrees C,2012-09-02,,,,60.0,5,0,60.0,60.0
755633,GTA.DEC2012.>0.55,Global Temperature Anomaly for Dec 2012 to be greater than 0.55 Degrees C,2012-09-03,,,,60.0,5,0,60.0,60.0
755633,GTA.DEC2012.>0.55,Global Temperature Anomaly for Dec 2012 to be greater than 0.55 Degrees C,2012-09-04,,,,60.0,5,0,60.0,60.0
755633,GTA.DEC2012.>0.55,Global Temperature Anomaly for Dec 2012 to be greater than 0.55 Degrees C,2012-09-05,,,,60.0,5,0,60.0,60.0
755633,GTA.DEC2012.>0.55,Global Temperature Anomaly for Dec 2012 to be greater than 0.55 Degrees C,2012-09-06,,,,60.0,5,0,60.0,60.0
755633,GTA.DEC2012.>0.55,Global Temperature Anomaly for Dec 2012 to be greater than 0.55 Degrees C,2012-09-07,,,,60.0,5,0,60.0,60.0
755633,GTA.DEC2012.>0.55,Global Temperature Anomaly for Dec 2012 to be greater than 0.55 Degrees C,2012-09-08,,,,60.0,5,0,60.0,60.0
755633,GTA.DEC2012.>0.55,Global Temperature Anomaly for Dec 2012 to be greater than 0.55 Degrees C,2012-09-09,,,,60.0,5,0,60.0,60.0
755633,GTA.DEC2012.>0.55,Global Temperature Anomaly for Dec 2012 to be greater than 0.55 Degrees C,2012-09-10,,,,60.0,5,0,60.0,60.0
755633,GTA.DEC2012.>0.55,Global Temperature Anomaly for Dec 2012 to be greater than 0.55 Degrees C,2012-09-11,,,,60.0,5,0,60.0,60.0
755633,GTA.DEC2012.>0.55,Global Temperature Anomaly for Dec 2012 to be greater than 0.55 Degrees C,2012-09-12,,,,60.0,5,0,60.0,60.0
755633,GTA.DEC2012.>0.55,Global Temperature Anomaly for Dec 2012 to be greater than 0.55 Degrees C,2012-09-13,,,,60.0,5,0,60.0,60.0
755633,GTA.DEC2012.>0.55,Global Temperature Anomaly for Dec 2012 to be greater than 0.55 Degrees C,2012-09-14,,,,60.0,5,0,60.0,60.0
755633,GTA.DEC2012.>0.55,Global Temperature Anomaly for Dec 2012 to be greater than 0.55 Degrees C,2012-09-15,,,,60.0,5,0,60.0,60.0
755633,GTA.DEC2012.>0.55,Global Temperature Anomaly for Dec 2012 to be greater than 0.55 Degrees C,2012-09-16,,,,60.0,5,0,60.0,60.0
755633,GTA.DEC2012.>0.55,Global Temperature Anomaly for Dec 2012 to be greater than 0.55 Degrees C,2012-09-17,,,,60.0,5,0,60.0,60.0
755633,GTA.DEC2012.>0.55,Global Temperature Anomaly for Dec 2012 to be greater than 0.55 Degrees C,2012-09-18,,,,60.0,5,0,60.0,60.0
755633,GTA.DEC2012.>0.55,Global Temperature Anomaly for Dec 2012 to be greater than 0.55 Degrees C,2012-09-19,,,,60.0,5,0,60.0,60.0
755633,GTA.DEC2012.>0.55,Global Temperature Anomaly for Dec 2012 to be greater than 0.55 Degrees C,2012-09-20,,,,60.0,5,0,60.0,60.0
755633,GTA.DEC2012.>0.55,Global Temperature Anomaly for Dec 2012 to be greater than 0.55 Degrees C,2012-09-21,,,,60.0,5,0,60.0,60.0
755633,GTA.DEC2012.>0.55,Global Temperature Anomaly for Dec 2012 to be greater than 0.55 Degrees C,2012-09-22,,,,60.0,5,0,60.0,60.0
755633,GTA.DEC2012.>0.55,Global Temperature Anomaly for Dec 2012 to be greater than 0.55 Degrees C,2012-09-23,,,,60.0,5,0,60.0,60.0
755633,GTA.DEC2012.>0.55,Global Temperature Anomaly for Dec 2012 to be greater than 0.55 Degrees C,2012-09-24,,,,60.0,5,0,60.0,60.0
755633,GTA.DEC2012.>0.55,Global Temperature Anomaly for Dec 2012 to be greater than 0.55 Degrees C,2012-09-25,,,,60.0,5,0,60.0,60.0
755633,GTA.DEC2012.>0.55,Global Temperature Anomaly for Dec 2012 to be greater than 0.55 Degrees C,2012-09-26,,,,60.0,5,0,60.0,60.0
755633,GTA.DEC2012.>0.55,Global Temperature Anomaly for Dec 2012 to be greater than 0.55 Degrees C,2012-09-27,,,,60.0,5,0,60.0,60.0
755633,GTA.DEC2012.>0.55,Global Temperature Anomaly for Dec 2012 to be greater than 0.55 Degrees C,2012-09-28,,,,60.0,5,0,60.0,60.0
755633,GTA.DEC2012.>0.55,Global Temperature Anomaly for Dec 2012 to be greater than 0.55 Degrees C,2012-09-29,,,,60.0,5,0,60.0,60.0
755633,GTA.DEC2012.>0.55,Global Temperature Anomaly for Dec 2012 to be greater than 0.55 Degrees C,2012-09-30,,,,60.0,5,0,60.0,60.0
755633,GTA.DEC2012.>0.55,Global Temperature Anomaly for Dec 2012 to be greater than 0.55 Degrees C,2012-10-01,,,,60.0,5,0,60.0,60.0
755633,GTA.DEC2012.>0.55,Global Temperature Anomaly for Dec 2012 to be greater than 0.55 Degrees C,2012-10-02,,,,60.0,5,0,60.0,60.0
755633,GTA.DEC2012.>0.55,Global Temperature Anomaly for Dec 2012 to be greater than 0.55 Degrees C,2012-10-03,,,,60.0,5,0,60.0,60.0
755633,GTA.DEC2012.>0.55,Global Temperature Anomaly for Dec 2012 to be greater than 0.55 Degrees C,2012-10-04,,,,60.0,5,0,60.0,60.0
755633,GTA.DEC2012.>0.55,Global Temperature Anomaly for Dec 2012 to be greater than 0.55 Degrees C,2012-10-05,,,,60.0,5,0,60.0,60.0
755633,GTA.DEC2012.>0.55,Global Temperature Anomaly for Dec 2012 to be greater than 0.55 Degrees C,2012-10-06,,,,60.0,5,0,60.0,60.0
755633,GTA.DEC2012.>0.55,Global Temperature Anomaly for Dec 2012 to be greater than 0.55 Degrees C,2012-10-07,,,,60.0,5,0,60.0,60.0
755633,GTA.DEC2012.>0.55,Global Temperature Anomaly for Dec 2012 to be greater than 0.55 Degrees C,2012-10-08,,,,60.0,5,0,60.0,60.0
755633,GTA.DEC2012.>0.55,Global Temperature Anomaly for Dec 2012 to be greater than 0.55 Degrees C,2012-10-09,,,,60.0,5,0,60.0,60.0
755633,GTA.DEC2012.>0.55,Global Temperature Anomaly for Dec 2012 to be greater than 0.55 Degrees C,2012-10-10,,,,60.0,5,0,60.0,60.0
755633,GTA.DEC2012.>0.55,Global Temperature Anomaly for Dec 2012 to be greater than 0.55 Degrees C,2012-10-11,,,,60.0,5,0,60.0,60.0
755633,GTA.DEC2012.>0.55,Global Temperature Anomaly for Dec 2012 to be greater than 0.55 Degrees C,2012-10-12,94.0,94.0,94.0,94.0,5,5,94.0,60.0
755633,GTA.DEC2012.>0.55,Global Temperature Anomaly for Dec 2012 to be greater than 0.55 Degrees C,2012-10-13,,,,94.0,5,0,94.0,60.0
755633,GTA.DEC2012.>0.55,Global Temperature Anomaly for Dec 2012 to be greater than 0.55 Degrees C,2012-10-14,,,,94.0,5,0,94.0,60.0
755633,GTA.DEC2012.>0.55,Global Temperature Anomaly for Dec 2012 to be greater than 0.55 Degrees C,2012-10-15,,,,94.0,5,0,94.0,60.0
755633,GTA.DEC2012.>0.55,Global Temperature Anomaly for Dec 2012 to be greater than 0.55 Degrees C,2012-10-16,,,,94.0,5,0,94.0,60.0
755633,GTA.DEC2012.>0.55,Global Temperature Anomaly for Dec 2012 to be greater than 0.55 Degrees C,2012-10-17,,,,94.0,5,0,94.0,60.0
755633,GTA.DEC2012.>0.55,Global Temperature Anomaly for Dec 2012 to be greater than 0.55 Degrees C,2012-10-18,,,,94.0,5,0,94.0,60.0
755633,GTA.DEC2012.>0.55,Global Temperature Anomaly for Dec 2012 to be greater than 0.55 Degrees C,2012-10-19,,,,94.0,5,0,94.0,60.0
755633,GTA.DEC2012.>0.55,Global Temperature Anomaly for Dec 2012 to be greater than 0.55 Degrees C,2012-10-20,,,,94.0,5,0,94.0,60.0
755633,GTA.DEC2012.>0.55,Global Temperature Anomaly for Dec 2012 to be greater than 0.55 Degrees C,2012-10-21,,,,94.0,5,0,94.0,60.0
755633,GTA.DEC2012.>0.55,Global Temperature Anomaly for Dec 2012 to be greater than 0.55 Degrees C,2012-10-22,,,,94.0,5,0,94.0,60.0
755633,GTA.DEC2012.>0.55,Global Temperature Anomaly for Dec 2012 to be greater than 0.55 Degrees C,2012-10-23,,,,94.0,5,0,94.0,60.0
755633,GTA.DEC2012.>0.55,Global Temperature Anomaly for Dec 2012 to be greater than 0.55 Degrees C,2012-10-24,,,,94.0,5,0,94.0,60.0
755633,GTA.DEC2012.>0.55,Global Temperature Anomaly for Dec 2012 to be greater than 0.55 Degrees C,2012-10-25,,,,94.0,5,0,94.0,60.0
755633,GTA.DEC2012.>0.55,Global Temperature Anomaly for Dec 2012 to be greater than 0.55 Degrees C,2012-10-26,,,,94.0,5,0,94.0,60.0
755633,GTA.DEC2012.>0.55,Global Temperature Anomaly for Dec 2012 to be greater than 0.55 Degrees C,2012-10-27,,,,94.0,5,0,94.0,60.0
755633,GTA.DEC2012.>0.55,Global Temperature Anomaly for Dec 2012 to be greater than 0.55 Degrees C,2012-10-28,,,,94.0,5,0,94.0,60.0
755633,GTA.DEC2012.>0.55,Global Temperature Anomaly for Dec 2012 to be greater than 0.55 Degrees C,2012-10-29,,,,94.0,5,0,94.0,60.0
755633,GTA.DEC2012.>0.55,Global Temperature Anomaly for Dec 2012 to be greater than 0.55 Degrees C,2012-10-30,,,,94.0,5,0,94.0,60.0
755633,GTA.DEC2012.>0.55,Global Temperature Anomaly for Dec 2012 to be greater than 0.55 Degrees C,2012-10-31,,,,94.0,5,0,94.0,60.0
755633,GTA.DEC2012.>0.55,Global Temperature Anomaly for Dec 2012 to be greater than 0.55 Degrees C,2012-11-01,,,,94.0,5,0,94.0,60.0
755633,GTA.DEC2012.>0.55,Global Temperature Anomaly for Dec 2012 to be greater than 0.55 Degrees C,2012-11-02,,,,94.0,5,0,94.0,60.0
755633,GTA.DEC2012.>0.55,Global Temperature Anomaly for Dec 2012 to be greater than 0.55 Degrees C,2012-11-03,,,,94.0,5,0,94.0,60.0
755633,GTA.DEC2012.>0.55,Global Temperature Anomaly for Dec 2012 to be greater than 0.55 Degrees C,2012-11-04,,,,94.0,5,0,94.0,60.0
755633,GTA.DEC2012.>0.55,Global Temperature Anomaly for Dec 2012 to be greater than 0.55 Degrees C,2012-11-05,,,,94.0,5,0,94.0,60.0
755633,GTA.DEC2012.>0.55,Global Temperature Anomaly for Dec 2012 to be greater than 0.55 Degrees C,2012-11-06,,,,94.0,5,0,94.0,60.0
755633,GTA.DEC2012.>0.55,Global Temperature Anomaly for Dec 2012 to be greater than 0.55 Degrees C,2012-11-07,,,,94.0,5,0,94.0,60.0
755633,GTA.DEC2012.>0.55,Global Temperature Anomaly for Dec 2012 to be greater than 0.55 Degrees C,2012-11-08,,,,94.0,5,0,94.0,60.0
755633,GTA.DEC2012.>0.55,Global Temperature Anomaly for Dec 2012 to be greater than 0.55 Degrees C,2012-11-09,,,,94.0,5,0,94.0,60.0
755633,GTA.DEC2012.>0.55,Global Temperature Anomaly for Dec 2012 to be greater than 0.55 Degrees C,2012-11-10,,,,94.0,5,0,94.0,60.0
755633,GTA.DEC2012.>0.55,Global Temperature Anomaly for Dec 2012 to be greater than 0.55 Degrees C,2012-11-11,72.1,72.1,72.0,72.0,16,11,94.0,60.0
755633,GTA.DEC2012.>0.55,Global Temperature Anomaly for Dec 2012 to be greater than 0.55 Degrees C,2012-11-12,,,,72.0,16,0,94.0,60.0
755633,GTA.DEC2012.>0.55,Global Temperature Anomaly for Dec 2012 to be greater than 0.55 Degrees C,2012-11-13,,,,72.0,16,0,94.0,60.0
755633,GTA.DEC2012.>0.55,Global Temperature Anomaly for Dec 2012 to be greater than 0.55 Degrees C,2012-11-14,,,,72.0,16,0,94.0,60.0
755633,GTA.DEC2012.>0.55,Global Temperature Anomaly for Dec 2012 to be greater than 0.55 Degrees C,2012-11-15,,,,72.0,16,0,94.0,60.0
755633,GTA.DEC2012.>0.55,Global Temperature Anomaly for Dec 2012 to be greater than 0.55 Degrees C,2012-11-16,75.1,75.1,55.1,70.0,33,17,94.0,55.1
755633,GTA.DEC2012.>0.55,Global Temperature Anomaly for Dec 2012 to be greater than 0.55 Degrees C,2012-11-17,80.0,80.0,80.0,80.0,53,20,94.0,55.1
755633,GTA.DEC2012.>0.55,Global Temperature Anomaly for Dec 2012 to be greater than 0.55 Degrees C,2012-11-18,,,,80.0,53,0,94.0,55.1
755633,GTA.DEC2012.>0.55,Global Temperature Anomaly for Dec 2012 to be greater than 0.55 Degrees C,2012-11-19,,,,80.0,53,0,94.0,55.1
755633,GTA.DEC2012.>0.55,Global Temperature Anomaly for Dec 2012 to be greater than 0.55 Degrees C,2012-11-20,,,,80.0,53,0,94.0,55.1
755633,GTA.DEC2012.>0.55,Global Temperature Anomaly for Dec 2012 to be greater than 0.55 Degrees C,2012-11-21,,,,80.0,53,0,94.0,55.1
755633,GTA.DEC2012.>0.55,Global Temperature Anomaly for Dec 2012 to be greater than 0.55 Degrees C,2012-11-22,,,,80.0,53,0,94.0,55.1
755633,GTA.DEC2012.>0.55,Global Temperature Anomaly for Dec 2012 to be greater than 0.55 Degrees C,2012-11-23,,,,80.0,53,0,94.0,55.1
755633,GTA.DEC2012.>0.55,Global Temperature Anomaly for Dec 2012 to be greater than 0.55 Degrees C,2012-11-24,,,,80.0,53,0,94.0,55.1
755633,GTA.DEC2012.>0.55,Global Temperature Anomaly for Dec 2012 to be greater than 0.55 Degrees C,2012-11-25,,,,80.0,53,0,94.0,55.1
755633,GTA.DEC2012.>0.55,Global Temperature Anomaly for Dec 2012 to be greater than 0.55 Degrees C,2012-11-26,,,,80.0,53,0,94.0,55.1
755633,GTA.DEC2012.>0.55,Global Temperature Anomaly for Dec 2012 to be greater than 0.55 Degrees C,2012-11-27,98.5,98.5,98.5,98.5,33,20,98.5,55.1
755633,GTA.DEC2012.>0.55,Global Temperature Anomaly for Dec 2012 to be greater than 0.55 Degrees C,2012-11-28,,,,98.5,33,0,98.5,55.1
755633,GTA.DEC2012.>0.55,Global Temperature Anomaly for Dec 2012 to be greater than 0.55 Degrees C,2012-11-29,,,,98.5,33,0,98.5,55.1
755633,GTA.DEC2012.>0.55,Global Temperature Anomaly for Dec 2012 to be greater than 0.55 Degrees C,2012-11-30,,,,98.5,33,0,98.5,55.1
755633,GTA.DEC2012.>0.55,Global Temperature Anomaly for Dec 2012 to be greater than 0.55 Degrees C,2012-12-01,,,,98.5,33,0,98.5,55.1
755633,GTA.DEC2012.>0.55,Global Temperature Anomaly for Dec 2012 to be greater than 0.55 Degrees C,2012-12-02,,,,98.5,33,0,98.5,55.1
755633,GTA.DEC2012.>0.55,Global Temperature Anomaly for Dec 2012 to be greater than 0.55 Degrees C,2012-12-03,60.0,60.0,60.0,60.0,37,4,98.5,55.1
755633,GTA.DEC2012.>0.55,Global Temperature Anomaly for Dec 2012 to be greater than 0.55 Degrees C,2012-12-04,,,,60.0,37,0,98.5,55.1
755633,GTA.DEC2012.>0.55,Global Temperature Anomaly for Dec 2012 to be greater than 0.55 Degrees C,2012-12-05,,,,60.0,37,0,98.5,55.1
755633,GTA.DEC2012.>0.55,Global Temperature Anomaly for Dec 2012 to be greater than 0.55 Degrees C,2012-12-06,,,,60.0,37,0,98.5,55.1
755633,GTA.DEC2012.>0.55,Global Temperature Anomaly for Dec 2012 to be greater than 0.55 Degrees C,2012-12-07,,,,60.0,37,0,98.5,55.1
755633,GTA.DEC2012.>0.55,Global Temperature Anomaly for Dec 2012 to be greater than 0.55 Degrees C,2012-12-08,,,,60.0,37,0,98.5,55.1
755633,GTA.DEC2012.>0.55,Global Temperature Anomaly for Dec 2012 to be greater than 0.55 Degrees C,2012-12-09,,,,60.0,37,0,98.5,55.1
755633,GTA.DEC2012.>0.55,Global Temperature Anomaly for Dec 2012 to be greater than 0.55 Degrees C,2012-12-10,,,,60.0,37,0,98.5,55.1
755633,GTA.DEC2012.>0.55,Global Temperature Anomaly for Dec 2012 to be greater than 0.55 Degrees C,2012-12-11,95.0,95.0,95.0,95.0,37,5,98.5,55.1
755633,GTA.DEC2012.>0.55,Global Temperature Anomaly for Dec 2012 to be greater than 0.55 Degrees C,2012-12-12,,,,95.0,37,0,98.5,55.1
755633,GTA.DEC2012.>0.55,Global Temperature Anomaly for Dec 2012 to be greater than 0.55 Degrees C,2012-12-13,,,,95.0,37,0,98.5,55.1
755633,GTA.DEC2012.>0.55,Global Temperature Anomaly for Dec 2012 to be greater than 0.55 Degrees C,2012-12-14,,,,95.0,37,0,98.5,55.1
755633,GTA.DEC2012.>0.55,Global Temperature Anomaly for Dec 2012 to be greater than 0.55 Degrees C,2012-12-15,,,,95.0,37,0,98.5,55.1
755633,GTA.DEC2012.>0.55,Global Temperature Anomaly for Dec 2012 to be greater than 0.55 Degrees C,2012-12-16,,,,95.0,37,0,98.5,55.1
755633,GTA.DEC2012.>0.55,Global Temperature Anomaly for Dec 2012 to be greater than 0.55 Degrees C,2012-12-17,,,,95.0,37,0,98.5,55.1
755633,GTA.DEC2012.>0.55,Global Temperature Anomaly for Dec 2012 to be greater than 0.55 Degrees C,2012-12-18,,,,95.0,37,0,98.5,55.1
755633,GTA.DEC2012.>0.55,Global Temperature Anomaly for Dec 2012 to be greater than 0.55 Degrees C,2012-12-19,80.0,80.0,80.0,80.0,38,1,98.5,55.1
755633,GTA.DEC2012.>0.55,Global Temperature Anomaly for Dec 2012 to be greater than 0.55 Degrees C,2012-12-20,,,,80.0,38,0,98.5,55.1
755633,GTA.DEC2012.>0.55,Global Temperature Anomaly for Dec 2012 to be greater than 0.55 Degrees C,2012-12-21,82.5,96.8,82.5,96.8,33,17,98.5,55.1
755633,GTA.DEC2012.>0.55,Global Temperature Anomaly for Dec 2012 to be greater than 0.55 Degrees C,2012-12-22,,,,96.8,33,0,98.5,55.1
755633,GTA.DEC2012.>0.55,Global Temperature Anomaly for Dec 2012 to be greater than 0.55 Degrees C,2012-12-23,93.8,93.8,93.8,93.8,33,5,98.5,55.1
755633,GTA.DEC2012.>0.55,Global Temperature Anomaly for Dec 2012 to be greater than 0.55 Degrees C,2012-12-24,90.0,90.0,90.0,90.0,33,1,98.5,55.1
755633,GTA.DEC2012.>0.55,Global Temperature Anomaly for Dec 2012 to be greater than 0.55 Degrees C,2012-12-25,90.1,90.1,90.0,90.0,33,4,98.5,55.1
755633,GTA.DEC2012.>0.55,Global Temperature Anomaly for Dec 2012 to be greater than 0.55 Degrees C,2012-12-26,,,,90.0,33,0,98.5,55.1
755633,GTA.DEC2012.>0.55,Global Temperature Anomaly for Dec 2012 to be greater than 0.55 Degrees C,2012-12-27,,,,90.0,33,0,98.5,55.1
755633,GTA.DEC2012.>0.55,Global Temperature Anomaly for Dec 2012 to be greater than 0.55 Degrees C,2012-12-28,70.0,70.0,70.0,70.0,33,4,98.5,55.1
755633,GTA.DEC2012.>0.55,Global Temperature Anomaly for Dec 2012 to be greater than 0.55 Degrees C,2012-12-29,,,,70.0,33,0,98.5,55.1
755633,GTA.DEC2012.>0.55,Global Temperature Anomaly for Dec 2012 to be greater than 0.55 Degrees C,2012-12-30,,,,70.0,33,0,98.5,55.1
755633,GTA.DEC2012.>0.55,Global Temperature Anomaly for Dec 2012 to be greater than 0.55 Degrees C,2012-12-31,,,,70.0,33,0,98.5,55.1
755633,GTA.DEC2012.>0.55,Global Temperature Anomaly for Dec 2012 to be greater than 0.55 Degrees C,2013-01-01,,,,70.0,33,0,98.5,55.1
755633,GTA.DEC2012.>0.55,Global Temperature Anomaly for Dec 2012 to be greater than 0.55 Degrees C,2013-01-02,,,,70.0,33,0,98.5,55.1
755633,GTA.DEC2012.>0.55,Global Temperature Anomaly for Dec 2012 to be greater than 0.55 Degrees C,2013-01-03,,,,70.0,33,0,98.5,55.1
755633,GTA.DEC2012.>0.55,Global Temperature Anomaly for Dec 2012 to be greater than 0.55 Degrees C,2013-01-04,,,,70.0,33,0,98.5,55.1
755633,GTA.DEC2012.>0.55,Global Temperature Anomaly for Dec 2012 to be greater than 0.55 Degrees C,2013-01-05,,,,70.0,33,0,98.5,55.1
755633,GTA.DEC2012.>0.55,Global Temperature Anomaly for Dec 2012 to be greater than 0.55 Degrees C,2013-01-06,,,,70.0,33,0,98.5,55.1
755633,GTA.DEC2012.>0.55,Global Temperature Anomaly for Dec 2012 to be greater than 0.55 Degrees C,2013-01-07,,,,70.0,33,0,98.5,55.1
755633,GTA.DEC2012.>0.55,Global Temperature Anomaly for Dec 2012 to be greater than 0.55 Degrees C,2013-01-08,2.0,86.0,2.0,86.0,44,13,98.5,2.0
755633,GTA.DEC2012.>0.55,Global Temperature Anomaly for Dec 2012 to be greater than 0.55 Degrees C,2013-01-09,,,,86.0,44,0,98.5,2.0
755633,GTA.DEC2012.>0.55,Global Temperature Anomaly for Dec 2012 to be greater than 0.55 Degrees C,2013-01-10,,,,86.0,44,0,98.5,2.0
755633,GTA.DEC2012.>0.55,Global Temperature Anomaly for Dec 2012 to be greater than 0.55 Degrees C,2013-01-11,94.0,94.0,62.0,62.0,33,22,98.5,2.0
755633,GTA.DEC2012.>0.55,Global Temperature Anomaly for Dec 2012 to be greater than 0.55 Degrees C,2013-01-12,,,,62.0,33,0,98.5,2.0
755633,GTA.DEC2012.>0.55,Global Temperature Anomaly for Dec 2012 to be greater than 0.55 Degrees C,2013-01-13,,,,62.0,33,0,98.5,2.0
755633,GTA.DEC2012.>0.55,Global Temperature Anomaly for Dec 2012 to be greater than 0.55 Degrees C,2013-01-14,,,,62.0,33,0,98.5,2.0
755633,GTA.DEC2012.>0.55,Global Temperature Anomaly for Dec 2012 to be greater than 0.55 Degrees C,2013-01-15,60.0,60.0,55.0,55.0,27,9,98.5,2.0
