market id,market symbol,market name,business day,session open,session high,session low,closing price,open interest,session trade volume,lifetime high,lifetime low
757507,GTA.APR2012.>0.45,Global Temperature Anomaly for Apr 2012 to be greater than 0.45 Degrees C,2012-02-15,0.0,0.0,0.0,0.0,0,0,0.0,0.0
757507,GTA.APR2012.>0.45,Global Temperature Anomaly for Apr 2012 to be greater than 0.45 Degrees C,2012-02-16,0.0,0.0,0.0,0.0,0,0,0.0,0.0
757507,GTA.APR2012.>0.45,Global Temperature Anomaly for Apr 2012 to be greater than 0.45 Degrees C,2012-02-17,0.0,0.0,0.0,0.0,0,0,0.0,0.0
757507,GTA.APR2012.>0.45,Global Temperature Anomaly for Apr 2012 to be greater than 0.45 Degrees C,2012-02-18,0.0,0.0,0.0,0.0,0,0,0.0,0.0
757507,GTA.APR2012.>0.45,Global Temperature Anomaly for Apr 2012 to be greater than 0.45 Degrees C,2012-02-19,0.0,0.0,0.0,0.0,0,0,0.0,0.0
757507,GTA.APR2012.>0.45,Global Temperature Anomaly for Apr 2012 to be greater than 0.45 Degrees C,2012-02-20,0.0,0.0,0.0,0.0,0,0,0.0,0.0
757507,GTA.APR2012.>0.45,Global Temperature Anomaly for Apr 2012 to be greater than 0.45 Degrees C,2012-02-21,0.0,0.0,0.0,0.0,0,0,0.0,0.0
757507,GTA.APR2012.>0.45,Global Temperature Anomaly for Apr 2012 to be greater than 0.45 Degrees C,2012-02-22,0.0,0.0,0.0,0.0,0,0,0.0,0.0
757507,GTA.APR2012.>0.45,Global Temperature Anomaly for Apr 2012 to be greater than 0.45 Degrees C,2012-02-23,0.0,0.0,0.0,0.0,0,0,0.0,0.0
757507,GTA.APR2012.>0.45,Global Temperature Anomaly for Apr 2012 to be greater than 0.45 Degrees C,2012-02-24,0.0,0.0,0.0,0.0,0,0,0.0,0.0
757507,GTA.APR2012.>0.45,Global Temperature Anomaly for Apr 2012 to be greater than 0.45 Degrees C,2012-02-25,0.0,0.0,0.0,0.0,0,0,0.0,0.0
757507,GTA.APR2012.>0.45,Global Temperature Anomaly for Apr 2012 to be greater than 0.45 Degrees C,2012-02-26,0.0,0.0,0.0,0.0,0,0,0.0,0.0
757507,GTA.APR2012.>0.45,Global Temperature Anomaly for Apr 2012 to be greater than 0.45 Degrees C,2012-02-27,0.0,0.0,0.0,0.0,0,0,0.0,0.0
757507,GTA.APR2012.>0.45,Global Temperature Anomaly for Apr 2012 to be greater than 0.45 Degrees C,2012-02-28,0.0,0.0,0.0,0.0,0,0,0.0,0.0
757507,GTA.APR2012.>0.45,Global Temperature Anomaly for Apr 2012 to be greater than 0.45 Degrees C,2012-02-29,0.0,0.0,0.0,0.0,0,0,0.0,0.0
757507,GTA.APR2012.>0.45,Global Temperature Anomaly for Apr 2012 to be greater than 0.45 Degrees C,2012-03-01,0.0,0.0,0.0,0.0,0,0,0.0,0.0
757507,GTA.APR2012.>0.45,Global Temperature Anomaly for Apr 2012 to be greater than 0.45 Degrees C,2012-03-02,,,,,0,0,,
757507,GTA.APR2012.>0.45,Global Temperature Anomaly for Apr 2012 to be greater than 0.45 Degrees C,2012-03-03,,,,,0,0,,
757507,GTA.APR2012.>0.45,Global Temperature Anomaly for Apr 2012 to be greater than 0.45 Degrees C,2012-03-04,,,,,0,0,,
757507,GTA.APR2012.>0.45,Global Temperature Anomaly for Apr 2012 to be greater than 0.45 Degrees C,2012-03-05,,,,,0,0,,
757507,GTA.APR2012.>0.45,Global Temperature Anomaly for Apr 2012 to be greater than 0.45 Degrees C,2012-03-06,,,,,0,0,,
757507,GTA.APR2012.>0.45,Global Temperature Anomaly for Apr 2012 to be greater than 0.45 Degrees C,2012-03-07,,,,,0,0,,
757507,GTA.APR2012.>0.45,Global Temperature Anomaly for Apr 2012 to be greater than 0.45 Degrees C,2012-03-08,,,,,0,0,,
757507,GTA.APR2012.>0.45,Global Temperature Anomaly for Apr 2012 to be greater than 0.45 Degrees C,2012-03-09,,,,,0,0,,
757507,GTA.APR2012.>0.45,Global Temperature Anomaly for Apr 2012 to be greater than 0.45 Degrees C,2012-03-10,,,,,0,0,,
757507,GTA.APR2012.>0.45,Global Temperature Anomaly for Apr 2012 to be greater than 0.45 Degrees C,2012-03-11,,,,,0,0,,
757507,GTA.APR2012.>0.45,Global Temperature Anomaly for Apr 2012 to be greater than 0.45 Degrees C,2012-03-12,,,,,0,0,,
757507,GTA.APR2012.>0.45,Global Temperature Anomaly for Apr 2012 to be greater than 0.45 Degrees C,2012-03-13,,,,,0,0,,
757507,GTA.APR2012.>0.45,Global Temperature Anomaly for Apr 2012 to be greater than 0.45 Degrees C,2012-03-14,,,,,0,0,,
757507,GTA.APR2012.>0.45,Global Temperature Anomaly for Apr 2012 to be greater than 0.45 Degrees C,2012-03-15,,,,,0,0,,
757507,GTA.APR2012.>0.45,Global Temperature Anomaly for Apr 2012 to be greater than 0.45 Degrees C,2012-03-16,,,,,0,0,,
757507,GTA.APR2012.>0.45,Global Temperature Anomaly for Apr 2012 to be greater than 0.45 Degrees C,2012-03-17,,,,,0,0,,
757507,GTA.APR2012.>0.45,Global Temperature Anomaly for Apr 2012 to be greater than 0.45 Degrees C,2012-03-18,,,,,0,0,,
757507,GTA.APR2012.>0.45,Global Temperature Anomaly for Apr 2012 to be greater than 0.45 Degrees C,2012-03-19,,,,,0,0,,
757507,GTA.APR2012.>0.45,Global Temperature Anomaly for Apr 2012 to be greater than 0.45 Degrees C,2012-03-20,,,,,0,0,,
757507,GTA.APR2012.>0.45,Global Temperature Anomaly for Apr 2012 to be greater than 0.45 Degrees C,2012-03-21,,,,,0,0,,
757507,GTA.APR2012.>0.45,Global Temperature Anomaly for Apr 2012 to be greater than 0.45 Degrees C,2012-03-22,,,,,0,0,,
757507,GTA.APR2012.>0.45,Global Temperature Anomaly for Apr 2012 to be greater than 0.45 Degrees C,2012-03-23,,,,,0,0,,
757507,GTA.APR2012.>0.45,Global Temperature Anomaly for Apr 2012 to be greater than 0.45 Degrees C,2012-03-24,,,,,0,0,,
757507,GTA.APR2012.>0.45,Global Temperature Anomaly for Apr 2012 to be greater than 0.45 Degrees C,2012-03-25,50.0,50.0,50.0,50.0,1,1,50.0,50.0
757507,GTA.APR2012.>0.45,Global Temperature Anomaly for Apr 2012 to be greater than 0.45 Degrees C,2012-03-26,,,,50.0,1,0,50.0,50.0
757507,GTA.APR2012.>0.45,Global Temperature Anomaly for Apr 2012 to be greater than 0.45 Degrees C,2012-03-27,,,,50.0,1,0,50.0,50.0
757507,GTA.APR2012.>0.45,Global Temperature Anomaly for Apr 2012 to be greater than 0.45 Degrees C,2012-03-28,,,,50.0,1,0,50.0,50.0
757507,GTA.APR2012.>0.45,Global Temperature Anomaly for Apr 2012 to be greater than 0.45 Degrees C,2012-03-29,,,,50.0,1,0,50.0,50.0
757507,GTA.APR2012.>0.45,Global Temperature Anomaly for Apr 2012 to be greater than 0.45 Degrees C,2012-03-30,,,,50.0,1,0,50.0,50.0
757507,GTA.APR2012.>0.45,Global Temperature Anomaly for Apr 2012 to be greater than 0.45 Degrees C,2012-03-31,,,,50.0,1,0,50.0,50.0
757507,GTA.APR2012.>0.45,Global Temperature Anomaly for Apr 2012 to be greater than 0.45 Degrees C,2012-04-01,,,,50.0,1,0,50.0,50.0
757507,GTA.APR2012.>0.45,Global Temperature Anomaly for Apr 2012 to be greater than 0.45 Degrees C,2012-04-02,,,,50.0,1,0,50.0,50.0
757507,GTA.APR2012.>0.45,Global Temperature Anomaly for Apr 2012 to be greater than 0.45 Degrees C,2012-04-03,,,,50.0,1,0,50.0,50.0
757507,GTA.APR2012.>0.45,Global Temperature Anomaly for Apr 2012 to be greater than 0.45 Degrees C,2012-04-04,,,,50.0,1,0,50.0,50.0
757507,GTA.APR2012.>0.45,Global Temperature Anomaly for Apr 2012 to be greater than 0.45 Degrees C,2012-04-05,75.0,75.0,75.0,75.0,9,8,75.0,50.0
757507,GTA.APR2012.>0.45,Global Temperature Anomaly for Apr 2012 to be greater than 0.45 Degrees C,2012-04-06,,,,75.0,9,0,75.0,50.0
757507,GTA.APR2012.>0.45,Global Temperature Anomaly for Apr 2012 to be greater than 0.45 Degrees C,2012-04-07,,,,75.0,9,0,75.0,50.0
757507,GTA.APR2012.>0.45,Global Temperature Anomaly for Apr 2012 to be greater than 0.45 Degrees C,2012-04-08,,,,75.0,9,0,75.0,50.0
757507,GTA.APR2012.>0.45,Global Temperature Anomaly for Apr 2012 to be greater than 0.45 Degrees C,2012-04-09,,,,75.0,9,0,75.0,50.0
757507,GTA.APR2012.>0.45,Global Temperature Anomaly for Apr 2012 to be greater than 0.45 Degrees C,2012-04-10,,,,75.0,9,0,75.0,50.0
757507,GTA.APR2012.>0.45,Global Temperature Anomaly for Apr 2012 to be greater than 0.45 Degrees C,2012-04-11,,,,75.0,9,0,75.0,50.0
757507,GTA.APR2012.>0.45,Global Temperature Anomaly for Apr 2012 to be greater than 0.45 Degrees C,2012-04-12,,,,75.0,9,0,75.0,50.0
757507,GTA.APR2012.>0.45,Global Temperature Anomaly for Apr 2012 to be greater than 0.45 Degrees C,2012-04-13,66.0,66.0,66.0,66.0,14,5,75.0,50.0
757507,GTA.APR2012.>0.45,Global Temperature Anomaly for Apr 2012 to be greater than 0.45 Degrees C,2012-04-14,,,,66.0,14,0,75.0,50.0
757507,GTA.APR2012.>0.45,Global Temperature Anomaly for Apr 2012 to be greater than 0.45 Degrees C,2012-04-15,,,,66.0,14,0,75.0,50.0
757507,GTA.APR2012.>0.45,Global Temperature Anomaly for Apr 2012 to be greater than 0.45 Degrees C,2012-04-16,,,,66.0,14,0,75.0,50.0
757507,GTA.APR2012.>0.45,Global Temperature Anomaly for Apr 2012 to be greater than 0.45 Degrees C,2012-04-17,,,,66.0,14,0,75.0,50.0
757507,GTA.APR2012.>0.45,Global Temperature Anomaly for Apr 2012 to be greater than 0.45 Degrees C,2012-04-18,,,,66.0,14,0,75.0,50.0
757507,GTA.APR2012.>0.45,Global Temperature Anomaly for Apr 2012 to be greater than 0.45 Degrees C,2012-04-19,,,,66.0,14,0,75.0,50.0
757507,GTA.APR2012.>0.45,Global Temperature Anomaly for Apr 2012 to be greater than 0.45 Degrees C,2012-04-20,,,,66.0,14,0,75.0,50.0
757507,GTA.APR2012.>0.45,Global Temperature Anomaly for Apr 2012 to be greater than 0.45 Degrees C,2012-04-21,,,,66.0,14,0,75.0,50.0
757507,GTA.APR2012.>0.45,Global Temperature Anomaly for Apr 2012 to be greater than 0.45 Degrees C,2012-04-22,,,,66.0,14,0,75.0,50.0
757507,GTA.APR2012.>0.45,Global Temperature Anomaly for Apr 2012 to be greater than 0.45 Degrees C,2012-04-23,87.5,87.5,87.5,87.5,16,2,87.5,50.0
757507,GTA.APR2012.>0.45,Global Temperature Anomaly for Apr 2012 to be greater than 0.45 Degrees C,2012-04-24,87.5,87.5,87.5,87.5,17,1,87.5,50.0
757507,GTA.APR2012.>0.45,Global Temperature Anomaly for Apr 2012 to be greater than 0.45 Degrees C,2012-04-25,,,,87.5,17,0,87.5,50.0
757507,GTA.APR2012.>0.45,Global Temperature Anomaly for Apr 2012 to be greater than 0.45 Degrees C,2012-04-26,,,,87.5,17,0,87.5,50.0
757507,GTA.APR2012.>0.45,Global Temperature Anomaly for Apr 2012 to be greater than 0.45 Degrees C,2012-04-27,80.0,80.0,77.5,77.5,19,2,87.5,50.0
757507,GTA.APR2012.>0.45,Global Temperature Anomaly for Apr 2012 to be greater than 0.45 Degrees C,2012-04-28,,,,77.5,19,0,87.5,50.0
757507,GTA.APR2012.>0.45,Global Temperature Anomaly for Apr 2012 to be greater than 0.45 Degrees C,2012-04-29,,,,77.5,19,0,87.5,50.0
757507,GTA.APR2012.>0.45,Global Temperature Anomaly for Apr 2012 to be greater than 0.45 Degrees C,2012-04-30,,,,77.5,19,0,87.5,50.0
757507,GTA.APR2012.>0.45,Global Temperature Anomaly for Apr 2012 to be greater than 0.45 Degrees C,2012-05-01,,,,77.5,19,0,87.5,50.0
757507,GTA.APR2012.>0.45,Global Temperature Anomaly for Apr 2012 to be greater than 0.45 Degrees C,2012-05-02,85.0,85.0,85.0,85.0,19,5,87.5,50.0
757507,GTA.APR2012.>0.45,Global Temperature Anomaly for Apr 2012 to be greater than 0.45 Degrees C,2012-05-03,80.0,85.0,80.0,80.0,22,3,87.5,50.0
757507,GTA.APR2012.>0.45,Global Temperature Anomaly for Apr 2012 to be greater than 0.45 Degrees C,2012-05-04,90.0,92.3,90.0,92.3,26,4,92.3,50.0
757507,GTA.APR2012.>0.45,Global Temperature Anomaly for Apr 2012 to be greater than 0.45 Degrees C,2012-05-05,90.0,90.0,75.0,75.0,27,2,92.3,50.0
757507,GTA.APR2012.>0.45,Global Temperature Anomaly for Apr 2012 to be greater than 0.45 Degrees C,2012-05-06,,,,75.0,27,0,92.3,50.0
757507,GTA.APR2012.>0.45,Global Temperature Anomaly for Apr 2012 to be greater than 0.45 Degrees C,2012-05-07,,,,75.0,27,0,92.3,50.0
757507,GTA.APR2012.>0.45,Global Temperature Anomaly for Apr 2012 to be greater than 0.45 Degrees C,2012-05-08,90.0,90.0,65.0,65.0,56,34,92.3,50.0
757507,GTA.APR2012.>0.45,Global Temperature Anomaly for Apr 2012 to be greater than 0.45 Degrees C,2012-05-09,92.5,92.5,92.5,92.5,61,5,92.5,50.0
757507,GTA.APR2012.>0.45,Global Temperature Anomaly for Apr 2012 to be greater than 0.45 Degrees C,2012-05-10,92.5,98.9,92.5,98.9,62,11,98.9,50.0
