market id,market symbol,market name,business day,session open,session high,session low,closing price,open interest,session trade volume,lifetime high,lifetime low
757514,GTA.NOV2012.>0.45,Global Temperature Anomaly for Nov 2012 to be greater than 0.45 Degrees C,2012-02-15,0.0,0.0,0.0,0.0,0,0,0.0,0.0
757514,GTA.NOV2012.>0.45,Global Temperature Anomaly for Nov 2012 to be greater than 0.45 Degrees C,2012-02-16,0.0,0.0,0.0,0.0,0,0,0.0,0.0
757514,GTA.NOV2012.>0.45,Global Temperature Anomaly for Nov 2012 to be greater than 0.45 Degrees C,2012-02-17,0.0,0.0,0.0,0.0,0,0,0.0,0.0
757514,GTA.NOV2012.>0.45,Global Temperature Anomaly for Nov 2012 to be greater than 0.45 Degrees C,2012-02-18,0.0,0.0,0.0,0.0,0,0,0.0,0.0
757514,GTA.NOV2012.>0.45,Global Temperature Anomaly for Nov 2012 to be greater than 0.45 Degrees C,2012-02-19,0.0,0.0,0.0,0.0,0,0,0.0,0.0
757514,GTA.NOV2012.>0.45,Global Temperature Anomaly for Nov 2012 to be greater than 0.45 Degrees C,2012-02-20,0.0,0.0,0.0,0.0,0,0,0.0,0.0
757514,GTA.NOV2012.>0.45,Global Temperature Anomaly for Nov 2012 to be greater than 0.45 Degrees C,2012-02-21,0.0,0.0,0.0,0.0,0,0,0.0,0.0
757514,GTA.NOV2012.>0.45,Global Temperature Anomaly for Nov 2012 to be greater than 0.45 Degrees C,2012-02-22,0.0,0.0,0.0,0.0,0,0,0.0,0.0
757514,GTA.NOV2012.>0.45,Global Temperature Anomaly for Nov 2012 to be greater than 0.45 Degrees C,2012-02-23,0.0,0.0,0.0,0.0,0,0,0.0,0.0
757514,GTA.NOV2012.>0.45,Global Temperature Anomaly for Nov 2012 to be greater than 0.45 Degrees C,2012-02-24,0.0,0.0,0.0,0.0,0,0,0.0,0.0
757514,GTA.NOV2012.>0.45,Global Temperature Anomaly for Nov 2012 to be greater than 0.45 Degrees C,2012-02-25,0.0,0.0,0.0,0.0,0,0,0.0,0.0
757514,GTA.NOV2012.>0.45,Global Temperature Anomaly for Nov 2012 to be greater than 0.45 Degrees C,2012-02-26,0.0,0.0,0.0,0.0,0,0,0.0,0.0
757514,GTA.NOV2012.>0.45,Global Temperature Anomaly for Nov 2012 to be greater than 0.45 Degrees C,2012-02-27,0.0,0.0,0.0,0.0,0,0,0.0,0.0
757514,GTA.NOV2012.>0.45,Global Temperature Anomaly for Nov 2012 to be greater than 0.45 Degrees C,2012-02-28,0.0,0.0,0.0,0.0,0,0,0.0,0.0
757514,GTA.NOV2012.>0.45,Global Temperature Anomaly for Nov 2012 to be greater than 0.45 Degrees C,2012-02-29,0.0,0.0,0.0,0.0,0,0,0.0,0.0
757514,GTA.NOV2012.>0.45,Global Temperature Anomaly for Nov 2012 to be greater than 0.45 Degrees C,2012-03-01,0.0,0.0,0.0,0.0,0,0,0.0,0.0
757514,GTA.NOV2012.>0.45,Global Temperature Anomaly for Nov 2012 to be greater than 0.45 Degrees C,2012-03-02,,,,,0,0,,
757514,GTA.NOV2012.>0.45,Global Temperature Anomaly for Nov 2012 to be greater than 0.45 Degrees C,2012-03-03,,,,,0,0,,
757514,GTA.NOV2012.>0.45,Global Temperature Anomaly for Nov 2012 to be greater than 0.45 Degrees C,2012-03-04,,,,,0,0,,
757514,GTA.NOV2012.>0.45,Global Temperature Anomaly for Nov 2012 to be greater than 0.45 Degrees C,2012-03-05,,,,,0,0,,
757514,GTA.NOV2012.>0.45,Global Temperature Anomaly for Nov 2012 to be greater than 0.45 Degrees C,2012-03-06,,,,,0,0,,
757514,GTA.NOV2012.>0.45,Global Temperature Anomaly for Nov 2012 to be greater than 0.45 Degrees C,2012-03-07,,,,,0,0,,
757514,GTA.NOV2012.>0.45,Global Temperature Anomaly for Nov 2012 to be greater than 0.45 Degrees C,2012-03-08,,,,,0,0,,
757514,GTA.NOV2012.>0.45,Global Temperature Anomaly for Nov 2012 to be greater than 0.45 Degrees C,2012-03-09,,,,,0,0,,
757514,GTA.NOV2012.>0.45,Global Temperature Anomaly for Nov 2012 to be greater than 0.45 Degrees C,2012-03-10,,,,,0,0,,
757514,GTA.NOV2012.>0.45,Global Temperature Anomaly for Nov 2012 to be greater than 0.45 Degrees C,2012-03-11,,,,,0,0,,
757514,GTA.NOV2012.>0.45,Global Temperature Anomaly for Nov 2012 to be greater than 0.45 Degrees C,2012-03-12,,,,,0,0,,
757514,GTA.NOV2012.>0.45,Global Temperature Anomaly for Nov 2012 to be greater than 0.45 Degrees C,2012-03-13,,,,,0,0,,
757514,GTA.NOV2012.>0.45,Global Temperature Anomaly for Nov 2012 to be greater than 0.45 Degrees C,2012-03-14,,,,,0,0,,
757514,GTA.NOV2012.>0.45,Global Temperature Anomaly for Nov 2012 to be greater than 0.45 Degrees C,2012-03-15,,,,,0,0,,
757514,GTA.NOV2012.>0.45,Global Temperature Anomaly for Nov 2012 to be greater than 0.45 Degrees C,2012-03-16,,,,,0,0,,
757514,GTA.NOV2012.>0.45,Global Temperature Anomaly for Nov 2012 to be greater than 0.45 Degrees C,2012-03-17,,,,,0,0,,
757514,GTA.NOV2012.>0.45,Global Temperature Anomaly for Nov 2012 to be greater than 0.45 Degrees C,2012-03-18,,,,,0,0,,
757514,GTA.NOV2012.>0.45,Global Temperature Anomaly for Nov 2012 to be greater than 0.45 Degrees C,2012-03-19,,,,,0,0,,
757514,GTA.NOV2012.>0.45,Global Temperature Anomaly for Nov 2012 to be greater than 0.45 Degrees C,2012-03-20,,,,,0,0,,
757514,GTA.NOV2012.>0.45,Global Temperature Anomaly for Nov 2012 to be greater than 0.45 Degrees C,2012-03-21,,,,,0,0,,
757514,GTA.NOV2012.>0.45,Global Temperature Anomaly for Nov 2012 to be greater than 0.45 Degrees C,2012-03-22,,,,,0,0,,
757514,GTA.NOV2012.>0.45,Global Temperature Anomaly for Nov 2012 to be greater than 0.45 Degrees C,2012-03-23,,,,,0,0,,
757514,GTA.NOV2012.>0.45,Global Temperature Anomaly for Nov 2012 to be greater than 0.45 Degrees C,2012-03-24,,,,,0,0,,
757514,GTA.NOV2012.>0.45,Global Temperature Anomaly for Nov 2012 to be greater than 0.45 Degrees C,2012-03-25,,,,,0,0,,
757514,GTA.NOV2012.>0.45,Global Temperature Anomaly for Nov 2012 to be greater than 0.45 Degrees C,2012-03-26,,,,,0,0,,
757514,GTA.NOV2012.>0.45,Global Temperature Anomaly for Nov 2012 to be greater than 0.45 Degrees C,2012-03-27,,,,,0,0,,
757514,GTA.NOV2012.>0.45,Global Temperature Anomaly for Nov 2012 to be greater than 0.45 Degrees C,2012-03-28,,,,,0,0,,
757514,GTA.NOV2012.>0.45,Global Temperature Anomaly for Nov 2012 to be greater than 0.45 Degrees C,2012-03-29,,,,,0,0,,
757514,GTA.NOV2012.>0.45,Global Temperature Anomaly for Nov 2012 to be greater than 0.45 Degrees C,2012-03-30,,,,,0,0,,
757514,GTA.NOV2012.>0.45,Global Temperature Anomaly for Nov 2012 to be greater than 0.45 Degrees C,2012-03-31,,,,,0,0,,
757514,GTA.NOV2012.>0.45,Global Temperature Anomaly for Nov 2012 to be greater than 0.45 Degrees C,2012-04-01,,,,,0,0,,
757514,GTA.NOV2012.>0.45,Global Temperature Anomaly for Nov 2012 to be greater than 0.45 Degrees C,2012-04-02,,,,,0,0,,
757514,GTA.NOV2012.>0.45,Global Temperature Anomaly for Nov 2012 to be greater than 0.45 Degrees C,2012-04-03,,,,,0,0,,
757514,GTA.NOV2012.>0.45,Global Temperature Anomaly for Nov 2012 to be greater than 0.45 Degrees C,2012-04-04,,,,,0,0,,
757514,GTA.NOV2012.>0.45,Global Temperature Anomaly for Nov 2012 to be greater than 0.45 Degrees C,2012-04-05,,,,,0,0,,
757514,GTA.NOV2012.>0.45,Global Temperature Anomaly for Nov 2012 to be greater than 0.45 Degrees C,2012-04-06,,,,,0,0,,
757514,GTA.NOV2012.>0.45,Global Temperature Anomaly for Nov 2012 to be greater than 0.45 Degrees C,2012-04-07,,,,,0,0,,
757514,GTA.NOV2012.>0.45,Global Temperature Anomaly for Nov 2012 to be greater than 0.45 Degrees C,2012-04-08,,,,,0,0,,
757514,GTA.NOV2012.>0.45,Global Temperature Anomaly for Nov 2012 to be greater than 0.45 Degrees C,2012-04-09,,,,,0,0,,
757514,GTA.NOV2012.>0.45,Global Temperature Anomaly for Nov 2012 to be greater than 0.45 Degrees C,2012-04-10,,,,,0,0,,
757514,GTA.NOV2012.>0.45,Global Temperature Anomaly for Nov 2012 to be greater than 0.45 Degrees C,2012-04-11,,,,,0,0,,
757514,GTA.NOV2012.>0.45,Global Temperature Anomaly for Nov 2012 to be greater than 0.45 Degrees C,2012-04-12,,,,,0,0,,
757514,GTA.NOV2012.>0.45,Global Temperature Anomaly for Nov 2012 to be greater than 0.45 Degrees C,2012-04-13,,,,,0,0,,
757514,GTA.NOV2012.>0.45,Global Temperature Anomaly for Nov 2012 to be greater than 0.45 Degrees C,2012-04-14,,,,,0,0,,
757514,GTA.NOV2012.>0.45,Global Temperature Anomaly for Nov 2012 to be greater than 0.45 Degrees C,2012-04-15,,,,,0,0,,
757514,GTA.NOV2012.>0.45,Global Temperature Anomaly for Nov 2012 to be greater than 0.45 Degrees C,2012-04-16,,,,,0,0,,
757514,GTA.NOV2012.>0.45,Global Temperature Anomaly for Nov 2012 to be greater than 0.45 Degrees C,2012-04-17,,,,,0,0,,
757514,GTA.NOV2012.>0.45,Global Temperature Anomaly for Nov 2012 to be greater than 0.45 Degrees C,2012-04-18,,,,,0,0,,
757514,GTA.NOV2012.>0.45,Global Temperature Anomaly for Nov 2012 to be greater than 0.45 Degrees C,2012-04-19,,,,,0,0,,
757514,GTA.NOV2012.>0.45,Global Temperature Anomaly for Nov 2012 to be greater than 0.45 Degrees C,2012-04-20,,,,,0,0,,
757514,GTA.NOV2012.>0.45,Global Temperature Anomaly for Nov 2012 to be greater than 0.45 Degrees C,2012-04-21,,,,,0,0,,
757514,GTA.NOV2012.>0.45,Global Temperature Anomaly for Nov 2012 to be greater than 0.45 Degrees C,2012-04-22,,,,,0,0,,
757514,GTA.NOV2012.>0.45,Global Temperature Anomaly for Nov 2012 to be greater than 0.45 Degrees C,2012-04-23,,,,,0,0,,
757514,GTA.NOV2012.>0.45,Global Temperature Anomaly for Nov 2012 to be greater than 0.45 Degrees C,2012-04-24,,,,,0,0,,
757514,GTA.NOV2012.>0.45,Global Temperature Anomaly for Nov 2012 to be greater than 0.45 Degrees C,2012-04-25,,,,,0,0,,
757514,GTA.NOV2012.>0.45,Global Temperature Anomaly for Nov 2012 to be greater than 0.45 Degrees C,2012-04-26,,,,,0,0,,
757514,GTA.NOV2012.>0.45,Global Temperature Anomaly for Nov 2012 to be greater than 0.45 Degrees C,2012-04-27,,,,,0,0,,
757514,GTA.NOV2012.>0.45,Global Temperature Anomaly for Nov 2012 to be greater than 0.45 Degrees C,2012-04-28,,,,,0,0,,
757514,GTA.NOV2012.>0.45,Global Temperature Anomaly for Nov 2012 to be greater than 0.45 Degrees C,2012-04-29,,,,,0,0,,
757514,GTA.NOV2012.>0.45,Global Temperature Anomaly for Nov 2012 to be greater than 0.45 Degrees C,2012-04-30,,,,,0,0,,
757514,GTA.NOV2012.>0.45,Global Temperature Anomaly for Nov 2012 to be greater than 0.45 Degrees C,2012-05-01,,,,,0,0,,
757514,GTA.NOV2012.>0.45,Global Temperature Anomaly for Nov 2012 to be greater than 0.45 Degrees C,2012-05-02,,,,,0,0,,
757514,GTA.NOV2012.>0.45,Global Temperature Anomaly for Nov 2012 to be greater than 0.45 Degrees C,2012-05-03,,,,,0,0,,
757514,GTA.NOV2012.>0.45,Global Temperature Anomaly for Nov 2012 to be greater than 0.45 Degrees C,2012-05-04,,,,,0,0,,
757514,GTA.NOV2012.>0.45,Global Temperature Anomaly for Nov 2012 to be greater than 0.45 Degrees C,2012-05-05,,,,,0,0,,
757514,GTA.NOV2012.>0.45,Global Temperature Anomaly for Nov 2012 to be greater than 0.45 Degrees C,2012-05-06,,,,,0,0,,
757514,GTA.NOV2012.>0.45,Global Temperature Anomaly for Nov 2012 to be greater than 0.45 Degrees C,2012-05-07,,,,,0,0,,
757514,GTA.NOV2012.>0.45,Global Temperature Anomaly for Nov 2012 to be greater than 0.45 Degrees C,2012-05-08,,,,,0,0,,
757514,GTA.NOV2012.>0.45,Global Temperature Anomaly for Nov 2012 to be greater than 0.45 Degrees C,2012-05-09,,,,,0,0,,
757514,GTA.NOV2012.>0.45,Global Temperature Anomaly for Nov 2012 to be greater than 0.45 Degrees C,2012-05-10,,,,,0,0,,
757514,GTA.NOV2012.>0.45,Global Temperature Anomaly for Nov 2012 to be greater than 0.45 Degrees C,2012-05-11,,,,,0,0,,
757514,GTA.NOV2012.>0.45,Global Temperature Anomaly for Nov 2012 to be greater than 0.45 Degrees C,2012-05-12,,,,,0,0,,
757514,GTA.NOV2012.>0.45,Global Temperature Anomaly for Nov 2012 to be greater than 0.45 Degrees C,2012-05-13,,,,,0,0,,
757514,GTA.NOV2012.>0.45,Global Temperature Anomaly for Nov 2012 to be greater than 0.45 Degrees C,2012-05-14,,,,,0,0,,
757514,GTA.NOV2012.>0.45,Global Temperature Anomaly for Nov 2012 to be greater than 0.45 Degrees C,2012-05-15,,,,,0,0,,
757514,GTA.NOV2012.>0.45,Global Temperature Anomaly for Nov 2012 to be greater than 0.45 Degrees C,2012-05-16,,,,,0,0,,
757514,GTA.NOV2012.>0.45,Global Temperature Anomaly for Nov 2012 to be greater than 0.45 Degrees C,2012-05-17,,,,,0,0,,
757514,GTA.NOV2012.>0.45,Global Temperature Anomaly for Nov 2012 to be greater than 0.45 Degrees C,2012-05-18,,,,,0,0,,
757514,GTA.NOV2012.>0.45,Global Temperature Anomaly for Nov 2012 to be greater than 0.45 Degrees C,2012-05-19,,,,,0,0,,
757514,GTA.NOV2012.>0.45,Global Temperature Anomaly for Nov 2012 to be greater than 0.45 Degrees C,2012-05-20,,,,,0,0,,
757514,GTA.NOV2012.>0.45,Global Temperature Anomaly for Nov 2012 to be greater than 0.45 Degrees C,2012-05-21,,,,,0,0,,
757514,GTA.NOV2012.>0.45,Global Temperature Anomaly for Nov 2012 to be greater than 0.45 Degrees C,2012-05-22,,,,,0,0,,
757514,GTA.NOV2012.>0.45,Global Temperature Anomaly for Nov 2012 to be greater than 0.45 Degrees C,2012-05-23,,,,,0,0,,
757514,GTA.NOV2012.>0.45,Global Temperature Anomaly for Nov 2012 to be greater than 0.45 Degrees C,2012-05-24,,,,,0,0,,
757514,GTA.NOV2012.>0.45,Global Temperature Anomaly for Nov 2012 to be greater than 0.45 Degrees C,2012-05-25,,,,,0,0,,
757514,GTA.NOV2012.>0.45,Global Temperature Anomaly for Nov 2012 to be greater than 0.45 Degrees C,2012-05-26,,,,,0,0,,
757514,GTA.NOV2012.>0.45,Global Temperature Anomaly for Nov 2012 to be greater than 0.45 Degrees C,2012-05-27,,,,,0,0,,
757514,GTA.NOV2012.>0.45,Global Temperature Anomaly for Nov 2012 to be greater than 0.45 Degrees C,2012-05-28,,,,,0,0,,
757514,GTA.NOV2012.>0.45,Global Temperature Anomaly for Nov 2012 to be greater than 0.45 Degrees C,2012-05-29,,,,,0,0,,
757514,GTA.NOV2012.>0.45,Global Temperature Anomaly for Nov 2012 to be greater than 0.45 Degrees C,2012-05-30,,,,,0,0,,
757514,GTA.NOV2012.>0.45,Global Temperature Anomaly for Nov 2012 to be greater than 0.45 Degrees C,2012-05-31,,,,,0,0,,
757514,GTA.NOV2012.>0.45,Global Temperature Anomaly for Nov 2012 to be greater than 0.45 Degrees C,2012-06-01,,,,,0,0,,
757514,GTA.NOV2012.>0.45,Global Temperature Anomaly for Nov 2012 to be greater than 0.45 Degrees C,2012-06-02,,,,,0,0,,
757514,GTA.NOV2012.>0.45,Global Temperature Anomaly for Nov 2012 to be greater than 0.45 Degrees C,2012-06-03,,,,,0,0,,
757514,GTA.NOV2012.>0.45,Global Temperature Anomaly for Nov 2012 to be greater than 0.45 Degrees C,2012-06-04,,,,,0,0,,
757514,GTA.NOV2012.>0.45,Global Temperature Anomaly for Nov 2012 to be greater than 0.45 Degrees C,2012-06-05,,,,,0,0,,
757514,GTA.NOV2012.>0.45,Global Temperature Anomaly for Nov 2012 to be greater than 0.45 Degrees C,2012-06-06,,,,,0,0,,
757514,GTA.NOV2012.>0.45,Global Temperature Anomaly for Nov 2012 to be greater than 0.45 Degrees C,2012-06-07,,,,,0,0,,
757514,GTA.NOV2012.>0.45,Global Temperature Anomaly for Nov 2012 to be greater than 0.45 Degrees C,2012-06-08,,,,,0,0,,
757514,GTA.NOV2012.>0.45,Global Temperature Anomaly for Nov 2012 to be greater than 0.45 Degrees C,2012-06-09,,,,,0,0,,
757514,GTA.NOV2012.>0.45,Global Temperature Anomaly for Nov 2012 to be greater than 0.45 Degrees C,2012-06-10,,,,,0,0,,
757514,GTA.NOV2012.>0.45,Global Temperature Anomaly for Nov 2012 to be greater than 0.45 Degrees C,2012-06-11,,,,,0,0,,
757514,GTA.NOV2012.>0.45,Global Temperature Anomaly for Nov 2012 to be greater than 0.45 Degrees C,2012-06-12,,,,,0,0,,
757514,GTA.NOV2012.>0.45,Global Temperature Anomaly for Nov 2012 to be greater than 0.45 Degrees C,2012-06-13,,,,,0,0,,
757514,GTA.NOV2012.>0.45,Global Temperature Anomaly for Nov 2012 to be greater than 0.45 Degrees C,2012-06-14,,,,,0,0,,
757514,GTA.NOV2012.>0.45,Global Temperature Anomaly for Nov 2012 to be greater than 0.45 Degrees C,2012-06-15,,,,,0,0,,
757514,GTA.NOV2012.>0.45,Global Temperature Anomaly for Nov 2012 to be greater than 0.45 Degrees C,2012-06-16,,,,,0,0,,
757514,GTA.NOV2012.>0.45,Global Temperature Anomaly for Nov 2012 to be greater than 0.45 Degrees C,2012-06-17,,,,,0,0,,
757514,GTA.NOV2012.>0.45,Global Temperature Anomaly for Nov 2012 to be greater than 0.45 Degrees C,2012-06-18,,,,,0,0,,
757514,GTA.NOV2012.>0.45,Global Temperature Anomaly for Nov 2012 to be greater than 0.45 Degrees C,2012-06-19,,,,,0,0,,
757514,GTA.NOV2012.>0.45,Global Temperature Anomaly for Nov 2012 to be greater than 0.45 Degrees C,2012-06-20,,,,,0,0,,
757514,GTA.NOV2012.>0.45,Global Temperature Anomaly for Nov 2012 to be greater than 0.45 Degrees C,2012-06-21,,,,,0,0,,
757514,GTA.NOV2012.>0.45,Global Temperature Anomaly for Nov 2012 to be greater than 0.45 Degrees C,2012-06-22,,,,,0,0,,
757514,GTA.NOV2012.>0.45,Global Temperature Anomaly for Nov 2012 to be greater than 0.45 Degrees C,2012-06-23,,,,,0,0,,
757514,GTA.NOV2012.>0.45,Global Temperature Anomaly for Nov 2012 to be greater than 0.45 Degrees C,2012-06-24,,,,,0,0,,
757514,GTA.NOV2012.>0.45,Global Temperature Anomaly for Nov 2012 to be greater than 0.45 Degrees C,2012-06-25,,,,,0,0,,
757514,GTA.NOV2012.>0.45,Global Temperature Anomaly for Nov 2012 to be greater than 0.45 Degrees C,2012-06-26,,,,,0,0,,
757514,GTA.NOV2012.>0.45,Global Temperature Anomaly for Nov 2012 to be greater than 0.45 Degrees C,2012-06-27,,,,,0,0,,
757514,GTA.NOV2012.>0.45,Global Temperature Anomaly for Nov 2012 to be greater than 0.45 Degrees C,2012-06-28,,,,,0,0,,
757514,GTA.NOV2012.>0.45,Global Temperature Anomaly for Nov 2012 to be greater than 0.45 Degrees C,2012-06-29,,,,,0,0,,
757514,GTA.NOV2012.>0.45,Global Temperature Anomaly for Nov 2012 to be greater than 0.45 Degrees C,2012-06-30,,,,,0,0,,
757514,GTA.NOV2012.>0.45,Global Temperature Anomaly for Nov 2012 to be greater than 0.45 Degrees C,2012-07-01,,,,,0,0,,
757514,GTA.NOV2012.>0.45,Global Temperature Anomaly for Nov 2012 to be greater than 0.45 Degrees C,2012-07-02,,,,,0,0,,
757514,GTA.NOV2012.>0.45,Global Temperature Anomaly for Nov 2012 to be greater than 0.45 Degrees C,2012-07-03,,,,,0,0,,
757514,GTA.NOV2012.>0.45,Global Temperature Anomaly for Nov 2012 to be greater than 0.45 Degrees C,2012-07-04,,,,,0,0,,
757514,GTA.NOV2012.>0.45,Global Temperature Anomaly for Nov 2012 to be greater than 0.45 Degrees C,2012-07-05,,,,,0,0,,
757514,GTA.NOV2012.>0.45,Global Temperature Anomaly for Nov 2012 to be greater than 0.45 Degrees C,2012-07-06,,,,,0,0,,
757514,GTA.NOV2012.>0.45,Global Temperature Anomaly for Nov 2012 to be greater than 0.45 Degrees C,2012-07-07,,,,,0,0,,
757514,GTA.NOV2012.>0.45,Global Temperature Anomaly for Nov 2012 to be greater than 0.45 Degrees C,2012-07-08,,,,,0,0,,
757514,GTA.NOV2012.>0.45,Global Temperature Anomaly for Nov 2012 to be greater than 0.45 Degrees C,2012-07-09,,,,,0,0,,
757514,GTA.NOV2012.>0.45,Global Temperature Anomaly for Nov 2012 to be greater than 0.45 Degrees C,2012-07-10,,,,,0,0,,
757514,GTA.NOV2012.>0.45,Global Temperature Anomaly for Nov 2012 to be greater than 0.45 Degrees C,2012-07-11,,,,,0,0,,
757514,GTA.NOV2012.>0.45,Global Temperature Anomaly for Nov 2012 to be greater than 0.45 Degrees C,2012-07-12,,,,,0,0,,
757514,GTA.NOV2012.>0.45,Global Temperature Anomaly for Nov 2012 to be greater than 0.45 Degrees C,2012-07-13,,,,,0,0,,
757514,GTA.NOV2012.>0.45,Global Temperature Anomaly for Nov 2012 to be greater than 0.45 Degrees C,2012-07-14,,,,,0,0,,
757514,GTA.NOV2012.>0.45,Global Temperature Anomaly for Nov 2012 to be greater than 0.45 Degrees C,2012-07-15,,,,,0,0,,
757514,GTA.NOV2012.>0.45,Global Temperature Anomaly for Nov 2012 to be greater than 0.45 Degrees C,2012-07-16,,,,,0,0,,
757514,GTA.NOV2012.>0.45,Global Temperature Anomaly for Nov 2012 to be greater than 0.45 Degrees C,2012-07-17,,,,,0,0,,
757514,GTA.NOV2012.>0.45,Global Temperature Anomaly for Nov 2012 to be greater than 0.45 Degrees C,2012-07-18,,,,,0,0,,
757514,GTA.NOV2012.>0.45,Global Temperature Anomaly for Nov 2012 to be greater than 0.45 Degrees C,2012-07-19,,,,,0,0,,
757514,GTA.NOV2012.>0.45,Global Temperature Anomaly for Nov 2012 to be greater than 0.45 Degrees C,2012-07-20,,,,,0,0,,
757514,GTA.NOV2012.>0.45,Global Temperature Anomaly for Nov 2012 to be greater than 0.45 Degrees C,2012-07-21,,,,,0,0,,
757514,GTA.NOV2012.>0.45,Global Temperature Anomaly for Nov 2012 to be greater than 0.45 Degrees C,2012-07-22,,,,,0,0,,
757514,GTA.NOV2012.>0.45,Global Temperature Anomaly for Nov 2012 to be greater than 0.45 Degrees C,2012-07-23,,,,,0,0,,
757514,GTA.NOV2012.>0.45,Global Temperature Anomaly for Nov 2012 to be greater than 0.45 Degrees C,2012-07-24,,,,,0,0,,
757514,GTA.NOV2012.>0.45,Global Temperature Anomaly for Nov 2012 to be greater than 0.45 Degrees C,2012-07-25,,,,,0,0,,
757514,GTA.NOV2012.>0.45,Global Temperature Anomaly for Nov 2012 to be greater than 0.45 Degrees C,2012-07-26,,,,,0,0,,
757514,GTA.NOV2012.>0.45,Global Temperature Anomaly for Nov 2012 to be greater than 0.45 Degrees C,2012-07-27,,,,,0,0,,
757514,GTA.NOV2012.>0.45,Global Temperature Anomaly for Nov 2012 to be greater than 0.45 Degrees C,2012-07-28,,,,,0,0,,
757514,GTA.NOV2012.>0.45,Global Temperature Anomaly for Nov 2012 to be greater than 0.45 Degrees C,2012-07-29,,,,,0,0,,
757514,GTA.NOV2012.>0.45,Global Temperature Anomaly for Nov 2012 to be greater than 0.45 Degrees C,2012-07-30,,,,,0,0,,
757514,GTA.NOV2012.>0.45,Global Temperature Anomaly for Nov 2012 to be greater than 0.45 Degrees C,2012-07-31,,,,,0,0,,
757514,GTA.NOV2012.>0.45,Global Temperature Anomaly for Nov 2012 to be greater than 0.45 Degrees C,2012-08-01,,,,,0,0,,
757514,GTA.NOV2012.>0.45,Global Temperature Anomaly for Nov 2012 to be greater than 0.45 Degrees C,2012-08-02,,,,,0,0,,
757514,GTA.NOV2012.>0.45,Global Temperature Anomaly for Nov 2012 to be greater than 0.45 Degrees C,2012-08-03,,,,,0,0,,
757514,GTA.NOV2012.>0.45,Global Temperature Anomaly for Nov 2012 to be greater than 0.45 Degrees C,2012-08-04,,,,,0,0,,
757514,GTA.NOV2012.>0.45,Global Temperature Anomaly for Nov 2012 to be greater than 0.45 Degrees C,2012-08-05,,,,,0,0,,
757514,GTA.NOV2012.>0.45,Global Temperature Anomaly for Nov 2012 to be greater than 0.45 Degrees C,2012-08-06,,,,,0,0,,
757514,GTA.NOV2012.>0.45,Global Temperature Anomaly for Nov 2012 to be greater than 0.45 Degrees C,2012-08-07,,,,,0,0,,
757514,GTA.NOV2012.>0.45,Global Temperature Anomaly for Nov 2012 to be greater than 0.45 Degrees C,2012-08-08,,,,,0,0,,
757514,GTA.NOV2012.>0.45,Global Temperature Anomaly for Nov 2012 to be greater than 0.45 Degrees C,2012-08-09,,,,,0,0,,
757514,GTA.NOV2012.>0.45,Global Temperature Anomaly for Nov 2012 to be greater than 0.45 Degrees C,2012-08-10,,,,,0,0,,
757514,GTA.NOV2012.>0.45,Global Temperature Anomaly for Nov 2012 to be greater than 0.45 Degrees C,2012-08-11,,,,,0,0,,
757514,GTA.NOV2012.>0.45,Global Temperature Anomaly for Nov 2012 to be greater than 0.45 Degrees C,2012-08-12,,,,,0,0,,
757514,GTA.NOV2012.>0.45,Global Temperature Anomaly for Nov 2012 to be greater than 0.45 Degrees C,2012-08-13,80.0,80.0,80.0,80.0,3,3,80.0,80.0
757514,GTA.NOV2012.>0.45,Global Temperature Anomaly for Nov 2012 to be greater than 0.45 Degrees C,2012-08-14,,,,80.0,3,0,80.0,80.0
757514,GTA.NOV2012.>0.45,Global Temperature Anomaly for Nov 2012 to be greater than 0.45 Degrees C,2012-08-15,,,,80.0,3,0,80.0,80.0
757514,GTA.NOV2012.>0.45,Global Temperature Anomaly for Nov 2012 to be greater than 0.45 Degrees C,2012-08-16,,,,80.0,3,0,80.0,80.0
757514,GTA.NOV2012.>0.45,Global Temperature Anomaly for Nov 2012 to be greater than 0.45 Degrees C,2012-08-17,,,,80.0,3,0,80.0,80.0
757514,GTA.NOV2012.>0.45,Global Temperature Anomaly for Nov 2012 to be greater than 0.45 Degrees C,2012-08-18,,,,80.0,3,0,80.0,80.0
757514,GTA.NOV2012.>0.45,Global Temperature Anomaly for Nov 2012 to be greater than 0.45 Degrees C,2012-08-19,,,,80.0,3,0,80.0,80.0
757514,GTA.NOV2012.>0.45,Global Temperature Anomaly for Nov 2012 to be greater than 0.45 Degrees C,2012-08-20,,,,80.0,3,0,80.0,80.0
757514,GTA.NOV2012.>0.45,Global Temperature Anomaly for Nov 2012 to be greater than 0.45 Degrees C,2012-08-21,,,,80.0,3,0,80.0,80.0
757514,GTA.NOV2012.>0.45,Global Temperature Anomaly for Nov 2012 to be greater than 0.45 Degrees C,2012-08-22,,,,80.0,3,0,80.0,80.0
757514,GTA.NOV2012.>0.45,Global Temperature Anomaly for Nov 2012 to be greater than 0.45 Degrees C,2012-08-23,,,,80.0,3,0,80.0,80.0
757514,GTA.NOV2012.>0.45,Global Temperature Anomaly for Nov 2012 to be greater than 0.45 Degrees C,2012-08-24,,,,80.0,3,0,80.0,80.0
757514,GTA.NOV2012.>0.45,Global Temperature Anomaly for Nov 2012 to be greater than 0.45 Degrees C,2012-08-25,,,,80.0,3,0,80.0,80.0
757514,GTA.NOV2012.>0.45,Global Temperature Anomaly for Nov 2012 to be greater than 0.45 Degrees C,2012-08-26,,,,80.0,3,0,80.0,80.0
757514,GTA.NOV2012.>0.45,Global Temperature Anomaly for Nov 2012 to be greater than 0.45 Degrees C,2012-08-27,,,,80.0,3,0,80.0,80.0
757514,GTA.NOV2012.>0.45,Global Temperature Anomaly for Nov 2012 to be greater than 0.45 Degrees C,2012-08-28,,,,80.0,3,0,80.0,80.0
757514,GTA.NOV2012.>0.45,Global Temperature Anomaly for Nov 2012 to be greater than 0.45 Degrees C,2012-08-29,,,,80.0,3,0,80.0,80.0
757514,GTA.NOV2012.>0.45,Global Temperature Anomaly for Nov 2012 to be greater than 0.45 Degrees C,2012-08-30,,,,80.0,3,0,80.0,80.0
757514,GTA.NOV2012.>0.45,Global Temperature Anomaly for Nov 2012 to be greater than 0.45 Degrees C,2012-08-31,80.0,80.0,80.0,80.0,10,7,80.0,80.0
757514,GTA.NOV2012.>0.45,Global Temperature Anomaly for Nov 2012 to be greater than 0.45 Degrees C,2012-09-01,,,,80.0,10,0,80.0,80.0
757514,GTA.NOV2012.>0.45,Global Temperature Anomaly for Nov 2012 to be greater than 0.45 Degrees C,2012-09-02,,,,80.0,10,0,80.0,80.0
757514,GTA.NOV2012.>0.45,Global Temperature Anomaly for Nov 2012 to be greater than 0.45 Degrees C,2012-09-03,,,,80.0,10,0,80.0,80.0
757514,GTA.NOV2012.>0.45,Global Temperature Anomaly for Nov 2012 to be greater than 0.45 Degrees C,2012-09-04,,,,80.0,10,0,80.0,80.0
757514,GTA.NOV2012.>0.45,Global Temperature Anomaly for Nov 2012 to be greater than 0.45 Degrees C,2012-09-05,,,,80.0,10,0,80.0,80.0
757514,GTA.NOV2012.>0.45,Global Temperature Anomaly for Nov 2012 to be greater than 0.45 Degrees C,2012-09-06,,,,80.0,10,0,80.0,80.0
757514,GTA.NOV2012.>0.45,Global Temperature Anomaly for Nov 2012 to be greater than 0.45 Degrees C,2012-09-07,,,,80.0,10,0,80.0,80.0
757514,GTA.NOV2012.>0.45,Global Temperature Anomaly for Nov 2012 to be greater than 0.45 Degrees C,2012-09-08,,,,80.0,10,0,80.0,80.0
757514,GTA.NOV2012.>0.45,Global Temperature Anomaly for Nov 2012 to be greater than 0.45 Degrees C,2012-09-09,,,,80.0,10,0,80.0,80.0
757514,GTA.NOV2012.>0.45,Global Temperature Anomaly for Nov 2012 to be greater than 0.45 Degrees C,2012-09-10,,,,80.0,10,0,80.0,80.0
757514,GTA.NOV2012.>0.45,Global Temperature Anomaly for Nov 2012 to be greater than 0.45 Degrees C,2012-09-11,,,,80.0,10,0,80.0,80.0
757514,GTA.NOV2012.>0.45,Global Temperature Anomaly for Nov 2012 to be greater than 0.45 Degrees C,2012-09-12,,,,80.0,10,0,80.0,80.0
757514,GTA.NOV2012.>0.45,Global Temperature Anomaly for Nov 2012 to be greater than 0.45 Degrees C,2012-09-13,,,,80.0,10,0,80.0,80.0
757514,GTA.NOV2012.>0.45,Global Temperature Anomaly for Nov 2012 to be greater than 0.45 Degrees C,2012-09-14,,,,80.0,10,0,80.0,80.0
757514,GTA.NOV2012.>0.45,Global Temperature Anomaly for Nov 2012 to be greater than 0.45 Degrees C,2012-09-15,,,,80.0,10,0,80.0,80.0
757514,GTA.NOV2012.>0.45,Global Temperature Anomaly for Nov 2012 to be greater than 0.45 Degrees C,2012-09-16,,,,80.0,10,0,80.0,80.0
757514,GTA.NOV2012.>0.45,Global Temperature Anomaly for Nov 2012 to be greater than 0.45 Degrees C,2012-09-17,,,,80.0,10,0,80.0,80.0
757514,GTA.NOV2012.>0.45,Global Temperature Anomaly for Nov 2012 to be greater than 0.45 Degrees C,2012-09-18,,,,80.0,10,0,80.0,80.0
757514,GTA.NOV2012.>0.45,Global Temperature Anomaly for Nov 2012 to be greater than 0.45 Degrees C,2012-09-19,,,,80.0,10,0,80.0,80.0
757514,GTA.NOV2012.>0.45,Global Temperature Anomaly for Nov 2012 to be greater than 0.45 Degrees C,2012-09-20,,,,80.0,10,0,80.0,80.0
757514,GTA.NOV2012.>0.45,Global Temperature Anomaly for Nov 2012 to be greater than 0.45 Degrees C,2012-09-21,,,,80.0,10,0,80.0,80.0
757514,GTA.NOV2012.>0.45,Global Temperature Anomaly for Nov 2012 to be greater than 0.45 Degrees C,2012-09-22,,,,80.0,10,0,80.0,80.0
757514,GTA.NOV2012.>0.45,Global Temperature Anomaly for Nov 2012 to be greater than 0.45 Degrees C,2012-09-23,,,,80.0,10,0,80.0,80.0
757514,GTA.NOV2012.>0.45,Global Temperature Anomaly for Nov 2012 to be greater than 0.45 Degrees C,2012-09-24,,,,80.0,10,0,80.0,80.0
757514,GTA.NOV2012.>0.45,Global Temperature Anomaly for Nov 2012 to be greater than 0.45 Degrees C,2012-09-25,,,,80.0,10,0,80.0,80.0
757514,GTA.NOV2012.>0.45,Global Temperature Anomaly for Nov 2012 to be greater than 0.45 Degrees C,2012-09-26,,,,80.0,10,0,80.0,80.0
757514,GTA.NOV2012.>0.45,Global Temperature Anomaly for Nov 2012 to be greater than 0.45 Degrees C,2012-09-27,,,,80.0,10,0,80.0,80.0
757514,GTA.NOV2012.>0.45,Global Temperature Anomaly for Nov 2012 to be greater than 0.45 Degrees C,2012-09-28,,,,80.0,10,0,80.0,80.0
757514,GTA.NOV2012.>0.45,Global Temperature Anomaly for Nov 2012 to be greater than 0.45 Degrees C,2012-09-29,,,,80.0,10,0,80.0,80.0
757514,GTA.NOV2012.>0.45,Global Temperature Anomaly for Nov 2012 to be greater than 0.45 Degrees C,2012-09-30,,,,80.0,10,0,80.0,80.0
757514,GTA.NOV2012.>0.45,Global Temperature Anomaly for Nov 2012 to be greater than 0.45 Degrees C,2012-10-01,90.5,90.5,90.5,90.5,12,2,90.5,80.0
757514,GTA.NOV2012.>0.45,Global Temperature Anomaly for Nov 2012 to be greater than 0.45 Degrees C,2012-10-02,90.1,90.1,90.1,90.1,16,4,90.5,80.0
757514,GTA.NOV2012.>0.45,Global Temperature Anomaly for Nov 2012 to be greater than 0.45 Degrees C,2012-10-03,,,,90.1,16,0,90.5,80.0
757514,GTA.NOV2012.>0.45,Global Temperature Anomaly for Nov 2012 to be greater than 0.45 Degrees C,2012-10-04,,,,90.1,16,0,90.5,80.0
757514,GTA.NOV2012.>0.45,Global Temperature Anomaly for Nov 2012 to be greater than 0.45 Degrees C,2012-10-05,,,,90.1,16,0,90.5,80.0
757514,GTA.NOV2012.>0.45,Global Temperature Anomaly for Nov 2012 to be greater than 0.45 Degrees C,2012-10-06,,,,90.1,16,0,90.5,80.0
757514,GTA.NOV2012.>0.45,Global Temperature Anomaly for Nov 2012 to be greater than 0.45 Degrees C,2012-10-07,,,,90.1,16,0,90.5,80.0
757514,GTA.NOV2012.>0.45,Global Temperature Anomaly for Nov 2012 to be greater than 0.45 Degrees C,2012-10-08,,,,90.1,16,0,90.5,80.0
757514,GTA.NOV2012.>0.45,Global Temperature Anomaly for Nov 2012 to be greater than 0.45 Degrees C,2012-10-09,,,,90.1,16,0,90.5,80.0
757514,GTA.NOV2012.>0.45,Global Temperature Anomaly for Nov 2012 to be greater than 0.45 Degrees C,2012-10-10,,,,90.1,16,0,90.5,80.0
757514,GTA.NOV2012.>0.45,Global Temperature Anomaly for Nov 2012 to be greater than 0.45 Degrees C,2012-10-11,,,,90.1,16,0,90.5,80.0
757514,GTA.NOV2012.>0.45,Global Temperature Anomaly for Nov 2012 to be greater than 0.45 Degrees C,2012-10-12,,,,90.1,16,0,90.5,80.0
757514,GTA.NOV2012.>0.45,Global Temperature Anomaly for Nov 2012 to be greater than 0.45 Degrees C,2012-10-13,,,,90.1,16,0,90.5,80.0
757514,GTA.NOV2012.>0.45,Global Temperature Anomaly for Nov 2012 to be greater than 0.45 Degrees C,2012-10-14,,,,90.1,16,0,90.5,80.0
757514,GTA.NOV2012.>0.45,Global Temperature Anomaly for Nov 2012 to be greater than 0.45 Degrees C,2012-10-15,,,,90.1,16,0,90.5,80.0
757514,GTA.NOV2012.>0.45,Global Temperature Anomaly for Nov 2012 to be greater than 0.45 Degrees C,2012-10-16,,,,90.1,16,0,90.5,80.0
757514,GTA.NOV2012.>0.45,Global Temperature Anomaly for Nov 2012 to be greater than 0.45 Degrees C,2012-10-17,,,,90.1,16,0,90.5,80.0
757514,GTA.NOV2012.>0.45,Global Temperature Anomaly for Nov 2012 to be greater than 0.45 Degrees C,2012-10-18,,,,90.1,16,0,90.5,80.0
757514,GTA.NOV2012.>0.45,Global Temperature Anomaly for Nov 2012 to be greater than 0.45 Degrees C,2012-10-19,,,,90.1,16,0,90.5,80.0
757514,GTA.NOV2012.>0.45,Global Temperature Anomaly for Nov 2012 to be greater than 0.45 Degrees C,2012-10-20,,,,90.1,16,0,90.5,80.0
757514,GTA.NOV2012.>0.45,Global Temperature Anomaly for Nov 2012 to be greater than 0.45 Degrees C,2012-10-21,,,,90.1,16,0,90.5,80.0
757514,GTA.NOV2012.>0.45,Global Temperature Anomaly for Nov 2012 to be greater than 0.45 Degrees C,2012-10-22,,,,90.1,16,0,90.5,80.0
757514,GTA.NOV2012.>0.45,Global Temperature Anomaly for Nov 2012 to be greater than 0.45 Degrees C,2012-10-23,,,,90.1,16,0,90.5,80.0
757514,GTA.NOV2012.>0.45,Global Temperature Anomaly for Nov 2012 to be greater than 0.45 Degrees C,2012-10-24,,,,90.1,16,0,90.5,80.0
757514,GTA.NOV2012.>0.45,Global Temperature Anomaly for Nov 2012 to be greater than 0.45 Degrees C,2012-10-25,,,,90.1,16,0,90.5,80.0
757514,GTA.NOV2012.>0.45,Global Temperature Anomaly for Nov 2012 to be greater than 0.45 Degrees C,2012-10-26,,,,90.1,16,0,90.5,80.0
757514,GTA.NOV2012.>0.45,Global Temperature Anomaly for Nov 2012 to be greater than 0.45 Degrees C,2012-10-27,,,,90.1,16,0,90.5,80.0
757514,GTA.NOV2012.>0.45,Global Temperature Anomaly for Nov 2012 to be greater than 0.45 Degrees C,2012-10-28,,,,90.1,16,0,90.5,80.0
757514,GTA.NOV2012.>0.45,Global Temperature Anomaly for Nov 2012 to be greater than 0.45 Degrees C,2012-10-29,,,,90.1,16,0,90.5,80.0
757514,GTA.NOV2012.>0.45,Global Temperature Anomaly for Nov 2012 to be greater than 0.45 Degrees C,2012-10-30,,,,90.1,16,0,90.5,80.0
757514,GTA.NOV2012.>0.45,Global Temperature Anomaly for Nov 2012 to be greater than 0.45 Degrees C,2012-10-31,,,,90.1,16,0,90.5,80.0
757514,GTA.NOV2012.>0.45,Global Temperature Anomaly for Nov 2012 to be greater than 0.45 Degrees C,2012-11-01,88.8,88.8,88.8,88.8,17,1,90.5,80.0
757514,GTA.NOV2012.>0.45,Global Temperature Anomaly for Nov 2012 to be greater than 0.45 Degrees C,2012-11-02,,,,88.8,17,0,90.5,80.0
757514,GTA.NOV2012.>0.45,Global Temperature Anomaly for Nov 2012 to be greater than 0.45 Degrees C,2012-11-03,,,,88.8,17,0,90.5,80.0
757514,GTA.NOV2012.>0.45,Global Temperature Anomaly for Nov 2012 to be greater than 0.45 Degrees C,2012-11-04,,,,88.8,17,0,90.5,80.0
757514,GTA.NOV2012.>0.45,Global Temperature Anomaly for Nov 2012 to be greater than 0.45 Degrees C,2012-11-05,,,,88.8,17,0,90.5,80.0
757514,GTA.NOV2012.>0.45,Global Temperature Anomaly for Nov 2012 to be greater than 0.45 Degrees C,2012-11-06,,,,88.8,17,0,90.5,80.0
757514,GTA.NOV2012.>0.45,Global Temperature Anomaly for Nov 2012 to be greater than 0.45 Degrees C,2012-11-07,,,,88.8,17,0,90.5,80.0
757514,GTA.NOV2012.>0.45,Global Temperature Anomaly for Nov 2012 to be greater than 0.45 Degrees C,2012-11-08,,,,88.8,17,0,90.5,80.0
757514,GTA.NOV2012.>0.45,Global Temperature Anomaly for Nov 2012 to be greater than 0.45 Degrees C,2012-11-09,,,,88.8,17,0,90.5,80.0
757514,GTA.NOV2012.>0.45,Global Temperature Anomaly for Nov 2012 to be greater than 0.45 Degrees C,2012-11-10,,,,88.8,17,0,90.5,80.0
757514,GTA.NOV2012.>0.45,Global Temperature Anomaly for Nov 2012 to be greater than 0.45 Degrees C,2012-11-11,,,,88.8,17,0,90.5,80.0
757514,GTA.NOV2012.>0.45,Global Temperature Anomaly for Nov 2012 to be greater than 0.45 Degrees C,2012-11-12,,,,88.8,17,0,90.5,80.0
757514,GTA.NOV2012.>0.45,Global Temperature Anomaly for Nov 2012 to be greater than 0.45 Degrees C,2012-11-13,,,,88.8,17,0,90.5,80.0
757514,GTA.NOV2012.>0.45,Global Temperature Anomaly for Nov 2012 to be greater than 0.45 Degrees C,2012-11-14,,,,88.8,17,0,90.5,80.0
757514,GTA.NOV2012.>0.45,Global Temperature Anomaly for Nov 2012 to be greater than 0.45 Degrees C,2012-11-15,,,,88.8,17,0,90.5,80.0
757514,GTA.NOV2012.>0.45,Global Temperature Anomaly for Nov 2012 to be greater than 0.45 Degrees C,2012-11-16,,,,88.8,17,0,90.5,80.0
757514,GTA.NOV2012.>0.45,Global Temperature Anomaly for Nov 2012 to be greater than 0.45 Degrees C,2012-11-17,,,,88.8,17,0,90.5,80.0
757514,GTA.NOV2012.>0.45,Global Temperature Anomaly for Nov 2012 to be greater than 0.45 Degrees C,2012-11-18,,,,88.8,17,0,90.5,80.0
757514,GTA.NOV2012.>0.45,Global Temperature Anomaly for Nov 2012 to be greater than 0.45 Degrees C,2012-11-19,,,,88.8,17,0,90.5,80.0
757514,GTA.NOV2012.>0.45,Global Temperature Anomaly for Nov 2012 to be greater than 0.45 Degrees C,2012-11-20,,,,88.8,17,0,90.5,80.0
757514,GTA.NOV2012.>0.45,Global Temperature Anomaly for Nov 2012 to be greater than 0.45 Degrees C,2012-11-21,,,,88.8,17,0,90.5,80.0
757514,GTA.NOV2012.>0.45,Global Temperature Anomaly for Nov 2012 to be greater than 0.45 Degrees C,2012-11-22,,,,88.8,17,0,90.5,80.0
757514,GTA.NOV2012.>0.45,Global Temperature Anomaly for Nov 2012 to be greater than 0.45 Degrees C,2012-11-23,,,,88.8,17,0,90.5,80.0
757514,GTA.NOV2012.>0.45,Global Temperature Anomaly for Nov 2012 to be greater than 0.45 Degrees C,2012-11-24,,,,88.8,17,0,90.5,80.0
757514,GTA.NOV2012.>0.45,Global Temperature Anomaly for Nov 2012 to be greater than 0.45 Degrees C,2012-11-25,,,,88.8,17,0,90.5,80.0
757514,GTA.NOV2012.>0.45,Global Temperature Anomaly for Nov 2012 to be greater than 0.45 Degrees C,2012-11-26,,,,88.8,17,0,90.5,80.0
757514,GTA.NOV2012.>0.45,Global Temperature Anomaly for Nov 2012 to be greater than 0.45 Degrees C,2012-11-27,,,,88.8,17,0,90.5,80.0
757514,GTA.NOV2012.>0.45,Global Temperature Anomaly for Nov 2012 to be greater than 0.45 Degrees C,2012-11-28,,,,88.8,17,0,90.5,80.0
757514,GTA.NOV2012.>0.45,Global Temperature Anomaly for Nov 2012 to be greater than 0.45 Degrees C,2012-11-29,99.7,99.7,99.7,99.7,17,17,99.7,80.0
757514,GTA.NOV2012.>0.45,Global Temperature Anomaly for Nov 2012 to be greater than 0.45 Degrees C,2012-11-30,,,,99.7,17,0,99.7,80.0
757514,GTA.NOV2012.>0.45,Global Temperature Anomaly for Nov 2012 to be greater than 0.45 Degrees C,2012-12-01,,,,99.7,17,0,99.7,80.0
757514,GTA.NOV2012.>0.45,Global Temperature Anomaly for Nov 2012 to be greater than 0.45 Degrees C,2012-12-02,,,,99.7,17,0,99.7,80.0
757514,GTA.NOV2012.>0.45,Global Temperature Anomaly for Nov 2012 to be greater than 0.45 Degrees C,2012-12-03,,,,99.7,17,0,99.7,80.0
757514,GTA.NOV2012.>0.45,Global Temperature Anomaly for Nov 2012 to be greater than 0.45 Degrees C,2012-12-04,,,,99.7,17,0,99.7,80.0
757514,GTA.NOV2012.>0.45,Global Temperature Anomaly for Nov 2012 to be greater than 0.45 Degrees C,2012-12-05,,,,99.7,17,0,99.7,80.0
757514,GTA.NOV2012.>0.45,Global Temperature Anomaly for Nov 2012 to be greater than 0.45 Degrees C,2012-12-06,,,,99.7,17,0,99.7,80.0
757514,GTA.NOV2012.>0.45,Global Temperature Anomaly for Nov 2012 to be greater than 0.45 Degrees C,2012-12-07,,,,99.7,17,0,99.7,80.0
757514,GTA.NOV2012.>0.45,Global Temperature Anomaly for Nov 2012 to be greater than 0.45 Degrees C,2012-12-08,,,,99.7,17,0,99.7,80.0
757514,GTA.NOV2012.>0.45,Global Temperature Anomaly for Nov 2012 to be greater than 0.45 Degrees C,2012-12-09,,,,99.7,17,0,99.7,80.0
