market id,market symbol,market name,business day,session open,session high,session low,closing price,open interest,session trade volume,lifetime high,lifetime low
755628,GTA.JUL2012.>0.55,Global Temperature Anomaly for Jul 2012 to be greater than 0.55 Degrees C,2012-01-03,0.0,0.0,0.0,0.0,0,0,0.0,0.0
755628,GTA.JUL2012.>0.55,Global Temperature Anomaly for Jul 2012 to be greater than 0.55 Degrees C,2012-01-04,0.0,0.0,0.0,0.0,0,0,0.0,0.0
755628,GTA.JUL2012.>0.55,Global Temperature Anomaly for Jul 2012 to be greater than 0.55 Degrees C,2012-01-05,0.0,0.0,0.0,0.0,0,0,0.0,0.0
755628,GTA.JUL2012.>0.55,Global Temperature Anomaly for Jul 2012 to be greater than 0.55 Degrees C,2012-01-06,0.0,0.0,0.0,0.0,0,0,0.0,0.0
755628,GTA.JUL2012.>0.55,Global Temperature Anomaly for Jul 2012 to be greater than 0.55 Degrees C,2012-01-07,0.0,0.0,0.0,0.0,0,0,0.0,0.0
755628,GTA.JUL2012.>0.55,Global Temperature Anomaly for Jul 2012 to be greater than 0.55 Degrees C,2012-01-08,0.0,0.0,0.0,0.0,0,0,0.0,0.0
755628,GTA.JUL2012.>0.55,Global Temperature Anomaly for Jul 2012 to be greater than 0.55 Degrees C,2012-01-09,0.0,0.0,0.0,0.0,0,0,0.0,0.0
755628,GTA.JUL2012.>0.55,Global Temperature Anomaly for Jul 2012 to be greater than 0.55 Degrees C,2012-01-10,0.0,0.0,0.0,0.0,0,0,0.0,0.0
755628,GTA.JUL2012.>0.55,Global Temperature Anomaly for Jul 2012 to be greater than 0.55 Degrees C,2012-01-11,0.0,0.0,0.0,0.0,0,0,0.0,0.0
755628,GTA.JUL2012.>0.55,Global Temperature Anomaly for Jul 2012 to be greater than 0.55 Degrees C,2012-01-12,0.0,0.0,0.0,0.0,0,0,0.0,0.0
755628,GTA.JUL2012.>0.55,Global Temperature Anomaly for Jul 2012 to be greater than 0.55 Degrees C,2012-01-13,0.0,0.0,0.0,0.0,0,0,0.0,0.0
755628,GTA.JUL2012.>0.55,Global Temperature Anomaly for Jul 2012 to be greater than 0.55 Degrees C,2012-01-14,0.0,0.0,0.0,0.0,0,0,0.0,0.0
755628,GTA.JUL2012.>0.55,Global Temperature Anomaly for Jul 2012 to be greater than 0.55 Degrees C,2012-01-15,0.0,0.0,0.0,0.0,0,0,0.0,0.0
755628,GTA.JUL2012.>0.55,Global Temperature Anomaly for Jul 2012 to be greater than 0.55 Degrees C,2012-01-16,0.0,0.0,0.0,0.0,0,0,0.0,0.0
755628,GTA.JUL2012.>0.55,Global Temperature Anomaly for Jul 2012 to be greater than 0.55 Degrees C,2012-01-17,0.0,0.0,0.0,0.0,0,0,0.0,0.0
755628,GTA.JUL2012.>0.55,Global Temperature Anomaly for Jul 2012 to be greater than 0.55 Degrees C,2012-01-18,0.0,0.0,0.0,0.0,0,0,0.0,0.0
755628,GTA.JUL2012.>0.55,Global Temperature Anomaly for Jul 2012 to be greater than 0.55 Degrees C,2012-01-19,0.0,0.0,0.0,0.0,0,0,0.0,0.0
755628,GTA.JUL2012.>0.55,Global Temperature Anomaly for Jul 2012 to be greater than 0.55 Degrees C,2012-01-20,0.0,0.0,0.0,0.0,0,0,0.0,0.0
755628,GTA.JUL2012.>0.55,Global Temperature Anomaly for Jul 2012 to be greater than 0.55 Degrees C,2012-01-21,0.0,0.0,0.0,0.0,0,0,0.0,0.0
755628,GTA.JUL2012.>0.55,Global Temperature Anomaly for Jul 2012 to be greater than 0.55 Degrees C,2012-01-22,0.0,0.0,0.0,0.0,0,0,0.0,0.0
755628,GTA.JUL2012.>0.55,Global Temperature Anomaly for Jul 2012 to be greater than 0.55 Degrees C,2012-01-23,0.0,0.0,0.0,0.0,0,0,0.0,0.0
755628,GTA.JUL2012.>0.55,Global Temperature Anomaly for Jul 2012 to be greater than 0.55 Degrees C,2012-01-24,0.0,0.0,0.0,0.0,0,0,0.0,0.0
755628,GTA.JUL2012.>0.55,Global Temperature Anomaly for Jul 2012 to be greater than 0.55 Degrees C,2012-01-25,0.0,0.0,0.0,0.0,0,0,0.0,0.0
755628,GTA.JUL2012.>0.55,Global Temperature Anomaly for Jul 2012 to be greater than 0.55 Degrees C,2012-01-26,0.0,0.0,0.0,0.0,0,0,0.0,0.0
755628,GTA.JUL2012.>0.55,Global Temperature Anomaly for Jul 2012 to be greater than 0.55 Degrees C,2012-01-27,0.0,0.0,0.0,0.0,0,0,0.0,0.0
755628,GTA.JUL2012.>0.55,Global Temperature Anomaly for Jul 2012 to be greater than 0.55 Degrees C,2012-01-28,0.0,0.0,0.0,0.0,0,0,0.0,0.0
755628,GTA.JUL2012.>0.55,Global Temperature Anomaly for Jul 2012 to be greater than 0.55 Degrees C,2012-01-29,0.0,0.0,0.0,0.0,0,0,0.0,0.0
755628,GTA.JUL2012.>0.55,Global Temperature Anomaly for Jul 2012 to be greater than 0.55 Degrees C,2012-01-30,0.0,0.0,0.0,0.0,0,0,0.0,0.0
755628,GTA.JUL2012.>0.55,Global Temperature Anomaly for Jul 2012 to be greater than 0.55 Degrees C,2012-01-31,0.0,0.0,0.0,0.0,0,0,0.0,0.0
755628,GTA.JUL2012.>0.55,Global Temperature Anomaly for Jul 2012 to be greater than 0.55 Degrees C,2012-02-01,0.0,0.0,0.0,0.0,0,0,0.0,0.0
755628,GTA.JUL2012.>0.55,Global Temperature Anomaly for Jul 2012 to be greater than 0.55 Degrees C,2012-02-02,0.0,0.0,0.0,0.0,0,0,0.0,0.0
755628,GTA.JUL2012.>0.55,Global Temperature Anomaly for Jul 2012 to be greater than 0.55 Degrees C,2012-02-03,0.0,0.0,0.0,0.0,0,0,0.0,0.0
755628,GTA.JUL2012.>0.55,Global Temperature Anomaly for Jul 2012 to be greater than 0.55 Degrees C,2012-02-04,0.0,0.0,0.0,0.0,0,0,0.0,0.0
755628,GTA.JUL2012.>0.55,Global Temperature Anomaly for Jul 2012 to be greater than 0.55 Degrees C,2012-02-05,0.0,0.0,0.0,0.0,0,0,0.0,0.0
755628,GTA.JUL2012.>0.55,Global Temperature Anomaly for Jul 2012 to be greater than 0.55 Degrees C,2012-02-06,0.0,0.0,0.0,0.0,0,0,0.0,0.0
755628,GTA.JUL2012.>0.55,Global Temperature Anomaly for Jul 2012 to be greater than 0.55 Degrees C,2012-02-07,0.0,0.0,0.0,0.0,0,0,0.0,0.0
755628,GTA.JUL2012.>0.55,Global Temperature Anomaly for Jul 2012 to be greater than 0.55 Degrees C,2012-02-08,0.0,0.0,0.0,0.0,0,0,0.0,0.0
755628,GTA.JUL2012.>0.55,Global Temperature Anomaly for Jul 2012 to be greater than 0.55 Degrees C,2012-02-09,0.0,0.0,0.0,0.0,0,0,0.0,0.0
755628,GTA.JUL2012.>0.55,Global Temperature Anomaly for Jul 2012 to be greater than 0.55 Degrees C,2012-02-10,0.0,0.0,0.0,0.0,0,0,0.0,0.0
755628,GTA.JUL2012.>0.55,Global Temperature Anomaly for Jul 2012 to be greater than 0.55 Degrees C,2012-02-11,0.0,0.0,0.0,0.0,0,0,0.0,0.0
755628,GTA.JUL2012.>0.55,Global Temperature Anomaly for Jul 2012 to be greater than 0.55 Degrees C,2012-02-12,0.0,0.0,0.0,0.0,0,0,0.0,0.0
755628,GTA.JUL2012.>0.55,Global Temperature Anomaly for Jul 2012 to be greater than 0.55 Degrees C,2012-02-13,0.0,0.0,0.0,0.0,0,0,0.0,0.0
755628,GTA.JUL2012.>0.55,Global Temperature Anomaly for Jul 2012 to be greater than 0.55 Degrees C,2012-02-14,0.0,0.0,0.0,0.0,0,0,0.0,0.0
755628,GTA.JUL2012.>0.55,Global Temperature Anomaly for Jul 2012 to be greater than 0.55 Degrees C,2012-02-15,0.0,0.0,0.0,0.0,0,0,0.0,0.0
755628,GTA.JUL2012.>0.55,Global Temperature Anomaly for Jul 2012 to be greater than 0.55 Degrees C,2012-02-16,0.0,0.0,0.0,0.0,0,0,0.0,0.0
755628,GTA.JUL2012.>0.55,Global Temperature Anomaly for Jul 2012 to be greater than 0.55 Degrees C,2012-02-17,0.0,0.0,0.0,0.0,0,0,0.0,0.0
755628,GTA.JUL2012.>0.55,Global Temperature Anomaly for Jul 2012 to be greater than 0.55 Degrees C,2012-02-18,0.0,0.0,0.0,0.0,0,0,0.0,0.0
755628,GTA.JUL2012.>0.55,Global Temperature Anomaly for Jul 2012 to be greater than 0.55 Degrees C,2012-02-19,0.0,0.0,0.0,0.0,0,0,0.0,0.0
755628,GTA.JUL2012.>0.55,Global Temperature Anomaly for Jul 2012 to be greater than 0.55 Degrees C,2012-02-20,0.0,0.0,0.0,0.0,0,0,0.0,0.0
755628,GTA.JUL2012.>0.55,Global Temperature Anomaly for Jul 2012 to be greater than 0.55 Degrees C,2012-02-21,0.0,0.0,0.0,0.0,0,0,0.0,0.0
755628,GTA.JUL2012.>0.55,Global Temperature Anomaly for Jul 2012 to be greater than 0.55 Degrees C,2012-02-22,0.0,0.0,0.0,0.0,0,0,0.0,0.0
755628,GTA.JUL2012.>0.55,Global Temperature Anomaly for Jul 2012 to be greater than 0.55 Degrees C,2012-02-23,0.0,0.0,0.0,0.0,0,0,0.0,0.0
755628,GTA.JUL2012.>0.55,Global Temperature Anomaly for Jul 2012 to be greater than 0.55 Degrees C,2012-02-24,0.0,0.0,0.0,0.0,0,0,0.0,0.0
755628,GTA.JUL2012.>0.55,Global Temperature Anomaly for Jul 2012 to be greater than 0.55 Degrees C,2012-02-25,0.0,0.0,0.0,0.0,0,0,0.0,0.0
755628,GTA.JUL2012.>0.55,Global Temperature Anomaly for Jul 2012 to be greater than 0.55 Degrees C,2012-02-26,0.0,0.0,0.0,0.0,0,0,0.0,0.0
755628,GTA.JUL2012.>0.55,Global Temperature Anomaly for Jul 2012 to be greater than 0.55 Degrees C,2012-02-27,0.0,0.0,0.0,0.0,0,0,0.0,0.0
755628,GTA.JUL2012.>0.55,Global Temperature Anomaly for Jul 2012 to be greater than 0.55 Degrees C,2012-02-28,0.0,0.0,0.0,0.0,0,0,0.0,0.0
755628,GTA.JUL2012.>0.55,Global Temperature Anomaly for Jul 2012 to be greater than 0.55 Degrees C,2012-02-29,0.0,0.0,0.0,0.0,0,0,0.0,0.0
755628,GTA.JUL2012.>0.55,Global Temperature Anomaly for Jul 2012 to be greater than 0.55 Degrees C,2012-03-01,0.0,0.0,0.0,0.0,0,0,0.0,0.0
755628,GTA.JUL2012.>0.55,Global Temperature Anomaly for Jul 2012 to be greater than 0.55 Degrees C,2012-03-02,,,,,0,0,,
755628,GTA.JUL2012.>0.55,Global Temperature Anomaly for Jul 2012 to be greater than 0.55 Degrees C,2012-03-03,,,,,0,0,,
755628,GTA.JUL2012.>0.55,Global Temperature Anomaly for Jul 2012 to be greater than 0.55 Degrees C,2012-03-04,,,,,0,0,,
755628,GTA.JUL2012.>0.55,Global Temperature Anomaly for Jul 2012 to be greater than 0.55 Degrees C,2012-03-05,,,,,0,0,,
755628,GTA.JUL2012.>0.55,Global Temperature Anomaly for Jul 2012 to be greater than 0.55 Degrees C,2012-03-06,,,,,0,0,,
755628,GTA.JUL2012.>0.55,Global Temperature Anomaly for Jul 2012 to be greater than 0.55 Degrees C,2012-03-07,,,,,0,0,,
755628,GTA.JUL2012.>0.55,Global Temperature Anomaly for Jul 2012 to be greater than 0.55 Degrees C,2012-03-08,,,,,0,0,,
755628,GTA.JUL2012.>0.55,Global Temperature Anomaly for Jul 2012 to be greater than 0.55 Degrees C,2012-03-09,,,,,0,0,,
755628,GTA.JUL2012.>0.55,Global Temperature Anomaly for Jul 2012 to be greater than 0.55 Degrees C,2012-03-10,,,,,0,0,,
755628,GTA.JUL2012.>0.55,Global Temperature Anomaly for Jul 2012 to be greater than 0.55 Degrees C,2012-03-11,,,,,0,0,,
755628,GTA.JUL2012.>0.55,Global Temperature Anomaly for Jul 2012 to be greater than 0.55 Degrees C,2012-03-12,,,,,0,0,,
755628,GTA.JUL2012.>0.55,Global Temperature Anomaly for Jul 2012 to be greater than 0.55 Degrees C,2012-03-13,,,,,0,0,,
755628,GTA.JUL2012.>0.55,Global Temperature Anomaly for Jul 2012 to be greater than 0.55 Degrees C,2012-03-14,,,,,0,0,,
755628,GTA.JUL2012.>0.55,Global Temperature Anomaly for Jul 2012 to be greater than 0.55 Degrees C,2012-03-15,,,,,0,0,,
755628,GTA.JUL2012.>0.55,Global Temperature Anomaly for Jul 2012 to be greater than 0.55 Degrees C,2012-03-16,,,,,0,0,,
755628,GTA.JUL2012.>0.55,Global Temperature Anomaly for Jul 2012 to be greater than 0.55 Degrees C,2012-03-17,,,,,0,0,,
755628,GTA.JUL2012.>0.55,Global Temperature Anomaly for Jul 2012 to be greater than 0.55 Degrees C,2012-03-18,,,,,0,0,,
755628,GTA.JUL2012.>0.55,Global Temperature Anomaly for Jul 2012 to be greater than 0.55 Degrees C,2012-03-19,,,,,0,0,,
755628,GTA.JUL2012.>0.55,Global Temperature Anomaly for Jul 2012 to be greater than 0.55 Degrees C,2012-03-20,,,,,0,0,,
755628,GTA.JUL2012.>0.55,Global Temperature Anomaly for Jul 2012 to be greater than 0.55 Degrees C,2012-03-21,,,,,0,0,,
755628,GTA.JUL2012.>0.55,Global Temperature Anomaly for Jul 2012 to be greater than 0.55 Degrees C,2012-03-22,,,,,0,0,,
755628,GTA.JUL2012.>0.55,Global Temperature Anomaly for Jul 2012 to be greater than 0.55 Degrees C,2012-03-23,,,,,0,0,,
755628,GTA.JUL2012.>0.55,Global Temperature Anomaly for Jul 2012 to be greater than 0.55 Degrees C,2012-03-24,,,,,0,0,,
755628,GTA.JUL2012.>0.55,Global Temperature Anomaly for Jul 2012 to be greater than 0.55 Degrees C,2012-03-25,,,,,0,0,,
755628,GTA.JUL2012.>0.55,Global Temperature Anomaly for Jul 2012 to be greater than 0.55 Degrees C,2012-03-26,,,,,0,0,,
755628,GTA.JUL2012.>0.55,Global Temperature Anomaly for Jul 2012 to be greater than 0.55 Degrees C,2012-03-27,,,,,0,0,,
755628,GTA.JUL2012.>0.55,Global Temperature Anomaly for Jul 2012 to be greater than 0.55 Degrees C,2012-03-28,,,,,0,0,,
755628,GTA.JUL2012.>0.55,Global Temperature Anomaly for Jul 2012 to be greater than 0.55 Degrees C,2012-03-29,,,,,0,0,,
755628,GTA.JUL2012.>0.55,Global Temperature Anomaly for Jul 2012 to be greater than 0.55 Degrees C,2012-03-30,,,,,0,0,,
755628,GTA.JUL2012.>0.55,Global Temperature Anomaly for Jul 2012 to be greater than 0.55 Degrees C,2012-03-31,,,,,0,0,,
755628,GTA.JUL2012.>0.55,Global Temperature Anomaly for Jul 2012 to be greater than 0.55 Degrees C,2012-04-01,,,,,0,0,,
755628,GTA.JUL2012.>0.55,Global Temperature Anomaly for Jul 2012 to be greater than 0.55 Degrees C,2012-04-02,,,,,0,0,,
755628,GTA.JUL2012.>0.55,Global Temperature Anomaly for Jul 2012 to be greater than 0.55 Degrees C,2012-04-03,,,,,0,0,,
755628,GTA.JUL2012.>0.55,Global Temperature Anomaly for Jul 2012 to be greater than 0.55 Degrees C,2012-04-04,,,,,0,0,,
755628,GTA.JUL2012.>0.55,Global Temperature Anomaly for Jul 2012 to be greater than 0.55 Degrees C,2012-04-05,,,,,0,0,,
755628,GTA.JUL2012.>0.55,Global Temperature Anomaly for Jul 2012 to be greater than 0.55 Degrees C,2012-04-06,,,,,0,0,,
755628,GTA.JUL2012.>0.55,Global Temperature Anomaly for Jul 2012 to be greater than 0.55 Degrees C,2012-04-07,,,,,0,0,,
755628,GTA.JUL2012.>0.55,Global Temperature Anomaly for Jul 2012 to be greater than 0.55 Degrees C,2012-04-08,,,,,0,0,,
755628,GTA.JUL2012.>0.55,Global Temperature Anomaly for Jul 2012 to be greater than 0.55 Degrees C,2012-04-09,,,,,0,0,,
755628,GTA.JUL2012.>0.55,Global Temperature Anomaly for Jul 2012 to be greater than 0.55 Degrees C,2012-04-10,,,,,0,0,,
755628,GTA.JUL2012.>0.55,Global Temperature Anomaly for Jul 2012 to be greater than 0.55 Degrees C,2012-04-11,,,,,0,0,,
755628,GTA.JUL2012.>0.55,Global Temperature Anomaly for Jul 2012 to be greater than 0.55 Degrees C,2012-04-12,,,,,0,0,,
755628,GTA.JUL2012.>0.55,Global Temperature Anomaly for Jul 2012 to be greater than 0.55 Degrees C,2012-04-13,,,,,0,0,,
755628,GTA.JUL2012.>0.55,Global Temperature Anomaly for Jul 2012 to be greater than 0.55 Degrees C,2012-04-14,,,,,0,0,,
755628,GTA.JUL2012.>0.55,Global Temperature Anomaly for Jul 2012 to be greater than 0.55 Degrees C,2012-04-15,,,,,0,0,,
755628,GTA.JUL2012.>0.55,Global Temperature Anomaly for Jul 2012 to be greater than 0.55 Degrees C,2012-04-16,,,,,0,0,,
755628,GTA.JUL2012.>0.55,Global Temperature Anomaly for Jul 2012 to be greater than 0.55 Degrees C,2012-04-17,,,,,0,0,,
755628,GTA.JUL2012.>0.55,Global Temperature Anomaly for Jul 2012 to be greater than 0.55 Degrees C,2012-04-18,,,,,0,0,,
755628,GTA.JUL2012.>0.55,Global Temperature Anomaly for Jul 2012 to be greater than 0.55 Degrees C,2012-04-19,,,,,0,0,,
755628,GTA.JUL2012.>0.55,Global Temperature Anomaly for Jul 2012 to be greater than 0.55 Degrees C,2012-04-20,,,,,0,0,,
755628,GTA.JUL2012.>0.55,Global Temperature Anomaly for Jul 2012 to be greater than 0.55 Degrees C,2012-04-21,,,,,0,0,,
755628,GTA.JUL2012.>0.55,Global Temperature Anomaly for Jul 2012 to be greater than 0.55 Degrees C,2012-04-22,,,,,0,0,,
755628,GTA.JUL2012.>0.55,Global Temperature Anomaly for Jul 2012 to be greater than 0.55 Degrees C,2012-04-23,,,,,0,0,,
755628,GTA.JUL2012.>0.55,Global Temperature Anomaly for Jul 2012 to be greater than 0.55 Degrees C,2012-04-24,,,,,0,0,,
755628,GTA.JUL2012.>0.55,Global Temperature Anomaly for Jul 2012 to be greater than 0.55 Degrees C,2012-04-25,,,,,0,0,,
755628,GTA.JUL2012.>0.55,Global Temperature Anomaly for Jul 2012 to be greater than 0.55 Degrees C,2012-04-26,,,,,0,0,,
755628,GTA.JUL2012.>0.55,Global Temperature Anomaly for Jul 2012 to be greater than 0.55 Degrees C,2012-04-27,,,,,0,0,,
755628,GTA.JUL2012.>0.55,Global Temperature Anomaly for Jul 2012 to be greater than 0.55 Degrees C,2012-04-28,,,,,0,0,,
755628,GTA.JUL2012.>0.55,Global Temperature Anomaly for Jul 2012 to be greater than 0.55 Degrees C,2012-04-29,,,,,0,0,,
755628,GTA.JUL2012.>0.55,Global Temperature Anomaly for Jul 2012 to be greater than 0.55 Degrees C,2012-04-30,,,,,0,0,,
755628,GTA.JUL2012.>0.55,Global Temperature Anomaly for Jul 2012 to be greater than 0.55 Degrees C,2012-05-01,,,,,0,0,,
755628,GTA.JUL2012.>0.55,Global Temperature Anomaly for Jul 2012 to be greater than 0.55 Degrees C,2012-05-02,,,,,0,0,,
755628,GTA.JUL2012.>0.55,Global Temperature Anomaly for Jul 2012 to be greater than 0.55 Degrees C,2012-05-03,,,,,0,0,,
755628,GTA.JUL2012.>0.55,Global Temperature Anomaly for Jul 2012 to be greater than 0.55 Degrees C,2012-05-04,,,,,0,0,,
755628,GTA.JUL2012.>0.55,Global Temperature Anomaly for Jul 2012 to be greater than 0.55 Degrees C,2012-05-05,,,,,0,0,,
755628,GTA.JUL2012.>0.55,Global Temperature Anomaly for Jul 2012 to be greater than 0.55 Degrees C,2012-05-06,,,,,0,0,,
755628,GTA.JUL2012.>0.55,Global Temperature Anomaly for Jul 2012 to be greater than 0.55 Degrees C,2012-05-07,,,,,0,0,,
755628,GTA.JUL2012.>0.55,Global Temperature Anomaly for Jul 2012 to be greater than 0.55 Degrees C,2012-05-08,,,,,0,0,,
755628,GTA.JUL2012.>0.55,Global Temperature Anomaly for Jul 2012 to be greater than 0.55 Degrees C,2012-05-09,,,,,0,0,,
755628,GTA.JUL2012.>0.55,Global Temperature Anomaly for Jul 2012 to be greater than 0.55 Degrees C,2012-05-10,,,,,0,0,,
755628,GTA.JUL2012.>0.55,Global Temperature Anomaly for Jul 2012 to be greater than 0.55 Degrees C,2012-05-11,70.0,70.0,70.0,70.0,8,8,70.0,70.0
755628,GTA.JUL2012.>0.55,Global Temperature Anomaly for Jul 2012 to be greater than 0.55 Degrees C,2012-05-12,,,,70.0,8,0,70.0,70.0
755628,GTA.JUL2012.>0.55,Global Temperature Anomaly for Jul 2012 to be greater than 0.55 Degrees C,2012-05-13,,,,70.0,8,0,70.0,70.0
755628,GTA.JUL2012.>0.55,Global Temperature Anomaly for Jul 2012 to be greater than 0.55 Degrees C,2012-05-14,,,,70.0,8,0,70.0,70.0
755628,GTA.JUL2012.>0.55,Global Temperature Anomaly for Jul 2012 to be greater than 0.55 Degrees C,2012-05-15,,,,70.0,8,0,70.0,70.0
755628,GTA.JUL2012.>0.55,Global Temperature Anomaly for Jul 2012 to be greater than 0.55 Degrees C,2012-05-16,,,,70.0,8,0,70.0,70.0
755628,GTA.JUL2012.>0.55,Global Temperature Anomaly for Jul 2012 to be greater than 0.55 Degrees C,2012-05-17,,,,70.0,8,0,70.0,70.0
755628,GTA.JUL2012.>0.55,Global Temperature Anomaly for Jul 2012 to be greater than 0.55 Degrees C,2012-05-18,,,,70.0,8,0,70.0,70.0
755628,GTA.JUL2012.>0.55,Global Temperature Anomaly for Jul 2012 to be greater than 0.55 Degrees C,2012-05-19,,,,70.0,8,0,70.0,70.0
755628,GTA.JUL2012.>0.55,Global Temperature Anomaly for Jul 2012 to be greater than 0.55 Degrees C,2012-05-20,,,,70.0,8,0,70.0,70.0
755628,GTA.JUL2012.>0.55,Global Temperature Anomaly for Jul 2012 to be greater than 0.55 Degrees C,2012-05-21,,,,70.0,8,0,70.0,70.0
755628,GTA.JUL2012.>0.55,Global Temperature Anomaly for Jul 2012 to be greater than 0.55 Degrees C,2012-05-22,,,,70.0,8,0,70.0,70.0
755628,GTA.JUL2012.>0.55,Global Temperature Anomaly for Jul 2012 to be greater than 0.55 Degrees C,2012-05-23,,,,70.0,8,0,70.0,70.0
755628,GTA.JUL2012.>0.55,Global Temperature Anomaly for Jul 2012 to be greater than 0.55 Degrees C,2012-05-24,,,,70.0,8,0,70.0,70.0
755628,GTA.JUL2012.>0.55,Global Temperature Anomaly for Jul 2012 to be greater than 0.55 Degrees C,2012-05-25,,,,70.0,8,0,70.0,70.0
755628,GTA.JUL2012.>0.55,Global Temperature Anomaly for Jul 2012 to be greater than 0.55 Degrees C,2012-05-26,,,,70.0,8,0,70.0,70.0
755628,GTA.JUL2012.>0.55,Global Temperature Anomaly for Jul 2012 to be greater than 0.55 Degrees C,2012-05-27,,,,70.0,8,0,70.0,70.0
755628,GTA.JUL2012.>0.55,Global Temperature Anomaly for Jul 2012 to be greater than 0.55 Degrees C,2012-05-28,,,,70.0,8,0,70.0,70.0
755628,GTA.JUL2012.>0.55,Global Temperature Anomaly for Jul 2012 to be greater than 0.55 Degrees C,2012-05-29,,,,70.0,8,0,70.0,70.0
755628,GTA.JUL2012.>0.55,Global Temperature Anomaly for Jul 2012 to be greater than 0.55 Degrees C,2012-05-30,,,,70.0,8,0,70.0,70.0
755628,GTA.JUL2012.>0.55,Global Temperature Anomaly for Jul 2012 to be greater than 0.55 Degrees C,2012-05-31,,,,70.0,8,0,70.0,70.0
755628,GTA.JUL2012.>0.55,Global Temperature Anomaly for Jul 2012 to be greater than 0.55 Degrees C,2012-06-01,,,,70.0,8,0,70.0,70.0
755628,GTA.JUL2012.>0.55,Global Temperature Anomaly for Jul 2012 to be greater than 0.55 Degrees C,2012-06-02,,,,70.0,8,0,70.0,70.0
755628,GTA.JUL2012.>0.55,Global Temperature Anomaly for Jul 2012 to be greater than 0.55 Degrees C,2012-06-03,,,,70.0,8,0,70.0,70.0
755628,GTA.JUL2012.>0.55,Global Temperature Anomaly for Jul 2012 to be greater than 0.55 Degrees C,2012-06-04,,,,70.0,8,0,70.0,70.0
755628,GTA.JUL2012.>0.55,Global Temperature Anomaly for Jul 2012 to be greater than 0.55 Degrees C,2012-06-05,,,,70.0,8,0,70.0,70.0
755628,GTA.JUL2012.>0.55,Global Temperature Anomaly for Jul 2012 to be greater than 0.55 Degrees C,2012-06-06,,,,70.0,8,0,70.0,70.0
755628,GTA.JUL2012.>0.55,Global Temperature Anomaly for Jul 2012 to be greater than 0.55 Degrees C,2012-06-07,,,,70.0,8,0,70.0,70.0
755628,GTA.JUL2012.>0.55,Global Temperature Anomaly for Jul 2012 to be greater than 0.55 Degrees C,2012-06-08,,,,70.0,8,0,70.0,70.0
755628,GTA.JUL2012.>0.55,Global Temperature Anomaly for Jul 2012 to be greater than 0.55 Degrees C,2012-06-09,,,,70.0,8,0,70.0,70.0
755628,GTA.JUL2012.>0.55,Global Temperature Anomaly for Jul 2012 to be greater than 0.55 Degrees C,2012-06-10,,,,70.0,8,0,70.0,70.0
755628,GTA.JUL2012.>0.55,Global Temperature Anomaly for Jul 2012 to be greater than 0.55 Degrees C,2012-06-11,,,,70.0,8,0,70.0,70.0
755628,GTA.JUL2012.>0.55,Global Temperature Anomaly for Jul 2012 to be greater than 0.55 Degrees C,2012-06-12,,,,70.0,8,0,70.0,70.0
755628,GTA.JUL2012.>0.55,Global Temperature Anomaly for Jul 2012 to be greater than 0.55 Degrees C,2012-06-13,,,,70.0,8,0,70.0,70.0
755628,GTA.JUL2012.>0.55,Global Temperature Anomaly for Jul 2012 to be greater than 0.55 Degrees C,2012-06-14,76.0,76.0,76.0,76.0,16,8,76.0,70.0
755628,GTA.JUL2012.>0.55,Global Temperature Anomaly for Jul 2012 to be greater than 0.55 Degrees C,2012-06-15,,,,76.0,16,0,76.0,70.0
755628,GTA.JUL2012.>0.55,Global Temperature Anomaly for Jul 2012 to be greater than 0.55 Degrees C,2012-06-16,,,,76.0,16,0,76.0,70.0
755628,GTA.JUL2012.>0.55,Global Temperature Anomaly for Jul 2012 to be greater than 0.55 Degrees C,2012-06-17,,,,76.0,16,0,76.0,70.0
755628,GTA.JUL2012.>0.55,Global Temperature Anomaly for Jul 2012 to be greater than 0.55 Degrees C,2012-06-18,,,,76.0,16,0,76.0,70.0
755628,GTA.JUL2012.>0.55,Global Temperature Anomaly for Jul 2012 to be greater than 0.55 Degrees C,2012-06-19,,,,76.0,16,0,76.0,70.0
755628,GTA.JUL2012.>0.55,Global Temperature Anomaly for Jul 2012 to be greater than 0.55 Degrees C,2012-06-20,,,,76.0,16,0,76.0,70.0
755628,GTA.JUL2012.>0.55,Global Temperature Anomaly for Jul 2012 to be greater than 0.55 Degrees C,2012-06-21,,,,76.0,16,0,76.0,70.0
755628,GTA.JUL2012.>0.55,Global Temperature Anomaly for Jul 2012 to be greater than 0.55 Degrees C,2012-06-22,,,,76.0,16,0,76.0,70.0
755628,GTA.JUL2012.>0.55,Global Temperature Anomaly for Jul 2012 to be greater than 0.55 Degrees C,2012-06-23,,,,76.0,16,0,76.0,70.0
755628,GTA.JUL2012.>0.55,Global Temperature Anomaly for Jul 2012 to be greater than 0.55 Degrees C,2012-06-24,,,,76.0,16,0,76.0,70.0
755628,GTA.JUL2012.>0.55,Global Temperature Anomaly for Jul 2012 to be greater than 0.55 Degrees C,2012-06-25,,,,76.0,16,0,76.0,70.0
755628,GTA.JUL2012.>0.55,Global Temperature Anomaly for Jul 2012 to be greater than 0.55 Degrees C,2012-06-26,,,,76.0,16,0,76.0,70.0
755628,GTA.JUL2012.>0.55,Global Temperature Anomaly for Jul 2012 to be greater than 0.55 Degrees C,2012-06-27,,,,76.0,16,0,76.0,70.0
755628,GTA.JUL2012.>0.55,Global Temperature Anomaly for Jul 2012 to be greater than 0.55 Degrees C,2012-06-28,,,,76.0,16,0,76.0,70.0
755628,GTA.JUL2012.>0.55,Global Temperature Anomaly for Jul 2012 to be greater than 0.55 Degrees C,2012-06-29,,,,76.0,16,0,76.0,70.0
755628,GTA.JUL2012.>0.55,Global Temperature Anomaly for Jul 2012 to be greater than 0.55 Degrees C,2012-06-30,,,,76.0,16,0,76.0,70.0
755628,GTA.JUL2012.>0.55,Global Temperature Anomaly for Jul 2012 to be greater than 0.55 Degrees C,2012-07-01,,,,76.0,16,0,76.0,70.0
755628,GTA.JUL2012.>0.55,Global Temperature Anomaly for Jul 2012 to be greater than 0.55 Degrees C,2012-07-02,,,,76.0,16,0,76.0,70.0
755628,GTA.JUL2012.>0.55,Global Temperature Anomaly for Jul 2012 to be greater than 0.55 Degrees C,2012-07-03,,,,76.0,16,0,76.0,70.0
755628,GTA.JUL2012.>0.55,Global Temperature Anomaly for Jul 2012 to be greater than 0.55 Degrees C,2012-07-04,72.5,72.5,69.0,69.0,18,2,76.0,69.0
755628,GTA.JUL2012.>0.55,Global Temperature Anomaly for Jul 2012 to be greater than 0.55 Degrees C,2012-07-05,,,,69.0,18,0,76.0,69.0
755628,GTA.JUL2012.>0.55,Global Temperature Anomaly for Jul 2012 to be greater than 0.55 Degrees C,2012-07-06,,,,69.0,18,0,76.0,69.0
755628,GTA.JUL2012.>0.55,Global Temperature Anomaly for Jul 2012 to be greater than 0.55 Degrees C,2012-07-07,,,,69.0,18,0,76.0,69.0
755628,GTA.JUL2012.>0.55,Global Temperature Anomaly for Jul 2012 to be greater than 0.55 Degrees C,2012-07-08,,,,69.0,18,0,76.0,69.0
755628,GTA.JUL2012.>0.55,Global Temperature Anomaly for Jul 2012 to be greater than 0.55 Degrees C,2012-07-09,,,,69.0,18,0,76.0,69.0
755628,GTA.JUL2012.>0.55,Global Temperature Anomaly for Jul 2012 to be greater than 0.55 Degrees C,2012-07-10,,,,69.0,18,0,76.0,69.0
755628,GTA.JUL2012.>0.55,Global Temperature Anomaly for Jul 2012 to be greater than 0.55 Degrees C,2012-07-11,,,,69.0,18,0,76.0,69.0
755628,GTA.JUL2012.>0.55,Global Temperature Anomaly for Jul 2012 to be greater than 0.55 Degrees C,2012-07-12,,,,69.0,18,0,76.0,69.0
755628,GTA.JUL2012.>0.55,Global Temperature Anomaly for Jul 2012 to be greater than 0.55 Degrees C,2012-07-13,,,,69.0,18,0,76.0,69.0
755628,GTA.JUL2012.>0.55,Global Temperature Anomaly for Jul 2012 to be greater than 0.55 Degrees C,2012-07-14,,,,69.0,18,0,76.0,69.0
755628,GTA.JUL2012.>0.55,Global Temperature Anomaly for Jul 2012 to be greater than 0.55 Degrees C,2012-07-15,,,,69.0,18,0,76.0,69.0
755628,GTA.JUL2012.>0.55,Global Temperature Anomaly for Jul 2012 to be greater than 0.55 Degrees C,2012-07-16,68.0,68.0,68.0,68.0,19,1,76.0,68.0
755628,GTA.JUL2012.>0.55,Global Temperature Anomaly for Jul 2012 to be greater than 0.55 Degrees C,2012-07-17,68.5,68.5,68.0,68.0,21,2,76.0,68.0
755628,GTA.JUL2012.>0.55,Global Temperature Anomaly for Jul 2012 to be greater than 0.55 Degrees C,2012-07-18,,,,68.0,21,0,76.0,68.0
755628,GTA.JUL2012.>0.55,Global Temperature Anomaly for Jul 2012 to be greater than 0.55 Degrees C,2012-07-19,,,,68.0,21,0,76.0,68.0
755628,GTA.JUL2012.>0.55,Global Temperature Anomaly for Jul 2012 to be greater than 0.55 Degrees C,2012-07-20,,,,68.0,21,0,76.0,68.0
755628,GTA.JUL2012.>0.55,Global Temperature Anomaly for Jul 2012 to be greater than 0.55 Degrees C,2012-07-21,,,,68.0,21,0,76.0,68.0
755628,GTA.JUL2012.>0.55,Global Temperature Anomaly for Jul 2012 to be greater than 0.55 Degrees C,2012-07-22,,,,68.0,21,0,76.0,68.0
755628,GTA.JUL2012.>0.55,Global Temperature Anomaly for Jul 2012 to be greater than 0.55 Degrees C,2012-07-23,60.0,60.0,60.0,60.0,22,1,76.0,60.0
755628,GTA.JUL2012.>0.55,Global Temperature Anomaly for Jul 2012 to be greater than 0.55 Degrees C,2012-07-24,,,,60.0,22,0,76.0,60.0
755628,GTA.JUL2012.>0.55,Global Temperature Anomaly for Jul 2012 to be greater than 0.55 Degrees C,2012-07-25,,,,60.0,22,0,76.0,60.0
755628,GTA.JUL2012.>0.55,Global Temperature Anomaly for Jul 2012 to be greater than 0.55 Degrees C,2012-07-26,,,,60.0,22,0,76.0,60.0
755628,GTA.JUL2012.>0.55,Global Temperature Anomaly for Jul 2012 to be greater than 0.55 Degrees C,2012-07-27,,,,60.0,22,0,76.0,60.0
755628,GTA.JUL2012.>0.55,Global Temperature Anomaly for Jul 2012 to be greater than 0.55 Degrees C,2012-07-28,,,,60.0,22,0,76.0,60.0
755628,GTA.JUL2012.>0.55,Global Temperature Anomaly for Jul 2012 to be greater than 0.55 Degrees C,2012-07-29,,,,60.0,22,0,76.0,60.0
755628,GTA.JUL2012.>0.55,Global Temperature Anomaly for Jul 2012 to be greater than 0.55 Degrees C,2012-07-30,65.0,65.0,65.0,65.0,23,1,76.0,60.0
755628,GTA.JUL2012.>0.55,Global Temperature Anomaly for Jul 2012 to be greater than 0.55 Degrees C,2012-07-31,,,,65.0,23,0,76.0,60.0
755628,GTA.JUL2012.>0.55,Global Temperature Anomaly for Jul 2012 to be greater than 0.55 Degrees C,2012-08-01,,,,65.0,23,0,76.0,60.0
755628,GTA.JUL2012.>0.55,Global Temperature Anomaly for Jul 2012 to be greater than 0.55 Degrees C,2012-08-02,64.0,64.0,60.1,60.1,28,5,76.0,60.0
755628,GTA.JUL2012.>0.55,Global Temperature Anomaly for Jul 2012 to be greater than 0.55 Degrees C,2012-08-03,,,,60.1,28,0,76.0,60.0
755628,GTA.JUL2012.>0.55,Global Temperature Anomaly for Jul 2012 to be greater than 0.55 Degrees C,2012-08-04,,,,60.1,28,0,76.0,60.0
755628,GTA.JUL2012.>0.55,Global Temperature Anomaly for Jul 2012 to be greater than 0.55 Degrees C,2012-08-05,,,,60.1,28,0,76.0,60.0
755628,GTA.JUL2012.>0.55,Global Temperature Anomaly for Jul 2012 to be greater than 0.55 Degrees C,2012-08-06,,,,60.1,28,0,76.0,60.0
755628,GTA.JUL2012.>0.55,Global Temperature Anomaly for Jul 2012 to be greater than 0.55 Degrees C,2012-08-07,,,,60.1,28,0,76.0,60.0
755628,GTA.JUL2012.>0.55,Global Temperature Anomaly for Jul 2012 to be greater than 0.55 Degrees C,2012-08-08,,,,60.1,28,0,76.0,60.0
755628,GTA.JUL2012.>0.55,Global Temperature Anomaly for Jul 2012 to be greater than 0.55 Degrees C,2012-08-09,40.0,40.0,40.0,40.0,29,6,76.0,40.0
755628,GTA.JUL2012.>0.55,Global Temperature Anomaly for Jul 2012 to be greater than 0.55 Degrees C,2012-08-10,,,,40.0,29,0,76.0,40.0
755628,GTA.JUL2012.>0.55,Global Temperature Anomaly for Jul 2012 to be greater than 0.55 Degrees C,2012-08-11,,,,40.0,29,0,76.0,40.0
755628,GTA.JUL2012.>0.55,Global Temperature Anomaly for Jul 2012 to be greater than 0.55 Degrees C,2012-08-12,10.0,10.0,10.0,10.0,32,3,76.0,10.0
