market id,market symbol,market name,trade quantity,trade price,date/time [utc]
760941,GTA.NOV2012.>0.75,Global Temperature Anomaly for Nov 2012 to be greater than 0.75 Degrees C,10,5.0,Nov/15/2012 22:15:09
760941,GTA.NOV2012.>0.75,Global Temperature Anomaly for Nov 2012 to be greater than 0.75 Degrees C,1,4.4,Nov/20/2012 11:27:40
760941,GTA.NOV2012.>0.75,Global Temperature Anomaly for Nov 2012 to be greater than 0.75 Degrees C,5,3.5,Nov/20/2012 11:27:51
760941,GTA.NOV2012.>0.75,Global Temperature Anomaly for Nov 2012 to be greater than 0.75 Degrees C,10,3.0,Nov/20/2012 11:28:06
760941,GTA.NOV2012.>0.75,Global Temperature Anomaly for Nov 2012 to be greater than 0.75 Degrees C,10,3.3,Dec/02/2012 11:26:44
