market id,market symbol,market name,trade quantity,trade price,date/time [utc]
760944,GTA.DEC2012.>0.75,Global Temperature Anomaly for Dec 2012 to be greater than 0.75 Degrees C,4,5.0,Sep/13/2012 01:43:47
760944,GTA.DEC2012.>0.75,Global Temperature Anomaly for Dec 2012 to be greater than 0.75 Degrees C,1,9.9,Dec/20/2012 19:37:26
760944,GTA.DEC2012.>0.75,Global Temperature Anomaly for Dec 2012 to be greater than 0.75 Degrees C,4,9.9,Dec/23/2012 10:43:13
760944,GTA.DEC2012.>0.75,Global Temperature Anomaly for Dec 2012 to be greater than 0.75 Degrees C,1,92.0,Jan/09/2013 15:24:10
760944,GTA.DEC2012.>0.75,Global Temperature Anomaly for Dec 2012 to be greater than 0.75 Degrees C,20,93.0,Jan/09/2013 15:24:16
760944,GTA.DEC2012.>0.75,Global Temperature Anomaly for Dec 2012 to be greater than 0.75 Degrees C,1,0.5,Jan/09/2013 15:28:55
760944,GTA.DEC2012.>0.75,Global Temperature Anomaly for Dec 2012 to be greater than 0.75 Degrees C,20,0.5,Jan/11/2013 21:09:33
760944,GTA.DEC2012.>0.75,Global Temperature Anomaly for Dec 2012 to be greater than 0.75 Degrees C,1,0.5,Jan/11/2013 21:10:19
