market id,market symbol,market name,business day,session open,session high,session low,closing price,open interest,session trade volume,lifetime high,lifetime low
770031,GTA.FEB2013.>0.55,Global Temperature Anomaly for Feb 2013 to be greater than 0.55 Degrees C,2013-01-21,,,,,0,0,,
770031,GTA.FEB2013.>0.55,Global Temperature Anomaly for Feb 2013 to be greater than 0.55 Degrees C,2013-01-22,,,,,0,0,,
770031,GTA.FEB2013.>0.55,Global Temperature Anomaly for Feb 2013 to be greater than 0.55 Degrees C,2013-01-23,,,,,0,0,,
770031,GTA.FEB2013.>0.55,Global Temperature Anomaly for Feb 2013 to be greater than 0.55 Degrees C,2013-01-24,,,,,0,0,,
770031,GTA.FEB2013.>0.55,Global Temperature Anomaly for Feb 2013 to be greater than 0.55 Degrees C,2013-01-25,,,,,0,0,,
770031,GTA.FEB2013.>0.55,Global Temperature Anomaly for Feb 2013 to be greater than 0.55 Degrees C,2013-01-26,,,,,0,0,,
770031,GTA.FEB2013.>0.55,Global Temperature Anomaly for Feb 2013 to be greater than 0.55 Degrees C,2013-01-27,,,,,0,0,,
770031,GTA.FEB2013.>0.55,Global Temperature Anomaly for Feb 2013 to be greater than 0.55 Degrees C,2013-01-28,,,,,0,0,,
770031,GTA.FEB2013.>0.55,Global Temperature Anomaly for Feb 2013 to be greater than 0.55 Degrees C,2013-01-29,,,,,0,0,,
770031,GTA.FEB2013.>0.55,Global Temperature Anomaly for Feb 2013 to be greater than 0.55 Degrees C,2013-01-30,,,,,0,0,,
770031,GTA.FEB2013.>0.55,Global Temperature Anomaly for Feb 2013 to be greater than 0.55 Degrees C,2013-01-31,,,,,0,0,,
770031,GTA.FEB2013.>0.55,Global Temperature Anomaly for Feb 2013 to be greater than 0.55 Degrees C,2013-02-01,,,,,0,0,,
770031,GTA.FEB2013.>0.55,Global Temperature Anomaly for Feb 2013 to be greater than 0.55 Degrees C,2013-02-02,,,,,0,0,,
770031,GTA.FEB2013.>0.55,Global Temperature Anomaly for Feb 2013 to be greater than 0.55 Degrees C,2013-02-03,,,,,0,0,,
770031,GTA.FEB2013.>0.55,Global Temperature Anomaly for Feb 2013 to be greater than 0.55 Degrees C,2013-02-04,,,,,0,0,,
770031,GTA.FEB2013.>0.55,Global Temperature Anomaly for Feb 2013 to be greater than 0.55 Degrees C,2013-02-05,,,,,0,0,,
770031,GTA.FEB2013.>0.55,Global Temperature Anomaly for Feb 2013 to be greater than 0.55 Degrees C,2013-02-06,,,,,0,0,,
770031,GTA.FEB2013.>0.55,Global Temperature Anomaly for Feb 2013 to be greater than 0.55 Degrees C,2013-02-07,,,,,0,0,,
770031,GTA.FEB2013.>0.55,Global Temperature Anomaly for Feb 2013 to be greater than 0.55 Degrees C,2013-02-08,,,,,0,0,,
770031,GTA.FEB2013.>0.55,Global Temperature Anomaly for Feb 2013 to be greater than 0.55 Degrees C,2013-02-09,,,,,0,0,,
770031,GTA.FEB2013.>0.55,Global Temperature Anomaly for Feb 2013 to be greater than 0.55 Degrees C,2013-02-10,,,,,0,0,,
770031,GTA.FEB2013.>0.55,Global Temperature Anomaly for Feb 2013 to be greater than 0.55 Degrees C,2013-02-11,,,,,0,0,,
770031,GTA.FEB2013.>0.55,Global Temperature Anomaly for Feb 2013 to be greater than 0.55 Degrees C,2013-02-12,,,,,0,0,,
770031,GTA.FEB2013.>0.55,Global Temperature Anomaly for Feb 2013 to be greater than 0.55 Degrees C,2013-02-13,,,,,0,0,,
770031,GTA.FEB2013.>0.55,Global Temperature Anomaly for Feb 2013 to be greater than 0.55 Degrees C,2013-02-14,,,,,0,0,,
770031,GTA.FEB2013.>0.55,Global Temperature Anomaly for Feb 2013 to be greater than 0.55 Degrees C,2013-02-15,,,,,0,0,,
770031,GTA.FEB2013.>0.55,Global Temperature Anomaly for Feb 2013 to be greater than 0.55 Degrees C,2013-02-16,,,,,0,0,,
770031,GTA.FEB2013.>0.55,Global Temperature Anomaly for Feb 2013 to be greater than 0.55 Degrees C,2013-02-17,,,,,0,0,,
770031,GTA.FEB2013.>0.55,Global Temperature Anomaly for Feb 2013 to be greater than 0.55 Degrees C,2013-02-18,,,,,0,0,,
770031,GTA.FEB2013.>0.55,Global Temperature Anomaly for Feb 2013 to be greater than 0.55 Degrees C,2013-02-19,,,,,0,0,,
770031,GTA.FEB2013.>0.55,Global Temperature Anomaly for Feb 2013 to be greater than 0.55 Degrees C,2013-02-20,,,,,0,0,,
770031,GTA.FEB2013.>0.55,Global Temperature Anomaly for Feb 2013 to be greater than 0.55 Degrees C,2013-02-21,,,,,0,0,,
770031,GTA.FEB2013.>0.55,Global Temperature Anomaly for Feb 2013 to be greater than 0.55 Degrees C,2013-02-22,,,,,0,0,,
770031,GTA.FEB2013.>0.55,Global Temperature Anomaly for Feb 2013 to be greater than 0.55 Degrees C,2013-02-23,,,,,0,0,,
770031,GTA.FEB2013.>0.55,Global Temperature Anomaly for Feb 2013 to be greater than 0.55 Degrees C,2013-02-24,,,,,0,0,,
770031,GTA.FEB2013.>0.55,Global Temperature Anomaly for Feb 2013 to be greater than 0.55 Degrees C,2013-02-25,,,,,0,0,,
770031,GTA.FEB2013.>0.55,Global Temperature Anomaly for Feb 2013 to be greater than 0.55 Degrees C,2013-02-26,,,,,0,0,,
770031,GTA.FEB2013.>0.55,Global Temperature Anomaly for Feb 2013 to be greater than 0.55 Degrees C,2013-02-27,,,,,0,0,,
770031,GTA.FEB2013.>0.55,Global Temperature Anomaly for Feb 2013 to be greater than 0.55 Degrees C,2013-02-28,,,,,0,0,,
770031,GTA.FEB2013.>0.55,Global Temperature Anomaly for Feb 2013 to be greater than 0.55 Degrees C,2013-03-01,,,,,0,0,,
770031,GTA.FEB2013.>0.55,Global Temperature Anomaly for Feb 2013 to be greater than 0.55 Degrees C,2013-03-02,68.0,68.0,68.0,68.0,1,1,68.0,68.0
770031,GTA.FEB2013.>0.55,Global Temperature Anomaly for Feb 2013 to be greater than 0.55 Degrees C,2013-03-03,,,,68.0,1,0,68.0,68.0
770031,GTA.FEB2013.>0.55,Global Temperature Anomaly for Feb 2013 to be greater than 0.55 Degrees C,2013-03-04,,,,68.0,1,0,68.0,68.0
770031,GTA.FEB2013.>0.55,Global Temperature Anomaly for Feb 2013 to be greater than 0.55 Degrees C,2013-03-05,,,,68.0,1,0,68.0,68.0
770031,GTA.FEB2013.>0.55,Global Temperature Anomaly for Feb 2013 to be greater than 0.55 Degrees C,2013-03-06,,,,68.0,1,0,68.0,68.0
770031,GTA.FEB2013.>0.55,Global Temperature Anomaly for Feb 2013 to be greater than 0.55 Degrees C,2013-03-07,,,,68.0,1,0,68.0,68.0
770031,GTA.FEB2013.>0.55,Global Temperature Anomaly for Feb 2013 to be greater than 0.55 Degrees C,2013-03-08,,,,68.0,1,0,68.0,68.0
770031,GTA.FEB2013.>0.55,Global Temperature Anomaly for Feb 2013 to be greater than 0.55 Degrees C,2013-03-09,,,,68.0,1,0,68.0,68.0
