market id,market symbol,market name,trade quantity,trade price,date/time [utc]
770033,GTA.MAR2013.>0.45,Global Temperature Anomaly for Mar 2013 to be greater than 0.45 Degrees C,8,90.0,Feb/21/2013 21:12:09
770033,GTA.MAR2013.>0.45,Global Temperature Anomaly for Mar 2013 to be greater than 0.45 Degrees C,13,90.0,Feb/21/2013 21:12:15
770033,GTA.MAR2013.>0.45,Global Temperature Anomaly for Mar 2013 to be greater than 0.45 Degrees C,7,90.0,Feb/21/2013 21:12:19
770033,GTA.MAR2013.>0.45,Global Temperature Anomaly for Mar 2013 to be greater than 0.45 Degrees C,1,21.0,Feb/21/2013 21:19:36
770033,GTA.MAR2013.>0.45,Global Temperature Anomaly for Mar 2013 to be greater than 0.45 Degrees C,1,16.0,Feb/24/2013 00:22:38
