market id,market symbol,market name,trade quantity,trade price,date/time [utc]
605835,LANDFALL.08.GEORGIA,Category 3 storm to make first landfall in Georgia,1,19.9,Jun/02/2008 20:54:02
605835,LANDFALL.08.GEORGIA,Category 3 storm to make first landfall in Georgia,4,19.9,Jun/02/2008 20:56:29
605835,LANDFALL.08.GEORGIA,Category 3 storm to make first landfall in Georgia,5,5.0,Aug/31/2008 12:11:16
605835,LANDFALL.08.GEORGIA,Category 3 storm to make first landfall in Georgia,20,20.0,Sep/02/2008 00:23:52
605835,LANDFALL.08.GEORGIA,Category 3 storm to make first landfall in Georgia,1,11.0,Sep/04/2008 16:27:44
605835,LANDFALL.08.GEORGIA,Category 3 storm to make first landfall in Georgia,1,3.0,Oct/09/2008 10:11:42
605835,LANDFALL.08.GEORGIA,Category 3 storm to make first landfall in Georgia,5,0.9,Oct/20/2008 23:22:03
605835,LANDFALL.08.GEORGIA,Category 3 storm to make first landfall in Georgia,3,0.9,Oct/21/2008 17:25:58
