market id,market symbol,market name,business day,session open,session high,session low,closing price,open interest,session trade volume,lifetime high,lifetime low
672070,2009.GLOBALTEMP.TOP5,Average Global Temperature for 2009 to be among five warmest years on record,2009-03-09,0.0,0.0,0.0,0.0,0,0,0.0,0.0
672070,2009.GLOBALTEMP.TOP5,Average Global Temperature for 2009 to be among five warmest years on record,2009-03-10,0.0,0.0,0.0,0.0,0,0,0.0,0.0
672070,2009.GLOBALTEMP.TOP5,Average Global Temperature for 2009 to be among five warmest years on record,2009-03-11,0.0,0.0,0.0,0.0,0,0,0.0,0.0
672070,2009.GLOBALTEMP.TOP5,Average Global Temperature for 2009 to be among five warmest years on record,2009-03-12,0.0,0.0,0.0,0.0,0,0,0.0,0.0
672070,2009.GLOBALTEMP.TOP5,Average Global Temperature for 2009 to be among five warmest years on record,2009-03-13,0.0,0.0,0.0,0.0,0,0,0.0,0.0
672070,2009.GLOBALTEMP.TOP5,Average Global Temperature for 2009 to be among five warmest years on record,2009-03-14,0.0,0.0,0.0,0.0,0,0,0.0,0.0
672070,2009.GLOBALTEMP.TOP5,Average Global Temperature for 2009 to be among five warmest years on record,2009-03-15,0.0,0.0,0.0,0.0,0,0,0.0,0.0
672070,2009.GLOBALTEMP.TOP5,Average Global Temperature for 2009 to be among five warmest years on record,2009-03-16,0.0,0.0,0.0,0.0,0,0,0.0,0.0
672070,2009.GLOBALTEMP.TOP5,Average Global Temperature for 2009 to be among five warmest years on record,2009-03-17,0.0,0.0,0.0,0.0,0,0,0.0,0.0
672070,2009.GLOBALTEMP.TOP5,Average Global Temperature for 2009 to be among five warmest years on record,2009-03-18,0.0,0.0,0.0,0.0,0,0,0.0,0.0
672070,2009.GLOBALTEMP.TOP5,Average Global Temperature for 2009 to be among five warmest years on record,2009-03-19,0.0,0.0,0.0,0.0,0,0,0.0,0.0
672070,2009.GLOBALTEMP.TOP5,Average Global Temperature for 2009 to be among five warmest years on record,2009-03-20,0.0,0.0,0.0,0.0,0,0,0.0,0.0
672070,2009.GLOBALTEMP.TOP5,Average Global Temperature for 2009 to be among five warmest years on record,2009-03-21,0.0,0.0,0.0,0.0,0,0,0.0,0.0
672070,2009.GLOBALTEMP.TOP5,Average Global Temperature for 2009 to be among five warmest years on record,2009-03-22,0.0,0.0,0.0,0.0,0,0,0.0,0.0
672070,2009.GLOBALTEMP.TOP5,Average Global Temperature for 2009 to be among five warmest years on record,2009-03-23,0.0,0.0,0.0,0.0,0,0,0.0,0.0
672070,2009.GLOBALTEMP.TOP5,Average Global Temperature for 2009 to be among five warmest years on record,2009-03-24,0.0,0.0,0.0,0.0,0,0,0.0,0.0
672070,2009.GLOBALTEMP.TOP5,Average Global Temperature for 2009 to be among five warmest years on record,2009-03-25,0.0,0.0,0.0,0.0,0,0,0.0,0.0
672070,2009.GLOBALTEMP.TOP5,Average Global Temperature for 2009 to be among five warmest years on record,2009-03-26,0.0,0.0,0.0,0.0,0,0,0.0,0.0
672070,2009.GLOBALTEMP.TOP5,Average Global Temperature for 2009 to be among five warmest years on record,2009-03-27,18.0,18.0,15.5,15.5,2,2,18.0,15.5
672070,2009.GLOBALTEMP.TOP5,Average Global Temperature for 2009 to be among five warmest years on record,2009-03-28,0.0,0.0,0.0,15.5,2,0,18.0,15.5
672070,2009.GLOBALTEMP.TOP5,Average Global Temperature for 2009 to be among five warmest years on record,2009-03-29,0.0,0.0,0.0,15.5,2,0,18.0,15.5
672070,2009.GLOBALTEMP.TOP5,Average Global Temperature for 2009 to be among five warmest years on record,2009-03-30,0.0,0.0,0.0,15.5,2,0,18.0,15.5
672070,2009.GLOBALTEMP.TOP5,Average Global Temperature for 2009 to be among five warmest years on record,2009-03-31,0.0,0.0,0.0,15.5,2,0,18.0,15.5
672070,2009.GLOBALTEMP.TOP5,Average Global Temperature for 2009 to be among five warmest years on record,2009-04-01,0.0,0.0,0.0,15.5,2,0,18.0,15.5
672070,2009.GLOBALTEMP.TOP5,Average Global Temperature for 2009 to be among five warmest years on record,2009-04-02,0.0,0.0,0.0,15.5,2,0,18.0,15.5
672070,2009.GLOBALTEMP.TOP5,Average Global Temperature for 2009 to be among five warmest years on record,2009-04-03,0.0,0.0,0.0,15.5,2,0,18.0,15.5
672070,2009.GLOBALTEMP.TOP5,Average Global Temperature for 2009 to be among five warmest years on record,2009-04-04,15.3,15.3,15.3,15.3,3,1,18.0,15.3
672070,2009.GLOBALTEMP.TOP5,Average Global Temperature for 2009 to be among five warmest years on record,2009-04-05,15.3,15.3,15.0,15.0,7,4,18.0,15.0
672070,2009.GLOBALTEMP.TOP5,Average Global Temperature for 2009 to be among five warmest years on record,2009-04-06,15.0,15.1,10.0,14.9,16,10,18.0,10.0
672070,2009.GLOBALTEMP.TOP5,Average Global Temperature for 2009 to be among five warmest years on record,2009-04-07,19.0,19.0,15.0,15.0,31,15,19.0,10.0
672070,2009.GLOBALTEMP.TOP5,Average Global Temperature for 2009 to be among five warmest years on record,2009-04-08,0.0,0.0,0.0,15.0,31,0,19.0,10.0
672070,2009.GLOBALTEMP.TOP5,Average Global Temperature for 2009 to be among five warmest years on record,2009-04-09,0.0,0.0,0.0,15.0,31,0,19.0,10.0
672070,2009.GLOBALTEMP.TOP5,Average Global Temperature for 2009 to be among five warmest years on record,2009-04-10,0.0,0.0,0.0,15.0,31,0,19.0,10.0
672070,2009.GLOBALTEMP.TOP5,Average Global Temperature for 2009 to be among five warmest years on record,2009-04-11,0.0,0.0,0.0,15.0,31,0,19.0,10.0
672070,2009.GLOBALTEMP.TOP5,Average Global Temperature for 2009 to be among five warmest years on record,2009-04-12,0.0,0.0,0.0,15.0,31,0,19.0,10.0
672070,2009.GLOBALTEMP.TOP5,Average Global Temperature for 2009 to be among five warmest years on record,2009-04-13,0.0,0.0,0.0,15.0,31,0,19.0,10.0
672070,2009.GLOBALTEMP.TOP5,Average Global Temperature for 2009 to be among five warmest years on record,2009-04-14,0.0,0.0,0.0,15.0,31,0,19.0,10.0
672070,2009.GLOBALTEMP.TOP5,Average Global Temperature for 2009 to be among five warmest years on record,2009-04-15,0.0,0.0,0.0,15.0,31,0,19.0,10.0
672070,2009.GLOBALTEMP.TOP5,Average Global Temperature for 2009 to be among five warmest years on record,2009-04-16,0.0,0.0,0.0,15.0,31,0,19.0,10.0
672070,2009.GLOBALTEMP.TOP5,Average Global Temperature for 2009 to be among five warmest years on record,2009-04-17,0.0,0.0,0.0,15.0,31,0,19.0,10.0
672070,2009.GLOBALTEMP.TOP5,Average Global Temperature for 2009 to be among five warmest years on record,2009-04-18,0.0,0.0,0.0,15.0,31,0,19.0,10.0
672070,2009.GLOBALTEMP.TOP5,Average Global Temperature for 2009 to be among five warmest years on record,2009-04-19,0.0,0.0,0.0,15.0,31,0,19.0,10.0
672070,2009.GLOBALTEMP.TOP5,Average Global Temperature for 2009 to be among five warmest years on record,2009-04-20,0.0,0.0,0.0,15.0,31,0,19.0,10.0
672070,2009.GLOBALTEMP.TOP5,Average Global Temperature for 2009 to be among five warmest years on record,2009-04-21,0.0,0.0,0.0,15.0,31,0,19.0,10.0
672070,2009.GLOBALTEMP.TOP5,Average Global Temperature for 2009 to be among five warmest years on record,2009-04-22,15.0,15.0,15.0,15.0,31,1,19.0,10.0
672070,2009.GLOBALTEMP.TOP5,Average Global Temperature for 2009 to be among five warmest years on record,2009-04-23,0.0,0.0,0.0,15.0,31,0,19.0,10.0
672070,2009.GLOBALTEMP.TOP5,Average Global Temperature for 2009 to be among five warmest years on record,2009-04-24,0.0,0.0,0.0,15.0,31,0,19.0,10.0
672070,2009.GLOBALTEMP.TOP5,Average Global Temperature for 2009 to be among five warmest years on record,2009-04-25,0.0,0.0,0.0,15.0,31,0,19.0,10.0
672070,2009.GLOBALTEMP.TOP5,Average Global Temperature for 2009 to be among five warmest years on record,2009-04-26,0.0,0.0,0.0,15.0,31,0,19.0,10.0
672070,2009.GLOBALTEMP.TOP5,Average Global Temperature for 2009 to be among five warmest years on record,2009-04-27,0.0,0.0,0.0,15.0,31,0,19.0,10.0
672070,2009.GLOBALTEMP.TOP5,Average Global Temperature for 2009 to be among five warmest years on record,2009-04-28,0.0,0.0,0.0,15.0,31,0,19.0,10.0
672070,2009.GLOBALTEMP.TOP5,Average Global Temperature for 2009 to be among five warmest years on record,2009-04-29,0.0,0.0,0.0,15.0,31,0,19.0,10.0
672070,2009.GLOBALTEMP.TOP5,Average Global Temperature for 2009 to be among five warmest years on record,2009-04-30,0.0,0.0,0.0,15.0,31,0,19.0,10.0
672070,2009.GLOBALTEMP.TOP5,Average Global Temperature for 2009 to be among five warmest years on record,2009-05-01,0.0,0.0,0.0,15.0,31,0,19.0,10.0
672070,2009.GLOBALTEMP.TOP5,Average Global Temperature for 2009 to be among five warmest years on record,2009-05-02,0.0,0.0,0.0,15.0,31,0,19.0,10.0
672070,2009.GLOBALTEMP.TOP5,Average Global Temperature for 2009 to be among five warmest years on record,2009-05-03,15.2,15.2,15.2,15.2,31,1,19.0,10.0
672070,2009.GLOBALTEMP.TOP5,Average Global Temperature for 2009 to be among five warmest years on record,2009-05-04,0.0,0.0,0.0,15.2,31,0,19.0,10.0
672070,2009.GLOBALTEMP.TOP5,Average Global Temperature for 2009 to be among five warmest years on record,2009-05-05,0.0,0.0,0.0,15.2,31,0,19.0,10.0
672070,2009.GLOBALTEMP.TOP5,Average Global Temperature for 2009 to be among five warmest years on record,2009-05-06,0.0,0.0,0.0,15.2,31,0,19.0,10.0
672070,2009.GLOBALTEMP.TOP5,Average Global Temperature for 2009 to be among five warmest years on record,2009-05-07,0.0,0.0,0.0,15.2,31,0,19.0,10.0
672070,2009.GLOBALTEMP.TOP5,Average Global Temperature for 2009 to be among five warmest years on record,2009-05-08,0.0,0.0,0.0,15.2,31,0,19.0,10.0
672070,2009.GLOBALTEMP.TOP5,Average Global Temperature for 2009 to be among five warmest years on record,2009-05-09,0.0,0.0,0.0,15.2,31,0,19.0,10.0
672070,2009.GLOBALTEMP.TOP5,Average Global Temperature for 2009 to be among five warmest years on record,2009-05-10,0.0,0.0,0.0,15.2,31,0,19.0,10.0
672070,2009.GLOBALTEMP.TOP5,Average Global Temperature for 2009 to be among five warmest years on record,2009-05-11,15.0,15.0,15.0,15.0,36,14,19.0,10.0
672070,2009.GLOBALTEMP.TOP5,Average Global Temperature for 2009 to be among five warmest years on record,2009-05-12,0.0,0.0,0.0,15.0,36,0,19.0,10.0
672070,2009.GLOBALTEMP.TOP5,Average Global Temperature for 2009 to be among five warmest years on record,2009-05-13,0.0,0.0,0.0,15.0,36,0,19.0,10.0
672070,2009.GLOBALTEMP.TOP5,Average Global Temperature for 2009 to be among five warmest years on record,2009-05-14,0.0,0.0,0.0,15.0,36,0,19.0,10.0
672070,2009.GLOBALTEMP.TOP5,Average Global Temperature for 2009 to be among five warmest years on record,2009-05-15,0.0,0.0,0.0,15.0,36,0,19.0,10.0
672070,2009.GLOBALTEMP.TOP5,Average Global Temperature for 2009 to be among five warmest years on record,2009-05-16,0.0,0.0,0.0,15.0,36,0,19.0,10.0
672070,2009.GLOBALTEMP.TOP5,Average Global Temperature for 2009 to be among five warmest years on record,2009-05-17,0.0,0.0,0.0,15.0,36,0,19.0,10.0
672070,2009.GLOBALTEMP.TOP5,Average Global Temperature for 2009 to be among five warmest years on record,2009-05-18,0.0,0.0,0.0,15.0,36,0,19.0,10.0
672070,2009.GLOBALTEMP.TOP5,Average Global Temperature for 2009 to be among five warmest years on record,2009-05-19,0.0,0.0,0.0,15.0,36,0,19.0,10.0
672070,2009.GLOBALTEMP.TOP5,Average Global Temperature for 2009 to be among five warmest years on record,2009-05-20,0.0,0.0,0.0,15.0,36,0,19.0,10.0
672070,2009.GLOBALTEMP.TOP5,Average Global Temperature for 2009 to be among five warmest years on record,2009-05-21,0.0,0.0,0.0,15.0,36,0,19.0,10.0
672070,2009.GLOBALTEMP.TOP5,Average Global Temperature for 2009 to be among five warmest years on record,2009-05-22,0.0,0.0,0.0,15.0,36,0,19.0,10.0
672070,2009.GLOBALTEMP.TOP5,Average Global Temperature for 2009 to be among five warmest years on record,2009-05-23,0.0,0.0,0.0,15.0,36,0,19.0,10.0
672070,2009.GLOBALTEMP.TOP5,Average Global Temperature for 2009 to be among five warmest years on record,2009-05-24,0.0,0.0,0.0,15.0,36,0,19.0,10.0
672070,2009.GLOBALTEMP.TOP5,Average Global Temperature for 2009 to be among five warmest years on record,2009-05-25,0.0,0.0,0.0,15.0,36,0,19.0,10.0
672070,2009.GLOBALTEMP.TOP5,Average Global Temperature for 2009 to be among five warmest years on record,2009-05-26,10.0,10.0,10.0,10.0,36,4,19.0,10.0
672070,2009.GLOBALTEMP.TOP5,Average Global Temperature for 2009 to be among five warmest years on record,2009-05-27,11.0,11.0,11.0,11.0,106,70,19.0,10.0
672070,2009.GLOBALTEMP.TOP5,Average Global Temperature for 2009 to be among five warmest years on record,2009-05-28,0.0,0.0,0.0,11.0,106,0,19.0,10.0
672070,2009.GLOBALTEMP.TOP5,Average Global Temperature for 2009 to be among five warmest years on record,2009-05-29,0.0,0.0,0.0,11.0,106,0,19.0,10.0
672070,2009.GLOBALTEMP.TOP5,Average Global Temperature for 2009 to be among five warmest years on record,2009-05-30,0.0,0.0,0.0,11.0,106,0,19.0,10.0
672070,2009.GLOBALTEMP.TOP5,Average Global Temperature for 2009 to be among five warmest years on record,2009-05-31,0.0,0.0,0.0,11.0,106,0,19.0,10.0
672070,2009.GLOBALTEMP.TOP5,Average Global Temperature for 2009 to be among five warmest years on record,2009-06-01,0.0,0.0,0.0,11.0,106,0,19.0,10.0
672070,2009.GLOBALTEMP.TOP5,Average Global Temperature for 2009 to be among five warmest years on record,2009-06-02,0.0,0.0,0.0,11.0,106,0,19.0,10.0
672070,2009.GLOBALTEMP.TOP5,Average Global Temperature for 2009 to be among five warmest years on record,2009-06-03,0.0,0.0,0.0,11.0,106,0,19.0,10.0
672070,2009.GLOBALTEMP.TOP5,Average Global Temperature for 2009 to be among five warmest years on record,2009-06-04,0.0,0.0,0.0,11.0,106,0,19.0,10.0
672070,2009.GLOBALTEMP.TOP5,Average Global Temperature for 2009 to be among five warmest years on record,2009-06-05,0.0,0.0,0.0,11.0,106,0,19.0,10.0
672070,2009.GLOBALTEMP.TOP5,Average Global Temperature for 2009 to be among five warmest years on record,2009-06-06,0.0,0.0,0.0,11.0,106,0,19.0,10.0
672070,2009.GLOBALTEMP.TOP5,Average Global Temperature for 2009 to be among five warmest years on record,2009-06-07,0.0,0.0,0.0,11.0,106,0,19.0,10.0
672070,2009.GLOBALTEMP.TOP5,Average Global Temperature for 2009 to be among five warmest years on record,2009-06-08,0.0,0.0,0.0,11.0,106,0,19.0,10.0
672070,2009.GLOBALTEMP.TOP5,Average Global Temperature for 2009 to be among five warmest years on record,2009-06-09,0.0,0.0,0.0,11.0,106,0,19.0,10.0
672070,2009.GLOBALTEMP.TOP5,Average Global Temperature for 2009 to be among five warmest years on record,2009-06-10,0.0,0.0,0.0,11.0,106,0,19.0,10.0
672070,2009.GLOBALTEMP.TOP5,Average Global Temperature for 2009 to be among five warmest years on record,2009-06-11,0.0,0.0,0.0,11.0,106,0,19.0,10.0
672070,2009.GLOBALTEMP.TOP5,Average Global Temperature for 2009 to be among five warmest years on record,2009-06-12,0.0,0.0,0.0,11.0,106,0,19.0,10.0
672070,2009.GLOBALTEMP.TOP5,Average Global Temperature for 2009 to be among five warmest years on record,2009-06-13,0.0,0.0,0.0,11.0,106,0,19.0,10.0
672070,2009.GLOBALTEMP.TOP5,Average Global Temperature for 2009 to be among five warmest years on record,2009-06-14,0.0,0.0,0.0,11.0,106,0,19.0,10.0
672070,2009.GLOBALTEMP.TOP5,Average Global Temperature for 2009 to be among five warmest years on record,2009-06-15,8.5,8.5,8.5,8.5,111,5,19.0,8.5
672070,2009.GLOBALTEMP.TOP5,Average Global Temperature for 2009 to be among five warmest years on record,2009-06-16,0.0,0.0,0.0,8.5,111,0,19.0,8.5
672070,2009.GLOBALTEMP.TOP5,Average Global Temperature for 2009 to be among five warmest years on record,2009-06-17,10.0,11.0,9.9,11.0,211,105,19.0,8.5
672070,2009.GLOBALTEMP.TOP5,Average Global Temperature for 2009 to be among five warmest years on record,2009-06-18,0.0,0.0,0.0,11.0,211,0,19.0,8.5
672070,2009.GLOBALTEMP.TOP5,Average Global Temperature for 2009 to be among five warmest years on record,2009-06-19,0.0,0.0,0.0,11.0,211,0,19.0,8.5
672070,2009.GLOBALTEMP.TOP5,Average Global Temperature for 2009 to be among five warmest years on record,2009-06-20,0.0,0.0,0.0,11.0,211,0,19.0,8.5
672070,2009.GLOBALTEMP.TOP5,Average Global Temperature for 2009 to be among five warmest years on record,2009-06-21,0.0,0.0,0.0,11.0,211,0,19.0,8.5
672070,2009.GLOBALTEMP.TOP5,Average Global Temperature for 2009 to be among five warmest years on record,2009-06-22,0.0,0.0,0.0,11.0,211,0,19.0,8.5
672070,2009.GLOBALTEMP.TOP5,Average Global Temperature for 2009 to be among five warmest years on record,2009-06-23,0.0,0.0,0.0,11.0,211,0,19.0,8.5
672070,2009.GLOBALTEMP.TOP5,Average Global Temperature for 2009 to be among five warmest years on record,2009-06-24,0.0,0.0,0.0,11.0,211,0,19.0,8.5
672070,2009.GLOBALTEMP.TOP5,Average Global Temperature for 2009 to be among five warmest years on record,2009-06-25,14.5,14.5,14.0,14.0,219,12,19.0,8.5
672070,2009.GLOBALTEMP.TOP5,Average Global Temperature for 2009 to be among five warmest years on record,2009-06-26,0.0,0.0,0.0,14.0,219,0,19.0,8.5
672070,2009.GLOBALTEMP.TOP5,Average Global Temperature for 2009 to be among five warmest years on record,2009-06-27,0.0,0.0,0.0,14.0,219,0,19.0,8.5
672070,2009.GLOBALTEMP.TOP5,Average Global Temperature for 2009 to be among five warmest years on record,2009-06-28,0.0,0.0,0.0,14.0,219,0,19.0,8.5
672070,2009.GLOBALTEMP.TOP5,Average Global Temperature for 2009 to be among five warmest years on record,2009-06-29,14.0,14.0,11.5,11.5,220,41,19.0,8.5
672070,2009.GLOBALTEMP.TOP5,Average Global Temperature for 2009 to be among five warmest years on record,2009-06-30,0.0,0.0,0.0,11.5,220,0,19.0,8.5
672070,2009.GLOBALTEMP.TOP5,Average Global Temperature for 2009 to be among five warmest years on record,2009-07-01,0.0,0.0,0.0,11.5,220,0,19.0,8.5
672070,2009.GLOBALTEMP.TOP5,Average Global Temperature for 2009 to be among five warmest years on record,2009-07-02,14.9,17.0,14.9,17.0,226,6,19.0,8.5
672070,2009.GLOBALTEMP.TOP5,Average Global Temperature for 2009 to be among five warmest years on record,2009-07-03,0.0,0.0,0.0,17.0,226,0,19.0,8.5
672070,2009.GLOBALTEMP.TOP5,Average Global Temperature for 2009 to be among five warmest years on record,2009-07-04,0.0,0.0,0.0,17.0,226,0,19.0,8.5
672070,2009.GLOBALTEMP.TOP5,Average Global Temperature for 2009 to be among five warmest years on record,2009-07-05,24.8,24.8,24.8,24.8,224,2,24.8,8.5
672070,2009.GLOBALTEMP.TOP5,Average Global Temperature for 2009 to be among five warmest years on record,2009-07-06,0.0,0.0,0.0,24.8,224,0,24.8,8.5
672070,2009.GLOBALTEMP.TOP5,Average Global Temperature for 2009 to be among five warmest years on record,2009-07-07,0.0,0.0,0.0,24.8,224,0,24.8,8.5
672070,2009.GLOBALTEMP.TOP5,Average Global Temperature for 2009 to be among five warmest years on record,2009-07-08,0.0,0.0,0.0,24.8,224,0,24.8,8.5
672070,2009.GLOBALTEMP.TOP5,Average Global Temperature for 2009 to be among five warmest years on record,2009-07-09,0.0,0.0,0.0,24.8,224,0,24.8,8.5
672070,2009.GLOBALTEMP.TOP5,Average Global Temperature for 2009 to be among five warmest years on record,2009-07-10,0.0,0.0,0.0,24.8,224,0,24.8,8.5
672070,2009.GLOBALTEMP.TOP5,Average Global Temperature for 2009 to be among five warmest years on record,2009-07-11,15.0,15.0,15.0,15.0,224,5,24.8,8.5
672070,2009.GLOBALTEMP.TOP5,Average Global Temperature for 2009 to be among five warmest years on record,2009-07-12,0.0,0.0,0.0,15.0,224,0,24.8,8.5
672070,2009.GLOBALTEMP.TOP5,Average Global Temperature for 2009 to be among five warmest years on record,2009-07-13,0.0,0.0,0.0,15.0,224,0,24.8,8.5
672070,2009.GLOBALTEMP.TOP5,Average Global Temperature for 2009 to be among five warmest years on record,2009-07-14,0.0,0.0,0.0,15.0,224,0,24.8,8.5
672070,2009.GLOBALTEMP.TOP5,Average Global Temperature for 2009 to be among five warmest years on record,2009-07-15,24.7,24.9,23.0,24.9,249,25,24.9,8.5
672070,2009.GLOBALTEMP.TOP5,Average Global Temperature for 2009 to be among five warmest years on record,2009-07-16,19.5,19.5,19.5,19.5,249,1,24.9,8.5
672070,2009.GLOBALTEMP.TOP5,Average Global Temperature for 2009 to be among five warmest years on record,2009-07-17,0.0,0.0,0.0,19.5,249,0,24.9,8.5
672070,2009.GLOBALTEMP.TOP5,Average Global Temperature for 2009 to be among five warmest years on record,2009-07-18,0.0,0.0,0.0,19.5,249,0,24.9,8.5
672070,2009.GLOBALTEMP.TOP5,Average Global Temperature for 2009 to be among five warmest years on record,2009-07-19,0.0,0.0,0.0,19.5,249,0,24.9,8.5
672070,2009.GLOBALTEMP.TOP5,Average Global Temperature for 2009 to be among five warmest years on record,2009-07-20,0.0,0.0,0.0,19.5,249,0,24.9,8.5
672070,2009.GLOBALTEMP.TOP5,Average Global Temperature for 2009 to be among five warmest years on record,2009-07-21,0.0,0.0,0.0,19.5,249,0,24.9,8.5
672070,2009.GLOBALTEMP.TOP5,Average Global Temperature for 2009 to be among five warmest years on record,2009-07-22,0.0,0.0,0.0,19.5,249,0,24.9,8.5
672070,2009.GLOBALTEMP.TOP5,Average Global Temperature for 2009 to be among five warmest years on record,2009-07-23,0.0,0.0,0.0,19.5,249,0,24.9,8.5
672070,2009.GLOBALTEMP.TOP5,Average Global Temperature for 2009 to be among five warmest years on record,2009-07-24,0.0,0.0,0.0,19.5,249,0,24.9,8.5
672070,2009.GLOBALTEMP.TOP5,Average Global Temperature for 2009 to be among five warmest years on record,2009-07-25,0.0,0.0,0.0,19.5,249,0,24.9,8.5
672070,2009.GLOBALTEMP.TOP5,Average Global Temperature for 2009 to be among five warmest years on record,2009-07-26,0.0,0.0,0.0,19.5,249,0,24.9,8.5
672070,2009.GLOBALTEMP.TOP5,Average Global Temperature for 2009 to be among five warmest years on record,2009-07-27,0.0,0.0,0.0,19.5,249,0,24.9,8.5
672070,2009.GLOBALTEMP.TOP5,Average Global Temperature for 2009 to be among five warmest years on record,2009-07-28,25.0,25.0,22.0,22.0,251,2,25.0,8.5
672070,2009.GLOBALTEMP.TOP5,Average Global Temperature for 2009 to be among five warmest years on record,2009-07-29,0.0,0.0,0.0,22.0,251,0,25.0,8.5
672070,2009.GLOBALTEMP.TOP5,Average Global Temperature for 2009 to be among five warmest years on record,2009-07-30,0.0,0.0,0.0,22.0,251,0,25.0,8.5
672070,2009.GLOBALTEMP.TOP5,Average Global Temperature for 2009 to be among five warmest years on record,2009-07-31,0.0,0.0,0.0,22.0,251,0,25.0,8.5
672070,2009.GLOBALTEMP.TOP5,Average Global Temperature for 2009 to be among five warmest years on record,2009-08-01,24.0,24.0,22.5,22.5,279,28,25.0,8.5
672070,2009.GLOBALTEMP.TOP5,Average Global Temperature for 2009 to be among five warmest years on record,2009-08-02,0.0,0.0,0.0,22.5,279,0,25.0,8.5
672070,2009.GLOBALTEMP.TOP5,Average Global Temperature for 2009 to be among five warmest years on record,2009-08-03,0.0,0.0,0.0,22.5,279,0,25.0,8.5
672070,2009.GLOBALTEMP.TOP5,Average Global Temperature for 2009 to be among five warmest years on record,2009-08-04,26.0,26.0,22.5,24.9,289,12,26.0,8.5
672070,2009.GLOBALTEMP.TOP5,Average Global Temperature for 2009 to be among five warmest years on record,2009-08-05,27.5,28.5,27.5,28.5,289,2,28.5,8.5
672070,2009.GLOBALTEMP.TOP5,Average Global Temperature for 2009 to be among five warmest years on record,2009-08-06,0.0,0.0,0.0,28.5,289,0,28.5,8.5
672070,2009.GLOBALTEMP.TOP5,Average Global Temperature for 2009 to be among five warmest years on record,2009-08-07,0.0,0.0,0.0,28.5,289,0,28.5,8.5
672070,2009.GLOBALTEMP.TOP5,Average Global Temperature for 2009 to be among five warmest years on record,2009-08-08,25.1,25.1,25.0,25.0,299,10,28.5,8.5
672070,2009.GLOBALTEMP.TOP5,Average Global Temperature for 2009 to be among five warmest years on record,2009-08-09,27.0,27.0,27.0,27.0,309,10,28.5,8.5
672070,2009.GLOBALTEMP.TOP5,Average Global Temperature for 2009 to be among five warmest years on record,2009-08-10,0.0,0.0,0.0,27.0,309,0,28.5,8.5
672070,2009.GLOBALTEMP.TOP5,Average Global Temperature for 2009 to be among five warmest years on record,2009-08-11,30.0,30.0,30.0,30.0,314,5,30.0,8.5
672070,2009.GLOBALTEMP.TOP5,Average Global Temperature for 2009 to be among five warmest years on record,2009-08-12,0.0,0.0,0.0,30.0,314,0,30.0,8.5
672070,2009.GLOBALTEMP.TOP5,Average Global Temperature for 2009 to be among five warmest years on record,2009-08-13,0.0,0.0,0.0,30.0,314,0,30.0,8.5
672070,2009.GLOBALTEMP.TOP5,Average Global Temperature for 2009 to be among five warmest years on record,2009-08-14,0.0,0.0,0.0,30.0,314,0,30.0,8.5
672070,2009.GLOBALTEMP.TOP5,Average Global Temperature for 2009 to be among five warmest years on record,2009-08-15,0.0,0.0,0.0,30.0,314,0,30.0,8.5
672070,2009.GLOBALTEMP.TOP5,Average Global Temperature for 2009 to be among five warmest years on record,2009-08-16,28.1,28.1,27.0,27.0,314,10,30.0,8.5
672070,2009.GLOBALTEMP.TOP5,Average Global Temperature for 2009 to be among five warmest years on record,2009-08-17,0.0,0.0,0.0,27.0,314,0,30.0,8.5
672070,2009.GLOBALTEMP.TOP5,Average Global Temperature for 2009 to be among five warmest years on record,2009-08-18,0.0,0.0,0.0,27.0,314,0,30.0,8.5
672070,2009.GLOBALTEMP.TOP5,Average Global Temperature for 2009 to be among five warmest years on record,2009-08-19,35.0,35.0,34.0,35.0,338,30,35.0,8.5
672070,2009.GLOBALTEMP.TOP5,Average Global Temperature for 2009 to be among five warmest years on record,2009-08-20,34.0,35.0,34.0,35.0,333,86,35.0,8.5
672070,2009.GLOBALTEMP.TOP5,Average Global Temperature for 2009 to be among five warmest years on record,2009-08-21,0.0,0.0,0.0,35.0,333,0,35.0,8.5
672070,2009.GLOBALTEMP.TOP5,Average Global Temperature for 2009 to be among five warmest years on record,2009-08-22,0.0,0.0,0.0,35.0,333,0,35.0,8.5
672070,2009.GLOBALTEMP.TOP5,Average Global Temperature for 2009 to be among five warmest years on record,2009-08-23,30.5,30.5,30.0,30.0,333,2,35.0,8.5
672070,2009.GLOBALTEMP.TOP5,Average Global Temperature for 2009 to be among five warmest years on record,2009-08-24,0.0,0.0,0.0,30.0,333,0,35.0,8.5
672070,2009.GLOBALTEMP.TOP5,Average Global Temperature for 2009 to be among five warmest years on record,2009-08-25,30.0,30.0,30.0,30.0,333,1,35.0,8.5
672070,2009.GLOBALTEMP.TOP5,Average Global Temperature for 2009 to be among five warmest years on record,2009-08-26,0.0,0.0,0.0,30.0,333,0,35.0,8.5
672070,2009.GLOBALTEMP.TOP5,Average Global Temperature for 2009 to be among five warmest years on record,2009-08-27,0.0,0.0,0.0,30.0,333,0,35.0,8.5
672070,2009.GLOBALTEMP.TOP5,Average Global Temperature for 2009 to be among five warmest years on record,2009-08-28,0.0,0.0,0.0,30.0,333,0,35.0,8.5
672070,2009.GLOBALTEMP.TOP5,Average Global Temperature for 2009 to be among five warmest years on record,2009-08-29,27.0,27.1,27.0,27.0,328,8,35.0,8.5
672070,2009.GLOBALTEMP.TOP5,Average Global Temperature for 2009 to be among five warmest years on record,2009-08-30,22.1,22.1,22.1,22.1,330,2,35.0,8.5
672070,2009.GLOBALTEMP.TOP5,Average Global Temperature for 2009 to be among five warmest years on record,2009-08-31,0.0,0.0,0.0,22.1,330,0,35.0,8.5
672070,2009.GLOBALTEMP.TOP5,Average Global Temperature for 2009 to be among five warmest years on record,2009-09-01,0.0,0.0,0.0,22.1,330,0,35.0,8.5
672070,2009.GLOBALTEMP.TOP5,Average Global Temperature for 2009 to be among five warmest years on record,2009-09-02,30.0,30.0,28.0,28.0,335,9,35.0,8.5
672070,2009.GLOBALTEMP.TOP5,Average Global Temperature for 2009 to be among five warmest years on record,2009-09-03,28.0,28.0,28.0,28.0,339,4,35.0,8.5
672070,2009.GLOBALTEMP.TOP5,Average Global Temperature for 2009 to be among five warmest years on record,2009-09-04,28.0,36.0,28.0,36.0,403,65,36.0,8.5
672070,2009.GLOBALTEMP.TOP5,Average Global Temperature for 2009 to be among five warmest years on record,2009-09-05,0.0,0.0,0.0,36.0,403,0,36.0,8.5
672070,2009.GLOBALTEMP.TOP5,Average Global Temperature for 2009 to be among five warmest years on record,2009-09-06,35.9,50.0,35.9,50.0,446,49,50.0,8.5
672070,2009.GLOBALTEMP.TOP5,Average Global Temperature for 2009 to be among five warmest years on record,2009-09-07,0.0,0.0,0.0,50.0,446,0,50.0,8.5
672070,2009.GLOBALTEMP.TOP5,Average Global Temperature for 2009 to be among five warmest years on record,2009-09-08,0.0,0.0,0.0,50.0,446,0,50.0,8.5
672070,2009.GLOBALTEMP.TOP5,Average Global Temperature for 2009 to be among five warmest years on record,2009-09-09,49.6,49.6,49.6,49.6,446,2,50.0,8.5
672070,2009.GLOBALTEMP.TOP5,Average Global Temperature for 2009 to be among five warmest years on record,2009-09-10,45.2,45.2,45.0,45.0,447,5,50.0,8.5
672070,2009.GLOBALTEMP.TOP5,Average Global Temperature for 2009 to be among five warmest years on record,2009-09-11,49.5,55.0,48.0,48.0,452,132,55.0,8.5
672070,2009.GLOBALTEMP.TOP5,Average Global Temperature for 2009 to be among five warmest years on record,2009-09-12,0.0,0.0,0.0,48.0,452,0,55.0,8.5
672070,2009.GLOBALTEMP.TOP5,Average Global Temperature for 2009 to be among five warmest years on record,2009-09-13,0.0,0.0,0.0,48.0,452,0,55.0,8.5
672070,2009.GLOBALTEMP.TOP5,Average Global Temperature for 2009 to be among five warmest years on record,2009-09-14,0.0,0.0,0.0,48.0,452,0,55.0,8.5
672070,2009.GLOBALTEMP.TOP5,Average Global Temperature for 2009 to be among five warmest years on record,2009-09-15,52.0,52.0,47.5,47.5,453,21,55.0,8.5
672070,2009.GLOBALTEMP.TOP5,Average Global Temperature for 2009 to be among five warmest years on record,2009-09-16,54.0,54.0,54.0,54.0,453,10,55.0,8.5
672070,2009.GLOBALTEMP.TOP5,Average Global Temperature for 2009 to be among five warmest years on record,2009-09-17,55.0,55.0,55.0,55.0,453,10,55.0,8.5
672070,2009.GLOBALTEMP.TOP5,Average Global Temperature for 2009 to be among five warmest years on record,2009-09-18,0.0,0.0,0.0,55.0,453,0,55.0,8.5
672070,2009.GLOBALTEMP.TOP5,Average Global Temperature for 2009 to be among five warmest years on record,2009-09-19,0.0,0.0,0.0,55.0,453,0,55.0,8.5
672070,2009.GLOBALTEMP.TOP5,Average Global Temperature for 2009 to be among five warmest years on record,2009-09-20,0.0,0.0,0.0,55.0,453,0,55.0,8.5
672070,2009.GLOBALTEMP.TOP5,Average Global Temperature for 2009 to be among five warmest years on record,2009-09-21,55.0,55.0,55.0,55.0,453,10,55.0,8.5
672070,2009.GLOBALTEMP.TOP5,Average Global Temperature for 2009 to be among five warmest years on record,2009-09-22,55.0,55.0,55.0,55.0,453,20,55.0,8.5
672070,2009.GLOBALTEMP.TOP5,Average Global Temperature for 2009 to be among five warmest years on record,2009-09-23,0.0,0.0,0.0,55.0,453,0,55.0,8.5
672070,2009.GLOBALTEMP.TOP5,Average Global Temperature for 2009 to be among five warmest years on record,2009-09-24,48.0,48.0,48.0,48.0,453,1,55.0,8.5
672070,2009.GLOBALTEMP.TOP5,Average Global Temperature for 2009 to be among five warmest years on record,2009-09-25,54.9,55.0,54.9,55.0,449,5,55.0,8.5
672070,2009.GLOBALTEMP.TOP5,Average Global Temperature for 2009 to be among five warmest years on record,2009-09-26,56.0,56.0,56.0,56.0,449,10,56.0,8.5
672070,2009.GLOBALTEMP.TOP5,Average Global Temperature for 2009 to be among five warmest years on record,2009-09-27,0.0,0.0,0.0,56.0,449,0,56.0,8.5
672070,2009.GLOBALTEMP.TOP5,Average Global Temperature for 2009 to be among five warmest years on record,2009-09-28,55.0,55.0,55.0,55.0,449,10,56.0,8.5
672070,2009.GLOBALTEMP.TOP5,Average Global Temperature for 2009 to be among five warmest years on record,2009-09-29,0.0,0.0,0.0,55.0,449,0,56.0,8.5
672070,2009.GLOBALTEMP.TOP5,Average Global Temperature for 2009 to be among five warmest years on record,2009-09-30,51.0,51.1,51.0,51.0,458,9,56.0,8.5
672070,2009.GLOBALTEMP.TOP5,Average Global Temperature for 2009 to be among five warmest years on record,2009-10-01,51.0,51.0,50.0,51.0,494,62,56.0,8.5
672070,2009.GLOBALTEMP.TOP5,Average Global Temperature for 2009 to be among five warmest years on record,2009-10-02,48.0,48.1,44.5,44.5,480,28,56.0,8.5
672070,2009.GLOBALTEMP.TOP5,Average Global Temperature for 2009 to be among five warmest years on record,2009-10-03,0.0,0.0,0.0,44.5,480,0,56.0,8.5
672070,2009.GLOBALTEMP.TOP5,Average Global Temperature for 2009 to be among five warmest years on record,2009-10-04,0.0,0.0,0.0,44.5,480,0,56.0,8.5
672070,2009.GLOBALTEMP.TOP5,Average Global Temperature for 2009 to be among five warmest years on record,2009-10-05,0.0,0.0,0.0,44.5,480,0,56.0,8.5
672070,2009.GLOBALTEMP.TOP5,Average Global Temperature for 2009 to be among five warmest years on record,2009-10-06,0.0,0.0,0.0,44.5,480,0,56.0,8.5
672070,2009.GLOBALTEMP.TOP5,Average Global Temperature for 2009 to be among five warmest years on record,2009-10-07,0.0,0.0,0.0,44.5,480,0,56.0,8.5
672070,2009.GLOBALTEMP.TOP5,Average Global Temperature for 2009 to be among five warmest years on record,2009-10-08,50.0,51.0,50.0,51.0,622,142,56.0,8.5
672070,2009.GLOBALTEMP.TOP5,Average Global Temperature for 2009 to be among five warmest years on record,2009-10-09,51.0,60.0,51.0,60.0,774,167,60.0,8.5
672070,2009.GLOBALTEMP.TOP5,Average Global Temperature for 2009 to be among five warmest years on record,2009-10-10,60.0,60.0,60.0,60.0,774,15,60.0,8.5
672070,2009.GLOBALTEMP.TOP5,Average Global Temperature for 2009 to be among five warmest years on record,2009-10-11,0.0,0.0,0.0,60.0,774,0,60.0,8.5
672070,2009.GLOBALTEMP.TOP5,Average Global Temperature for 2009 to be among five warmest years on record,2009-10-12,0.0,0.0,0.0,60.0,774,0,60.0,8.5
672070,2009.GLOBALTEMP.TOP5,Average Global Temperature for 2009 to be among five warmest years on record,2009-10-13,0.0,0.0,0.0,60.0,774,0,60.0,8.5
672070,2009.GLOBALTEMP.TOP5,Average Global Temperature for 2009 to be among five warmest years on record,2009-10-14,0.0,0.0,0.0,60.0,774,0,60.0,8.5
672070,2009.GLOBALTEMP.TOP5,Average Global Temperature for 2009 to be among five warmest years on record,2009-10-15,59.4,60.5,59.4,60.5,784,82,60.5,8.5
672070,2009.GLOBALTEMP.TOP5,Average Global Temperature for 2009 to be among five warmest years on record,2009-10-16,0.0,0.0,0.0,60.5,784,0,60.5,8.5
672070,2009.GLOBALTEMP.TOP5,Average Global Temperature for 2009 to be among five warmest years on record,2009-10-17,0.0,0.0,0.0,60.5,784,0,60.5,8.5
672070,2009.GLOBALTEMP.TOP5,Average Global Temperature for 2009 to be among five warmest years on record,2009-10-18,0.0,0.0,0.0,60.5,784,0,60.5,8.5
672070,2009.GLOBALTEMP.TOP5,Average Global Temperature for 2009 to be among five warmest years on record,2009-10-19,51.0,54.0,50.0,50.0,798,29,60.5,8.5
672070,2009.GLOBALTEMP.TOP5,Average Global Temperature for 2009 to be among five warmest years on record,2009-10-20,49.5,49.5,49.5,49.5,803,5,60.5,8.5
672070,2009.GLOBALTEMP.TOP5,Average Global Temperature for 2009 to be among five warmest years on record,2009-10-21,44.1,44.1,44.1,44.1,803,8,60.5,8.5
672070,2009.GLOBALTEMP.TOP5,Average Global Temperature for 2009 to be among five warmest years on record,2009-10-22,49.4,49.4,49.4,49.4,803,4,60.5,8.5
672070,2009.GLOBALTEMP.TOP5,Average Global Temperature for 2009 to be among five warmest years on record,2009-10-23,49.0,49.0,49.0,49.0,804,1,60.5,8.5
672070,2009.GLOBALTEMP.TOP5,Average Global Temperature for 2009 to be among five warmest years on record,2009-10-24,50.0,50.0,49.5,50.0,815,30,60.5,8.5
672070,2009.GLOBALTEMP.TOP5,Average Global Temperature for 2009 to be among five warmest years on record,2009-10-25,0.0,0.0,0.0,50.0,815,0,60.5,8.5
672070,2009.GLOBALTEMP.TOP5,Average Global Temperature for 2009 to be among five warmest years on record,2009-10-26,44.0,45.1,44.0,44.0,826,11,60.5,8.5
672070,2009.GLOBALTEMP.TOP5,Average Global Temperature for 2009 to be among five warmest years on record,2009-10-27,50.0,50.0,50.0,50.0,836,34,60.5,8.5
672070,2009.GLOBALTEMP.TOP5,Average Global Temperature for 2009 to be among five warmest years on record,2009-10-28,50.0,50.0,50.0,50.0,845,9,60.5,8.5
672070,2009.GLOBALTEMP.TOP5,Average Global Temperature for 2009 to be among five warmest years on record,2009-10-29,50.0,51.0,49.9,49.9,846,38,60.5,8.5
672070,2009.GLOBALTEMP.TOP5,Average Global Temperature for 2009 to be among five warmest years on record,2009-10-30,51.0,51.0,51.0,51.0,851,5,60.5,8.5
672070,2009.GLOBALTEMP.TOP5,Average Global Temperature for 2009 to be among five warmest years on record,2009-10-31,49.0,49.0,49.0,49.0,853,10,60.5,8.5
672070,2009.GLOBALTEMP.TOP5,Average Global Temperature for 2009 to be among five warmest years on record,2009-11-01,0.0,0.0,0.0,49.0,853,0,60.5,8.5
672070,2009.GLOBALTEMP.TOP5,Average Global Temperature for 2009 to be among five warmest years on record,2009-11-02,0.0,0.0,0.0,49.0,853,0,60.5,8.5
672070,2009.GLOBALTEMP.TOP5,Average Global Temperature for 2009 to be among five warmest years on record,2009-11-03,50.0,50.0,50.0,50.0,853,1,60.5,8.5
672070,2009.GLOBALTEMP.TOP5,Average Global Temperature for 2009 to be among five warmest years on record,2009-11-04,55.0,55.0,50.0,50.0,853,79,60.5,8.5
672070,2009.GLOBALTEMP.TOP5,Average Global Temperature for 2009 to be among five warmest years on record,2009-11-05,50.0,50.0,47.0,47.0,856,3,60.5,8.5
672070,2009.GLOBALTEMP.TOP5,Average Global Temperature for 2009 to be among five warmest years on record,2009-11-06,0.0,0.0,0.0,47.0,856,0,60.5,8.5
672070,2009.GLOBALTEMP.TOP5,Average Global Temperature for 2009 to be among five warmest years on record,2009-11-07,0.0,0.0,0.0,47.0,856,0,60.5,8.5
672070,2009.GLOBALTEMP.TOP5,Average Global Temperature for 2009 to be among five warmest years on record,2009-11-08,0.0,0.0,0.0,47.0,856,0,60.5,8.5
672070,2009.GLOBALTEMP.TOP5,Average Global Temperature for 2009 to be among five warmest years on record,2009-11-09,0.0,0.0,0.0,47.0,856,0,60.5,8.5
672070,2009.GLOBALTEMP.TOP5,Average Global Temperature for 2009 to be among five warmest years on record,2009-11-10,53.1,53.1,53.1,53.1,857,1,60.5,8.5
672070,2009.GLOBALTEMP.TOP5,Average Global Temperature for 2009 to be among five warmest years on record,2009-11-11,53.9,53.9,53.9,53.9,858,1,60.5,8.5
672070,2009.GLOBALTEMP.TOP5,Average Global Temperature for 2009 to be among five warmest years on record,2009-11-12,0.0,0.0,0.0,53.9,858,0,60.5,8.5
672070,2009.GLOBALTEMP.TOP5,Average Global Temperature for 2009 to be among five warmest years on record,2009-11-13,59.0,59.0,57.9,59.0,867,10,60.5,8.5
672070,2009.GLOBALTEMP.TOP5,Average Global Temperature for 2009 to be among five warmest years on record,2009-11-14,67.0,67.0,67.0,67.0,868,1,67.0,8.5
672070,2009.GLOBALTEMP.TOP5,Average Global Temperature for 2009 to be among five warmest years on record,2009-11-15,0.0,0.0,0.0,67.0,868,0,67.0,8.5
672070,2009.GLOBALTEMP.TOP5,Average Global Temperature for 2009 to be among five warmest years on record,2009-11-16,74.9,75.0,74.9,75.0,869,2,75.0,8.5
672070,2009.GLOBALTEMP.TOP5,Average Global Temperature for 2009 to be among five warmest years on record,2009-11-17,80.0,80.0,66.1,66.1,892,32,80.0,8.5
672070,2009.GLOBALTEMP.TOP5,Average Global Temperature for 2009 to be among five warmest years on record,2009-11-18,0.0,0.0,0.0,66.1,892,0,80.0,8.5
672070,2009.GLOBALTEMP.TOP5,Average Global Temperature for 2009 to be among five warmest years on record,2009-11-19,0.0,0.0,0.0,66.1,892,0,80.0,8.5
672070,2009.GLOBALTEMP.TOP5,Average Global Temperature for 2009 to be among five warmest years on record,2009-11-20,70.0,75.0,70.0,70.0,923,46,80.0,8.5
672070,2009.GLOBALTEMP.TOP5,Average Global Temperature for 2009 to be among five warmest years on record,2009-11-21,70.0,70.0,70.0,70.0,1187,264,80.0,8.5
672070,2009.GLOBALTEMP.TOP5,Average Global Temperature for 2009 to be among five warmest years on record,2009-11-22,0.0,0.0,0.0,70.0,1187,0,80.0,8.5
672070,2009.GLOBALTEMP.TOP5,Average Global Temperature for 2009 to be among five warmest years on record,2009-11-23,84.5,84.5,83.5,84.5,1186,5,84.5,8.5
672070,2009.GLOBALTEMP.TOP5,Average Global Temperature for 2009 to be among five warmest years on record,2009-11-24,84.5,85.0,80.0,80.0,1217,44,85.0,8.5
672070,2009.GLOBALTEMP.TOP5,Average Global Temperature for 2009 to be among five warmest years on record,2009-11-25,0.0,0.0,0.0,80.0,1217,0,85.0,8.5
672070,2009.GLOBALTEMP.TOP5,Average Global Temperature for 2009 to be among five warmest years on record,2009-11-26,84.9,84.9,83.5,83.5,1217,27,85.0,8.5
672070,2009.GLOBALTEMP.TOP5,Average Global Temperature for 2009 to be among five warmest years on record,2009-11-27,84.9,85.1,84.9,85.1,1218,3,85.1,8.5
672070,2009.GLOBALTEMP.TOP5,Average Global Temperature for 2009 to be among five warmest years on record,2009-11-28,85.1,85.1,85.1,85.1,1218,19,85.1,8.5
672070,2009.GLOBALTEMP.TOP5,Average Global Temperature for 2009 to be among five warmest years on record,2009-11-29,0.0,0.0,0.0,85.1,1218,0,85.1,8.5
672070,2009.GLOBALTEMP.TOP5,Average Global Temperature for 2009 to be among five warmest years on record,2009-11-30,80.0,80.1,80.0,80.0,1219,51,85.1,8.5
672070,2009.GLOBALTEMP.TOP5,Average Global Temperature for 2009 to be among five warmest years on record,2009-11-30,80.0,80.1,80.0,80.0,1219,51,85.1,8.5
672070,2009.GLOBALTEMP.TOP5,Average Global Temperature for 2009 to be among five warmest years on record,2009-12-01,80.0,80.0,80.0,80.0,1219,99,85.1,8.5
672070,2009.GLOBALTEMP.TOP5,Average Global Temperature for 2009 to be among five warmest years on record,2009-12-01,80.0,80.0,80.0,80.0,1219,99,85.1,8.5
672070,2009.GLOBALTEMP.TOP5,Average Global Temperature for 2009 to be among five warmest years on record,2009-12-02,89.4,89.4,89.4,89.4,1220,1,89.4,8.5
672070,2009.GLOBALTEMP.TOP5,Average Global Temperature for 2009 to be among five warmest years on record,2009-12-02,89.4,89.4,89.4,89.4,1220,1,89.4,8.5
672070,2009.GLOBALTEMP.TOP5,Average Global Temperature for 2009 to be among five warmest years on record,2009-12-03,0.0,0.0,0.0,89.4,1220,0,89.4,8.5
672070,2009.GLOBALTEMP.TOP5,Average Global Temperature for 2009 to be among five warmest years on record,2009-12-03,0.0,0.0,0.0,89.4,1220,0,89.4,8.5
672070,2009.GLOBALTEMP.TOP5,Average Global Temperature for 2009 to be among five warmest years on record,2009-12-04,0.0,0.0,0.0,89.4,1220,0,89.4,8.5
672070,2009.GLOBALTEMP.TOP5,Average Global Temperature for 2009 to be among five warmest years on record,2009-12-05,86.0,86.0,86.0,86.0,1225,5,89.4,8.5
672070,2009.GLOBALTEMP.TOP5,Average Global Temperature for 2009 to be among five warmest years on record,2009-12-06,89.5,89.5,89.5,89.5,1223,4,89.5,8.5
672070,2009.GLOBALTEMP.TOP5,Average Global Temperature for 2009 to be among five warmest years on record,2009-12-07,0.0,0.0,0.0,89.5,1223,0,89.5,8.5
672070,2009.GLOBALTEMP.TOP5,Average Global Temperature for 2009 to be among five warmest years on record,2009-12-08,89.9,90.0,89.9,90.0,1273,51,90.0,8.5
672070,2009.GLOBALTEMP.TOP5,Average Global Temperature for 2009 to be among five warmest years on record,2009-12-09,0.0,0.0,0.0,90.0,1273,0,90.0,8.5
672070,2009.GLOBALTEMP.TOP5,Average Global Temperature for 2009 to be among five warmest years on record,2009-12-10,0.0,0.0,0.0,90.0,1273,0,90.0,8.5
672070,2009.GLOBALTEMP.TOP5,Average Global Temperature for 2009 to be among five warmest years on record,2009-12-11,0.0,0.0,0.0,90.0,1273,0,90.0,8.5
672070,2009.GLOBALTEMP.TOP5,Average Global Temperature for 2009 to be among five warmest years on record,2009-12-12,0.0,0.0,0.0,90.0,1273,0,90.0,8.5
672070,2009.GLOBALTEMP.TOP5,Average Global Temperature for 2009 to be among five warmest years on record,2009-12-13,0.0,0.0,0.0,90.0,1273,0,90.0,8.5
672070,2009.GLOBALTEMP.TOP5,Average Global Temperature for 2009 to be among five warmest years on record,2009-12-14,89.8,89.8,84.2,84.2,1279,8,90.0,8.5
672070,2009.GLOBALTEMP.TOP5,Average Global Temperature for 2009 to be among five warmest years on record,2009-12-15,80.0,89.0,80.0,89.0,1458,219,90.0,8.5
672070,2009.GLOBALTEMP.TOP5,Average Global Temperature for 2009 to be among five warmest years on record,2009-12-16,0.0,0.0,0.0,89.0,1458,0,90.0,8.5
672070,2009.GLOBALTEMP.TOP5,Average Global Temperature for 2009 to be among five warmest years on record,2009-12-17,91.0,91.0,91.0,91.0,1458,10,91.0,8.5
672070,2009.GLOBALTEMP.TOP5,Average Global Temperature for 2009 to be among five warmest years on record,2009-12-18,94.7,94.7,94.7,94.7,1463,5,94.7,8.5
672070,2009.GLOBALTEMP.TOP5,Average Global Temperature for 2009 to be among five warmest years on record,2009-12-19,0.0,0.0,0.0,94.7,1463,0,94.7,8.5
672070,2009.GLOBALTEMP.TOP5,Average Global Temperature for 2009 to be among five warmest years on record,2009-12-20,90.0,90.1,90.0,90.0,1469,11,94.7,8.5
672070,2009.GLOBALTEMP.TOP5,Average Global Temperature for 2009 to be among five warmest years on record,2009-12-21,0.0,0.0,0.0,90.0,1469,0,94.7,8.5
672070,2009.GLOBALTEMP.TOP5,Average Global Temperature for 2009 to be among five warmest years on record,2009-12-22,0.0,0.0,0.0,90.0,1469,0,94.7,8.5
672070,2009.GLOBALTEMP.TOP5,Average Global Temperature for 2009 to be among five warmest years on record,2009-12-23,96.0,96.0,96.0,96.0,1469,1,96.0,8.5
672070,2009.GLOBALTEMP.TOP5,Average Global Temperature for 2009 to be among five warmest years on record,2009-12-24,0.0,0.0,0.0,96.0,1469,0,96.0,8.5
672070,2009.GLOBALTEMP.TOP5,Average Global Temperature for 2009 to be among five warmest years on record,2009-12-25,96.0,96.0,96.0,96.0,1469,19,96.0,8.5
672070,2009.GLOBALTEMP.TOP5,Average Global Temperature for 2009 to be among five warmest years on record,2009-12-26,0.0,0.0,0.0,96.0,1469,0,96.0,8.5
672070,2009.GLOBALTEMP.TOP5,Average Global Temperature for 2009 to be among five warmest years on record,2009-12-27,0.0,0.0,0.0,96.0,1469,0,96.0,8.5
672070,2009.GLOBALTEMP.TOP5,Average Global Temperature for 2009 to be among five warmest years on record,2009-12-28,0.0,0.0,0.0,96.0,1469,0,96.0,8.5
672070,2009.GLOBALTEMP.TOP5,Average Global Temperature for 2009 to be among five warmest years on record,2009-12-29,95.0,96.0,95.0,96.0,1479,10,96.0,8.5
672070,2009.GLOBALTEMP.TOP5,Average Global Temperature for 2009 to be among five warmest years on record,2009-12-30,95.0,95.0,95.0,95.0,1544,65,96.0,8.5
672070,2009.GLOBALTEMP.TOP5,Average Global Temperature for 2009 to be among five warmest years on record,2009-12-31,95.0,95.0,95.0,95.0,1544,50,96.0,8.5
672070,2009.GLOBALTEMP.TOP5,Average Global Temperature for 2009 to be among five warmest years on record,2010-01-01,0.0,0.0,0.0,95.0,1544,0,96.0,8.5
672070,2009.GLOBALTEMP.TOP5,Average Global Temperature for 2009 to be among five warmest years on record,2010-01-02,95.0,95.0,95.0,95.0,1574,30,96.0,8.5
672070,2009.GLOBALTEMP.TOP5,Average Global Temperature for 2009 to be among five warmest years on record,2010-01-03,0.0,0.0,0.0,95.0,1574,0,96.0,8.5
672070,2009.GLOBALTEMP.TOP5,Average Global Temperature for 2009 to be among five warmest years on record,2010-01-04,95.0,95.9,95.0,95.9,1577,8,96.0,8.5
672070,2009.GLOBALTEMP.TOP5,Average Global Temperature for 2009 to be among five warmest years on record,2010-01-05,0.0,0.0,0.0,95.9,1577,0,96.0,8.5
672070,2009.GLOBALTEMP.TOP5,Average Global Temperature for 2009 to be among five warmest years on record,2010-01-06,95.0,95.0,95.0,95.0,1577,5,96.0,8.5
672070,2009.GLOBALTEMP.TOP5,Average Global Temperature for 2009 to be among five warmest years on record,2010-01-07,0.0,0.0,0.0,95.0,1577,0,96.0,8.5
672070,2009.GLOBALTEMP.TOP5,Average Global Temperature for 2009 to be among five warmest years on record,2010-01-08,0.0,0.0,0.0,95.0,1577,0,96.0,8.5
672070,2009.GLOBALTEMP.TOP5,Average Global Temperature for 2009 to be among five warmest years on record,2010-01-09,93.8,94.0,93.8,94.0,1577,28,96.0,8.5
672070,2009.GLOBALTEMP.TOP5,Average Global Temperature for 2009 to be among five warmest years on record,2010-01-10,93.5,93.5,93.5,93.5,1577,98,96.0,8.5
672070,2009.GLOBALTEMP.TOP5,Average Global Temperature for 2009 to be among five warmest years on record,2010-01-11,93.5,93.5,91.5,91.5,1577,40,96.0,8.5
672070,2009.GLOBALTEMP.TOP5,Average Global Temperature for 2009 to be among five warmest years on record,2010-01-12,0.0,0.0,0.0,91.5,1577,0,96.0,8.5
672070,2009.GLOBALTEMP.TOP5,Average Global Temperature for 2009 to be among five warmest years on record,2010-01-13,0.0,0.0,0.0,91.5,1577,0,96.0,8.5
672070,2009.GLOBALTEMP.TOP5,Average Global Temperature for 2009 to be among five warmest years on record,2010-01-14,90.0,90.1,90.0,90.0,1577,21,96.0,8.5
672070,2009.GLOBALTEMP.TOP5,Average Global Temperature for 2009 to be among five warmest years on record,2010-01-15,91.5,97.5,91.5,97.5,1577,99,97.5,8.5
672070,2009.GLOBALTEMP.TOP5,Average Global Temperature for 2009 to be among five warmest years on record,2010-01-16,98.3,99.3,97.8,97.8,1576,121,99.3,8.5
672070,2009.GLOBALTEMP.TOP5,Average Global Temperature for 2009 to be among five warmest years on record,2010-01-17,0.0,0.0,0.0,97.8,1576,0,99.3,8.5
672070,2009.GLOBALTEMP.TOP5,Average Global Temperature for 2009 to be among five warmest years on record,2010-01-18,0.0,0.0,0.0,97.8,1576,0,99.3,8.5
672070,2009.GLOBALTEMP.TOP5,Average Global Temperature for 2009 to be among five warmest years on record,2010-01-19,0.0,0.0,0.0,97.8,1576,0,99.3,8.5
672070,2009.GLOBALTEMP.TOP5,Average Global Temperature for 2009 to be among five warmest years on record,2010-01-20,0.0,0.0,0.0,97.8,1576,0,99.3,8.5
672070,2009.GLOBALTEMP.TOP5,Average Global Temperature for 2009 to be among five warmest years on record,2010-01-21,0.0,0.0,0.0,97.8,1576,0,99.3,8.5
672070,2009.GLOBALTEMP.TOP5,Average Global Temperature for 2009 to be among five warmest years on record,2010-01-22,0.0,0.0,0.0,97.8,1576,0,99.3,8.5
672070,2009.GLOBALTEMP.TOP5,Average Global Temperature for 2009 to be among five warmest years on record,2010-01-23,99.0,99.0,99.0,99.0,1575,1,99.3,8.5
672070,2009.GLOBALTEMP.TOP5,Average Global Temperature for 2009 to be among five warmest years on record,2010-01-24,0.0,0.0,0.0,99.0,1575,0,99.3,8.5
672070,2009.GLOBALTEMP.TOP5,Average Global Temperature for 2009 to be among five warmest years on record,2010-01-25,0.0,0.0,0.0,99.0,1575,0,99.3,8.5
672070,2009.GLOBALTEMP.TOP5,Average Global Temperature for 2009 to be among five warmest years on record,2010-01-26,98.0,98.0,98.0,98.0,1576,1,99.3,8.5
